시간,원료유량 (t/h),환류유량 (t/h),리보일러스팀 (t/h),탑압력 (kg/cm2g),감도단온도 (C),탑정온도 (C)
2026-07-01 00:00,50.0,30.0,8.0,1.2,95.0,78.0
2026-07-01 00:10,50.131,29.985,7.975,1.197,94.917,77.989
2026-07-01 00:20,50.143,30.164,7.936,1.196,94.748,77.983
2026-07-01 00:30,50.256,30.135,7.908,1.194,94.73,77.942
2026-07-01 00:40,50.171,30.217,7.966,1.192,94.76,77.931
2026-07-01 00:50,49.913,30.262,7.903,1.193,94.578,77.867
2026-07-01 01:00,50.189,30.389,7.887,1.193,94.624,77.881
2026-07-01 01:10,50.276,30.56,7.915,1.193,94.647,77.91
2026-07-01 01:20,49.981,30.432,7.841,1.192,94.48,77.85
2026-07-01 01:30,49.846,30.394,7.837,1.196,94.509,77.845
2026-07-01 01:40,49.781,30.375,7.833,1.192,94.455,77.821
2026-07-01 01:50,49.863,30.318,7.833,1.192,94.571,77.811
2026-07-01 02:00,50.091,30.382,7.843,1.195,94.579,77.814
2026-07-01 02:10,50.16,30.465,7.871,1.194,94.687,77.881
2026-07-01 02:20,50.116,30.285,7.86,1.194,94.665,77.912
2026-07-01 02:30,50.209,30.19,7.892,1.194,94.798,77.956
2026-07-01 02:40,50.197,30.147,7.892,1.194,94.858,77.986
2026-07-01 02:50,50.246,30.252,7.91,1.19,94.849,78.005
2026-07-01 03:00,50.167,30.367,7.876,1.189,94.698,77.979
2026-07-01 03:10,50.009,30.222,7.837,1.192,94.625,78.051
2026-07-01 03:20,50.231,30.141,7.799,1.188,94.637,78.006
2026-07-01 03:30,50.205,30.204,7.777,1.19,94.641,78.003
2026-07-01 03:40,50.247,30.193,7.734,1.186,94.535,77.978
2026-07-01 03:50,50.181,30.254,7.761,1.187,94.586,77.931
2026-07-01 04:00,50.125,30.159,7.775,1.185,94.5,77.94
2026-07-01 04:10,50.1,30.124,7.774,1.186,94.465,77.949
2026-07-01 04:20,50.228,30.021,7.773,1.185,94.604,77.963
2026-07-01 04:30,50.437,29.959,7.823,1.184,94.798,77.996
2026-07-01 04:40,50.539,30.014,7.801,1.184,94.834,78.018
2026-07-01 04:50,50.473,29.93,7.801,1.18,94.831,77.93
2026-07-01 05:00,50.913,29.924,7.884,1.177,95.124,77.929
2026-07-01 05:10,51.047,29.846,7.918,1.18,95.239,77.962
2026-07-01 05:20,51.193,29.771,7.941,1.181,95.4,78.029
2026-07-01 05:30,51.111,29.825,7.944,1.186,95.488,78.042
2026-07-01 05:40,51.078,29.81,7.958,1.186,95.48,77.989
2026-07-01 05:50,51.174,29.823,7.949,1.183,95.464,77.98
2026-07-01 06:00,50.916,29.804,7.914,1.185,95.343,77.98
2026-07-01 06:10,50.81,29.68,7.857,1.187,95.17,77.981
2026-07-01 06:20,50.885,29.6,7.91,1.188,95.261,78.019
2026-07-01 06:30,51.261,29.545,7.984,1.19,95.501,78.073
2026-07-01 06:40,51.326,29.465,8.011,1.192,95.62,78.09
2026-07-01 06:50,51.171,29.495,8.013,1.19,95.536,78.101
2026-07-01 07:00,50.994,29.612,7.973,1.187,95.363,78.058
2026-07-01 07:10,51.153,29.618,8.036,1.187,95.563,78.116
2026-07-01 07:20,51.038,29.541,7.99,1.187,95.431,78.082
2026-07-01 07:30,50.998,29.553,7.982,1.186,95.449,78.043
2026-07-01 07:40,51.305,29.496,8.03,1.187,95.649,78.059
2026-07-01 07:50,51.318,29.424,8.012,1.188,95.699,78.098
2026-07-01 08:00,51.269,29.528,8.007,1.191,95.598,78.109
2026-07-01 08:10,51.158,29.645,8.02,1.195,95.529,78.142
2026-07-01 08:20,51.367,29.824,8.056,1.192,95.486,78.14
2026-07-01 08:30,51.569,29.995,8.113,1.192,95.523,78.12
2026-07-01 08:40,51.466,30.122,8.063,1.191,95.32,78.119
2026-07-01 08:50,51.256,30.075,8.052,1.198,95.355,78.127
2026-07-01 09:00,51.247,30.192,8.029,1.195,95.214,78.046
2026-07-01 09:10,51.464,30.106,8.058,1.195,95.329,78.054
2026-07-01 09:20,51.536,30.076,8.018,1.199,95.31,78.044
2026-07-01 09:30,51.356,29.968,7.971,1.2,95.265,78.039
2026-07-01 09:40,51.415,30.026,7.998,1.198,95.259,78.025
2026-07-01 09:50,51.537,29.823,7.989,1.199,95.384,78.067
2026-07-01 10:00,51.536,29.847,8.044,1.203,95.626,78.183
2026-07-01 10:10,51.565,29.889,8.059,1.201,95.624,78.148
2026-07-01 10:20,51.569,29.842,8.071,1.204,95.679,78.195
2026-07-01 10:30,51.497,29.912,8.097,1.206,95.734,78.206
2026-07-01 10:40,51.405,29.921,8.105,1.21,95.698,78.22
2026-07-01 10:50,51.209,29.842,8.076,1.21,95.625,78.248
2026-07-01 11:00,51.046,29.88,8.067,1.208,95.59,78.201
2026-07-01 11:10,50.807,29.939,8.062,1.208,95.462,78.134
2026-07-01 11:20,50.902,30.003,8.07,1.21,95.545,78.11
2026-07-01 11:30,51.001,30.029,8.108,1.209,95.633,78.051
2026-07-01 11:40,51.033,30.025,8.145,1.209,95.779,78.072
2026-07-01 11:50,51.12,29.991,8.147,1.208,95.858,78.075
2026-07-01 12:00,51.149,29.996,8.143,1.207,95.802,78.069
2026-07-01 12:10,51.053,30.051,8.093,1.209,95.598,78.047
2026-07-01 12:20,51.103,30.047,8.088,1.207,95.578,78.042
2026-07-01 12:30,51.075,29.99,8.046,1.207,95.489,78.102
2026-07-01 12:40,51.065,30.015,8.041,1.209,95.504,78.143
2026-07-01 12:50,50.773,29.977,7.976,1.212,95.347,78.169
2026-07-01 13:00,50.722,30.072,7.994,1.211,95.286,78.077
2026-07-01 13:10,50.817,29.924,7.96,1.215,95.236,78.072
2026-07-01 13:20,50.793,29.885,7.992,1.213,95.284,78.075
2026-07-01 13:30,50.695,29.81,8.017,1.214,95.341,78.144
2026-07-01 13:40,50.484,29.766,7.989,1.213,95.154,78.076
2026-07-01 13:50,50.422,29.824,7.962,1.212,94.967,78.026
2026-07-01 14:00,50.675,29.922,7.987,1.211,95.053,78.058
2026-07-01 14:10,50.616,29.893,8.02,1.21,95.108,78.077
2026-07-01 14:20,50.811,29.794,8.02,1.211,95.164,78.055
2026-07-01 14:30,50.77,29.925,7.982,1.212,94.984,78.071
2026-07-01 14:40,50.962,29.734,8.022,1.211,95.142,78.075
2026-07-01 14:50,50.909,29.717,7.982,1.21,95.055,78.041
2026-07-01 15:00,50.997,29.672,7.985,1.206,95.101,78.01
2026-07-01 15:10,51.123,29.662,8.011,1.205,95.232,78.046
2026-07-01 15:20,51.24,29.804,8.052,1.207,95.287,78.061
2026-07-01 15:30,51.122,29.877,8.043,1.207,95.182,78.019
2026-07-01 15:40,51.098,29.798,8.017,1.204,95.159,77.975
2026-07-01 15:50,50.996,29.727,7.999,1.206,95.101,77.903
2026-07-01 16:00,51.009,29.696,7.982,1.205,95.042,77.882
2026-07-01 16:10,50.994,29.726,7.983,1.202,94.942,77.899
2026-07-01 16:20,50.99,29.727,7.951,1.201,94.901,77.884
2026-07-01 16:30,51.117,29.785,7.926,1.2,94.868,77.91
2026-07-01 16:40,50.992,29.714,7.937,1.199,94.854,77.971
2026-07-01 16:50,50.908,29.782,7.853,1.199,94.595,77.891
2026-07-01 17:00,50.86,29.697,7.861,1.201,94.637,77.886
2026-07-01 17:10,50.864,29.818,7.869,1.204,94.675,77.856
2026-07-01 17:20,50.785,29.839,7.856,1.202,94.677,77.843
2026-07-01 17:30,50.906,29.879,7.907,1.204,94.791,77.838
2026-07-01 17:40,50.784,29.899,7.954,1.207,94.885,77.892
2026-07-01 17:50,51.095,30.01,7.998,1.205,95.019,77.864
2026-07-01 18:00,51.14,29.922,8.026,1.208,95.131,77.886
2026-07-01 18:10,51.353,29.946,8.074,1.206,95.181,77.919
2026-07-01 18:20,51.221,30.004,8.092,1.206,95.085,77.894
2026-07-01 18:30,51.209,30.095,8.086,1.206,95.123,77.887
2026-07-01 18:40,51.266,30.184,8.008,1.205,94.814,77.863
2026-07-01 18:50,51.567,30.161,8.04,1.205,94.931,77.867
2026-07-01 19:00,51.612,30.139,8.045,1.206,94.97,77.906
2026-07-01 19:10,51.863,29.998,8.059,1.206,95.158,77.929
2026-07-01 19:20,51.778,29.927,8.063,1.208,95.198,77.946
2026-07-01 19:30,52.028,29.922,8.125,1.207,95.307,77.951
2026-07-01 19:40,51.944,30.041,8.152,1.204,95.292,77.932
2026-07-01 19:50,51.698,29.992,8.191,1.204,95.299,77.898
2026-07-01 20:00,51.431,30.024,8.246,1.202,95.254,77.934
2026-07-01 20:10,51.497,29.833,8.231,1.202,95.37,77.947
2026-07-01 20:20,51.499,29.807,8.263,1.202,95.48,77.937
2026-07-01 20:30,51.571,29.795,8.241,1.201,95.493,77.914
2026-07-01 20:40,51.593,29.934,8.278,1.199,95.478,77.888
2026-07-01 20:50,51.699,30.015,8.278,1.202,95.509,77.93
2026-07-01 21:00,51.973,30.092,8.322,1.202,95.64,77.959
2026-07-01 21:10,51.964,30.028,8.298,1.208,95.7,77.982
2026-07-01 21:20,52.028,30.14,8.357,1.205,95.798,78.002
2026-07-01 21:30,51.991,30.123,8.368,1.204,95.87,78.033
2026-07-01 21:40,51.754,30.012,8.386,1.204,95.794,78.04
2026-07-01 21:50,51.743,30.134,8.398,1.206,95.863,78.033
2026-07-01 22:00,52.0,30.154,8.468,1.203,96.12,78.08
2026-07-01 22:10,51.902,30.172,8.37,1.207,95.921,78.045
2026-07-01 22:20,52.276,30.055,8.38,1.21,96.194,78.146
2026-07-01 22:30,52.378,30.149,8.344,1.207,96.182,78.156
2026-07-01 22:40,52.463,30.112,8.324,1.205,96.163,78.134
2026-07-01 22:50,52.618,30.083,8.354,1.201,96.279,78.117
2026-07-01 23:00,52.631,30.089,8.363,1.204,96.214,78.107
2026-07-01 23:10,52.648,30.155,8.364,1.204,96.222,78.095
2026-07-01 23:20,52.86,30.127,8.32,1.207,96.225,78.119
2026-07-01 23:30,52.756,30.062,8.265,1.207,96.06,78.095
2026-07-01 23:40,52.744,30.041,8.307,1.207,96.065,78.104
2026-07-01 23:50,52.575,30.035,8.282,1.203,95.982,78.081
2026-07-02 00:00,52.607,29.895,8.288,1.205,96.104,78.128
2026-07-02 00:10,53.079,29.898,8.36,1.203,96.372,78.17
2026-07-02 00:20,53.258,29.942,8.369,1.205,96.467,78.244
2026-07-02 00:30,53.114,30.017,8.356,1.205,96.413,78.245
2026-07-02 00:40,52.849,29.997,8.31,1.202,96.249,78.215
2026-07-02 00:50,52.941,29.92,8.336,1.201,96.411,78.181
2026-07-02 01:00,53.053,29.876,8.334,1.2,96.466,78.186
2026-07-02 01:10,52.965,29.951,8.359,1.199,96.491,78.219
2026-07-02 01:20,53.172,29.998,8.341,1.198,96.417,78.205
2026-07-02 01:30,53.235,30.059,8.325,1.196,96.326,78.233
2026-07-02 01:40,53.343,30.103,8.289,1.2,96.332,78.245
2026-07-02 01:50,53.454,30.023,8.328,1.2,96.471,78.296
2026-07-02 02:00,53.614,29.988,8.34,1.196,96.547,78.262
2026-07-02 02:10,53.538,29.997,8.285,1.195,96.4,78.204
2026-07-02 02:20,53.426,30.12,8.281,1.196,96.335,78.206
2026-07-02 02:30,53.627,30.107,8.302,1.2,96.398,78.213
2026-07-02 02:40,53.597,30.022,8.288,1.199,96.44,78.2
2026-07-02 02:50,53.406,30.143,8.299,1.197,96.343,78.122
2026-07-02 03:00,53.459,30.188,8.318,1.198,96.362,78.112
2026-07-02 03:10,53.386,30.131,8.336,1.199,96.452,78.171
2026-07-02 03:20,53.434,30.175,8.342,1.201,96.486,78.203
2026-07-02 03:30,53.908,30.093,8.43,1.202,96.755,78.307
2026-07-02 03:40,54.161,29.999,8.461,1.198,96.931,78.356
2026-07-02 03:50,54.073,29.931,8.455,1.2,97.016,78.352
2026-07-02 04:00,53.869,29.925,8.384,1.203,96.82,78.322
2026-07-02 04:10,53.856,30.073,8.414,1.201,96.709,78.352
2026-07-02 04:20,53.7,30.001,8.388,1.201,96.539,78.358
2026-07-02 04:30,53.729,29.903,8.388,1.198,96.521,78.36
2026-07-02 04:40,53.765,29.856,8.354,1.197,96.521,78.33
2026-07-02 04:50,53.855,29.933,8.357,1.196,96.416,78.322
2026-07-02 05:00,53.844,30.033,8.343,1.194,96.336,78.311
2026-07-02 05:10,53.627,30.233,8.299,1.194,96.034,78.238
2026-07-02 05:20,53.602,30.275,8.274,1.191,95.956,78.174
2026-07-02 05:30,53.609,30.301,8.242,1.191,95.889,78.173
2026-07-02 05:40,53.641,30.252,8.236,1.191,95.93,78.159
2026-07-02 05:50,53.818,30.229,8.268,1.191,96.043,78.156
2026-07-02 06:00,53.653,30.233,8.258,1.194,96.068,78.143
2026-07-02 06:10,53.626,30.096,8.275,1.194,96.07,78.111
2026-07-02 06:20,53.533,30.118,8.342,1.193,96.057,78.089
2026-07-02 06:30,53.406,30.205,8.319,1.192,95.956,78.054
2026-07-02 06:40,53.503,30.063,8.38,1.193,96.214,78.078
2026-07-02 06:50,53.408,30.013,8.392,1.197,96.289,78.146
2026-07-02 07:00,53.7,30.167,8.426,1.196,96.304,78.162
2026-07-02 07:10,53.316,30.059,8.367,1.195,96.154,78.055
2026-07-02 07:20,53.544,29.969,8.412,1.194,96.334,78.024
2026-07-02 07:30,53.504,30.082,8.413,1.195,96.279,77.981
2026-07-02 07:40,53.316,30.148,8.4,1.194,96.195,77.986
2026-07-02 07:50,53.344,30.133,8.415,1.193,96.229,77.914
2026-07-02 08:00,53.363,30.284,8.412,1.195,96.172,77.885
2026-07-02 08:10,53.51,30.242,8.376,1.195,96.156,77.866
2026-07-02 08:20,53.693,30.139,8.383,1.195,96.255,77.879
2026-07-02 08:30,53.568,30.05,8.385,1.193,96.239,77.886
2026-07-02 08:40,53.563,29.99,8.385,1.191,96.229,77.879
2026-07-02 08:50,53.608,30.022,8.376,1.193,96.175,77.881
2026-07-02 09:00,53.629,30.032,8.378,1.19,96.13,77.854
2026-07-02 09:10,53.57,29.956,8.372,1.189,96.137,77.83
2026-07-02 09:20,53.767,29.834,8.391,1.19,96.319,77.841
2026-07-02 09:30,53.8,29.849,8.439,1.189,96.503,77.868
2026-07-02 09:40,53.588,30.012,8.432,1.192,96.402,77.916
2026-07-02 09:50,53.623,29.852,8.33,1.191,96.246,77.911
2026-07-02 10:00,53.577,29.906,8.423,1.196,96.474,77.96
2026-07-02 10:10,53.527,29.831,8.441,1.196,96.543,77.972
2026-07-02 10:20,53.647,29.804,8.455,1.196,96.626,78.042
2026-07-02 10:30,53.736,29.911,8.453,1.192,96.616,78.085
2026-07-02 10:40,53.768,29.932,8.472,1.193,96.648,78.122
2026-07-02 10:50,53.819,29.805,8.44,1.193,96.616,78.118
2026-07-02 11:00,53.936,29.821,8.434,1.194,96.578,78.18
2026-07-02 11:10,53.827,29.897,8.387,1.193,96.41,78.092
2026-07-02 11:20,53.827,29.852,8.385,1.193,96.473,78.107
2026-07-02 11:30,54.002,29.763,8.392,1.194,96.496,78.11
2026-07-02 11:40,53.893,29.768,8.43,1.196,96.558,78.108
2026-07-02 11:50,53.806,29.808,8.461,1.199,96.594,78.169
2026-07-02 12:00,53.698,29.866,8.471,1.2,96.523,78.15
2026-07-02 12:10,53.843,29.97,8.502,1.199,96.569,78.14
2026-07-02 12:20,53.755,29.85,8.492,1.204,96.665,78.169
2026-07-02 12:30,53.901,29.919,8.528,1.203,96.76,78.22
2026-07-02 12:40,53.819,29.932,8.51,1.201,96.771,78.189
2026-07-02 12:50,53.832,29.83,8.494,1.203,96.791,78.223
2026-07-02 13:00,53.861,29.882,8.523,1.202,96.83,78.183
2026-07-02 13:10,53.762,29.767,8.505,1.199,96.759,78.128
2026-07-02 13:20,53.596,29.735,8.46,1.199,96.728,78.131
2026-07-02 13:30,53.728,29.684,8.45,1.202,96.788,78.156
2026-07-02 13:40,53.653,29.667,8.381,1.199,96.651,78.111
2026-07-02 13:50,53.716,29.669,8.42,1.195,96.616,78.066
2026-07-02 14:00,53.798,29.649,8.414,1.194,96.67,78.067
2026-07-02 14:10,53.563,29.809,8.314,1.198,96.414,78.051
2026-07-02 14:20,53.736,29.853,8.328,1.201,96.522,78.068
2026-07-02 14:30,53.738,29.89,8.32,1.202,96.426,78.047
2026-07-02 14:40,53.675,29.974,8.336,1.203,96.39,78.045
2026-07-02 14:50,53.603,29.989,8.342,1.204,96.324,78.033
2026-07-02 15:00,53.517,30.013,8.302,1.2,96.168,77.992
2026-07-02 15:10,53.544,30.077,8.306,1.2,96.186,77.995
2026-07-02 15:20,53.845,30.086,8.36,1.202,96.413,78.062
2026-07-02 15:30,53.809,30.179,8.369,1.202,96.393,78.064
2026-07-02 15:40,53.623,30.203,8.314,1.203,96.252,78.038
2026-07-02 15:50,53.571,30.324,8.319,1.2,96.222,78.003
2026-07-02 16:00,53.873,30.341,8.321,1.199,96.285,78.041
2026-07-02 16:10,53.865,30.391,8.33,1.197,96.291,78.071
2026-07-02 16:20,54.137,30.272,8.359,1.198,96.551,78.053
2026-07-02 16:30,53.995,30.282,8.326,1.2,96.404,78.039
2026-07-02 16:40,53.855,30.383,8.257,1.199,96.154,77.963
2026-07-02 16:50,53.663,30.323,8.196,1.197,96.044,77.909
2026-07-02 17:00,53.506,30.429,8.194,1.197,96.016,77.868
2026-07-02 17:10,53.486,30.426,8.197,1.197,95.944,77.869
2026-07-02 17:20,53.493,30.417,8.23,1.198,96.103,77.908
2026-07-02 17:30,53.217,30.495,8.187,1.199,95.948,77.939
2026-07-02 17:40,53.056,30.446,8.168,1.2,95.958,78.009
2026-07-02 17:50,52.936,30.501,8.128,1.201,95.778,78.003
2026-07-02 18:00,52.878,30.554,8.166,1.203,95.787,78.047
2026-07-02 18:10,53.084,30.569,8.207,1.205,95.862,78.028
2026-07-02 18:20,53.306,30.652,8.275,1.207,96.069,78.066
2026-07-02 18:30,53.357,30.684,8.384,1.206,96.329,78.113
2026-07-02 18:40,53.455,30.705,8.385,1.203,96.347,78.099
2026-07-02 18:50,53.309,30.598,8.431,1.207,96.515,78.111
2026-07-02 19:00,53.341,30.617,8.394,1.203,96.369,78.104
2026-07-02 19:10,53.056,30.643,8.363,1.201,96.165,78.051
2026-07-02 19:20,53.032,30.695,8.34,1.2,96.129,78.092
2026-07-02 19:30,53.061,30.663,8.333,1.202,96.152,78.142
2026-07-02 19:40,53.17,30.718,8.315,1.203,96.193,78.173
2026-07-02 19:50,53.129,30.64,8.294,1.202,96.122,78.195
2026-07-02 20:00,53.089,30.608,8.286,1.203,96.085,78.211
2026-07-02 20:10,52.916,30.672,8.275,1.205,95.889,78.213
2026-07-02 20:20,52.559,30.696,8.332,1.207,95.956,78.262
2026-07-02 20:30,52.453,30.705,8.339,1.203,95.847,78.254
2026-07-02 20:40,52.157,30.604,8.271,1.208,95.718,78.269
2026-07-02 20:50,52.097,30.584,8.235,1.207,95.582,78.232
2026-07-02 21:00,52.051,30.352,8.216,1.207,95.612,78.243
2026-07-02 21:10,51.843,30.305,8.229,1.207,95.584,78.207
2026-07-02 21:20,51.575,30.156,8.21,1.206,95.557,78.22
2026-07-02 21:30,51.562,30.174,8.162,1.208,95.498,78.247
2026-07-02 21:40,51.488,30.179,8.107,1.206,95.375,78.235
2026-07-02 21:50,51.569,30.171,8.09,1.207,95.446,78.252
2026-07-02 22:00,51.715,30.167,8.084,1.209,95.596,78.283
2026-07-02 22:10,51.968,30.227,8.117,1.208,95.725,78.324
2026-07-02 22:20,52.117,30.171,8.104,1.209,95.847,78.336
2026-07-02 22:30,51.978,30.181,8.053,1.209,95.763,78.382
2026-07-02 22:40,51.971,30.282,8.058,1.205,95.703,78.337
2026-07-02 22:50,52.29,30.21,8.104,1.204,95.891,78.366
2026-07-02 23:00,52.154,30.232,8.123,1.208,95.916,78.37
2026-07-02 23:10,52.099,30.26,8.09,1.211,95.798,78.338
2026-07-02 23:20,52.298,30.167,8.122,1.209,95.882,78.344
2026-07-02 23:30,52.383,30.251,8.13,1.206,95.868,78.327
2026-07-02 23:40,52.283,30.31,8.122,1.209,95.775,78.34
2026-07-02 23:50,52.331,30.316,8.129,1.21,95.816,78.325
2026-07-03 00:00,52.235,30.442,8.122,1.208,95.688,78.363
2026-07-03 00:10,52.367,30.342,8.154,1.209,95.866,78.317
2026-07-03 00:20,52.344,30.359,8.152,1.211,95.86,78.403
2026-07-03 00:30,52.346,30.418,8.154,1.21,95.796,78.409
2026-07-03 00:40,52.371,30.54,8.15,1.207,95.689,78.385
2026-07-03 00:50,52.068,30.446,8.149,1.208,95.652,78.39
2026-07-03 01:00,52.048,30.454,8.167,1.205,95.737,78.39
2026-07-03 01:10,52.114,30.462,8.184,1.204,95.881,78.356
2026-07-03 01:20,52.128,30.393,8.202,1.204,95.905,78.346
2026-07-03 01:30,52.052,30.386,8.19,1.21,95.787,78.388
2026-07-03 01:40,52.047,30.355,8.159,1.208,95.771,78.432
2026-07-03 01:50,52.275,30.33,8.197,1.212,95.896,78.427
2026-07-03 02:00,52.377,30.254,8.217,1.211,95.907,78.426
2026-07-03 02:10,52.28,30.262,8.239,1.212,96.01,78.467
2026-07-03 02:20,52.442,30.267,8.264,1.213,96.124,78.509
2026-07-03 02:30,52.483,30.189,8.251,1.21,96.023,78.485
2026-07-03 02:40,52.405,30.264,8.233,1.209,95.947,78.417
2026-07-03 02:50,52.135,30.286,8.197,1.207,95.722,78.353
2026-07-03 03:00,52.227,30.375,8.192,1.206,95.599,78.344
2026-07-03 03:10,52.062,30.443,8.202,1.206,95.591,78.367
2026-07-03 03:20,52.122,30.543,8.217,1.206,95.667,78.41
2026-07-03 03:30,52.294,30.619,8.277,1.207,95.832,78.43
2026-07-03 03:40,52.4,30.495,8.349,1.207,96.016,78.426
2026-07-03 03:50,52.217,30.497,8.295,1.205,95.938,78.424
2026-07-03 04:00,52.082,30.546,8.28,1.206,95.928,78.385
2026-07-03 04:10,52.189,30.471,8.307,1.206,96.015,78.375
2026-07-03 04:20,52.358,30.621,8.292,1.205,96.018,78.419
2026-07-03 04:30,52.359,30.635,8.264,1.205,96.002,78.404
2026-07-03 04:40,52.337,30.696,8.26,1.208,95.999,78.381
2026-07-03 04:50,52.612,30.707,8.3,1.21,96.111,78.436
2026-07-03 05:00,52.856,30.706,8.312,1.21,96.198,78.477
2026-07-03 05:10,52.883,30.676,8.309,1.212,96.269,78.507
2026-07-03 05:20,52.815,30.644,8.276,1.212,96.189,78.499
2026-07-03 05:30,52.903,30.626,8.248,1.212,96.108,78.454
2026-07-03 05:40,52.705,30.694,8.263,1.215,96.05,78.435
2026-07-03 05:50,52.73,30.69,8.24,1.215,96.029,78.398
2026-07-03 06:00,52.76,30.77,8.232,1.216,95.995,78.407
2026-07-03 06:10,52.936,30.689,8.259,1.219,96.146,78.441
2026-07-03 06:20,53.006,30.628,8.261,1.219,96.245,78.425
2026-07-03 06:30,52.718,30.565,8.21,1.219,96.107,78.407
2026-07-03 06:40,52.99,30.479,8.26,1.213,96.344,78.36
2026-07-03 06:50,53.063,30.329,8.288,1.21,96.46,78.37
2026-07-03 07:00,52.744,30.304,8.273,1.211,96.379,78.392
2026-07-03 07:10,52.502,30.353,8.301,1.213,96.369,78.353
2026-07-03 07:20,52.605,30.394,8.32,1.214,96.488,78.352
2026-07-03 07:30,52.402,30.446,8.251,1.215,96.298,78.3
2026-07-03 07:40,52.525,30.421,8.288,1.215,96.419,78.314
2026-07-03 07:50,52.362,30.418,8.256,1.216,96.378,78.275
2026-07-03 08:00,52.122,30.403,8.196,1.215,96.195,78.238
2026-07-03 08:10,52.369,30.451,8.211,1.217,96.292,78.254
2026-07-03 08:20,52.63,30.435,8.24,1.217,96.438,78.299
2026-07-03 08:30,52.578,30.442,8.239,1.216,96.369,78.223
2026-07-03 08:40,52.817,30.435,8.306,1.212,96.474,78.284
2026-07-03 08:50,52.858,30.399,8.305,1.214,96.439,78.317
2026-07-03 09:00,52.921,30.392,8.33,1.214,96.537,78.302
2026-07-03 09:10,52.878,30.531,8.321,1.211,96.449,78.264
2026-07-03 09:20,52.967,30.458,8.334,1.209,96.465,78.259
2026-07-03 09:30,53.176,30.449,8.337,1.208,96.567,78.244
2026-07-03 09:40,53.383,30.485,8.358,1.205,96.501,78.207
2026-07-03 09:50,53.676,30.492,8.342,1.207,96.585,78.235
2026-07-03 10:00,53.924,30.458,8.402,1.207,96.729,78.29
2026-07-03 10:10,53.99,30.316,8.381,1.203,96.716,78.281
2026-07-03 10:20,53.881,30.336,8.346,1.203,96.618,78.285
2026-07-03 10:30,53.981,30.334,8.374,1.202,96.749,78.285
2026-07-03 10:40,54.048,30.221,8.358,1.2,96.806,78.281
2026-07-03 10:50,53.953,30.301,8.35,1.203,96.802,78.309
2026-07-03 11:00,53.75,30.233,8.268,1.202,96.659,78.246
2026-07-03 11:10,53.603,30.191,8.266,1.202,96.586,78.242
2026-07-03 11:20,53.35,30.031,8.219,1.201,96.464,78.206
2026-07-03 11:30,53.203,30.038,8.21,1.2,96.39,78.183
2026-07-03 11:40,53.223,30.115,8.165,1.203,96.292,78.208
2026-07-03 11:50,53.403,30.108,8.19,1.2,96.353,78.228
2026-07-03 12:00,53.405,30.109,8.175,1.2,96.329,78.189
2026-07-03 12:10,53.309,30.166,8.213,1.199,96.314,78.16
2026-07-03 12:20,53.226,30.089,8.236,1.203,96.41,78.153
2026-07-03 12:30,53.19,30.131,8.244,1.205,96.357,78.12
2026-07-03 12:40,53.365,30.287,8.271,1.206,96.469,78.166
2026-07-03 12:50,53.366,30.377,8.301,1.209,96.553,78.148
2026-07-03 13:00,53.078,30.311,8.294,1.209,96.466,78.136
2026-07-03 13:10,53.066,30.265,8.267,1.208,96.408,78.13
2026-07-03 13:20,52.791,30.299,8.227,1.207,96.336,78.118
2026-07-03 13:30,52.676,30.268,8.213,1.205,96.327,78.1
2026-07-03 13:40,52.685,30.113,8.208,1.202,96.371,78.132
2026-07-03 13:50,52.545,30.126,8.141,1.2,96.177,78.181
2026-07-03 14:00,52.52,30.108,8.092,1.199,96.049,78.166
2026-07-03 14:10,52.694,30.076,8.105,1.201,96.113,78.242
2026-07-03 14:20,52.559,30.049,8.083,1.197,95.971,78.172
2026-07-03 14:30,52.71,30.024,8.072,1.198,96.022,78.232
2026-07-03 14:40,52.829,30.077,8.103,1.198,96.105,78.257
2026-07-03 14:50,52.915,30.106,8.158,1.198,96.197,78.298
2026-07-03 15:00,52.764,29.989,8.15,1.198,96.116,78.32
2026-07-03 15:10,52.911,29.949,8.214,1.197,96.305,78.312
2026-07-03 15:20,52.948,29.934,8.225,1.197,96.428,78.325
2026-07-03 15:30,53.036,29.887,8.269,1.199,96.546,78.387
2026-07-03 15:40,53.016,29.751,8.298,1.2,96.748,78.436
2026-07-03 15:50,53.182,29.65,8.32,1.198,96.791,78.446
2026-07-03 16:00,52.951,29.675,8.345,1.198,96.825,78.439
2026-07-03 16:10,52.988,29.587,8.377,1.198,96.934,78.414
2026-07-03 16:20,53.082,29.621,8.395,1.202,97.128,78.503
2026-07-03 16:30,53.468,29.601,8.438,1.201,97.195,78.505
2026-07-03 16:40,53.194,29.671,8.392,1.203,97.012,78.491
2026-07-03 16:50,52.983,29.617,8.396,1.205,97.031,78.486
2026-07-03 17:00,52.922,29.583,8.408,1.205,97.055,78.451
2026-07-03 17:10,52.935,29.65,8.394,1.21,97.009,78.418
2026-07-03 17:20,52.785,29.578,8.356,1.209,96.852,78.424
2026-07-03 17:30,52.867,29.569,8.375,1.21,96.879,78.461
2026-07-03 17:40,52.802,29.529,8.359,1.209,96.843,78.463
2026-07-03 17:50,52.787,29.618,8.37,1.209,96.889,78.508
2026-07-03 18:00,52.553,29.536,8.327,1.209,96.708,78.471
2026-07-03 18:10,52.588,29.539,8.364,1.206,96.755,78.495
2026-07-03 18:20,52.575,29.438,8.414,1.207,96.873,78.506
2026-07-03 18:30,52.769,29.365,8.458,1.205,96.92,78.484
2026-07-03 18:40,52.851,29.509,8.507,1.205,97.012,78.482
2026-07-03 18:50,53.034,29.409,8.533,1.201,97.168,78.458
2026-07-03 19:00,53.038,29.46,8.531,1.197,97.148,78.401
2026-07-03 19:10,52.879,29.647,8.478,1.195,96.801,78.361
2026-07-03 19:20,52.94,29.71,8.49,1.194,96.834,78.336
2026-07-03 19:30,52.667,29.716,8.435,1.194,96.608,78.324
2026-07-03 19:40,52.419,29.825,8.426,1.195,96.573,78.323
2026-07-03 19:50,52.29,29.698,8.365,1.194,96.45,78.309
2026-07-03 20:00,52.381,29.673,8.385,1.194,96.557,78.328
2026-07-03 20:10,52.503,29.651,8.416,1.195,96.633,78.357
2026-07-03 20:20,52.202,29.664,8.439,1.193,96.646,78.368
2026-07-03 20:30,52.118,29.859,8.44,1.193,96.564,78.348
2026-07-03 20:40,52.264,29.828,8.486,1.193,96.735,78.373
2026-07-03 20:50,52.162,29.873,8.465,1.194,96.743,78.357
2026-07-03 21:00,51.88,29.929,8.414,1.19,96.587,78.307
2026-07-03 21:10,51.858,30.018,8.382,1.191,96.487,78.32
2026-07-03 21:20,52.032,30.11,8.443,1.19,96.567,78.372
2026-07-03 21:30,51.905,29.949,8.419,1.191,96.528,78.412
2026-07-03 21:40,51.789,30.143,8.405,1.189,96.402,78.415
2026-07-03 21:50,52.069,30.014,8.436,1.189,96.541,78.486
2026-07-03 22:00,52.14,29.95,8.441,1.188,96.497,78.482
2026-07-03 22:10,51.936,29.902,8.451,1.187,96.527,78.461
2026-07-03 22:20,52.032,29.798,8.433,1.19,96.578,78.439
2026-07-03 22:30,52.185,29.785,8.46,1.189,96.655,78.473
2026-07-03 22:40,52.103,29.84,8.431,1.19,96.532,78.431
2026-07-03 22:50,52.101,29.819,8.389,1.189,96.454,78.426
2026-07-03 23:00,52.199,29.768,8.417,1.188,96.581,78.385
2026-07-03 23:10,52.213,29.87,8.358,1.188,96.365,78.318
2026-07-03 23:20,52.412,29.686,8.377,1.19,96.521,78.349
2026-07-03 23:30,52.576,29.705,8.381,1.191,96.646,78.343
2026-07-03 23:40,52.675,29.74,8.347,1.19,96.626,78.422
2026-07-03 23:50,52.865,29.672,8.348,1.187,96.64,78.424
2026-07-04 00:00,52.771,32.2,8.309,1.19,95.667,78.316
2026-07-04 00:10,52.605,32.101,8.301,1.189,95.642,78.318
2026-07-04 00:20,52.361,32.191,8.238,1.188,95.509,78.24
2026-07-04 00:30,52.241,32.158,8.25,1.191,95.496,78.264
2026-07-04 00:40,52.043,32.206,8.208,1.193,95.397,78.25
2026-07-04 00:50,51.982,32.231,8.205,1.191,95.353,78.22
2026-07-04 01:00,52.106,32.229,8.228,1.192,95.432,78.206
2026-07-04 01:10,52.308,32.137,8.267,1.19,95.608,78.158
2026-07-04 01:20,52.383,32.233,8.264,1.192,95.575,78.149
2026-07-04 01:30,52.444,32.166,8.289,1.19,95.614,78.12
2026-07-04 01:40,52.458,32.167,8.267,1.187,95.526,78.113
2026-07-04 01:50,52.507,32.167,8.279,1.185,95.516,78.121
2026-07-04 02:00,52.4,32.094,8.275,1.187,95.538,78.145
2026-07-04 02:10,52.275,31.991,8.28,1.189,95.546,78.114
2026-07-04 02:20,52.068,31.937,8.228,1.19,95.429,78.169
2026-07-04 02:30,51.999,31.927,8.218,1.19,95.451,78.16
2026-07-04 02:40,52.029,31.953,8.262,1.193,95.617,78.204
2026-07-04 02:50,51.985,31.924,8.233,1.192,95.447,78.153
2026-07-04 03:00,51.991,31.85,8.284,1.193,95.598,78.191
2026-07-04 03:10,52.252,31.841,8.334,1.191,95.798,78.17
2026-07-04 03:20,52.287,31.957,8.29,1.191,95.569,78.18
2026-07-04 03:30,52.342,31.93,8.29,1.193,95.631,78.159
2026-07-04 03:40,52.31,31.97,8.286,1.191,95.562,78.095
2026-07-04 03:50,52.357,32.05,8.266,1.189,95.567,78.091
2026-07-04 04:00,52.165,32.036,8.224,1.186,95.411,78.011
2026-07-04 04:10,52.215,32.113,8.255,1.186,95.416,78.021
2026-07-04 04:20,52.281,32.126,8.309,1.183,95.512,78.027
2026-07-04 04:30,52.377,32.101,8.34,1.185,95.688,78.074
2026-07-04 04:40,52.108,31.981,8.356,1.183,95.696,78.076
2026-07-04 04:50,52.034,31.898,8.365,1.186,95.766,78.087
2026-07-04 05:00,52.191,32.003,8.372,1.186,95.745,78.086
2026-07-04 05:10,52.256,32.079,8.399,1.188,95.826,78.085
2026-07-04 05:20,51.997,32.0,8.343,1.19,95.674,78.081
2026-07-04 05:30,51.825,32.117,8.277,1.192,95.525,78.056
2026-07-04 05:40,51.613,32.144,8.256,1.19,95.378,78.042
2026-07-04 05:50,51.634,32.101,8.258,1.191,95.413,77.984
2026-07-04 06:00,51.722,32.101,8.281,1.192,95.489,78.005
2026-07-04 06:10,51.638,32.235,8.241,1.193,95.376,77.984
2026-07-04 06:20,51.342,32.329,8.219,1.192,95.184,77.911
2026-07-04 06:30,51.326,32.326,8.214,1.19,95.166,77.858
2026-07-04 06:40,50.988,32.516,8.187,1.188,94.944,77.782
2026-07-04 06:50,51.104,32.393,8.149,1.185,95.0,77.802
2026-07-04 07:00,50.924,32.354,8.108,1.184,94.867,77.806
2026-07-04 07:10,50.739,32.331,8.073,1.18,94.617,77.83
2026-07-04 07:20,50.539,32.346,8.047,1.185,94.551,77.903
2026-07-04 07:30,50.506,32.269,8.025,1.186,94.534,77.897
2026-07-04 07:40,50.49,32.344,8.014,1.188,94.542,77.891
2026-07-04 07:50,50.523,32.415,7.958,1.189,94.408,77.902
2026-07-04 08:00,50.473,32.293,7.933,1.191,94.351,77.882
2026-07-04 08:10,50.428,32.211,7.913,1.192,94.321,77.826
2026-07-04 08:20,50.554,32.294,7.895,1.191,94.27,77.806
2026-07-04 08:30,50.727,32.322,7.947,1.194,94.323,77.846
2026-07-04 08:40,50.733,32.345,7.954,1.197,94.399,77.868
2026-07-04 08:50,50.786,32.458,7.987,1.197,94.406,77.863
2026-07-04 09:00,50.875,32.508,8.013,1.195,94.426,77.912
2026-07-04 09:10,50.813,32.493,8.015,1.193,94.4,77.872
2026-07-04 09:20,50.693,32.455,7.975,1.192,94.294,77.856
2026-07-04 09:30,50.466,32.448,8.025,1.188,94.226,77.869
2026-07-04 09:40,50.374,32.392,8.026,1.187,94.205,77.839
2026-07-04 09:50,50.597,32.364,8.08,1.185,94.421,77.851
2026-07-04 10:00,50.469,32.323,8.049,1.19,94.447,77.913
2026-07-04 10:10,50.261,32.383,7.998,1.191,94.293,77.857
2026-07-04 10:20,50.216,32.344,7.971,1.188,94.292,77.873
2026-07-04 10:30,50.239,32.511,7.962,1.189,94.21,77.823
2026-07-04 10:40,50.282,32.489,7.95,1.188,94.088,77.797
2026-07-04 10:50,50.132,32.575,7.892,1.192,93.93,77.799
2026-07-04 11:00,50.183,32.725,7.967,1.19,93.98,77.774
2026-07-04 11:10,50.099,32.815,7.947,1.19,93.862,77.781
2026-07-04 11:20,50.026,9999.0,7.973,1.19,93.978,77.832
2026-07-04 11:30,49.983,32.6,7.935,1.189,93.905,77.796
2026-07-04 11:40,49.838,32.552,7.9,1.189,93.843,77.764
2026-07-04 11:50,49.748,32.541,7.871,1.19,93.772,77.699
2026-07-04 12:00,49.847,32.639,7.822,1.191,93.768,77.715
2026-07-04 12:10,49.681,32.608,7.781,1.194,93.675,77.746
2026-07-04 12:20,49.623,32.617,7.804,1.195,93.721,77.73
2026-07-04 12:30,49.694,32.68,7.8,1.196,93.69,77.72
2026-07-04 12:40,49.723,32.602,7.827,1.196,93.757,77.74
2026-07-04 12:50,49.752,32.539,7.882,1.198,94.013,77.858
2026-07-04 13:00,49.571,32.555,7.827,1.197,93.959,77.856
2026-07-04 13:10,49.378,32.502,7.84,1.202,93.949,77.893
2026-07-04 13:20,49.344,32.349,7.782,1.206,93.857,77.894
2026-07-04 13:30,49.256,32.215,7.774,1.21,93.891,77.902
2026-07-04 13:40,48.995,32.168,7.784,1.209,93.891,77.849
2026-07-04 13:50,48.994,32.193,7.84,1.211,93.986,77.855
2026-07-04 14:00,49.061,32.189,7.866,1.211,93.94,77.877
2026-07-04 14:10,49.278,32.226,7.865,1.213,93.979,77.9
2026-07-04 14:20,49.259,32.381,7.885,1.213,93.965,77.892
2026-07-04 14:30,49.228,32.318,7.875,1.214,93.929,77.883
2026-07-04 14:40,49.112,32.332,7.859,1.213,93.88,77.863
2026-07-04 14:50,49.148,32.401,7.821,1.212,93.767,77.847
2026-07-04 15:00,49.104,32.21,7.861,1.212,93.898,77.851
2026-07-04 15:10,49.404,32.378,7.895,1.209,94.011,77.87
2026-07-04 15:20,49.292,32.406,7.891,1.208,93.886,77.88
2026-07-04 15:30,49.479,32.432,7.889,1.207,93.839,77.848
2026-07-04 15:40,49.443,32.409,7.924,1.207,93.972,77.872
2026-07-04 15:50,49.265,32.387,7.869,1.206,93.922,77.917
2026-07-04 16:00,49.325,32.45,7.857,1.205,93.855,77.896
2026-07-04 16:10,49.37,32.442,7.89,1.206,93.955,77.984
2026-07-04 16:20,49.592,32.357,7.942,1.205,94.178,77.945
2026-07-04 16:30,49.694,32.253,7.974,1.208,94.321,77.985
2026-07-04 16:40,49.69,32.101,7.97,1.207,94.367,77.926
2026-07-04 16:50,49.615,32.142,7.974,1.203,94.272,77.912
2026-07-04 17:00,49.504,32.155,7.941,1.199,94.159,77.848
2026-07-04 17:10,49.483,32.212,7.964,1.198,94.204,77.823
2026-07-04 17:20,49.508,32.333,7.981,1.198,94.214,77.845
2026-07-04 17:30,49.381,32.382,7.879,1.201,93.934,77.818
2026-07-04 17:40,49.262,32.442,7.825,1.2,93.726,77.785
2026-07-04 17:50,49.31,32.374,7.82,1.2,93.801,77.829
2026-07-04 18:00,49.172,32.43,7.801,1.204,93.783,77.853
2026-07-04 18:10,49.152,32.538,7.751,1.205,93.658,77.848
2026-07-04 18:20,49.107,32.527,7.754,1.202,93.595,77.805
2026-07-04 18:30,48.997,32.574,7.695,1.204,93.493,77.767
2026-07-04 18:40,49.195,32.595,7.671,1.203,93.503,77.786
2026-07-04 18:50,49.334,32.641,7.665,1.203,93.528,77.885
2026-07-04 19:00,49.327,32.747,7.68,1.202,93.542,77.838
2026-07-04 19:10,49.134,32.728,7.658,1.207,93.532,77.859
2026-07-04 19:20,49.166,32.63,7.68,1.203,93.481,77.834
2026-07-04 19:30,49.138,32.77,7.641,1.204,93.294,77.814
2026-07-04 19:40,49.121,32.691,7.647,1.199,93.204,77.767
2026-07-04 19:50,49.118,32.845,7.64,1.202,93.099,77.718
2026-07-04 20:00,49.034,32.851,7.633,1.203,93.109,77.791
2026-07-04 20:10,49.365,32.76,7.622,1.204,93.172,77.798
2026-07-04 20:20,49.443,32.864,7.631,1.202,93.151,77.819
2026-07-04 20:30,49.401,32.832,7.59,1.204,93.172,77.815
2026-07-04 20:40,49.432,32.747,7.603,1.205,93.204,77.853
2026-07-04 20:50,49.352,32.773,7.611,1.198,93.119,77.827
2026-07-04 21:00,49.225,32.761,7.608,1.201,93.168,77.863
2026-07-04 21:10,49.085,32.68,7.598,1.202,93.075,77.844
2026-07-04 21:20,49.134,32.723,7.644,1.204,93.187,77.898
2026-07-04 21:30,49.296,32.658,7.66,1.204,93.262,77.862
2026-07-04 21:40,49.492,32.606,7.714,1.203,93.484,77.893
2026-07-04 21:50,49.516,32.4,7.72,1.2,93.556,77.888
2026-07-04 22:00,49.546,32.324,7.727,1.199,93.638,77.885
2026-07-04 22:10,49.28,32.257,7.725,1.203,93.649,77.898
2026-07-04 22:20,48.985,32.263,7.688,1.202,93.511,77.82
2026-07-04 22:30,48.921,32.328,7.664,1.198,93.341,77.743
2026-07-04 22:40,49.049,32.349,7.694,1.197,93.473,77.755
2026-07-04 22:50,49.232,32.276,7.706,1.197,93.526,77.738
2026-07-04 23:00,49.187,32.302,7.718,1.197,93.516,77.718
2026-07-04 23:10,48.993,32.474,7.695,1.195,93.301,77.675
2026-07-04 23:20,48.941,32.519,7.718,1.194,93.231,77.707
2026-07-04 23:30,48.918,32.469,7.679,1.196,93.197,77.757
2026-07-04 23:40,48.765,32.58,7.645,1.202,93.019,77.78
2026-07-04 23:50,48.719,32.568,7.632,1.199,92.941,77.758
2026-07-05 00:00,48.838,32.533,7.613,1.201,92.945,77.79
2026-07-05 00:10,48.737,32.419,7.606,1.205,93.107,77.838
2026-07-05 00:20,48.71,32.366,7.595,1.203,93.032,77.854
2026-07-05 00:30,48.97,32.458,7.702,1.203,93.265,77.871
2026-07-05 00:40,49.019,32.548,7.699,1.201,93.243,77.863
2026-07-05 00:50,49.069,32.566,7.705,1.202,93.321,77.837
2026-07-05 01:00,48.974,32.572,7.687,1.203,93.271,77.802
2026-07-05 01:10,49.081,32.516,7.647,1.202,93.263,77.82
2026-07-05 01:20,48.836,32.515,7.621,1.199,93.105,77.807
2026-07-05 01:30,49.013,32.565,7.601,1.201,93.098,77.781
2026-07-05 01:40,48.987,32.493,7.609,1.203,93.209,77.771
2026-07-05 01:50,48.835,32.594,7.627,1.202,93.199,77.817
2026-07-05 02:00,48.715,32.574,7.593,1.201,93.114,77.77
2026-07-05 02:10,48.666,32.604,7.622,1.202,93.138,77.785
2026-07-05 02:20,48.302,32.514,7.606,1.206,93.053,77.812
2026-07-05 02:30,48.234,32.526,7.661,1.202,93.101,77.748
2026-07-05 02:40,48.205,32.598,7.642,1.204,93.02,77.759
2026-07-05 02:50,47.971,32.55,7.578,1.202,92.834,77.716
2026-07-05 03:00,47.986,32.47,7.579,1.202,92.945,77.753
2026-07-05 03:10,48.113,32.343,7.617,1.202,93.079,77.776
2026-07-05 03:20,47.846,32.301,7.62,1.204,93.013,77.808
2026-07-05 03:30,47.702,32.287,7.583,1.203,92.935,77.788
2026-07-05 03:40,47.76,32.305,7.604,1.204,92.946,77.789
2026-07-05 03:50,48.041,32.357,7.619,1.208,93.052,77.833
2026-07-05 04:00,47.944,32.443,7.635,1.206,92.962,77.821
2026-07-05 04:10,47.952,32.404,7.58,1.206,92.809,77.808
2026-07-05 04:20,47.836,32.359,7.548,1.205,92.703,77.802
2026-07-05 04:30,47.842,32.313,7.54,1.203,92.767,77.773
2026-07-05 04:40,47.911,32.282,7.58,1.203,92.868,77.808
2026-07-05 04:50,47.818,32.337,7.566,1.203,92.815,77.81
2026-07-05 05:00,47.909,32.283,7.588,1.202,92.902,77.824
2026-07-05 05:10,48.383,32.19,7.633,1.207,93.18,77.918
2026-07-05 05:20,48.601,32.185,7.641,1.207,93.339,77.965
2026-07-05 05:30,48.565,32.21,7.628,1.21,93.279,77.971
2026-07-05 05:40,48.57,32.187,7.668,1.209,93.352,77.967
2026-07-05 05:50,48.333,32.201,7.584,1.209,93.027,77.899
2026-07-05 06:00,48.271,32.145,7.596,1.209,93.158,77.912
2026-07-05 06:10,48.167,32.166,7.61,1.208,93.207,77.901
2026-07-05 06:20,48.002,32.353,7.647,1.206,93.199,77.911
2026-07-05 06:30,47.68,32.391,7.625,1.207,93.119,77.881
2026-07-05 06:40,47.881,32.456,7.62,1.208,93.099,77.89
2026-07-05 06:50,47.922,32.331,7.62,1.211,93.131,77.865
2026-07-05 07:00,47.715,32.319,7.579,1.21,92.942,77.816
2026-07-05 07:10,47.799,32.289,7.608,1.211,93.07,77.853
2026-07-05 07:20,47.879,32.269,7.631,1.212,93.181,77.85
2026-07-05 07:30,47.657,32.343,7.631,1.214,93.182,77.831
2026-07-05 07:40,47.819,32.266,7.595,1.214,93.14,77.823
2026-07-05 07:50,47.452,32.352,7.497,1.211,92.806,77.748
2026-07-05 08:00,47.559,32.387,7.523,1.21,92.881,77.768
2026-07-05 08:10,47.382,32.373,7.513,1.209,92.803,77.755
2026-07-05 08:20,47.419,32.342,7.503,1.209,92.709,77.714
2026-07-05 08:30,47.121,32.448,7.471,1.211,92.603,77.71
2026-07-05 08:40,47.133,32.571,7.475,1.211,92.606,77.7
2026-07-05 08:50,47.284,32.48,7.526,1.209,92.735,77.74
2026-07-05 09:00,47.452,32.426,7.597,1.208,92.963,77.813
2026-07-05 09:10,47.448,32.398,7.581,1.208,92.966,77.828
2026-07-05 09:20,47.454,32.277,7.632,1.21,93.136,77.91
2026-07-05 09:30,47.315,32.165,7.599,1.208,93.073,77.929
2026-07-05 09:40,47.226,32.194,7.66,1.205,93.118,77.927
2026-07-05 09:50,47.209,32.144,7.636,1.204,93.111,77.893
2026-07-05 10:00,46.997,32.177,7.576,1.203,92.857,77.847
2026-07-05 10:10,47.033,32.256,7.605,1.199,92.889,77.778
2026-07-05 10:20,46.971,32.289,7.597,1.199,92.87,77.792
2026-07-05 10:30,47.018,32.326,7.589,1.2,92.797,77.809
2026-07-05 10:40,47.121,32.305,7.626,1.201,92.927,77.87
2026-07-05 10:50,47.073,32.285,7.648,1.199,92.912,77.816
2026-07-05 11:00,46.908,32.234,7.652,1.197,92.939,77.733
2026-07-05 11:10,46.962,32.097,7.671,1.195,93.003,77.736
2026-07-05 11:20,46.861,32.118,7.662,1.193,92.968,77.75
2026-07-05 11:30,46.849,32.102,7.657,1.189,92.863,77.755
2026-07-05 11:40,46.855,32.194,7.619,1.19,92.75,77.711
2026-07-05 11:50,46.679,32.311,7.647,1.195,92.711,77.738
2026-07-05 12:00,46.779,32.272,7.682,1.197,92.736,77.693
2026-07-05 12:10,46.605,32.334,7.677,1.197,92.617,77.686
2026-07-05 12:20,46.603,32.312,7.609,1.196,92.506,77.666
2026-07-05 12:30,46.734,32.288,7.58,1.199,92.478,77.702
2026-07-05 12:40,46.828,32.198,7.588,1.197,92.472,77.693
2026-07-05 12:50,46.888,32.252,7.599,1.201,92.473,77.728
2026-07-05 13:00,47.163,32.384,7.662,1.204,92.619,77.781
2026-07-05 13:10,47.173,32.273,7.676,1.202,92.627,77.793
2026-07-05 13:20,47.228,32.356,7.725,1.207,92.76,77.821
2026-07-05 13:30,47.401,32.331,7.719,1.205,92.851,77.809
2026-07-05 13:40,47.17,32.275,7.711,1.207,92.776,77.778
2026-07-05 13:50,47.138,32.232,7.736,1.207,92.803,77.792
2026-07-05 14:00,47.288,32.11,7.793,1.209,93.015,77.858
2026-07-05 14:10,47.382,32.064,7.804,1.208,93.134,77.886
2026-07-05 14:20,47.309,32.12,7.738,1.21,93.009,77.877
2026-07-05 14:30,47.404,31.921,7.774,1.21,93.211,77.889
2026-07-05 14:40,47.505,31.85,7.811,1.209,93.316,77.915
2026-07-05 14:50,47.523,31.888,7.827,1.208,93.361,77.943
2026-07-05 15:00,47.702,32.059,7.851,1.205,93.471,77.96
2026-07-05 15:10,47.531,32.195,7.871,1.204,93.381,77.907
2026-07-05 15:20,47.633,32.257,7.879,1.201,93.364,77.87
2026-07-05 15:30,47.613,32.249,7.88,1.204,93.415,77.871
2026-07-05 15:40,47.578,32.222,7.831,1.201,93.258,77.834
2026-07-05 15:50,47.3,32.238,7.8,1.198,93.04,77.729
2026-07-05 16:00,47.643,32.275,7.818,1.198,93.171,77.772
2026-07-05 16:10,47.255,32.251,7.741,1.195,92.891,77.723
2026-07-05 16:20,47.27,32.338,7.772,1.198,92.942,77.742
2026-07-05 16:30,47.237,32.436,7.802,1.199,92.968,77.757
2026-07-05 16:40,47.504,32.456,7.808,1.2,93.114,77.777
2026-07-05 16:50,47.406,32.515,7.816,1.204,93.045,77.79
2026-07-05 17:00,47.365,32.452,7.779,1.205,92.922,77.746
2026-07-05 17:10,47.384,32.503,7.732,1.203,92.799,77.733
2026-07-05 17:20,47.484,32.566,7.779,1.205,92.81,77.732
2026-07-05 17:30,47.639,32.655,7.817,1.205,92.86,77.709
2026-07-05 17:40,47.72,32.669,7.79,1.203,92.835,77.728
2026-07-05 17:50,47.381,32.6,7.754,1.2,92.685,77.652
2026-07-05 18:00,47.279,32.832,7.75,1.2,92.601,77.634
2026-07-05 18:10,47.378,32.914,7.746,1.201,92.698,77.643
2026-07-05 18:20,47.47,32.889,7.788,1.204,92.767,77.652
2026-07-05 18:30,47.627,32.975,7.816,1.201,92.917,77.663
2026-07-05 18:40,47.524,32.865,7.777,1.2,92.87,77.664
2026-07-05 18:50,47.488,32.847,7.782,1.199,92.907,77.594
2026-07-05 19:00,47.505,32.757,7.766,1.198,92.885,77.52
2026-07-05 19:10,47.632,32.66,7.829,1.198,92.995,77.519
2026-07-05 19:20,47.807,32.704,7.876,1.197,93.055,77.532
2026-07-05 19:30,47.798,32.83,7.849,1.201,92.983,77.624
2026-07-05 19:40,47.985,32.884,7.846,1.204,93.056,77.689
2026-07-05 19:50,48.0,32.946,7.862,1.202,93.028,77.681
2026-07-05 20:00,48.078,32.895,7.849,1.204,93.056,77.64
2026-07-05 20:10,47.852,32.813,7.835,1.206,93.008,77.663
2026-07-05 20:20,47.682,32.669,7.818,1.204,92.961,77.694
2026-07-05 20:30,47.867,32.555,7.86,1.202,93.113,77.663
2026-07-05 20:40,47.778,32.628,7.857,1.2,93.078,77.738
2026-07-05 20:50,47.997,32.656,7.908,1.201,93.296,77.759
2026-07-05 21:00,48.151,32.716,7.936,1.201,93.335,77.723
2026-07-05 21:10,47.927,32.782,7.941,1.202,93.283,77.792
2026-07-05 21:20,47.882,32.823,7.949,1.201,93.261,77.749
2026-07-05 21:30,47.886,32.765,7.985,1.2,93.373,77.772
2026-07-05 21:40,47.803,32.728,7.952,1.202,93.262,77.724
2026-07-05 21:50,47.454,32.788,7.949,1.205,93.144,77.746
2026-07-05 22:00,47.478,32.817,7.873,1.202,92.936,77.714
2026-07-05 22:10,47.43,32.736,7.9,1.199,93.008,77.731
2026-07-05 22:20,47.196,32.693,7.893,1.2,92.923,77.72
2026-07-05 22:30,47.124,32.728,7.85,1.2,92.701,77.685
2026-07-05 22:40,47.034,32.735,7.825,1.201,92.685,77.654
2026-07-05 22:50,47.328,32.813,7.82,1.204,92.762,77.696
2026-07-05 23:00,47.364,32.741,7.856,1.203,92.849,77.771
2026-07-05 23:10,47.21,32.797,7.864,1.204,92.953,77.778
2026-07-05 23:20,47.175,32.805,7.821,1.204,92.925,77.766
2026-07-05 23:30,46.871,32.834,7.809,1.205,92.838,77.813
2026-07-05 23:40,46.957,32.797,7.818,1.202,92.886,77.766
2026-07-05 23:50,46.933,32.736,7.84,1.203,93.022,77.787
2026-07-06 00:00,47.106,32.836,7.872,1.204,93.049,77.781
2026-07-06 00:10,47.088,32.833,7.835,1.205,92.932,77.793
2026-07-06 00:20,47.292,32.861,7.837,1.206,93.018,77.808
2026-07-06 00:30,47.498,32.739,7.862,1.205,93.163,77.804
2026-07-06 00:40,47.304,32.705,7.798,1.206,93.012,77.815
2026-07-06 00:50,47.248,32.777,7.793,1.204,92.872,77.761
2026-07-06 01:00,47.254,32.726,7.748,1.203,92.733,77.772
2026-07-06 01:10,47.232,32.82,7.773,1.204,92.722,77.702
2026-07-06 01:20,47.1,32.788,7.753,1.203,92.751,77.689
2026-07-06 01:30,47.07,32.791,7.688,1.204,92.574,77.685
2026-07-06 01:40,47.048,32.85,7.687,1.203,92.494,77.653
2026-07-06 01:50,47.17,32.942,7.746,1.204,92.648,77.663
2026-07-06 02:00,47.133,32.873,7.735,1.205,92.717,77.656
2026-07-06 02:10,47.158,32.784,7.694,1.204,92.649,77.685
2026-07-06 02:20,47.343,32.692,7.722,1.202,92.722,77.695
2026-07-06 02:30,47.418,32.685,7.769,1.199,92.867,77.756
2026-07-06 02:40,47.337,32.489,7.724,1.201,92.837,77.794
2026-07-06 02:50,47.169,32.47,7.728,1.201,92.851,77.768
2026-07-06 03:00,47.186,32.473,7.736,1.202,92.827,77.735
2026-07-06 03:10,47.036,32.715,7.681,1.204,92.604,77.723
2026-07-06 03:20,47.115,32.676,7.666,1.209,92.654,77.681
2026-07-06 03:30,47.057,32.693,7.654,1.209,92.544,77.675
2026-07-06 03:40,46.804,32.732,7.645,1.206,92.432,77.675
2026-07-06 03:50,46.902,32.825,7.661,1.207,92.498,77.653
2026-07-06 04:00,46.763,32.847,7.68,1.207,92.474,77.672
2026-07-06 04:10,46.84,32.877,7.675,1.205,92.503,77.644
2026-07-06 04:20,46.859,32.854,7.687,1.207,92.58,77.628
2026-07-06 04:30,46.919,32.969,7.681,1.209,92.65,77.661
2026-07-06 04:40,46.639,33.017,7.707,1.208,92.674,77.699
2026-07-06 04:50,46.554,32.829,7.661,1.206,92.56,77.66
2026-07-06 05:00,46.529,32.742,7.658,1.208,92.629,77.665
2026-07-06 05:10,46.912,32.771,7.747,1.208,92.901,77.695
2026-07-06 05:20,47.045,32.803,7.781,1.208,92.96,77.696
2026-07-06 05:30,47.108,32.771,7.754,1.209,93.018,77.717
2026-07-06 05:40,47.31,32.759,7.766,1.211,92.958,77.739
2026-07-06 05:50,47.298,32.896,7.816,1.209,92.988,77.796
2026-07-06 06:00,47.289,32.878,7.817,1.208,92.983,77.804
2026-07-06 06:10,47.176,32.876,7.808,1.21,92.892,77.816
2026-07-06 06:20,47.216,32.717,7.791,1.206,92.834,77.798
2026-07-06 06:30,46.876,32.777,7.726,1.208,92.667,77.786
2026-07-06 06:40,46.614,32.819,7.642,1.207,92.508,77.721
2026-07-06 06:50,46.785,32.927,7.702,1.205,92.759,77.77
2026-07-06 07:00,46.942,32.947,7.723,1.206,92.989,77.835
2026-07-06 07:10,46.978,32.855,7.69,1.206,92.851,77.811
2026-07-06 07:20,46.926,32.848,7.715,1.207,92.944,77.846
2026-07-06 07:30,47.167,32.751,7.718,1.206,93.001,77.866
2026-07-06 07:40,47.31,32.667,7.711,1.206,92.967,77.818
2026-07-06 07:50,47.14,32.748,7.7,1.207,92.861,77.793
2026-07-06 08:00,47.184,32.607,7.649,1.207,92.876,77.75
2026-07-06 08:10,47.309,32.626,7.691,1.205,92.983,77.807
2026-07-06 08:20,47.247,32.531,7.64,1.206,92.909,77.781
2026-07-06 08:30,46.966,32.492,7.606,1.206,92.792,77.747
2026-07-06 08:40,46.929,32.509,7.598,1.208,92.733,77.82
2026-07-06 08:50,47.005,32.421,7.593,1.209,92.766,77.855
2026-07-06 09:00,47.112,32.526,7.597,1.207,92.781,77.861
2026-07-06 09:10,47.028,32.46,7.618,1.206,92.809,77.843
2026-07-06 09:20,47.083,32.405,7.624,1.208,92.859,77.843
2026-07-06 09:30,47.081,32.364,7.632,1.208,92.926,77.818
2026-07-06 09:40,47.174,32.346,7.666,1.208,92.947,77.823
2026-07-06 09:50,46.996,32.268,7.656,1.208,92.88,77.896
2026-07-06 10:00,46.895,32.263,7.653,1.209,92.901,77.911
2026-07-06 10:10,46.989,32.165,7.63,1.206,92.843,77.861
2026-07-06 10:20,47.148,32.044,7.622,1.202,92.873,77.857
2026-07-06 10:30,47.163,32.137,7.61,1.203,92.775,77.872
2026-07-06 10:40,47.267,32.157,7.581,1.2,92.721,77.835
2026-07-06 10:50,47.317,32.044,7.566,1.205,92.763,77.881
2026-07-06 11:00,47.208,31.975,7.554,1.206,92.765,77.887
2026-07-06 11:10,47.451,31.963,7.645,1.208,93.016,77.917
2026-07-06 11:20,47.327,31.987,7.628,1.208,92.966,77.913
2026-07-06 11:30,47.18,32.052,7.631,1.206,92.952,77.849
2026-07-06 11:40,47.204,32.103,7.608,1.206,92.834,77.855
2026-07-06 11:50,47.329,32.102,7.599,1.204,92.776,77.82
2026-07-06 12:00,47.378,32.105,7.617,1.206,92.854,77.79
2026-07-06 12:10,47.261,32.113,7.662,1.202,92.818,77.767
2026-07-06 12:20,47.064,32.24,7.634,1.203,92.711,77.753
2026-07-06 12:30,47.139,32.262,7.67,1.204,92.783,77.729
2026-07-06 12:40,47.172,32.224,7.613,1.201,92.697,77.638
2026-07-06 12:50,47.039,32.355,7.553,1.201,92.551,77.637
2026-07-06 13:00,46.96,32.387,7.539,1.204,92.528,77.671
2026-07-06 13:10,47.159,32.449,7.54,1.203,92.578,77.705
2026-07-06 13:20,47.294,32.491,7.594,1.203,92.713,77.722
2026-07-06 13:30,46.929,32.548,7.514,1.203,92.495,77.705
2026-07-06 13:40,46.839,32.7,7.505,1.204,92.408,77.732
2026-07-06 13:50,47.041,32.846,7.549,1.204,92.53,77.742
2026-07-06 14:00,46.965,32.992,7.536,1.204,92.465,77.711
2026-07-06 14:10,46.66,32.851,7.547,1.204,92.443,77.736
2026-07-06 14:20,46.504,33.035,7.522,1.204,92.313,77.685
2026-07-06 14:30,46.685,32.85,7.498,1.203,92.371,77.625
2026-07-06 14:40,46.559,33.064,7.498,1.202,92.246,77.584
2026-07-06 14:50,46.681,32.916,7.492,1.204,92.342,77.605
2026-07-06 15:00,46.519,32.938,7.451,1.206,92.229,77.545
2026-07-06 15:10,46.673,32.818,7.473,1.207,92.357,77.571
2026-07-06 15:20,46.639,32.798,7.464,1.208,92.397,77.571
2026-07-06 15:30,46.693,32.855,7.458,1.211,92.424,77.628
2026-07-06 15:40,46.712,32.95,7.464,1.207,92.387,77.588
2026-07-06 15:50,46.652,32.844,7.465,1.209,92.34,77.623
2026-07-06 16:00,46.257,32.805,7.391,1.207,92.105,77.604
2026-07-06 16:10,46.421,32.844,7.481,1.206,92.34,77.596
2026-07-06 16:20,46.577,32.893,7.528,1.206,92.472,77.587
2026-07-06 16:30,46.686,32.91,7.558,1.204,92.555,77.635
2026-07-06 16:40,46.847,32.802,7.604,1.204,92.781,77.69
2026-07-06 16:50,46.754,32.762,7.608,1.205,92.784,77.72
2026-07-06 17:00,46.846,32.81,7.667,1.204,92.923,77.752
2026-07-06 17:10,46.615,32.753,7.636,1.205,92.789,77.723
2026-07-06 17:20,46.385,32.789,7.605,1.205,92.645,77.672
2026-07-06 17:30,46.417,32.86,7.631,1.2,92.628,77.656
2026-07-06 17:40,46.126,32.642,7.608,1.199,92.563,77.641
2026-07-06 17:50,46.255,32.698,7.583,1.2,92.579,77.601
2026-07-06 18:00,46.248,32.765,7.59,1.203,92.592,77.63
2026-07-06 18:10,46.28,32.748,7.599,1.204,92.52,77.582
2026-07-06 18:20,46.184,32.685,7.608,1.205,92.587,77.615
2026-07-06 18:30,46.254,32.636,7.546,1.203,92.597,77.574
2026-07-06 18:40,46.385,32.652,7.524,1.199,92.49,77.476
2026-07-06 18:50,46.212,32.828,7.533,1.198,92.356,77.461
2026-07-06 19:00,46.112,32.755,7.522,1.197,92.377,77.476
2026-07-06 19:10,46.217,32.702,7.532,1.197,92.43,77.536
2026-07-06 19:20,46.046,32.692,7.53,1.196,92.389,77.529
2026-07-06 19:30,46.162,32.648,7.559,1.197,92.497,77.586
2026-07-06 19:40,46.038,32.711,7.541,1.196,92.396,77.563
2026-07-06 19:50,46.003,32.642,7.571,1.197,92.395,77.543
2026-07-06 20:00,46.12,32.668,7.56,1.197,92.307,77.594
2026-07-06 20:10,46.243,32.605,7.606,1.198,92.472,77.6
2026-07-06 20:20,46.098,32.576,7.641,1.197,92.53,77.604
2026-07-06 20:30,46.383,32.555,7.706,1.197,92.672,77.637
2026-07-06 20:40,46.345,32.486,7.721,1.2,92.729,77.638
2026-07-06 20:50,46.264,32.527,7.694,1.199,92.647,77.629
2026-07-06 21:00,46.404,32.474,7.671,1.199,92.731,77.641
2026-07-06 21:10,46.45,32.41,7.653,1.198,92.713,77.58
2026-07-06 21:20,46.762,32.385,7.671,1.196,92.876,77.624
2026-07-06 21:30,46.683,32.433,7.658,1.194,92.788,77.609
2026-07-06 21:40,46.435,32.441,7.63,1.19,92.552,77.563
2026-07-06 21:50,46.109,32.421,7.582,1.193,92.389,77.505
2026-07-06 22:00,46.054,32.429,7.569,1.192,92.334,77.454
2026-07-06 22:10,46.11,32.532,7.653,1.194,92.505,77.438
2026-07-06 22:20,46.233,32.451,7.691,1.192,92.644,77.447
2026-07-06 22:30,46.369,32.397,7.724,1.193,92.832,77.516
2026-07-06 22:40,46.581,32.373,7.743,1.195,92.873,77.525
2026-07-06 22:50,46.574,32.477,7.662,1.196,92.574,77.516
2026-07-06 23:00,46.5,32.444,7.585,1.197,92.459,77.442
2026-07-06 23:10,46.99,32.35,7.635,1.201,92.763,77.555
2026-07-06 23:20,47.393,32.277,7.672,1.2,92.952,77.601
2026-07-06 23:30,47.348,32.368,7.634,1.198,92.826,77.564
2026-07-06 23:40,47.401,32.384,7.643,1.2,92.884,77.544
2026-07-06 23:50,47.38,32.327,7.617,1.199,92.872,77.541
2026-07-07 00:00,47.692,30.843,7.632,1.199,93.417,77.591
2026-07-07 00:10,47.898,30.823,7.698,1.198,93.542,77.598
2026-07-07 00:20,47.589,30.811,7.675,1.198,93.428,77.646
2026-07-07 00:30,47.618,30.781,7.702,1.201,93.494,77.713
2026-07-07 00:40,47.545,30.69,7.738,1.2,93.63,77.775
2026-07-07 00:50,47.609,30.69,7.733,1.203,93.704,77.8
2026-07-07 01:00,47.54,30.672,7.699,1.205,93.613,77.827
2026-07-07 01:10,47.582,30.733,7.769,1.203,93.681,77.827
2026-07-07 01:20,47.475,30.675,7.803,1.203,93.73,77.841
2026-07-07 01:30,47.651,30.54,7.861,1.2,93.865,77.81
2026-07-07 01:40,47.599,30.52,7.837,1.202,93.849,77.774
2026-07-07 01:50,47.784,30.625,7.788,1.199,93.706,77.707
2026-07-07 02:00,47.603,30.714,7.754,1.198,93.546,77.727
2026-07-07 02:10,47.705,30.592,7.762,1.197,93.644,77.751
2026-07-07 02:20,47.817,30.522,7.687,1.197,93.565,77.755
2026-07-07 02:30,47.871,30.634,7.719,1.198,93.656,77.794
2026-07-07 02:40,47.847,30.642,7.728,1.196,93.726,77.802
2026-07-07 02:50,47.7,30.621,7.763,1.192,93.68,77.751
2026-07-07 03:00,47.641,30.635,7.75,1.189,93.559,77.727
2026-07-07 03:10,47.498,30.642,7.734,1.188,93.514,77.697
2026-07-07 03:20,47.657,30.677,7.753,1.189,93.6,77.745
2026-07-07 03:30,47.734,30.66,7.754,1.189,93.705,77.748
2026-07-07 03:40,47.851,30.799,7.796,1.19,93.834,77.784
2026-07-07 03:50,48.003,30.831,7.805,1.191,93.941,77.77
2026-07-07 04:00,47.85,30.937,7.779,1.191,93.791,77.749
2026-07-07 04:10,47.777,30.999,7.782,1.193,93.692,77.738
2026-07-07 04:20,47.716,30.954,7.785,1.197,93.754,77.734
2026-07-07 04:30,47.614,31.044,7.799,1.203,93.744,77.735
2026-07-07 04:40,47.495,30.982,7.77,1.204,93.676,77.714
2026-07-07 04:50,47.342,31.04,7.731,1.203,93.575,77.651
2026-07-07 05:00,47.305,31.012,7.739,1.205,93.535,77.678
2026-07-07 05:10,47.655,30.981,7.772,1.205,93.653,77.72
2026-07-07 05:20,47.739,30.96,7.761,1.202,93.785,77.785
2026-07-07 05:30,47.817,30.941,7.81,1.202,93.925,77.808
2026-07-07 05:40,47.88,30.905,7.792,1.201,93.875,77.801
2026-07-07 05:50,47.71,30.719,7.747,1.203,93.782,77.753
2026-07-07 06:00,47.772,30.786,7.778,1.201,93.872,77.732
2026-07-07 06:10,47.748,30.689,7.742,1.202,93.787,77.743
2026-07-07 06:20,47.772,30.628,7.714,1.204,93.711,77.697
2026-07-07 06:30,47.691,30.368,7.704,1.203,93.715,77.716
2026-07-07 06:40,47.985,30.573,7.767,1.202,93.857,77.751
2026-07-07 06:50,47.748,30.568,7.813,1.205,93.883,77.812
2026-07-07 07:00,47.701,30.443,7.809,1.207,93.969,77.836
2026-07-07 07:10,47.599,30.199,7.781,1.206,93.953,77.848
2026-07-07 07:20,47.541,30.2,7.759,1.206,93.889,77.847
2026-07-07 07:30,47.761,30.129,7.823,1.206,94.092,77.91
2026-07-07 07:40,48.005,30.215,7.877,1.206,94.225,77.92
2026-07-07 07:50,48.078,30.236,7.905,1.207,94.236,77.992
2026-07-07 08:00,47.908,30.208,7.88,1.211,94.181,78.04
2026-07-07 08:10,48.048,30.275,7.881,1.213,94.259,78.085
2026-07-07 08:20,48.035,30.247,7.879,1.213,94.267,78.092
2026-07-07 08:30,47.736,30.129,7.842,1.21,94.124,77.979
2026-07-07 08:40,47.824,30.226,7.825,1.212,94.196,77.989
2026-07-07 08:50,47.786,30.162,7.855,1.212,94.295,78.01
2026-07-07 09:00,47.782,30.167,7.878,1.213,94.364,78.027
2026-07-07 09:10,47.904,30.287,7.941,1.209,94.489,78.03
2026-07-07 09:20,48.123,30.211,7.971,1.211,94.645,78.096
2026-07-07 09:30,47.937,30.27,7.961,1.211,94.634,78.073
2026-07-07 09:40,47.98,30.334,7.927,1.212,94.542,78.033
2026-07-07 09:50,48.042,30.357,7.968,1.213,94.617,78.048
2026-07-07 10:00,48.083,30.561,7.993,1.214,94.642,78.075
2026-07-07 10:10,48.079,30.57,7.969,1.212,94.66,78.121
2026-07-07 10:20,48.305,30.683,7.96,1.215,94.651,78.116
2026-07-07 10:30,48.19,30.622,7.942,1.211,94.524,78.065
2026-07-07 10:40,48.167,30.671,7.961,1.21,94.617,78.081
2026-07-07 10:50,48.46,30.775,7.978,1.21,94.672,78.086
2026-07-07 11:00,48.474,30.797,7.97,1.208,94.644,78.072
2026-07-07 11:10,48.617,30.895,7.973,1.208,94.596,78.041
2026-07-07 11:20,48.914,30.868,7.993,1.206,94.683,78.075
2026-07-07 11:30,48.812,30.894,7.993,1.204,94.653,78.091
2026-07-07 11:40,48.575,30.802,8.043,1.201,94.659,78.001
2026-07-07 11:50,48.159,30.81,7.983,1.202,94.514,77.985
2026-07-07 12:00,48.162,30.84,7.984,1.199,94.406,77.994
2026-07-07 12:10,48.18,30.813,7.971,1.198,94.389,78.012
2026-07-07 12:20,48.118,30.815,7.986,1.198,94.366,78.028
2026-07-07 12:30,48.243,30.839,7.995,1.203,94.441,78.103
2026-07-07 12:40,48.483,30.718,8.053,1.205,94.568,78.114
2026-07-07 12:50,48.565,30.651,8.085,1.206,94.709,78.146
2026-07-07 13:00,48.5,30.576,8.055,1.201,94.67,78.143
2026-07-07 13:10,48.274,30.496,8.035,1.2,94.579,78.115
2026-07-07 13:20,48.286,30.524,8.064,1.202,94.621,78.14
2026-07-07 13:30,48.342,30.51,8.156,1.2,94.81,78.144
2026-07-07 13:40,48.547,30.494,8.19,1.201,94.949,78.183
2026-07-07 13:50,48.38,30.51,8.199,1.204,94.921,78.198
2026-07-07 14:00,48.238,30.339,8.168,1.204,95.003,78.174
2026-07-07 14:10,47.9,30.519,8.117,1.205,94.699,78.173
2026-07-07 14:20,47.828,30.472,8.121,1.204,94.651,78.14
2026-07-07 14:30,47.999,30.536,8.15,1.204,94.769,78.195
2026-07-07 14:40,48.207,30.466,8.146,1.202,94.819,78.198
2026-07-07 14:50,48.214,30.36,8.129,1.2,94.899,78.264
2026-07-07 15:00,48.064,30.298,8.122,1.2,94.779,78.24
2026-07-07 15:10,48.149,30.537,8.146,1.2,94.72,78.243
2026-07-07 15:20,48.025,30.544,8.172,1.2,94.797,78.249
2026-07-07 15:30,47.937,30.577,8.126,1.202,94.634,78.167
2026-07-07 15:40,48.355,30.597,8.169,1.205,94.883,78.201
2026-07-07 15:50,48.234,30.504,8.116,1.204,94.744,78.186
2026-07-07 16:00,48.261,30.453,8.099,1.203,94.741,78.159
2026-07-07 16:10,48.254,30.477,8.117,1.201,94.782,78.147
2026-07-07 16:20,48.391,30.623,8.117,1.202,94.687,78.069
2026-07-07 16:30,48.275,30.568,8.098,1.203,94.755,78.131
2026-07-07 16:40,48.237,30.645,8.043,1.203,94.654,78.106
2026-07-07 16:50,48.434,30.727,8.078,1.201,94.729,78.105
2026-07-07 17:00,48.341,30.818,8.086,1.2,94.66,78.059
2026-07-07 17:10,48.238,30.899,8.072,1.199,94.589,78.05
2026-07-07 17:20,48.135,30.922,8.039,1.196,94.413,77.996
2026-07-07 17:30,47.916,30.846,8.003,1.195,94.24,77.983
2026-07-07 17:40,47.636,30.629,7.94,1.196,94.156,77.994
2026-07-07 17:50,47.747,30.521,7.965,1.195,94.258,77.982
2026-07-07 18:00,47.594,30.43,7.949,1.193,94.241,78.032
2026-07-07 18:10,47.52,30.461,7.901,1.194,94.161,78.05
2026-07-07 18:20,47.712,30.412,7.941,1.195,94.309,78.099
2026-07-07 18:30,47.81,30.317,7.923,1.196,94.332,78.1
2026-07-07 18:40,47.672,30.44,7.883,1.195,94.13,78.036
2026-07-07 18:50,47.823,30.543,7.905,1.196,94.157,78.092
2026-07-07 19:00,47.867,30.596,7.898,1.198,94.212,78.088
2026-07-07 19:10,47.803,30.598,7.877,1.202,94.183,78.139
2026-07-07 19:20,48.151,30.568,7.918,1.205,94.38,78.194
2026-07-07 19:30,48.117,30.579,7.893,1.203,94.301,78.146
2026-07-07 19:40,48.11,30.481,7.895,1.204,94.372,78.182
2026-07-07 19:50,48.2,30.693,7.88,1.2,94.269,78.09
2026-07-07 20:00,48.274,30.681,7.879,1.2,94.272,78.083
2026-07-07 20:10,48.343,30.507,7.828,1.204,94.352,78.084
2026-07-07 20:20,48.337,30.365,7.78,1.203,94.143,78.021
2026-07-07 20:30,48.336,30.387,7.762,1.202,94.07,78.028
2026-07-07 20:40,48.441,30.439,7.758,1.201,94.055,77.986
2026-07-07 20:50,48.414,30.473,7.721,1.2,93.964,77.934
2026-07-07 21:00,48.433,30.578,7.708,1.199,94.02,77.968
2026-07-07 21:10,48.6,30.56,7.747,1.2,94.163,77.965
2026-07-07 21:20,48.757,30.577,7.813,1.204,94.311,78.0
2026-07-07 21:30,48.758,30.725,7.786,1.202,94.153,77.962
2026-07-07 21:40,48.705,30.67,7.838,1.201,94.304,77.947
2026-07-07 21:50,48.983,30.599,7.823,1.202,94.353,77.966
2026-07-07 22:00,48.782,30.557,7.813,1.206,94.283,78.023
2026-07-07 22:10,48.868,30.477,7.82,1.201,94.311,78.019
2026-07-07 22:20,48.953,30.398,7.806,1.201,94.426,77.982
2026-07-07 22:30,48.762,30.407,7.818,1.199,94.374,77.969
2026-07-07 22:40,0.4,30.25,7.763,1.198,94.212,77.878
2026-07-07 22:50,0.4,30.284,7.763,1.196,94.282,77.844
2026-07-07 23:00,0.4,30.231,7.814,1.195,94.471,77.881
2026-07-07 23:10,0.4,30.201,7.811,1.196,94.5,77.871
2026-07-07 23:20,0.4,30.321,7.862,1.193,94.474,77.8
2026-07-07 23:30,0.4,30.303,7.915,1.192,94.521,77.82
2026-07-07 23:40,0.4,30.367,7.892,1.192,94.397,77.791
2026-07-07 23:50,0.4,30.363,7.849,1.191,94.341,77.78
2026-07-08 00:00,0.4,30.298,7.805,1.193,94.244,77.789
2026-07-08 00:10,0.4,30.335,7.85,1.196,94.37,77.795
2026-07-08 00:20,0.4,30.312,7.856,1.197,94.331,77.757
2026-07-08 00:30,0.4,30.35,7.813,1.196,94.22,77.726
2026-07-08 00:40,0.4,30.24,7.851,1.194,94.381,77.736
2026-07-08 00:50,0.4,30.167,7.828,1.197,94.363,77.751
2026-07-08 01:00,0.4,30.211,7.828,1.198,94.445,77.747
2026-07-08 01:10,0.4,30.358,7.799,1.197,94.369,77.728
2026-07-08 01:20,0.4,30.524,7.859,1.197,94.531,77.725
2026-07-08 01:30,0.4,30.496,7.868,1.195,94.59,77.715
2026-07-08 01:40,0.4,30.535,7.846,1.195,94.485,77.705
2026-07-08 01:50,0.4,30.438,7.818,1.2,94.512,77.724
2026-07-08 02:00,0.4,30.405,7.78,1.201,94.455,77.702
2026-07-08 02:10,0.4,30.429,7.807,1.204,94.527,77.689
2026-07-08 02:20,0.4,30.46,7.849,1.205,94.655,77.672
2026-07-08 02:30,0.4,30.608,7.838,1.204,94.642,77.648
2026-07-08 02:40,0.4,30.595,7.837,1.204,94.586,77.702
2026-07-08 02:50,0.4,30.557,7.883,1.202,94.74,77.749
2026-07-08 03:00,0.4,30.454,7.931,1.2,94.831,77.735
2026-07-08 03:10,0.4,30.454,7.915,1.197,94.764,77.702
2026-07-08 03:20,0.4,30.524,7.835,1.201,94.625,77.734
2026-07-08 03:30,0.4,30.617,7.785,1.2,94.431,77.735
2026-07-08 03:40,0.4,30.557,7.786,1.198,94.442,77.725
2026-07-08 03:50,0.4,30.675,7.829,1.198,94.472,77.69
2026-07-08 04:00,0.4,30.793,7.85,1.198,94.333,77.701
2026-07-08 04:10,0.4,30.823,7.912,1.197,94.432,77.715
2026-07-08 04:20,0.4,30.86,7.959,1.201,94.533,77.816
2026-07-08 04:30,0.4,30.812,7.933,1.199,94.511,77.776
2026-07-08 04:40,0.4,30.689,7.96,1.199,94.712,77.811
2026-07-08 04:50,0.4,30.596,7.959,1.201,94.713,77.808
2026-07-08 05:00,0.4,30.756,7.937,1.2,94.521,77.75
2026-07-08 05:10,0.4,30.823,7.888,1.198,94.371,77.706
2026-07-08 05:20,0.4,30.832,7.872,1.2,94.307,77.664
2026-07-08 05:30,0.4,30.875,7.868,1.202,94.306,77.666
2026-07-08 05:40,0.4,30.99,7.829,1.203,94.145,77.619
2026-07-08 05:50,0.4,30.986,7.794,1.203,94.215,77.664
2026-07-08 06:00,0.4,31.01,7.835,1.202,94.28,77.671
2026-07-08 06:10,0.4,31.075,7.78,1.204,94.131,77.677
2026-07-08 06:20,0.4,30.971,7.741,1.205,94.049,77.646
2026-07-08 06:30,0.4,30.952,7.759,1.203,94.066,77.639
2026-07-08 06:40,0.4,31.036,7.755,1.208,94.114,77.652
2026-07-08 06:50,0.4,31.096,7.831,1.209,94.289,77.707
2026-07-08 07:00,0.4,30.985,7.863,1.211,94.302,77.68
2026-07-08 07:10,0.4,30.991,7.882,1.212,94.351,77.707
2026-07-08 07:20,0.4,31.2,7.839,1.212,94.083,77.678
2026-07-08 07:30,0.4,31.284,7.864,1.208,94.138,77.733
2026-07-08 07:40,0.4,31.246,7.925,1.203,94.281,77.693
2026-07-08 07:50,0.4,31.262,7.874,1.202,94.193,77.641
2026-07-08 08:00,0.4,31.186,7.815,1.205,94.082,77.619
2026-07-08 08:10,0.4,31.11,7.832,1.203,94.184,77.579
2026-07-08 08:20,0.4,31.042,7.793,1.201,94.041,77.583
2026-07-08 08:30,0.4,31.086,7.821,1.199,94.161,77.559
2026-07-08 08:40,0.4,30.954,7.846,1.203,94.394,77.653
2026-07-08 08:50,0.4,31.082,7.855,1.205,94.404,77.719
2026-07-08 09:00,0.4,30.986,7.853,1.204,94.563,77.742
2026-07-08 09:10,0.4,31.062,7.817,1.203,94.427,77.775
2026-07-08 09:20,0.4,31.132,7.829,1.203,94.546,77.767
2026-07-08 09:30,0.4,31.187,7.802,1.201,94.376,77.726
2026-07-08 09:40,0.4,31.158,7.772,1.202,94.369,77.778
2026-07-08 09:50,0.4,31.099,7.795,1.205,94.62,77.893
2026-07-08 10:00,0.4,31.097,7.759,1.204,94.566,77.899
2026-07-08 10:10,0.4,31.341,7.774,1.204,94.495,77.921
2026-07-08 10:20,0.4,31.377,7.811,1.201,94.561,77.961
2026-07-08 10:30,0.4,31.431,7.807,1.202,94.502,77.97
2026-07-08 10:40,0.4,31.318,7.828,1.202,94.607,77.977
2026-07-08 10:50,0.4,31.367,7.857,1.201,94.698,77.937
2026-07-08 11:00,0.4,31.346,7.807,1.203,94.502,77.883
2026-07-08 11:10,0.4,31.321,7.81,1.199,94.515,77.834
2026-07-08 11:20,0.4,31.342,7.782,1.199,94.349,77.825
2026-07-08 11:30,0.4,31.364,7.785,1.199,94.312,77.81
2026-07-08 11:40,0.4,31.292,7.804,1.2,94.438,77.846
2026-07-08 11:50,0.4,31.258,7.84,1.196,94.414,77.889
2026-07-08 12:00,0.4,31.218,7.845,1.199,94.463,77.881
2026-07-08 12:10,0.4,31.169,7.946,1.203,94.833,77.94
2026-07-08 12:20,0.4,31.212,7.954,1.204,94.962,78.005
2026-07-08 12:30,0.4,31.283,7.989,1.205,94.994,78.023
2026-07-08 12:40,0.4,31.343,7.998,1.206,95.014,78.034
2026-07-08 12:50,0.4,31.309,8.047,1.204,95.168,78.048
2026-07-08 13:00,0.4,31.409,8.066,1.201,95.109,78.046
2026-07-08 13:10,0.4,31.385,8.012,1.2,94.868,78.022
2026-07-08 13:20,0.4,31.321,7.996,1.2,94.876,77.993
2026-07-08 13:30,0.4,31.344,8.02,1.201,94.957,77.997
2026-07-08 13:40,0.4,31.252,8.085,1.197,95.103,77.947
2026-07-08 13:50,0.4,31.244,8.083,1.196,95.036,77.919
2026-07-08 14:00,0.4,31.312,8.124,1.199,95.169,77.982
2026-07-08 14:10,0.4,31.244,8.127,1.2,95.134,77.962
2026-07-08 14:20,0.4,31.18,8.097,1.203,95.166,78.031
2026-07-08 14:30,0.4,31.148,8.082,1.204,95.172,78.029
2026-07-08 14:40,0.4,31.208,8.073,1.202,95.219,78.019
2026-07-08 14:50,0.4,31.154,8.124,1.202,95.364,77.963
2026-07-08 15:00,0.4,31.116,8.071,1.203,95.263,77.914
2026-07-08 15:10,0.4,31.005,8.085,1.202,95.334,77.951
2026-07-08 15:20,0.4,31.081,8.094,1.203,95.413,77.995
2026-07-08 15:30,0.4,31.123,8.143,1.204,95.515,78.006
2026-07-08 15:40,0.4,31.05,8.157,1.207,95.649,78.05
2026-07-08 15:50,0.4,30.925,8.196,1.207,95.732,78.066
2026-07-08 16:00,0.4,30.875,8.155,1.208,95.742,78.044
2026-07-08 16:10,0.4,30.894,8.142,1.208,95.701,78.079
2026-07-08 16:20,0.4,30.936,8.204,1.207,95.893,78.056
2026-07-08 16:30,0.4,31.015,8.209,1.208,95.863,78.083
2026-07-08 16:40,0.4,30.967,8.222,1.209,95.886,78.128
2026-07-08 16:50,0.4,31.073,8.252,1.211,95.887,78.112
2026-07-08 17:00,0.4,30.969,8.234,1.206,95.907,78.073
2026-07-08 17:10,0.4,30.996,8.192,1.206,95.753,78.053
2026-07-08 17:20,0.4,31.025,8.201,1.206,95.803,78.029
2026-07-08 17:30,0.4,31.115,8.133,1.207,95.624,77.99
2026-07-08 17:40,0.4,31.1,8.175,1.204,95.828,78.049
2026-07-08 17:50,0.4,31.103,8.191,1.21,95.881,78.133
2026-07-08 18:00,0.4,31.048,8.156,1.208,95.79,78.099
2026-07-08 18:10,0.4,31.056,8.153,1.208,95.727,78.111
2026-07-08 18:20,0.4,31.008,8.051,1.21,95.475,78.082
2026-07-08 18:30,0.4,30.997,8.073,1.209,95.506,78.071
2026-07-08 18:40,0.4,31.016,8.082,1.21,95.477,78.068
2026-07-08 18:50,0.4,31.046,8.111,1.209,95.55,78.032
2026-07-08 19:00,0.4,31.134,8.116,1.208,95.546,78.053
2026-07-08 19:10,0.4,31.123,8.114,1.208,95.65,78.082
2026-07-08 19:20,0.4,31.139,8.109,1.21,95.664,78.137
2026-07-08 19:30,0.4,31.061,8.061,1.209,95.632,78.121
2026-07-08 19:40,0.4,31.082,8.034,1.208,95.542,78.13
2026-07-08 19:50,0.4,31.132,8.018,1.207,95.409,78.095
2026-07-08 20:00,0.4,31.045,8.038,1.209,95.467,78.131
2026-07-08 20:10,0.4,30.929,8.057,1.209,95.659,78.148
2026-07-08 20:20,0.4,31.011,8.077,1.206,95.599,78.109
2026-07-08 20:30,0.4,30.982,8.083,1.204,95.612,78.089
2026-07-08 20:40,0.4,31.017,8.047,1.204,95.557,78.079
2026-07-08 20:50,0.4,31.157,7.987,1.205,95.315,78.015
2026-07-08 21:00,0.4,31.285,7.969,1.206,95.282,77.995
2026-07-08 21:10,0.4,31.27,7.995,1.206,95.318,78.023
2026-07-08 21:20,0.4,31.194,7.985,1.208,95.288,78.001
2026-07-08 21:30,0.4,31.219,7.919,1.209,95.165,77.99
2026-07-08 21:40,0.4,31.065,7.895,1.208,95.097,77.949
2026-07-08 21:50,0.4,31.138,7.964,1.211,95.29,78.016
2026-07-08 22:00,0.4,31.151,7.949,1.21,95.249,77.966
2026-07-08 22:10,0.4,31.166,7.94,1.207,95.179,77.933
2026-07-08 22:20,0.4,31.209,7.914,1.205,95.031,77.888
2026-07-08 22:30,0.4,31.072,7.982,1.207,95.202,77.936
2026-07-08 22:40,0.4,30.904,7.966,1.208,95.165,77.948
2026-07-08 22:50,0.4,30.983,7.998,1.21,95.241,77.959
2026-07-08 23:00,0.4,31.028,8.042,1.207,95.299,77.963
2026-07-08 23:10,0.4,31.206,8.084,1.204,95.278,77.928
2026-07-08 23:20,0.4,31.198,8.125,1.204,95.428,77.918
2026-07-08 23:30,0.4,31.343,8.14,1.203,95.396,77.928
2026-07-08 23:40,0.4,31.304,8.164,1.203,95.539,77.931
2026-07-08 23:50,51.317,31.36,8.125,1.204,95.501,77.971
2026-07-09 00:00,51.312,31.294,8.091,1.201,95.478,77.956
2026-07-09 00:10,51.415,31.327,8.101,1.201,95.523,77.955
2026-07-09 00:20,51.464,31.284,8.106,1.2,95.567,77.95
2026-07-09 00:30,51.284,31.296,8.091,1.202,95.488,77.943
2026-07-09 00:40,51.296,31.404,8.084,1.203,95.44,77.939
2026-07-09 00:50,51.674,31.346,8.116,1.2,95.588,77.892
2026-07-09 01:00,51.73,31.346,8.148,1.202,95.591,77.899
2026-07-09 01:10,51.829,31.26,8.155,1.203,95.758,77.934
2026-07-09 01:20,51.904,31.298,8.135,1.205,95.746,77.946
2026-07-09 01:30,51.961,31.318,8.168,1.205,95.788,77.925
2026-07-09 01:40,52.005,31.366,8.196,1.202,95.834,77.928
2026-07-09 01:50,51.957,31.466,8.238,1.201,95.719,77.89
2026-07-09 02:00,52.054,31.576,8.228,1.203,95.657,77.888
2026-07-09 02:10,52.06,31.464,8.207,1.205,95.663,77.88
2026-07-09 02:20,52.075,31.634,8.203,1.204,95.668,77.892
2026-07-09 02:30,52.244,31.673,8.216,1.205,95.766,77.961
2026-07-09 02:40,52.183,31.682,8.192,1.204,95.704,77.967
2026-07-09 02:50,52.114,31.651,8.241,1.204,95.687,77.93
2026-07-09 03:00,52.018,31.536,8.205,1.206,95.628,77.943
2026-07-09 03:10,51.762,31.504,8.135,1.209,95.485,77.929
2026-07-09 03:20,51.899,31.348,8.143,1.209,95.576,77.983
2026-07-09 03:30,51.908,31.28,8.163,1.21,95.725,77.989
2026-07-09 03:40,51.723,31.186,8.134,1.213,95.693,77.926
2026-07-09 03:50,51.873,31.095,8.142,1.212,95.726,77.946
2026-07-09 04:00,51.882,30.982,8.15,1.213,95.784,77.957
2026-07-09 04:10,51.783,30.985,8.136,1.214,95.711,77.97
2026-07-09 04:20,51.918,30.951,8.203,1.214,95.904,78.032
2026-07-09 04:30,51.774,30.926,8.195,1.213,95.905,78.016
2026-07-09 04:40,51.879,30.873,8.234,1.214,96.032,78.056
2026-07-09 04:50,51.873,30.904,8.226,1.21,95.993,78.038
2026-07-09 05:00,51.995,31.025,8.202,1.209,95.933,77.99
2026-07-09 05:10,52.01,31.072,8.218,1.21,95.94,78.036
2026-07-09 05:20,52.025,31.178,8.264,1.207,95.957,78.058
2026-07-09 05:30,51.992,31.161,8.218,1.209,95.928,78.07
2026-07-09 05:40,52.053,31.175,8.21,1.205,95.897,78.017
2026-07-09 05:50,52.153,31.172,8.189,1.202,95.902,77.978
2026-07-09 06:00,52.125,31.114,8.232,1.202,95.987,78.046
2026-07-09 06:10,52.059,31.057,8.186,1.203,95.893,77.992
2026-07-09 06:20,52.216,31.112,8.193,1.204,95.929,78.004
2026-07-09 06:30,52.072,31.065,8.166,1.204,95.853,77.981
2026-07-09 06:40,51.867,31.006,8.085,1.202,95.659,77.929
2026-07-09 06:50,51.809,30.892,8.093,1.202,95.665,77.995
2026-07-09 07:00,51.772,31.082,8.109,1.2,95.659,78.013
2026-07-09 07:10,52.139,30.927,8.177,1.199,95.884,78.017
2026-07-09 07:20,52.192,30.834,8.262,1.202,96.186,78.093
2026-07-09 07:30,52.384,30.953,8.328,1.203,96.235,78.133
2026-07-09 07:40,52.638,31.014,8.349,1.205,96.408,78.105
2026-07-09 07:50,52.795,31.059,8.364,1.206,96.379,78.137
2026-07-09 08:00,53.039,30.952,8.42,1.203,96.654,78.178
2026-07-09 08:10,52.927,30.921,8.406,1.203,96.528,78.155
2026-07-09 08:20,52.912,30.925,8.416,1.201,96.441,78.135
2026-07-09 08:30,53.116,30.926,8.454,1.203,96.625,78.192
2026-07-09 08:40,53.163,30.844,8.501,1.202,96.697,78.194
2026-07-09 08:50,53.296,30.817,8.54,1.2,96.878,78.125
2026-07-09 09:00,52.98,30.832,8.496,1.2,96.754,78.124
2026-07-09 09:10,52.801,30.878,8.382,1.201,96.523,78.082
2026-07-09 09:20,52.631,30.96,8.363,1.203,96.422,78.061
2026-07-09 09:30,52.644,30.987,8.381,1.204,96.455,78.121
2026-07-09 09:40,52.549,30.959,8.366,1.203,96.349,78.112
2026-07-09 09:50,52.709,31.208,8.415,1.205,96.4,78.13
2026-07-09 10:00,52.905,31.272,8.436,1.202,96.437,78.104
2026-07-09 10:10,53.204,31.348,8.485,1.199,96.575,78.088
2026-07-09 10:20,52.911,31.231,8.409,1.197,96.395,78.033
2026-07-09 10:30,52.667,31.116,8.337,1.198,96.217,78.048
2026-07-09 10:40,52.614,31.117,8.348,1.196,96.24,78.006
2026-07-09 10:50,52.674,31.097,8.315,1.199,96.26,78.068
2026-07-09 11:00,52.786,31.01,8.351,1.198,96.346,78.08
2026-07-09 11:10,52.874,31.041,8.4,1.201,96.553,78.102
2026-07-09 11:20,52.812,31.129,8.373,1.2,96.469,78.118
2026-07-09 11:30,52.906,31.217,8.354,1.2,96.417,78.1
2026-07-09 11:40,52.832,31.238,8.358,1.203,96.48,78.101
2026-07-09 11:50,53.062,31.138,8.345,1.201,96.458,78.091
2026-07-09 12:00,52.937,31.181,8.341,1.202,96.44,78.141
2026-07-09 12:10,53.171,31.103,8.404,1.203,96.663,78.217
2026-07-09 12:20,53.054,31.132,8.43,1.203,96.634,78.226
2026-07-09 12:30,53.058,31.012,8.426,1.201,96.733,78.202
2026-07-09 12:40,52.956,31.062,8.431,1.207,96.727,78.25
2026-07-09 12:50,52.863,31.039,8.381,1.209,96.58,78.178
2026-07-09 13:00,52.897,31.16,8.408,1.21,96.576,78.213
2026-07-09 13:10,52.842,31.084,8.406,1.209,96.636,78.235
2026-07-09 13:20,52.962,31.252,8.401,1.208,96.589,78.232
2026-07-09 13:30,53.145,31.301,8.442,1.209,96.697,78.2
2026-07-09 13:40,53.162,31.29,8.449,1.204,96.649,78.181
2026-07-09 13:50,52.979,31.249,8.428,1.204,96.549,78.145
2026-07-09 14:00,52.94,31.253,8.48,1.203,96.626,78.144
2026-07-09 14:10,52.904,31.367,8.477,1.201,96.496,78.119
2026-07-09 14:20,52.986,31.245,8.519,1.198,96.515,78.116
2026-07-09 14:30,52.505,31.306,8.502,1.197,96.293,78.114
2026-07-09 14:40,52.572,31.369,8.527,1.196,96.471,78.184
2026-07-09 14:50,52.499,31.362,8.523,1.195,96.51,78.155
2026-07-09 15:00,52.495,31.282,8.568,1.196,96.644,78.227
2026-07-09 15:10,52.688,31.312,8.61,1.191,96.717,78.193
2026-07-09 15:20,52.854,31.264,8.633,1.188,96.837,78.2
2026-07-09 15:30,52.73,31.192,8.522,1.191,96.623,78.187
2026-07-09 15:40,52.703,31.146,8.483,1.196,96.632,78.2
2026-07-09 15:50,52.754,31.231,8.446,1.196,96.577,78.193
2026-07-09 16:00,52.835,31.212,8.409,1.197,96.503,78.152
2026-07-09 16:10,52.895,31.205,8.442,1.196,96.529,78.065
2026-07-09 16:20,53.222,31.191,8.476,1.193,96.667,78.05
2026-07-09 16:30,53.43,31.158,8.511,1.196,96.761,78.094
2026-07-09 16:40,53.737,31.033,8.547,1.199,96.994,78.174
2026-07-09 16:50,53.58,30.961,8.584,1.199,96.986,78.213
2026-07-09 17:00,53.712,31.03,8.616,1.197,97.087,78.187
2026-07-09 17:10,53.999,30.933,8.589,1.2,97.247,78.268
2026-07-09 17:20,53.745,31.029,8.545,1.2,97.039,78.211
2026-07-09 17:30,53.776,31.044,8.59,1.199,97.087,78.192
2026-07-09 17:40,53.727,31.062,8.571,1.195,96.933,78.156
2026-07-09 17:50,53.671,31.103,8.563,1.195,96.895,78.14
2026-07-09 18:00,53.666,31.244,8.572,1.193,96.979,78.161
2026-07-09 18:10,53.442,31.321,8.552,1.192,96.8,78.114
2026-07-09 18:20,53.37,31.331,8.542,1.19,96.729,78.125
2026-07-09 18:30,53.206,31.366,8.56,1.189,96.735,78.153
2026-07-09 18:40,53.266,31.337,8.586,1.187,96.862,78.178
2026-07-09 18:50,53.379,31.218,8.637,1.188,96.975,78.206
2026-07-09 19:00,53.563,31.098,8.728,1.189,97.264,78.304
2026-07-09 19:10,53.344,31.057,8.688,1.191,97.145,78.293
2026-07-09 19:20,53.32,31.003,8.625,1.19,97.0,78.234
2026-07-09 19:30,53.325,30.955,8.589,1.191,96.905,78.187
2026-07-09 19:40,53.192,31.004,8.513,1.194,96.68,78.176
2026-07-09 19:50,53.303,30.881,8.513,1.194,96.621,78.197
2026-07-09 20:00,53.305,30.811,8.473,1.195,96.549,78.191
2026-07-09 20:10,53.207,30.773,8.476,1.195,96.605,78.187
2026-07-09 20:20,53.343,30.649,8.452,1.195,96.63,78.208
2026-07-09 20:30,53.357,30.565,8.416,1.194,96.503,78.163
2026-07-09 20:40,53.651,30.522,8.466,1.193,96.698,78.206
2026-07-09 20:50,53.474,30.502,8.465,1.195,96.643,78.202
2026-07-09 21:00,53.438,30.446,8.46,1.193,96.581,78.2
2026-07-09 21:10,53.408,30.505,8.427,1.192,96.486,78.17
2026-07-09 21:20,53.533,30.406,8.499,1.191,96.674,78.191
2026-07-09 21:30,53.33,30.243,8.452,1.191,96.524,78.162
2026-07-09 21:40,53.519,30.333,8.534,1.189,96.674,78.2
2026-07-09 21:50,53.18,30.207,8.494,1.19,96.618,78.171
2026-07-09 22:00,53.158,30.347,8.488,1.192,96.588,78.232
2026-07-09 22:10,53.188,30.359,8.503,1.191,96.629,78.297
2026-07-09 22:20,53.355,30.28,8.563,1.19,96.756,78.325
2026-07-09 22:30,53.261,30.383,8.568,1.185,96.666,78.313
2026-07-09 22:40,53.41,30.329,8.593,1.187,96.785,78.318
2026-07-09 22:50,53.23,30.39,8.621,1.19,96.716,78.373
2026-07-09 23:00,53.248,30.282,8.622,1.192,96.784,78.379
2026-07-09 23:10,53.168,30.45,8.601,1.193,96.563,78.315
2026-07-09 23:20,53.183,30.503,8.619,1.194,96.623,78.335
2026-07-09 23:30,52.899,30.525,8.57,1.196,96.372,78.3
2026-07-09 23:40,52.917,30.585,8.558,1.197,96.36,78.304
2026-07-09 23:50,52.906,30.686,8.524,1.199,96.358,78.307
2026-07-10 00:00,52.768,30.575,8.537,1.202,96.401,78.318
2026-07-10 00:10,52.873,30.583,8.52,1.203,96.346,78.328
2026-07-10 00:20,52.592,30.543,8.483,1.204,96.292,78.36
2026-07-10 00:30,52.722,30.526,8.51,1.206,96.422,78.369
2026-07-10 00:40,52.738,30.525,8.468,1.208,96.355,78.371
2026-07-10 00:50,52.938,30.484,8.481,1.207,96.407,78.401
2026-07-10 01:00,53.13,30.579,8.516,1.207,96.47,78.386
2026-07-10 01:10,52.977,30.643,8.482,1.206,96.375,78.402
2026-07-10 01:20,52.944,30.625,8.46,1.201,96.308,78.33
2026-07-10 01:30,52.77,30.783,8.417,1.2,96.118,78.309
2026-07-10 01:40,52.354,30.763,8.384,1.2,96.002,78.258
2026-07-10 01:50,52.426,30.637,8.402,1.201,96.109,78.242
2026-07-10 02:00,52.575,30.74,8.444,1.2,96.173,78.225
2026-07-10 02:10,52.477,30.778,8.427,1.201,96.09,78.249
2026-07-10 02:20,52.632,30.805,8.449,1.202,96.118,78.243
2026-07-10 02:30,52.483,30.806,8.442,1.2,96.041,78.186
2026-07-10 02:40,52.46,30.93,8.445,1.202,96.032,78.164
2026-07-10 02:50,52.24,30.737,8.451,1.204,96.073,78.197
2026-07-10 03:00,52.024,30.571,8.453,1.205,96.159,78.193
2026-07-10 03:10,51.783,30.584,8.438,1.208,96.18,78.228
2026-07-10 03:20,51.725,30.604,8.466,1.209,96.268,78.219
2026-07-10 03:30,51.718,30.612,8.432,1.21,96.245,78.266
2026-07-10 03:40,51.411,30.535,8.356,1.209,96.04,78.258
2026-07-10 03:50,51.432,30.523,8.329,1.208,96.004,78.267
2026-07-10 04:00,51.315,30.621,8.317,1.205,95.95,78.228
2026-07-10 04:10,51.23,30.577,8.339,1.204,95.99,78.223
2026-07-10 04:20,51.031,30.633,8.418,1.203,96.068,78.227
2026-07-10 04:30,50.721,30.57,8.361,1.204,95.881,78.182
2026-07-10 04:40,50.829,30.621,8.358,1.204,95.955,78.212
2026-07-10 04:50,50.769,30.494,8.387,1.207,95.979,78.215
2026-07-10 05:00,50.746,30.531,8.38,1.208,96.04,78.228
2026-07-10 05:10,50.813,30.606,8.374,1.208,96.041,78.237
2026-07-10 05:20,50.848,30.59,8.339,1.206,95.987,78.171
2026-07-10 05:30,50.909,30.486,8.329,1.206,96.049,78.144
2026-07-10 05:40,51.065,30.445,8.421,1.207,96.293,78.146
2026-07-10 05:50,51.274,30.431,8.439,1.205,96.396,78.136
2026-07-10 06:00,51.326,30.395,8.453,1.207,96.341,78.17
2026-07-10 06:10,51.432,30.275,8.434,1.206,96.469,78.16
2026-07-10 06:20,51.726,30.272,8.424,1.206,96.504,78.14
2026-07-10 06:30,51.656,30.205,8.464,1.204,96.555,78.133
2026-07-10 06:40,51.841,30.182,8.471,1.204,96.556,78.108
2026-07-10 06:50,51.592,30.191,8.418,1.204,96.441,78.054
2026-07-10 07:00,51.59,30.19,8.411,1.203,96.361,78.057
2026-07-10 07:10,51.35,30.085,8.379,1.2,96.261,78.033
2026-07-10 07:20,51.234,30.059,8.362,1.201,96.241,78.037
2026-07-10 07:30,51.234,30.096,8.342,1.199,96.175,78.078
2026-07-10 07:40,51.297,30.171,8.374,1.195,96.166,78.059
2026-07-10 07:50,51.255,30.259,8.306,1.196,95.982,77.97
2026-07-10 08:00,51.38,30.283,8.305,1.195,96.065,77.959
2026-07-10 08:10,51.446,30.035,8.333,1.196,96.215,77.97
2026-07-10 08:20,51.607,29.993,8.369,1.2,96.341,78.006
2026-07-10 08:30,51.315,30.094,8.333,1.198,96.203,78.005
2026-07-10 08:40,51.534,30.093,8.346,1.201,96.283,78.0
2026-07-10 08:50,51.516,30.093,8.408,1.201,96.331,77.979
2026-07-10 09:00,51.36,30.08,8.361,1.2,96.268,77.989
2026-07-10 09:10,51.41,30.032,8.349,1.201,96.323,78.001
2026-07-10 09:20,51.636,30.087,8.361,1.199,96.355,77.982
2026-07-10 09:30,51.662,30.213,8.331,1.198,96.288,77.967
2026-07-10 09:40,51.467,30.222,8.28,1.199,96.16,77.918
2026-07-10 09:50,51.846,30.304,8.319,1.2,96.271,77.963
2026-07-10 10:00,51.874,30.501,8.352,1.199,96.265,77.966
2026-07-10 10:10,52.075,30.565,8.376,1.199,96.361,78.031
2026-07-10 10:20,52.042,30.54,8.409,1.198,96.346,78.041
2026-07-10 10:30,52.063,30.516,8.413,1.201,96.357,78.058
2026-07-10 10:40,52.176,30.432,8.425,1.202,96.403,78.048
2026-07-10 10:50,52.448,30.378,8.443,1.204,96.62,78.148
2026-07-10 11:00,52.396,30.469,8.403,1.204,96.349,78.117
2026-07-10 11:10,52.419,30.667,8.387,1.206,96.252,78.092
2026-07-10 11:20,52.368,30.667,8.395,1.206,96.308,78.064
2026-07-10 11:30,52.191,30.709,8.377,1.208,96.235,78.049
2026-07-10 11:40,52.516,30.637,8.467,1.205,96.497,78.116
2026-07-10 11:50,52.65,30.573,8.51,1.203,96.535,78.155
2026-07-10 12:00,52.552,30.652,8.444,1.204,96.398,78.09
2026-07-10 12:10,52.354,30.583,8.429,1.204,96.297,78.124
2026-07-10 12:20,52.035,30.573,8.406,1.204,96.183,78.097
2026-07-10 12:30,52.068,30.663,8.333,1.204,96.082,78.076
2026-07-10 12:40,52.01,30.797,8.299,1.2,95.93,78.074
2026-07-10 12:50,52.032,30.81,8.324,1.201,95.939,78.147
2026-07-10 13:00,52.23,30.836,8.414,1.202,96.194,78.146
2026-07-10 13:10,52.383,30.832,8.406,1.204,96.199,78.133
2026-07-10 13:20,52.31,30.807,8.398,1.202,96.191,78.096
2026-07-10 13:30,52.063,30.87,8.395,1.199,95.97,78.033
2026-07-10 13:40,51.881,30.931,8.367,1.199,95.826,77.983
2026-07-10 13:50,51.901,30.865,8.394,1.199,95.915,77.967
2026-07-10 14:00,51.75,30.854,8.367,1.201,95.817,77.949
2026-07-10 14:10,51.611,30.862,8.338,1.2,95.806,77.98
2026-07-10 14:20,51.823,30.957,8.362,1.2,95.966,78.016
2026-07-10 14:30,52.004,30.891,8.428,1.205,96.164,78.141
2026-07-10 14:40,51.965,30.941,8.359,1.202,95.964,78.101
2026-07-10 14:50,52.034,31.079,8.36,1.202,95.906,78.116
2026-07-10 15:00,52.207,31.019,8.433,1.204,96.123,78.172
2026-07-10 15:10,52.183,31.045,8.449,1.203,96.15,78.16
2026-07-10 15:20,52.298,30.996,8.451,1.201,96.257,78.158
2026-07-10 15:30,52.253,31.073,8.437,1.202,96.161,78.076
2026-07-10 15:40,52.363,31.025,8.45,1.204,96.199,78.117
2026-07-10 15:50,52.114,31.021,8.443,1.203,96.138,78.087
2026-07-10 16:00,51.986,31.04,8.399,1.204,95.906,78.064
2026-07-10 16:10,52.225,30.947,8.449,1.202,96.142,78.16
2026-07-10 16:20,52.389,30.937,8.46,1.206,96.298,78.216
2026-07-10 16:30,52.112,31.008,8.381,1.202,96.011,78.12
2026-07-10 16:40,52.245,30.928,8.41,1.202,96.096,78.135
2026-07-10 16:50,52.257,31.114,8.381,1.199,96.012,78.101
2026-07-10 17:00,52.303,31.185,8.39,1.202,96.027,78.092
2026-07-10 17:10,52.256,31.194,8.363,1.204,95.969,78.034
2026-07-10 17:20,52.556,31.313,8.334,1.202,95.848,78.002
2026-07-10 17:30,52.4,31.357,8.348,1.202,95.775,77.942
2026-07-10 17:40,52.481,31.418,8.341,1.202,95.738,77.938
2026-07-10 17:50,52.611,31.604,8.32,1.205,95.743,78.01
2026-07-10 18:00,52.372,31.409,8.338,1.204,95.763,77.968
2026-07-10 18:10,52.358,31.358,8.347,1.202,95.749,77.932
2026-07-10 18:20,52.517,31.422,8.321,1.203,95.765,77.982
2026-07-10 18:30,52.311,31.246,8.278,1.201,95.624,77.975
2026-07-10 18:40,52.217,31.306,8.234,1.201,95.547,77.973
2026-07-10 18:50,52.226,31.292,8.239,1.198,95.6,78.005
2026-07-10 19:00,52.402,31.24,8.229,1.2,95.711,77.999
2026-07-10 19:10,52.477,31.33,8.213,1.203,95.628,78.026
2026-07-10 19:20,52.238,31.359,8.203,1.203,95.52,78.008
2026-07-10 19:30,52.082,31.392,8.179,1.203,95.388,77.936
2026-07-10 19:40,51.87,31.307,8.188,1.206,95.496,77.981
2026-07-10 19:50,52.108,31.205,8.196,1.211,95.561,78.048
2026-07-10 20:00,51.971,31.159,8.223,1.209,95.535,78.061
2026-07-10 20:10,51.901,31.343,8.191,1.21,95.393,78.026
2026-07-10 20:20,51.964,31.333,8.15,1.208,95.239,77.996
2026-07-10 20:30,52.035,31.367,8.105,1.212,95.198,78.035
2026-07-10 20:40,52.092,31.409,8.101,1.211,95.217,78.069
2026-07-10 20:50,52.291,31.382,8.152,1.208,95.428,78.102
2026-07-10 21:00,52.366,31.544,8.147,1.207,95.361,78.117
2026-07-10 21:10,52.237,31.519,8.092,1.205,95.136,78.037
2026-07-10 21:20,52.235,31.468,8.086,1.203,95.156,78.06
2026-07-10 21:30,52.349,31.382,8.165,1.204,95.378,78.097
2026-07-10 21:40,52.364,31.44,8.206,1.207,95.507,78.185
2026-07-10 21:50,52.403,31.464,8.161,1.207,95.477,78.189
2026-07-10 22:00,52.455,31.424,8.137,1.208,95.513,78.205
2026-07-10 22:10,52.295,31.517,8.101,1.207,95.327,78.153
2026-07-10 22:20,52.291,31.628,8.069,1.206,95.204,78.135
2026-07-10 22:30,51.979,31.596,8.067,1.205,95.167,78.144
2026-07-10 22:40,51.961,31.538,8.084,1.204,95.203,78.12
2026-07-10 22:50,52.064,31.503,8.075,1.208,95.199,78.117
2026-07-10 23:00,51.769,31.569,8.007,1.207,94.918,78.066
2026-07-10 23:10,51.649,31.541,7.996,1.209,94.997,78.066
2026-07-10 23:20,51.429,31.615,8.002,1.21,94.902,78.06
2026-07-10 23:30,51.396,31.529,7.943,1.212,94.862,78.071
2026-07-10 23:40,51.626,31.607,7.971,1.213,94.932,78.088
2026-07-10 23:50,51.626,31.404,7.998,1.217,94.984,78.065
2026-07-11 00:00,51.55,31.317,8.005,1.215,95.022,78.066
2026-07-11 00:10,51.571,31.364,8.049,1.213,95.048,78.023
2026-07-11 00:20,51.51,31.405,8.079,1.211,95.101,78.043
2026-07-11 00:30,51.581,31.361,8.086,1.214,95.241,78.101
2026-07-11 00:40,51.599,31.322,8.081,1.215,95.264,78.1
2026-07-11 00:50,51.357,31.211,8.036,1.214,95.136,78.109
2026-07-11 01:00,51.16,31.167,8.065,1.216,95.137,78.102
2026-07-11 01:10,50.934,31.24,8.027,1.217,94.917,78.031
2026-07-11 01:20,50.999,31.181,8.05,1.216,94.983,78.016
2026-07-11 01:30,50.795,31.122,8.025,1.217,94.918,78.009
2026-07-11 01:40,50.906,31.115,8.023,1.219,94.989,78.004
2026-07-11 01:50,50.874,31.139,8.013,1.22,95.012,78.08
2026-07-11 02:00,50.557,31.181,8.024,1.219,94.965,78.013
2026-07-11 02:10,50.582,31.253,7.986,1.219,94.837,78.043
2026-07-11 02:20,50.722,31.186,7.984,1.218,94.862,78.027
2026-07-11 02:30,50.748,31.062,7.992,1.219,94.907,78.016
2026-07-11 02:40,50.544,31.095,7.954,1.219,94.775,77.932
2026-07-11 02:50,50.55,31.228,7.997,1.221,94.83,77.947
2026-07-11 03:00,50.85,31.21,8.008,1.215,94.904,77.881
2026-07-11 03:10,51.248,31.076,8.002,1.213,95.067,77.921
2026-07-11 03:20,51.106,31.033,7.981,1.215,95.06,77.974
2026-07-11 03:30,51.07,31.019,7.935,1.214,94.945,77.917
2026-07-11 03:40,51.034,30.971,7.924,1.213,94.915,77.942
2026-07-11 03:50,51.155,31.083,7.989,1.212,95.081,77.994
2026-07-11 04:00,51.37,31.021,8.047,1.213,95.325,78.14
2026-07-11 04:10,51.348,31.088,8.093,1.213,95.41,78.164
2026-07-11 04:20,51.343,31.191,8.136,1.213,95.536,78.206
2026-07-11 04:30,51.191,31.109,8.127,1.212,95.517,78.162
2026-07-11 04:40,50.97,30.982,8.101,1.213,95.449,78.158
2026-07-11 04:50,51.024,30.873,8.124,1.214,95.469,78.135
2026-07-11 05:00,50.746,30.903,8.04,1.214,95.237,78.127
2026-07-11 05:10,50.578,31.029,7.945,1.212,94.973,78.041
2026-07-11 05:20,50.519,31.049,7.953,1.211,94.96,78.03
2026-07-11 05:30,50.548,31.167,7.969,1.211,94.986,77.988
2026-07-11 05:40,50.235,31.065,7.942,1.213,94.873,77.984
2026-07-11 05:50,50.229,31.046,7.932,1.21,94.897,77.96
2026-07-11 06:00,50.206,31.11,7.965,1.212,94.866,77.959
2026-07-11 06:10,50.205,31.119,7.996,1.208,94.946,77.931
2026-07-11 06:20,50.141,31.146,7.939,1.208,94.792,77.95
2026-07-11 06:30,50.211,31.132,7.943,1.207,94.911,78.006
2026-07-11 06:40,50.383,31.072,7.985,1.206,95.052,78.036
2026-07-11 06:50,50.258,31.053,7.913,1.209,94.858,78.002
2026-07-11 07:00,50.087,31.196,7.882,1.211,94.766,77.994
2026-07-11 07:10,50.005,31.021,7.937,1.214,94.918,78.016
2026-07-11 07:20,49.787,30.966,7.945,1.216,94.845,78.003
2026-07-11 07:30,49.668,30.983,7.951,1.213,94.703,77.927
2026-07-11 07:40,49.739,30.95,7.98,1.213,94.767,77.955
2026-07-11 07:50,49.802,31.045,7.999,1.212,94.729,77.936
2026-07-11 08:00,49.716,31.158,8.002,1.213,94.694,77.924
2026-07-11 08:10,49.487,31.133,7.899,1.213,94.372,77.902
2026-07-11 08:20,49.59,31.031,7.91,1.213,94.461,77.946
2026-07-11 08:30,49.655,31.013,7.873,1.211,94.428,77.888
2026-07-11 08:40,49.731,31.062,7.864,1.209,94.396,77.904
2026-07-11 08:50,49.844,31.05,7.898,1.209,94.538,77.915
2026-07-11 09:00,50.074,31.018,7.973,1.21,94.759,77.93
2026-07-11 09:10,50.208,30.902,8.007,1.21,94.852,77.991
2026-07-11 09:20,50.049,31.102,7.983,1.207,94.63,77.97
2026-07-11 09:30,49.584,31.109,7.945,1.205,94.391,77.884
2026-07-11 09:40,49.61,31.135,7.919,1.203,94.315,77.846
2026-07-11 09:50,49.682,31.038,7.932,1.202,94.363,77.906
2026-07-11 10:00,49.625,31.084,7.908,1.204,94.434,77.915
2026-07-11 10:10,49.607,30.951,7.897,1.202,94.368,77.909
2026-07-11 10:20,49.71,30.889,7.86,1.202,94.398,77.912
2026-07-11 10:30,49.686,30.93,7.782,1.202,94.198,77.895
2026-07-11 10:40,49.67,30.757,7.779,1.205,94.251,77.879
2026-07-11 10:50,49.795,30.683,7.826,1.205,94.395,77.926
2026-07-11 11:00,49.839,30.685,7.824,1.202,94.368,77.922
2026-07-11 11:10,49.78,30.632,7.808,1.202,94.325,77.912
2026-07-11 11:20,49.889,30.566,7.805,1.201,94.4,77.905
2026-07-11 11:30,49.909,30.632,7.783,1.197,94.261,77.823
2026-07-11 11:40,49.959,30.676,7.803,1.197,94.283,77.83
2026-07-11 11:50,49.918,30.757,7.837,1.199,94.284,77.907
2026-07-11 12:00,49.926,30.702,7.811,1.198,94.254,77.967
2026-07-11 12:10,49.641,30.76,7.757,1.196,94.091,77.939
2026-07-11 12:20,49.599,30.717,7.7,1.196,93.926,77.921
2026-07-11 12:30,49.835,30.783,7.778,1.192,94.098,77.926
2026-07-11 12:40,50.176,30.694,7.889,1.188,94.395,77.876
2026-07-11 12:50,50.417,30.716,7.912,1.191,94.458,77.927
2026-07-11 13:00,50.307,30.606,7.869,1.19,94.373,77.936
2026-07-11 13:10,50.017,30.615,7.826,1.193,94.21,77.927
2026-07-11 13:20,50.094,30.668,7.909,1.196,94.336,78.006
2026-07-11 13:30,50.218,30.801,7.882,1.197,94.362,77.96
2026-07-11 13:40,50.452,30.963,7.931,1.197,94.406,77.978
2026-07-11 13:50,50.595,31.044,7.987,1.193,94.516,77.97
2026-07-11 14:00,50.564,31.097,7.996,1.19,94.503,77.91
2026-07-11 14:10,50.713,31.204,8.002,1.191,94.517,77.91
2026-07-11 14:20,50.689,31.011,7.995,1.191,94.574,77.891
2026-07-11 14:30,50.677,31.112,8.022,1.188,94.621,77.882
2026-07-11 14:40,50.428,31.076,7.952,1.186,94.363,77.83
2026-07-11 14:50,50.455,31.231,7.946,1.186,94.334,77.81
2026-07-11 15:00,50.607,31.311,7.987,1.185,94.432,77.761
2026-07-11 15:10,50.421,31.219,7.946,1.188,94.38,77.768
2026-07-11 15:20,50.412,31.159,7.99,1.187,94.535,77.768
2026-07-11 15:30,50.12,31.057,7.958,1.19,94.484,77.83
2026-07-11 15:40,50.225,30.967,7.948,1.19,94.659,77.87
2026-07-11 15:50,50.199,30.945,7.966,1.188,94.737,77.839
2026-07-11 16:00,50.082,31.0,7.944,1.19,94.678,77.852
2026-07-11 16:10,50.177,30.979,7.951,1.191,94.785,77.91
2026-07-11 16:20,50.199,30.856,7.958,1.19,94.893,77.928
2026-07-11 16:30,50.067,30.94,7.934,1.19,94.807,77.897
2026-07-11 16:40,50.144,30.869,7.908,1.192,94.957,77.895
2026-07-11 16:50,50.031,30.873,7.906,1.192,94.973,77.949
2026-07-11 17:00,50.211,30.864,7.876,1.189,94.941,77.913
2026-07-11 17:10,50.299,30.86,7.92,1.19,95.069,77.94
2026-07-11 17:20,50.132,30.916,7.91,1.188,94.915,77.899
2026-07-11 17:30,49.945,30.865,7.956,1.188,95.032,77.889
2026-07-11 17:40,49.767,30.985,7.948,1.187,94.923,77.925
2026-07-11 17:50,49.614,31.049,7.965,1.184,94.917,77.913
2026-07-11 18:00,49.491,31.036,7.95,1.184,94.807,77.885
2026-07-11 18:10,49.711,31.155,7.975,1.182,94.843,77.854
2026-07-11 18:20,49.701,31.12,7.958,1.183,94.773,77.809
2026-07-11 18:30,49.415,31.183,7.92,1.184,94.606,77.834
2026-07-11 18:40,49.455,31.203,7.897,1.188,94.678,77.905
2026-07-11 18:50,49.486,31.202,7.915,1.186,94.64,77.895
2026-07-11 19:00,49.68,31.313,7.943,1.184,94.567,77.93
2026-07-11 19:10,49.665,31.433,7.967,1.18,94.549,77.873
2026-07-11 19:20,49.497,31.441,7.895,1.18,94.339,77.788
2026-07-11 19:30,49.534,31.454,7.925,1.178,94.353,77.775
2026-07-11 19:40,49.598,31.357,7.966,1.182,94.492,77.788
2026-07-11 19:50,49.363,31.474,7.95,1.18,94.234,77.732
2026-07-11 20:00,49.29,31.491,7.975,1.178,94.239,77.723
2026-07-11 20:10,49.109,31.48,7.947,1.18,94.121,77.704
2026-07-11 20:20,49.075,31.427,7.939,1.182,94.218,77.733
2026-07-11 20:30,48.989,31.392,7.922,1.183,94.161,77.681
2026-07-11 20:40,49.024,31.331,7.939,1.185,94.254,77.756
2026-07-11 20:50,48.818,31.438,7.943,1.185,94.162,77.742
2026-07-11 21:00,48.572,31.414,7.912,1.187,94.014,77.739
2026-07-11 21:10,48.342,31.39,7.852,1.189,93.783,77.744
2026-07-11 21:20,48.333,31.438,7.82,1.19,93.694,77.762
2026-07-11 21:30,48.694,31.442,7.893,1.191,93.908,77.782
2026-07-11 21:40,48.826,31.345,7.891,1.193,93.95,77.812
2026-07-11 21:50,48.913,31.432,7.944,1.19,94.058,77.839
2026-07-11 22:00,48.821,31.416,7.888,1.19,93.932,77.842
2026-07-11 22:10,48.764,31.503,7.841,1.188,93.813,77.782
2026-07-11 22:20,48.704,31.477,7.812,1.19,93.747,77.776
2026-07-11 22:30,48.909,31.414,7.852,1.19,93.959,77.786
2026-07-11 22:40,49.215,31.276,7.842,1.194,94.039,77.795
2026-07-11 22:50,49.441,31.328,7.882,1.193,94.101,77.807
2026-07-11 23:00,49.484,31.351,7.853,1.193,94.037,77.743
2026-07-11 23:10,49.337,31.326,7.781,1.195,93.853,77.746
2026-07-11 23:20,49.165,31.284,7.84,1.197,93.927,77.72
2026-07-11 23:30,49.153,31.33,7.877,1.197,93.983,77.746
2026-07-11 23:40,49.179,31.356,7.852,1.199,93.975,77.687
2026-07-11 23:50,49.211,31.34,7.841,1.203,93.999,77.669
2026-07-12 00:00,49.113,31.195,7.785,1.208,93.941,77.735
2026-07-12 00:10,49.112,31.129,7.828,1.209,94.068,77.768
2026-07-12 00:20,48.694,31.15,7.833,1.206,93.83,77.679
2026-07-12 00:30,48.78,31.125,7.778,1.207,93.768,77.679
2026-07-12 00:40,49.069,31.143,7.865,1.205,94.071,77.698
2026-07-12 00:50,49.119,31.269,7.881,1.205,94.084,77.696
2026-07-12 01:00,49.317,31.275,7.892,1.201,94.03,77.707
2026-07-12 01:10,49.413,31.332,7.922,1.201,94.112,77.715
2026-07-12 01:20,49.233,31.332,7.9,1.202,94.014,77.711
2026-07-12 01:30,48.817,31.383,7.871,1.198,93.83,77.702
2026-07-12 01:40,48.814,31.471,7.837,1.197,93.756,77.67
2026-07-12 01:50,48.837,31.417,7.813,1.195,93.692,77.672
2026-07-12 02:00,48.708,31.356,7.775,1.195,93.625,77.729
2026-07-12 02:10,48.576,31.271,7.752,1.195,93.493,77.718
2026-07-12 02:20,48.705,31.471,7.785,1.196,93.554,77.773
2026-07-12 02:30,48.748,31.438,7.837,1.2,93.723,77.839
2026-07-12 02:40,48.488,31.445,7.827,1.202,93.714,77.871
2026-07-12 02:50,48.088,31.549,7.791,1.2,93.488,77.81
2026-07-12 03:00,48.261,31.538,7.84,1.201,93.595,77.81
2026-07-12 03:10,48.222,31.52,7.791,1.198,93.52,77.809
2026-07-12 03:20,48.339,31.512,7.884,1.198,93.743,77.785
2026-07-12 03:30,48.316,31.509,7.965,1.195,93.845,77.813
2026-07-12 03:40,48.154,31.56,7.977,1.193,93.764,77.788
2026-07-12 03:50,48.142,31.612,8.019,1.191,93.85,77.792
2026-07-12 04:00,48.075,31.61,7.947,1.192,93.713,77.824
2026-07-12 04:10,47.91,31.669,7.9,1.191,93.609,77.851
2026-07-12 04:20,47.775,31.815,7.83,1.192,93.433,77.832
2026-07-12 04:30,47.617,31.789,7.845,1.187,93.39,77.783
2026-07-12 04:40,47.773,31.668,7.839,1.189,93.47,77.759
2026-07-12 04:50,47.797,31.459,7.798,1.192,93.471,77.81
2026-07-12 05:00,47.836,31.472,7.799,1.191,93.372,77.801
2026-07-12 05:10,47.694,31.403,7.776,1.191,93.253,77.787
2026-07-12 05:20,47.712,31.346,7.762,1.189,93.199,77.727
2026-07-12 05:30,47.768,31.304,7.772,1.192,93.232,77.785
2026-07-12 05:40,47.976,31.27,7.796,1.191,93.426,77.763
2026-07-12 05:50,48.013,31.354,7.809,1.192,93.375,77.758
2026-07-12 06:00,48.09,31.291,7.886,1.194,93.6,77.801
2026-07-12 06:10,48.038,31.219,7.901,1.192,93.689,77.76
2026-07-12 06:20,48.135,31.086,7.956,1.192,93.858,77.801
2026-07-12 06:30,47.934,31.186,7.903,1.198,93.723,77.803
2026-07-12 06:40,47.66,31.242,7.873,1.198,93.572,77.757
2026-07-12 06:50,47.491,31.282,7.813,1.198,93.385,77.757
2026-07-12 07:00,47.484,31.21,7.798,1.201,93.456,77.844
2026-07-12 07:10,47.644,31.217,7.865,1.203,93.706,77.883
2026-07-12 07:20,47.762,31.236,7.869,1.199,93.671,77.841
2026-07-12 07:30,47.571,31.31,7.79,1.203,93.45,77.834
2026-07-12 07:40,47.604,31.301,7.806,1.203,93.57,77.882
2026-07-12 07:50,47.511,31.348,7.768,1.202,93.459,77.867
2026-07-12 08:00,47.325,31.448,7.731,1.203,93.276,77.867
2026-07-12 08:10,47.239,31.528,7.702,1.202,93.162,77.818
2026-07-12 08:20,47.029,31.541,7.688,1.2,93.125,77.828
2026-07-12 08:30,47.065,31.53,7.681,1.204,93.162,77.86
2026-07-12 08:40,47.012,31.442,7.645,1.208,93.148,77.886
2026-07-12 08:50,46.879,31.504,7.629,1.21,92.996,77.847
2026-07-12 09:00,46.823,31.416,7.649,1.213,93.04,77.848
2026-07-12 09:10,46.796,31.409,7.627,1.212,93.03,77.826
2026-07-12 09:20,46.726,31.342,7.683,1.214,93.138,77.818
2026-07-12 09:30,46.656,31.226,7.633,1.212,92.963,77.839
2026-07-12 09:40,46.561,31.225,7.638,1.212,92.899,77.81
2026-07-12 09:50,46.682,31.145,7.696,1.209,93.083,77.857
2026-07-12 10:00,46.523,31.108,7.689,1.208,93.107,77.861
2026-07-12 10:10,46.322,31.203,7.679,1.203,92.952,77.805
2026-07-12 10:20,46.387,31.244,7.665,1.202,92.973,77.717
2026-07-12 10:30,46.664,31.223,7.694,1.2,93.056,77.727
2026-07-12 10:40,46.966,31.339,7.752,1.201,93.116,77.728
2026-07-12 10:50,47.249,31.34,7.78,1.202,93.214,77.792
2026-07-12 11:00,47.092,31.407,7.778,1.204,93.056,77.759
2026-07-12 11:10,47.061,31.47,7.777,1.202,92.994,77.709
2026-07-12 11:20,47.123,31.571,7.842,1.199,93.097,77.751
2026-07-12 11:30,47.181,31.46,7.867,1.2,93.223,77.789
2026-07-12 11:40,47.064,31.523,7.893,1.201,93.22,77.811
2026-07-12 11:50,46.976,31.551,7.879,1.199,93.24,77.829
2026-07-12 12:00,47.156,31.509,7.92,1.2,93.445,77.863
2026-07-12 12:10,47.239,31.507,7.912,1.2,93.506,77.838
2026-07-12 12:20,47.189,31.383,7.883,1.194,93.507,77.84
2026-07-12 12:30,47.283,31.523,7.866,1.195,93.513,77.86
2026-07-12 12:40,47.491,31.479,7.888,1.195,93.607,77.883
2026-07-12 12:50,47.419,31.599,7.924,1.193,93.586,77.877
2026-07-12 13:00,47.71,31.643,8.067,1.196,93.957,77.957
2026-07-12 13:10,47.59,31.58,8.026,1.194,93.834,77.9
2026-07-12 13:20,47.492,31.411,8.013,1.196,93.907,77.945
2026-07-12 13:30,47.596,31.435,7.986,1.194,93.899,77.927
2026-07-12 13:40,47.78,31.514,8.022,1.193,93.918,77.902
2026-07-12 13:50,47.514,31.376,7.978,1.195,93.812,77.875
2026-07-12 14:00,47.484,31.267,7.99,1.194,93.902,77.869
2026-07-12 14:10,47.677,31.197,8.018,1.194,94.014,77.846
2026-07-12 14:20,47.857,31.296,8.011,1.193,93.971,77.871
2026-07-12 14:30,47.891,31.297,8.066,1.194,94.101,77.842
2026-07-12 14:40,47.793,31.123,8.041,1.195,94.018,77.852
2026-07-12 14:50,47.839,30.975,7.962,1.194,93.974,77.836
2026-07-12 15:00,47.762,30.86,7.904,1.195,93.876,77.8
2026-07-12 15:10,47.972,30.746,7.924,1.197,94.037,77.829
2026-07-12 15:20,48.11,30.723,7.921,1.197,94.036,77.851
2026-07-12 15:30,47.968,30.7,7.859,1.199,93.801,77.793
2026-07-12 15:40,48.069,30.692,7.826,1.2,93.802,77.797
2026-07-12 15:50,47.996,30.805,7.819,1.201,93.712,77.822
2026-07-12 16:00,48.034,30.75,7.789,1.203,93.603,77.827
2026-07-12 16:10,48.29,30.729,7.876,1.207,93.858,77.843
2026-07-12 16:20,48.229,30.704,7.818,1.21,93.752,77.852
2026-07-12 16:30,47.903,30.703,7.803,1.21,93.656,77.868
2026-07-12 16:40,47.872,30.65,7.748,1.211,93.587,77.874
2026-07-12 16:50,48.109,30.72,7.756,1.206,93.554,77.874
2026-07-12 17:00,48.238,30.716,7.819,1.207,93.722,77.885
2026-07-12 17:10,48.161,30.774,7.801,1.208,93.63,77.885
2026-07-12 17:20,48.391,30.658,7.839,1.209,93.795,77.853
2026-07-12 17:30,48.294,30.621,7.86,1.211,93.829,77.89
2026-07-12 17:40,48.073,30.605,7.851,1.207,93.737,77.835
2026-07-12 17:50,48.332,30.558,7.891,1.206,93.95,77.831
2026-07-12 18:00,48.249,30.705,7.817,1.203,93.754,77.819
2026-07-12 18:10,48.161,30.842,7.749,1.2,93.604,77.79
2026-07-12 18:20,47.926,30.928,7.7,1.2,93.343,77.708
2026-07-12 18:30,47.842,30.947,7.651,1.2,93.211,77.704
2026-07-12 18:40,47.888,30.941,7.65,1.198,93.286,77.673
2026-07-12 18:50,48.151,30.996,7.744,1.201,93.619,77.733
2026-07-12 19:00,48.293,30.979,7.775,1.204,93.611,77.788
2026-07-12 19:10,48.449,30.795,7.811,1.204,93.699,77.746
2026-07-12 19:20,48.591,30.704,7.855,1.202,93.845,77.702
2026-07-12 19:30,48.436,30.632,7.836,1.203,93.903,77.743
2026-07-12 19:40,48.454,30.573,7.823,1.199,93.856,77.72
2026-07-12 19:50,48.347,30.619,7.811,1.199,93.805,77.709
2026-07-12 20:00,48.211,30.613,7.774,1.193,93.658,77.594
2026-07-12 20:10,48.083,30.602,7.736,1.191,93.601,77.548
2026-07-12 20:20,48.114,30.715,7.751,1.191,93.65,77.511
2026-07-12 20:30,48.2,30.838,7.69,1.191,93.522,77.479
2026-07-12 20:40,48.168,30.892,7.679,1.192,93.504,77.494
2026-07-12 20:50,48.228,30.953,7.642,1.193,93.398,77.496
2026-07-12 21:00,48.405,31.009,7.721,1.193,93.631,77.492
2026-07-12 21:10,48.524,31.066,7.717,1.191,93.67,77.506
2026-07-12 21:20,48.278,30.998,7.705,1.19,93.629,77.496
2026-07-12 21:30,48.449,31.056,7.7,1.193,93.649,77.537
2026-07-12 21:40,48.452,30.973,7.797,1.195,93.82,77.606
2026-07-12 21:50,48.366,31.077,7.746,1.193,93.629,77.598
2026-07-12 22:00,48.357,31.122,7.698,1.193,93.554,77.548
2026-07-12 22:10,48.251,31.175,7.678,1.191,93.458,77.506
2026-07-12 22:20,47.822,31.207,7.62,1.193,93.225,77.473
2026-07-12 22:30,47.738,31.168,7.616,1.193,93.298,77.468
2026-07-12 22:40,47.786,31.229,7.585,1.191,93.177,77.451
2026-07-12 22:50,47.728,31.258,7.653,1.191,93.208,77.507
2026-07-12 23:00,47.672,31.217,7.681,1.195,93.262,77.514
2026-07-12 23:10,47.588,31.158,7.643,1.192,93.123,77.505
2026-07-12 23:20,47.602,31.09,7.673,1.193,93.214,77.513
2026-07-12 23:30,47.414,31.2,7.7,1.196,93.233,77.563
2026-07-12 23:40,47.352,31.154,7.718,1.195,93.206,77.528
2026-07-12 23:50,47.308,31.067,7.768,1.195,93.321,77.546
2026-07-13 00:00,47.374,32.663,7.817,1.195,92.95,77.461
2026-07-13 00:10,47.275,32.707,7.752,1.196,92.735,77.491
2026-07-13 00:20,47.338,32.694,7.813,1.193,92.875,77.535
2026-07-13 00:30,47.32,32.612,7.776,1.196,92.767,77.552
2026-07-13 00:40,47.606,32.718,7.783,1.195,92.819,77.556
2026-07-13 00:50,47.724,32.736,7.759,1.196,92.825,77.54
2026-07-13 01:00,47.76,32.654,7.761,1.195,92.878,77.591
2026-07-13 01:10,47.571,32.649,7.737,1.193,92.779,77.604
2026-07-13 01:20,47.835,32.583,7.781,1.193,92.951,77.668
2026-07-13 01:30,47.729,32.539,7.75,1.19,92.937,77.675
2026-07-13 01:40,47.693,32.584,7.726,1.193,92.88,77.688
2026-07-13 01:50,47.619,32.583,7.7,1.195,92.802,77.727
2026-07-13 02:00,47.547,32.57,7.752,1.195,92.864,77.672
2026-07-13 02:10,47.481,32.522,7.74,1.193,92.899,77.658
2026-07-13 02:20,47.243,32.596,7.68,1.19,92.732,77.62
2026-07-13 02:30,47.04,32.618,7.663,1.192,92.706,77.598
2026-07-13 02:40,46.868,32.634,7.638,1.193,92.689,77.59
2026-07-13 02:50,46.663,32.65,7.596,1.189,92.464,77.494
2026-07-13 03:00,46.551,32.679,7.6,1.19,92.508,77.505
2026-07-13 03:10,46.409,32.759,7.577,1.191,92.322,77.493
2026-07-13 03:20,46.423,32.669,7.59,1.193,92.397,77.555
2026-07-13 03:30,46.606,32.534,7.652,1.193,92.498,77.583
2026-07-13 03:40,46.787,32.553,7.688,1.191,92.575,77.558
2026-07-13 03:50,46.856,32.564,7.695,1.188,92.532,77.546
2026-07-13 04:00,46.724,32.439,7.689,1.192,92.566,77.601
2026-07-13 04:10,46.681,32.508,7.642,1.196,92.493,77.572
2026-07-13 04:20,46.719,32.623,7.682,1.2,92.521,77.57
2026-07-13 04:30,46.652,32.702,7.646,1.199,92.331,77.5
2026-07-13 04:40,46.84,32.724,7.665,1.199,92.392,77.503
2026-07-13 04:50,46.98,32.628,7.699,1.197,92.501,77.511
2026-07-13 05:00,47.01,32.735,7.679,1.197,92.49,77.525
2026-07-13 05:10,46.862,32.863,7.647,1.195,92.34,77.513
2026-07-13 05:20,46.626,32.865,7.669,1.193,92.214,77.484
2026-07-13 05:30,46.593,32.966,7.702,1.193,92.294,77.526
2026-07-13 05:40,46.699,32.872,7.678,1.192,92.262,77.437
2026-07-13 05:50,46.532,32.883,7.599,1.189,92.078,77.435
2026-07-13 06:00,46.465,32.81,7.582,1.188,91.953,77.428
2026-07-13 06:10,46.333,32.72,7.563,1.191,91.939,77.485
2026-07-13 06:20,46.562,32.667,7.584,1.189,92.211,77.53
2026-07-13 06:30,46.627,32.707,7.612,1.193,92.294,77.59
2026-07-13 06:40,46.484,32.836,7.615,1.197,92.229,77.603
2026-07-13 06:50,46.564,32.722,7.638,1.196,92.312,77.591
2026-07-13 07:00,46.611,32.631,7.689,1.193,92.531,77.596
2026-07-13 07:10,46.742,32.738,7.728,1.192,92.693,77.586
2026-07-13 07:20,46.574,32.894,7.683,1.194,92.599,77.587
2026-07-13 07:30,46.822,32.948,7.698,1.193,92.672,77.583
2026-07-13 07:40,46.772,32.996,7.664,1.193,92.634,77.617
2026-07-13 07:50,47.074,33.044,7.639,1.192,92.582,77.635
2026-07-13 08:00,46.995,32.973,7.613,1.19,92.476,77.62
2026-07-13 08:10,47.07,33.033,7.596,1.189,92.462,77.647
2026-07-13 08:20,46.989,32.925,7.58,1.19,92.488,77.589
2026-07-13 08:30,46.826,32.934,7.569,1.192,92.466,77.626
2026-07-13 08:40,47.023,32.931,7.6,1.193,92.58,77.652
2026-07-13 08:50,47.144,32.853,7.631,1.193,92.619,77.66
2026-07-13 09:00,47.418,32.818,7.662,1.195,92.798,77.683
2026-07-13 09:10,47.406,32.773,7.653,1.192,92.864,77.701
2026-07-13 09:20,47.239,32.841,7.681,1.191,92.804,77.68
2026-07-13 09:30,47.268,32.798,7.71,1.19,92.788,77.658
2026-07-13 09:40,47.412,32.806,7.768,1.189,92.884,77.696
2026-07-13 09:50,47.539,32.84,7.811,1.188,92.91,77.74
2026-07-13 10:00,47.363,32.908,7.782,1.188,92.816,77.744
2026-07-13 10:10,47.398,32.894,7.766,1.186,92.695,77.714
2026-07-13 10:20,47.429,32.953,7.854,1.187,92.893,77.786
2026-07-13 10:30,47.466,33.007,7.879,1.188,92.949,77.736
2026-07-13 10:40,47.575,32.995,7.871,1.187,92.957,77.74
2026-07-13 10:50,47.395,32.945,7.855,1.189,92.942,77.739
2026-07-13 11:00,47.154,32.943,7.865,1.189,92.928,77.759
2026-07-13 11:10,47.092,32.923,7.85,1.186,92.873,77.733
2026-07-13 11:20,47.112,32.881,7.834,1.187,92.828,77.68
2026-07-13 11:30,46.732,32.882,7.765,1.187,92.516,77.667
2026-07-13 11:40,46.627,32.792,7.726,1.188,92.498,77.68
2026-07-13 11:50,46.782,32.88,7.763,1.186,92.652,77.652
2026-07-13 12:00,46.798,32.934,7.79,1.19,92.743,77.699
2026-07-13 12:10,46.874,32.984,7.828,1.189,92.773,77.68
2026-07-13 12:20,46.964,32.849,7.826,1.192,92.836,77.753
2026-07-13 12:30,46.994,32.794,7.797,1.193,92.793,77.687
2026-07-13 12:40,47.026,32.898,7.803,1.194,92.704,77.651
2026-07-13 12:50,47.093,32.898,7.794,1.195,92.736,77.674
2026-07-13 13:00,46.932,32.672,7.774,1.196,92.783,77.731
2026-07-13 13:10,47.078,32.695,7.742,1.195,92.762,77.702
2026-07-13 13:20,46.851,32.558,7.724,1.194,92.661,77.627
2026-07-13 13:30,46.874,32.627,7.678,1.194,92.571,77.673
2026-07-13 13:40,46.969,32.592,7.707,1.194,92.629,77.668
2026-07-13 13:50,47.124,32.493,7.739,1.194,92.728,77.657
2026-07-13 14:00,46.932,32.403,7.702,1.198,92.602,77.699
2026-07-13 14:10,47.255,32.426,7.731,1.199,92.719,77.702
2026-07-13 14:20,47.311,32.36,7.73,1.199,92.707,77.672
2026-07-13 14:30,47.347,32.276,7.748,1.201,92.894,77.731
2026-07-13 14:40,47.416,32.321,7.763,1.198,92.93,77.692
2026-07-13 14:50,47.484,32.395,7.775,1.199,93.039,77.673
2026-07-13 15:00,47.525,32.398,7.783,1.196,92.996,77.627
2026-07-13 15:10,47.667,32.348,7.777,1.197,93.067,77.666
2026-07-13 15:20,47.614,32.376,7.733,1.196,92.938,77.654
2026-07-13 15:30,47.708,32.411,7.704,1.196,92.91,77.659
2026-07-13 15:40,47.72,32.58,7.727,1.196,92.943,77.645
2026-07-13 15:50,47.822,32.619,7.748,1.199,92.938,77.657
2026-07-13 16:00,47.864,32.641,7.751,1.2,92.889,77.688
2026-07-13 16:10,47.696,32.732,7.778,1.202,92.857,77.639
2026-07-13 16:20,47.797,32.738,7.77,1.2,92.876,77.655
2026-07-13 16:30,47.665,32.629,7.743,1.201,92.774,77.638
2026-07-13 16:40,47.566,32.69,7.775,1.199,92.892,77.592
2026-07-13 16:50,47.444,32.619,7.743,1.196,92.87,77.553
2026-07-13 17:00,47.464,32.682,7.75,1.19,92.783,77.522
2026-07-13 17:10,47.5,32.471,7.748,1.189,92.856,77.559
2026-07-13 17:20,47.311,32.57,7.768,1.19,92.762,77.562
2026-07-13 17:30,47.211,32.513,7.783,1.19,92.796,77.54
2026-07-13 17:40,47.144,32.412,7.764,1.19,92.806,77.559
2026-07-13 17:50,47.319,32.422,7.768,1.193,92.802,77.587
2026-07-13 18:00,47.437,32.457,7.776,1.195,92.899,77.616
2026-07-13 18:10,47.157,32.425,7.821,1.196,92.919,77.682
2026-07-13 18:20,47.194,32.412,7.84,1.197,92.953,77.647
2026-07-13 18:30,47.606,32.36,7.917,1.194,93.196,77.692
2026-07-13 18:40,47.642,32.473,7.951,1.197,93.296,77.706
2026-07-13 18:50,47.563,32.477,7.962,1.202,93.317,77.803
2026-07-13 19:00,47.658,32.482,7.942,1.199,93.328,77.774
2026-07-13 19:10,47.907,32.464,7.957,1.201,93.377,77.816
2026-07-13 19:20,47.925,32.505,7.964,1.201,93.399,77.834
2026-07-13 19:30,47.97,32.558,7.943,1.199,93.385,77.792
2026-07-13 19:40,48.202,32.454,7.944,1.199,93.447,77.825
2026-07-13 19:50,48.017,32.469,7.947,1.198,93.477,77.851
2026-07-13 20:00,48.155,32.476,7.911,1.201,93.442,77.846
2026-07-13 20:10,48.226,32.507,7.902,1.201,93.402,77.859
2026-07-13 20:20,48.322,32.318,7.9,1.202,93.584,77.885
2026-07-13 20:30,48.096,32.202,7.859,1.203,93.491,77.861
2026-07-13 20:40,48.162,32.235,7.869,1.204,93.525,77.908
2026-07-13 20:50,47.946,32.285,7.832,1.207,93.338,77.916
2026-07-13 21:00,47.737,32.253,7.863,1.207,93.387,77.923
2026-07-13 21:10,47.527,32.185,7.843,1.208,93.347,77.888
2026-07-13 21:20,47.271,32.038,7.844,1.205,93.38,77.889
2026-07-13 21:30,46.975,32.168,7.734,1.206,93.086,77.879
2026-07-13 21:40,47.144,32.235,7.821,1.204,93.196,77.919
2026-07-13 21:50,47.041,32.185,7.805,1.206,93.141,77.885
2026-07-13 22:00,46.992,32.258,7.824,1.208,93.228,77.85
2026-07-13 22:10,46.865,32.234,7.828,1.211,93.316,77.906
2026-07-13 22:20,46.819,32.247,7.83,1.209,93.329,77.886
2026-07-13 22:30,46.737,32.206,7.843,1.207,93.319,77.896
2026-07-13 22:40,46.767,32.153,7.8,1.203,93.211,77.816
2026-07-13 22:50,47.065,32.167,7.811,1.206,93.35,77.837
2026-07-13 23:00,47.09,32.081,7.757,1.21,93.284,77.829
2026-07-13 23:10,46.822,32.085,7.678,1.208,92.98,77.785
2026-07-13 23:20,46.927,31.987,7.669,1.204,92.978,77.732
2026-07-13 23:30,47.188,31.924,7.667,1.206,93.095,77.726
2026-07-13 23:40,46.964,31.937,7.639,1.209,92.931,77.686
2026-07-13 23:50,47.124,32.004,7.619,1.209,92.814,77.653
2026-07-14 00:00,46.883,32.117,7.568,1.206,92.538,77.662
2026-07-14 00:10,46.83,32.225,7.576,1.205,92.564,77.678
2026-07-14 00:20,46.709,32.353,7.552,1.204,92.533,77.659
2026-07-14 00:30,46.622,32.421,7.506,1.204,92.419,77.646
2026-07-14 00:40,46.477,32.521,7.544,1.206,92.429,77.616
2026-07-14 00:50,46.562,32.514,7.623,1.211,92.534,77.694
2026-07-14 01:00,46.615,32.527,7.624,1.209,92.636,77.726
2026-07-14 01:10,46.513,32.364,7.604,1.207,92.589,77.684
2026-07-14 01:20,46.617,32.452,7.581,1.203,92.603,77.66
2026-07-14 01:30,46.785,32.509,7.653,1.204,92.791,77.731
2026-07-14 01:40,46.908,32.525,7.713,1.201,92.876,77.713
2026-07-14 01:50,46.833,32.475,7.715,1.202,92.927,77.755
2026-07-14 02:00,46.844,32.356,7.717,1.204,92.961,77.767
2026-07-14 02:10,46.632,32.208,7.679,1.209,92.884,77.745
2026-07-14 02:20,46.61,32.193,7.651,1.204,92.8,77.694
2026-07-14 02:30,46.615,32.182,7.613,1.204,92.73,77.714
2026-07-14 02:40,46.677,32.139,7.572,1.201,92.696,77.668
2026-07-14 02:50,46.838,32.174,7.58,1.2,92.808,77.731
2026-07-14 03:00,46.829,32.185,7.562,1.199,92.709,77.766
2026-07-14 03:10,46.891,32.142,7.598,1.199,92.869,77.751
2026-07-14 03:20,46.8,32.048,7.622,1.2,92.926,77.799
2026-07-14 03:30,46.968,32.159,7.65,1.198,92.958,77.799
2026-07-14 03:40,46.865,31.927,7.638,1.199,92.996,77.829
2026-07-14 03:50,47.095,31.956,7.63,1.195,92.938,77.785
2026-07-14 04:00,47.15,32.092,7.657,1.197,92.953,77.759
2026-07-14 04:10,47.047,32.158,7.656,1.198,92.901,77.77
2026-07-14 04:20,46.982,32.189,7.648,1.198,92.937,77.751
2026-07-14 04:30,46.883,32.252,7.581,1.199,92.789,77.755
2026-07-14 04:40,47.11,32.316,7.601,1.199,92.799,77.784
2026-07-14 04:50,47.198,32.15,7.641,1.198,92.941,77.733
2026-07-14 05:00,47.539,32.092,7.643,1.202,93.032,77.74
2026-07-14 05:10,47.675,32.26,7.661,1.208,93.132,77.813
2026-07-14 05:20,47.548,32.248,7.663,1.209,93.135,77.877
2026-07-14 05:30,47.695,32.166,7.661,1.209,93.198,77.894
2026-07-14 05:40,47.664,32.299,7.642,1.209,93.178,77.888
2026-07-14 05:50,47.551,32.281,7.649,1.21,93.188,77.906
2026-07-14 06:00,47.647,32.229,7.661,1.211,93.31,77.943
2026-07-14 06:10,47.927,32.32,7.696,1.211,93.4,77.956
2026-07-14 06:20,48.131,32.492,7.759,1.21,93.526,77.988
2026-07-14 06:30,48.094,32.465,7.755,1.205,93.421,77.95
2026-07-14 06:40,48.264,32.548,7.751,1.206,93.472,77.971
2026-07-14 06:50,48.248,32.645,7.75,1.204,93.388,77.874
2026-07-14 07:00,48.183,32.69,7.77,1.203,93.413,77.858
2026-07-14 07:10,48.345,32.755,7.781,1.203,93.458,77.794
2026-07-14 07:20,48.447,32.685,7.83,1.202,93.602,77.789
2026-07-14 07:30,48.454,32.675,7.817,1.201,93.601,77.821
2026-07-14 07:40,48.652,32.583,7.866,1.201,93.788,77.868
2026-07-14 07:50,48.667,32.618,7.834,1.2,93.703,77.897
2026-07-14 08:00,48.897,32.552,7.874,1.199,93.788,77.946
2026-07-14 08:10,49.028,32.616,7.955,1.203,93.912,78.004
2026-07-14 08:20,49.007,32.549,7.895,1.203,93.744,77.956
2026-07-14 08:30,48.962,32.477,7.887,1.202,93.755,77.926
2026-07-14 08:40,49.025,32.574,7.907,1.201,93.692,77.9
2026-07-14 08:50,48.813,32.633,7.875,1.203,93.587,77.916
2026-07-14 09:00,48.916,32.644,7.896,1.206,93.642,77.9
2026-07-14 09:10,48.721,32.537,7.86,1.204,93.505,77.851
2026-07-14 09:20,48.68,32.505,7.859,1.206,93.555,77.869
2026-07-14 09:30,48.75,32.609,7.894,1.204,93.569,77.884
2026-07-14 09:40,48.755,32.784,7.931,1.205,93.539,77.91
2026-07-14 09:50,48.764,32.883,7.937,1.204,93.524,77.889
2026-07-14 10:00,48.293,32.903,7.851,1.205,93.259,77.863
2026-07-14 10:10,48.174,32.86,7.798,1.203,93.063,77.832
2026-07-14 10:20,48.365,32.886,7.834,1.204,93.186,77.8
2026-07-14 10:30,48.477,32.872,7.844,1.201,93.174,77.768
2026-07-14 10:40,48.408,32.937,7.854,1.197,93.178,77.733
2026-07-14 10:50,48.6,32.851,7.868,1.197,93.362,77.786
2026-07-14 11:00,48.796,32.882,7.904,1.195,93.449,77.704
2026-07-14 11:10,49.004,32.853,7.905,1.194,93.488,77.723
2026-07-14 11:20,48.788,32.863,7.877,1.196,93.469,77.75
2026-07-14 11:30,48.809,32.994,7.863,1.198,93.419,77.743
2026-07-14 11:40,48.887,32.963,7.893,1.197,93.48,77.753
2026-07-14 11:50,48.85,32.997,7.902,1.197,93.419,77.695
2026-07-14 12:00,48.857,32.921,7.861,1.197,93.337,77.703
2026-07-14 12:10,49.032,32.959,7.861,1.197,93.371,77.732
2026-07-14 12:20,48.963,32.968,7.753,1.197,93.18,77.757
2026-07-14 12:30,49.021,32.891,7.774,1.195,93.221,77.789
2026-07-14 12:40,48.832,32.899,7.702,1.197,93.075,77.78
2026-07-14 12:50,48.907,32.801,7.697,1.195,93.173,77.77
2026-07-14 13:00,48.805,32.901,7.673,1.196,93.052,77.75
2026-07-14 13:10,49.085,32.807,7.642,1.197,93.113,77.718
2026-07-14 13:20,48.973,32.663,7.656,1.197,93.177,77.658
2026-07-14 13:30,48.867,32.621,7.656,1.198,93.116,77.665
2026-07-14 13:40,48.956,32.643,7.68,1.199,93.189,77.701
2026-07-14 13:50,49.15,32.503,7.669,1.196,93.244,77.701
2026-07-14 14:00,49.158,32.443,7.657,1.196,93.334,77.599
2026-07-14 14:10,49.416,32.345,7.666,1.196,93.471,77.645
2026-07-14 14:20,49.537,32.229,7.699,1.197,93.615,77.677
2026-07-14 14:30,49.071,32.315,7.645,1.197,93.313,77.656
2026-07-14 14:40,49.275,32.314,7.738,1.198,93.572,77.699
2026-07-14 14:50,49.059,32.357,7.782,1.196,93.667,77.712
2026-07-14 15:00,49.1,32.414,7.826,1.198,93.729,77.71
2026-07-14 15:10,49.042,32.372,7.778,1.2,93.671,77.693
2026-07-14 15:20,49.161,32.375,7.761,1.198,93.612,77.704
2026-07-14 15:30,49.2,32.378,7.789,1.202,93.787,77.734
2026-07-14 15:40,49.182,32.343,7.769,1.203,93.789,77.734
2026-07-14 15:50,49.221,32.404,7.821,1.203,93.885,77.784
2026-07-14 16:00,49.347,32.345,7.824,1.205,94.005,77.795
2026-07-14 16:10,49.432,32.304,7.803,1.206,93.94,77.754
2026-07-14 16:20,49.349,32.359,7.782,1.206,93.876,77.742
2026-07-14 16:30,49.604,32.331,7.834,1.206,94.122,77.804
2026-07-14 16:40,49.399,32.394,7.807,1.204,93.916,77.818
2026-07-14 16:50,49.388,32.477,7.852,1.203,93.948,77.765
2026-07-14 17:00,49.006,32.48,7.808,1.201,93.671,77.684
2026-07-14 17:10,48.901,32.553,7.789,1.199,93.514,77.649
2026-07-14 17:20,48.96,32.595,7.759,1.199,93.392,77.639
2026-07-14 17:30,49.062,32.432,7.756,1.198,93.487,77.677
2026-07-14 17:40,48.977,32.353,7.73,1.2,93.454,77.707
2026-07-14 17:50,48.828,32.361,7.709,1.199,93.393,77.734
2026-07-14 18:00,49.315,32.534,7.787,1.199,93.582,77.683
2026-07-14 18:10,49.418,32.692,7.781,1.199,93.574,77.665
2026-07-14 18:20,49.419,32.685,7.75,1.199,93.59,77.685
2026-07-14 18:30,49.365,32.715,7.735,1.201,93.643,77.71
2026-07-14 18:40,49.523,32.658,7.757,1.201,93.718,77.716
2026-07-14 18:50,49.75,32.779,7.827,1.2,93.866,77.782
2026-07-14 19:00,49.873,32.771,7.803,1.199,93.773,77.695
2026-07-14 19:10,50.018,32.673,7.831,1.203,93.88,77.726
2026-07-14 19:20,49.828,32.587,7.788,1.204,93.715,77.703
2026-07-14 19:30,49.966,32.544,7.819,1.203,93.673,77.701
2026-07-14 19:40,50.108,32.603,7.855,1.202,93.731,77.737
2026-07-14 19:50,50.001,32.561,7.876,1.198,93.697,77.717
2026-07-14 20:00,50.029,32.626,7.908,1.198,93.71,77.697
2026-07-14 20:10,49.861,32.633,7.892,1.197,93.629,77.699
2026-07-14 20:20,49.557,32.533,7.856,1.199,93.486,77.703
2026-07-14 20:30,49.5,32.497,7.842,1.198,93.525,77.694
2026-07-14 20:40,49.173,32.491,7.78,1.198,93.315,77.661
2026-07-14 20:50,49.325,32.524,7.809,1.198,93.373,77.68
2026-07-14 21:00,49.444,32.622,7.813,1.199,93.381,77.7
2026-07-14 21:10,49.578,32.709,7.879,1.199,93.539,77.715
2026-07-14 21:20,49.51,32.656,7.867,1.199,95.12,77.723
2026-07-14 21:30,49.372,32.696,7.872,1.199,95.12,77.742
2026-07-14 21:40,49.421,32.656,7.89,1.195,95.12,77.695
2026-07-14 21:50,49.614,32.512,7.914,1.197,95.12,77.705
2026-07-14 22:00,49.766,32.602,7.925,1.198,95.12,77.72
2026-07-14 22:10,49.897,32.729,7.926,1.202,95.12,77.74
2026-07-14 22:20,49.825,32.668,7.911,1.201,95.12,77.762
2026-07-14 22:30,49.797,32.535,7.946,1.202,95.12,77.786
2026-07-14 22:40,49.731,32.656,7.954,1.2,95.12,77.798
2026-07-14 22:50,49.732,32.812,7.992,1.198,95.12,77.828
2026-07-14 23:00,49.781,32.786,7.951,1.2,95.12,77.809
2026-07-14 23:10,49.973,32.793,8.002,1.199,95.12,77.752
2026-07-14 23:20,49.972,32.808,8.01,1.196,95.12,77.716
2026-07-14 23:30,50.06,32.604,8.013,1.197,95.12,77.736
2026-07-14 23:40,50.216,32.592,7.982,1.196,95.12,77.717
2026-07-14 23:50,50.272,32.683,8.045,1.193,95.12,77.748
2026-07-15 00:00,50.1,32.498,7.998,1.194,95.12,77.743
2026-07-15 00:10,49.996,32.626,7.973,1.196,95.12,77.723
2026-07-15 00:20,50.124,32.607,7.945,1.197,95.12,77.738
2026-07-15 00:30,50.102,32.556,7.974,1.196,95.12,77.727
2026-07-15 00:40,50.17,32.557,8.013,1.194,95.12,77.735
2026-07-15 00:50,50.373,32.56,8.008,1.193,95.12,77.757
2026-07-15 01:00,50.555,32.483,7.995,1.196,95.12,77.78
2026-07-15 01:10,50.603,32.43,7.985,1.195,95.12,77.812
2026-07-15 01:20,50.717,32.523,8.02,1.195,95.12,77.788
2026-07-15 01:30,51.175,32.605,8.13,1.195,95.12,77.85
2026-07-15 01:40,51.036,32.609,8.121,1.193,95.12,77.802
2026-07-15 01:50,50.874,32.649,8.098,1.194,95.12,77.776
2026-07-15 02:00,51.038,32.544,8.14,1.194,95.12,77.796
2026-07-15 02:10,50.812,32.429,8.099,1.196,95.12,77.791
2026-07-15 02:20,50.69,32.418,8.117,1.194,95.12,77.729
2026-07-15 02:30,50.714,32.329,8.161,1.195,95.12,77.753
2026-07-15 02:40,50.64,32.29,8.099,1.192,95.12,77.651
2026-07-15 02:50,50.379,32.298,8.072,1.194,95.12,77.703
2026-07-15 03:00,50.524,32.295,8.112,1.194,95.12,77.743
2026-07-15 03:10,50.506,32.399,8.066,1.194,95.12,77.747
2026-07-15 03:20,50.448,32.326,8.062,1.193,95.12,77.811
2026-07-15 03:30,50.51,32.352,8.073,1.192,95.12,77.8
2026-07-15 03:40,50.32,32.553,8.036,1.197,95.12,77.761
2026-07-15 03:50,50.448,32.463,8.016,1.199,95.12,77.807
2026-07-15 04:00,50.29,32.489,7.935,1.2,95.12,77.78
2026-07-15 04:10,50.045,32.468,7.921,1.203,95.12,77.776
2026-07-15 04:20,49.992,32.534,7.887,1.208,95.12,77.778
2026-07-15 04:30,50.039,32.578,7.902,1.21,95.12,77.792
2026-07-15 04:40,50.23,32.571,7.91,1.211,95.12,77.786
2026-07-15 04:50,50.153,32.519,7.854,1.208,95.12,77.757
2026-07-15 05:00,50.197,32.455,7.838,1.209,95.12,77.732
2026-07-15 05:10,50.323,32.546,7.861,1.207,95.12,77.759
2026-07-15 05:20,50.353,32.506,7.854,1.205,95.12,77.765
2026-07-15 05:30,50.498,32.463,7.853,1.204,95.12,77.756
2026-07-15 05:40,50.574,32.545,7.889,1.206,95.12,77.766
2026-07-15 05:50,50.789,32.548,7.887,1.204,95.12,77.794
2026-07-15 06:00,50.865,32.57,7.929,1.205,95.12,77.783
2026-07-15 06:10,51.105,32.556,7.939,1.203,95.12,77.811
2026-07-15 06:20,51.14,32.412,7.975,1.202,95.12,77.784
2026-07-15 06:30,51.086,32.423,8.01,1.202,95.12,77.771
2026-07-15 06:40,51.145,32.417,8.053,1.205,95.12,77.793
2026-07-15 06:50,50.975,32.495,8.027,1.206,95.12,77.79
2026-07-15 07:00,50.958,32.39,8.021,1.208,95.12,77.766
2026-07-15 07:10,50.913,32.345,8.045,1.206,95.12,77.779
2026-07-15 07:20,50.696,32.528,7.984,1.207,95.12,77.778
2026-07-15 07:30,50.671,32.387,7.947,1.206,95.12,77.785
2026-07-15 07:40,50.418,32.423,7.866,1.208,95.12,77.74
2026-07-15 07:50,50.376,32.456,7.863,1.209,95.12,77.785
2026-07-15 08:00,50.493,32.622,7.851,1.21,95.12,77.803
2026-07-15 08:10,50.52,32.646,7.887,1.21,95.12,77.8
2026-07-15 08:20,50.679,32.739,7.873,1.211,95.12,77.839
2026-07-15 08:30,50.643,32.649,7.883,1.21,95.12,77.823
2026-07-15 08:40,50.563,32.663,7.892,1.212,95.12,77.852
2026-07-15 08:50,50.326,32.607,7.806,1.21,95.12,77.794
2026-07-15 09:00,50.404,32.553,7.863,1.209,95.12,77.842
2026-07-15 09:10,50.481,32.613,7.886,1.21,95.12,77.849
2026-07-15 09:20,50.453,32.605,7.881,1.212,95.12,77.774
2026-07-15 09:30,50.504,32.577,7.948,1.209,95.12,77.806
2026-07-15 09:40,50.517,32.516,7.916,1.209,95.12,77.784
2026-07-15 09:50,50.779,32.591,7.994,1.209,95.12,77.773
2026-07-15 10:00,50.83,32.653,7.978,1.208,95.12,77.763
2026-07-15 10:10,51.024,32.691,7.977,1.209,95.12,77.746
2026-07-15 10:20,51.145,32.615,8.028,1.207,95.12,77.768
2026-07-15 10:30,51.245,32.658,8.05,1.207,95.12,77.813
2026-07-15 10:40,51.138,32.755,8.037,1.206,95.12,77.794
2026-07-15 10:50,50.727,32.717,8.006,1.208,95.12,77.754
2026-07-15 11:00,50.448,32.628,7.972,1.209,95.12,77.768
2026-07-15 11:10,50.545,32.636,7.968,1.212,95.12,77.775
2026-07-15 11:20,50.571,32.641,7.98,1.213,95.12,77.838
2026-07-15 11:30,50.573,32.504,8.001,1.214,95.12,77.906
2026-07-15 11:40,50.585,32.739,8.026,1.215,95.12,77.927
2026-07-15 11:50,50.762,32.784,8.094,1.213,95.12,77.918
2026-07-15 12:00,50.772,32.787,8.153,1.216,95.12,77.989
2026-07-15 12:10,50.666,32.74,8.154,1.213,95.12,77.988
2026-07-15 12:20,50.797,32.802,8.151,1.211,95.12,78.0
2026-07-15 12:30,50.637,32.746,8.144,1.211,95.12,78.012
2026-07-15 12:40,50.838,32.629,8.149,1.208,95.12,77.976
2026-07-15 12:50,50.929,32.615,8.159,1.208,95.12,77.974
2026-07-15 13:00,50.894,32.603,8.161,1.207,95.12,77.933
2026-07-15 13:10,50.811,32.595,8.183,1.204,95.12,77.923
2026-07-15 13:20,50.825,32.521,8.178,1.2,95.12,77.89
2026-07-15 13:30,50.669,32.316,8.175,1.197,95.12,77.859
2026-07-15 13:40,50.828,32.446,8.17,1.2,95.12,77.916
2026-07-15 13:50,50.604,32.475,8.112,1.203,95.12,77.943
2026-07-15 14:00,50.521,32.463,8.121,1.203,95.12,77.933
2026-07-15 14:10,50.586,32.595,8.184,1.2,95.12,77.931
2026-07-15 14:20,50.466,32.757,8.152,1.2,95.12,77.967
2026-07-15 14:30,50.545,32.772,8.125,1.201,95.12,77.927
2026-07-15 14:40,50.819,32.871,8.193,1.206,95.12,77.992
2026-07-15 14:50,50.627,32.89,8.159,1.202,95.12,78.009
2026-07-15 15:00,50.437,32.936,8.11,1.201,95.12,77.938
2026-07-15 15:10,50.374,32.879,8.109,1.201,95.12,77.921
2026-07-15 15:20,50.378,32.927,8.159,1.196,95.12,77.88
2026-07-15 15:30,50.523,32.97,8.12,1.194,95.12,77.847
2026-07-15 15:40,50.398,32.916,8.107,1.195,95.12,77.921
2026-07-15 15:50,50.36,32.886,8.091,1.196,95.12,77.842
2026-07-15 16:00,50.328,32.801,8.068,1.194,95.12,77.814
2026-07-15 16:10,50.343,32.856,8.095,1.193,95.12,77.79
2026-07-15 16:20,50.553,32.97,8.147,1.193,95.12,77.828
2026-07-15 16:30,50.47,32.913,8.18,1.192,95.12,77.861
2026-07-15 16:40,50.605,32.803,8.146,1.192,95.12,77.917
2026-07-15 16:50,50.644,32.703,8.099,1.19,95.12,77.895
2026-07-15 17:00,50.678,32.636,8.098,1.188,95.12,77.928
2026-07-15 17:10,50.723,32.7,8.07,1.19,95.12,77.918
2026-07-15 17:20,50.655,32.554,8.07,1.192,95.12,77.957
2026-07-15 17:30,50.911,32.496,8.017,1.19,95.12,78.001
2026-07-15 17:40,50.887,32.509,8.002,1.191,95.12,78.004
2026-07-15 17:50,50.768,32.64,8.033,1.191,95.12,77.975
2026-07-15 18:00,50.898,32.654,8.07,1.192,95.12,77.964
2026-07-15 18:10,50.938,32.611,8.069,1.197,95.12,77.963
2026-07-15 18:20,50.926,32.528,8.135,1.197,95.12,77.997
2026-07-15 18:30,50.683,32.649,8.092,1.193,95.12,77.966
2026-07-15 18:40,50.667,32.59,8.037,1.194,95.12,77.959
2026-07-15 18:50,50.648,32.66,8.054,1.195,95.12,77.906
2026-07-15 19:00,50.445,32.523,8.013,1.196,95.12,77.899
2026-07-15 19:10,50.417,32.437,8.049,1.198,95.12,77.97
2026-07-15 19:20,50.355,32.459,8.049,1.199,95.12,77.963
2026-07-15 19:30,50.43,32.4,8.076,1.202,95.12,78.04
2026-07-15 19:40,50.165,32.369,8.023,1.201,95.12,78.015
2026-07-15 19:50,50.012,32.293,7.941,1.199,95.12,77.937
2026-07-15 20:00,49.928,32.441,7.89,1.198,95.12,77.934
2026-07-15 20:10,50.122,32.347,7.981,1.2,95.12,77.99
2026-07-15 20:20,50.213,32.329,8.023,1.203,95.12,77.996
2026-07-15 20:30,50.338,32.434,8.106,1.204,95.12,78.035
2026-07-15 20:40,50.54,32.466,8.128,1.204,95.12,78.052
2026-07-15 20:50,50.852,32.462,8.197,1.202,95.12,78.066
2026-07-15 21:00,51.039,32.55,8.183,1.205,95.12,78.063
2026-07-15 21:10,51.226,32.478,8.175,1.2,95.12,78.036
2026-07-15 21:20,51.017,32.477,8.172,1.196,95.12,77.99
2026-07-15 21:30,51.123,32.561,8.139,1.196,95.12,77.95
2026-07-15 21:40,51.28,32.681,8.176,1.195,95.12,77.899
2026-07-15 21:50,51.056,32.604,8.137,1.197,95.12,77.902
2026-07-15 22:00,50.98,32.627,8.1,1.196,95.12,77.863
2026-07-15 22:10,51.177,32.723,8.183,1.195,95.12,77.932
2026-07-15 22:20,51.441,32.574,8.218,1.196,95.12,77.996
2026-07-15 22:30,51.682,32.791,8.278,1.195,95.12,78.003
2026-07-15 22:40,51.827,32.606,8.248,1.192,95.12,78.021
2026-07-15 22:50,51.985,32.673,8.271,1.192,95.12,77.986
2026-07-15 23:00,51.888,32.68,8.258,1.191,95.12,77.993
2026-07-15 23:10,51.965,32.651,8.23,1.188,95.12,77.989
2026-07-15 23:20,51.825,32.721,8.173,1.191,95.12,77.959
2026-07-15 23:30,51.631,32.651,8.179,1.192,95.12,77.961
2026-07-15 23:40,51.903,32.651,8.184,1.189,95.12,77.976
2026-07-15 23:50,51.655,32.613,8.14,1.19,95.12,77.9
2026-07-16 00:00,51.537,29.239,8.119,1.192,95.12,78.105
2026-07-16 00:10,51.69,29.219,8.144,1.195,95.12,78.189
2026-07-16 00:20,51.594,29.218,8.158,1.196,95.12,78.205
2026-07-16 00:30,51.556,29.119,8.111,1.193,95.12,78.201
2026-07-16 00:40,51.769,29.153,8.172,1.192,95.12,78.213
2026-07-16 00:50,52.021,29.061,8.213,1.192,95.12,78.245
2026-07-16 01:00,52.126,29.037,8.222,1.192,95.12,78.258
2026-07-16 01:10,52.079,28.96,8.153,1.194,95.12,78.217
2026-07-16 01:20,52.123,29.041,8.122,1.195,95.12,78.208
2026-07-16 01:30,52.18,28.977,8.107,1.198,95.12,78.246
2026-07-16 01:40,52.278,28.889,8.125,1.201,95.12,78.275
2026-07-16 01:50,52.181,28.884,8.103,1.203,95.12,78.295
2026-07-16 02:00,51.933,28.873,8.138,1.201,95.12,78.27
2026-07-16 02:10,51.971,28.904,8.158,1.202,95.12,78.268
2026-07-16 02:20,51.812,28.851,8.157,1.203,95.12,78.293
2026-07-16 02:30,51.787,28.875,8.132,1.204,95.12,78.269
2026-07-16 02:40,51.99,29.016,8.151,1.204,95.12,78.248
2026-07-16 02:50,51.831,29.112,8.114,1.204,95.12,78.17
2026-07-16 03:00,51.97,29.055,8.093,1.206,95.12,78.197
2026-07-16 03:10,51.822,29.01,8.068,1.207,95.12,78.195
2026-07-16 03:20,51.762,29.085,8.059,1.209,95.12,78.219
2026-07-16 03:30,51.7,29.091,8.063,1.209,95.12,78.289
2026-07-16 03:40,51.885,29.141,8.1,1.209,95.12,78.305
2026-07-16 03:50,51.805,29.021,8.065,1.211,95.12,78.3
2026-07-16 04:00,51.735,28.92,8.02,1.214,95.12,78.31
2026-07-16 04:10,51.777,29.104,8.016,1.219,95.12,78.387
2026-07-16 04:20,51.744,29.133,8.036,1.22,95.12,78.396
2026-07-16 04:30,51.953,29.12,8.107,1.219,95.12,78.465
2026-07-16 04:40,52.072,29.097,8.135,1.222,95.12,78.528
2026-07-16 04:50,52.113,29.211,8.207,1.218,95.12,78.571
2026-07-16 05:00,52.125,29.036,8.201,1.214,95.12,78.566
2026-07-16 05:10,52.017,28.904,8.189,1.212,95.12,78.486
2026-07-16 05:20,52.421,28.836,8.253,1.211,95.12,78.519
2026-07-16 05:30,52.47,28.75,8.178,1.208,95.12,78.455
2026-07-16 05:40,52.487,28.684,8.148,1.208,95.12,78.471
2026-07-16 05:50,52.175,28.657,8.128,1.208,95.12,78.459
2026-07-16 06:00,52.119,28.718,8.095,1.204,95.12,78.45
2026-07-16 06:10,52.376,28.869,8.179,1.206,95.12,78.44
2026-07-16 06:20,52.154,28.972,8.199,1.205,95.12,78.443
2026-07-16 06:30,52.336,28.815,8.213,1.201,95.12,78.409
2026-07-16 06:40,52.38,28.766,8.169,1.201,95.12,78.43
2026-07-16 06:50,52.377,28.765,8.166,1.2,95.12,78.374
2026-07-16 07:00,52.459,28.814,8.179,1.201,95.12,78.353
2026-07-16 07:10,52.535,28.872,8.146,1.202,95.12,78.34
2026-07-16 07:20,52.825,28.946,8.208,1.201,95.12,78.343
2026-07-16 07:30,52.653,29.055,8.176,1.202,95.12,78.333
2026-07-16 07:40,52.521,28.949,8.169,1.206,95.12,78.324
2026-07-16 07:50,52.44,28.976,8.097,1.206,95.12,78.266
2026-07-16 08:00,52.318,29.09,8.084,1.205,95.12,78.293
2026-07-16 08:10,52.511,29.151,8.121,1.206,95.12,78.301
2026-07-16 08:20,52.645,29.084,8.153,1.204,95.12,78.274
2026-07-16 08:30,52.822,29.211,8.229,1.203,95.12,78.311
2026-07-16 08:40,52.981,29.198,8.183,1.202,95.12,78.268
2026-07-16 08:50,53.001,29.044,8.125,1.204,95.12,78.25
2026-07-16 09:00,52.846,29.038,8.074,1.207,95.12,78.237
2026-07-16 09:10,52.749,29.068,8.06,1.209,95.12,78.287
2026-07-16 09:20,52.716,29.02,8.041,1.209,95.12,78.27
2026-07-16 09:30,52.78,28.865,8.119,1.21,95.12,78.325
2026-07-16 09:40,52.759,28.712,8.111,1.207,95.12,78.331
2026-07-16 09:50,52.801,28.73,8.139,1.208,95.12,78.358
2026-07-16 10:00,52.708,28.733,8.108,1.207,95.12,78.365
2026-07-16 10:10,52.97,28.598,8.124,1.203,95.12,78.371
2026-07-16 10:20,52.884,28.565,8.159,1.202,95.12,78.348
2026-07-16 10:30,53.169,28.556,8.234,1.202,95.12,78.435
2026-07-16 10:40,53.054,28.596,8.236,1.198,95.12,78.41
2026-07-16 10:50,53.069,28.712,8.285,1.196,95.12,78.407
2026-07-16 11:00,53.287,28.682,8.322,1.196,95.12,78.517
2026-07-16 11:10,53.024,28.605,8.263,1.198,95.12,78.491
2026-07-16 11:20,53.193,28.554,8.272,1.2,95.12,78.47
2026-07-16 11:30,53.382,28.539,8.328,1.202,95.12,78.443
2026-07-16 11:40,53.197,28.572,8.326,1.199,95.12,78.401
2026-07-16 11:50,53.396,28.514,8.361,1.2,95.12,78.424
2026-07-16 12:00,53.4,28.498,8.302,1.198,95.12,78.384
2026-07-16 12:10,53.514,28.509,8.315,1.197,95.12,78.354
2026-07-16 12:20,53.581,28.47,8.347,1.198,95.12,78.342
2026-07-16 12:30,53.548,28.501,8.378,1.2,95.12,78.419
2026-07-16 12:40,53.413,28.405,8.369,1.2,95.12,78.366
2026-07-16 12:50,53.486,28.317,8.388,1.198,95.12,78.391
2026-07-16 13:00,53.22,28.335,8.382,1.196,95.12,78.362
2026-07-16 13:10,53.201,28.259,8.374,1.195,95.12,78.4
2026-07-16 13:20,53.322,28.273,8.41,1.196,95.12,78.472
2026-07-16 13:30,53.41,28.287,8.472,1.198,95.12,78.517
2026-07-16 13:40,53.408,28.312,8.46,1.199,95.12,78.494
2026-07-16 13:50,53.634,28.349,8.479,1.2,95.12,78.47
2026-07-16 14:00,53.745,28.328,8.524,1.203,95.12,78.521
2026-07-16 14:10,53.683,28.254,8.537,1.205,95.12,78.483
2026-07-16 14:20,53.551,28.219,8.552,1.206,95.12,78.491
2026-07-16 14:30,53.193,28.216,8.493,1.204,95.12,78.444
2026-07-16 14:40,53.118,28.262,8.42,1.205,95.12,78.463
2026-07-16 14:50,53.296,28.145,8.41,1.205,95.12,78.433
2026-07-16 15:00,53.157,28.219,8.382,1.207,95.12,78.428
2026-07-16 15:10,53.2,28.348,8.416,1.205,95.12,78.438
2026-07-16 15:20,53.184,28.49,8.443,1.203,95.12,78.395
2026-07-16 15:30,53.081,28.564,8.442,1.201,95.12,78.4
2026-07-16 15:40,53.231,28.525,8.526,1.205,95.12,78.446
2026-07-16 15:50,53.28,28.656,8.624,1.204,95.12,78.435
2026-07-16 16:00,53.595,28.763,8.681,1.204,95.12,78.482
2026-07-16 16:10,53.466,28.649,8.657,1.2,95.12,78.417
2026-07-16 16:20,53.291,28.638,8.629,1.2,95.12,78.411
2026-07-16 16:30,53.212,28.52,8.608,1.2,95.12,78.443
2026-07-16 16:40,53.459,28.546,8.626,1.203,95.12,78.482
2026-07-16 16:50,53.209,28.619,8.611,1.201,95.12,78.436
2026-07-16 17:00,53.363,28.615,8.549,1.201,95.12,78.453
2026-07-16 17:10,53.389,28.684,8.564,1.201,95.12,78.404
2026-07-16 17:20,53.35,28.717,8.571,1.199,95.12,78.412
2026-07-16 17:30,53.288,28.736,8.6,1.197,95.12,78.37
2026-07-16 17:40,53.427,28.708,8.616,1.198,95.12,78.408
2026-07-16 17:50,53.218,28.67,8.598,1.196,95.12,78.368
2026-07-16 18:00,53.169,28.469,8.603,1.195,95.12,78.401
2026-07-16 18:10,53.201,28.513,8.614,1.194,95.12,78.413
2026-07-16 18:20,53.273,28.586,8.619,1.196,95.12,78.472
2026-07-16 18:30,53.235,28.56,8.639,1.197,95.12,78.468
2026-07-16 18:40,53.358,28.64,8.653,1.195,95.12,78.396
2026-07-16 18:50,53.621,28.69,8.677,1.197,95.12,78.437
2026-07-16 19:00,53.678,28.743,8.737,1.195,95.12,78.451
2026-07-16 19:10,53.703,28.569,8.683,1.195,95.12,78.386
2026-07-16 19:20,53.68,28.552,8.705,1.194,95.12,78.457
2026-07-16 19:30,53.756,28.623,8.734,1.191,95.12,78.461
2026-07-16 19:40,53.818,28.709,8.739,1.194,95.12,78.514
2026-07-16 19:50,53.733,28.688,8.724,1.192,95.12,78.479
2026-07-16 20:00,53.567,28.77,8.701,1.192,95.12,78.425
2026-07-16 20:10,53.774,28.738,8.72,1.19,95.12,78.45
2026-07-16 20:20,53.625,28.759,8.713,1.191,95.12,78.508
2026-07-16 20:30,53.486,28.798,8.659,1.192,95.12,78.485
2026-07-16 20:40,53.519,28.767,8.626,1.19,95.12,78.454
2026-07-16 20:50,53.221,28.741,8.561,1.192,95.12,78.408
2026-07-16 21:00,53.422,28.777,8.616,1.192,95.12,78.449
2026-07-16 21:10,53.435,28.743,8.654,1.192,95.12,78.465
2026-07-16 21:20,53.367,28.776,8.602,1.193,95.12,78.402
2026-07-16 21:30,53.292,28.821,8.644,1.192,95.12,78.389
2026-07-16 21:40,53.423,28.726,8.658,1.191,95.12,78.394
2026-07-16 21:50,53.451,28.828,8.649,1.193,95.12,78.424
2026-07-16 22:00,53.521,28.924,8.682,1.197,95.12,78.509
2026-07-16 22:10,53.71,28.948,8.706,1.194,95.12,78.513
2026-07-16 22:20,53.722,28.977,8.717,1.194,95.12,78.513
2026-07-16 22:30,53.655,28.922,8.666,1.192,95.12,78.485
2026-07-16 22:40,53.667,29.02,8.592,1.194,95.12,78.384
2026-07-16 22:50,53.34,29.078,8.516,1.197,95.12,78.373
2026-07-16 23:00,53.138,29.166,8.487,1.195,95.12,78.289
2026-07-16 23:10,53.235,29.227,8.5,1.196,95.12,78.312
2026-07-16 23:20,53.234,29.294,8.46,1.192,95.12,78.238
2026-07-16 23:30,53.159,29.266,8.426,1.194,97.115,78.234
2026-07-16 23:40,53.221,29.247,8.455,1.193,97.161,78.202
2026-07-16 23:50,52.98,29.383,8.455,1.189,97.039,78.175
2026-07-17 00:00,53.2,29.479,8.504,1.191,97.24,78.22
2026-07-17 00:10,53.346,29.504,8.509,1.194,97.2,78.241
2026-07-17 00:20,53.212,29.347,8.481,1.196,97.059,78.195
2026-07-17 00:30,53.451,29.277,8.525,1.199,97.145,78.223
2026-07-17 00:40,53.435,29.235,8.545,1.195,97.181,78.218
2026-07-17 00:50,53.242,29.205,8.532,1.197,97.139,78.17
2026-07-17 01:00,53.091,29.217,8.482,1.198,96.989,78.15
2026-07-17 01:10,53.081,29.2,8.452,1.197,96.887,78.142
2026-07-17 01:20,53.185,29.09,8.462,1.198,97.065,78.125
2026-07-17 01:30,53.197,29.154,8.469,1.202,97.005,78.154
2026-07-17 01:40,53.277,29.16,8.458,1.202,97.015,78.148
2026-07-17 01:50,53.242,29.196,8.418,1.197,96.897,78.109
2026-07-17 02:00,53.081,29.095,8.393,1.196,96.904,78.092
2026-07-17 02:10,53.266,28.941,8.355,1.195,96.971,78.109
2026-07-17 02:20,53.389,28.959,8.34,1.195,97.02,78.138
2026-07-17 02:30,53.179,28.934,8.389,1.196,97.183,78.179
2026-07-17 02:40,53.22,29.056,8.408,1.195,97.098,78.121
2026-07-17 02:50,53.08,29.103,8.413,1.195,96.992,78.094
2026-07-17 03:00,53.102,29.091,8.435,1.194,97.007,78.094
2026-07-17 03:10,53.004,29.13,8.455,1.196,97.035,78.153
2026-07-17 03:20,53.118,29.182,8.418,1.197,96.987,78.181
2026-07-17 03:30,53.065,29.251,8.394,1.195,96.963,78.189
2026-07-17 03:40,52.922,29.145,8.401,1.195,96.849,78.127
2026-07-17 03:50,52.817,29.168,8.387,1.191,96.711,78.054
2026-07-17 04:00,52.814,29.202,8.38,1.193,96.68,78.128
2026-07-17 04:10,52.705,29.112,8.397,1.192,96.647,78.119
2026-07-17 04:20,52.598,29.057,8.389,1.19,96.619,78.121
2026-07-17 04:30,52.773,29.133,8.366,1.192,96.563,78.141
2026-07-17 04:40,52.881,29.012,8.365,1.19,96.578,78.115
2026-07-17 04:50,52.641,29.111,8.335,1.189,96.395,78.119
2026-07-17 05:00,52.561,29.122,8.318,1.192,96.345,78.109
2026-07-17 05:10,52.429,29.131,8.318,1.192,96.349,78.118
2026-07-17 05:20,52.133,29.149,8.263,1.192,96.159,78.099
2026-07-17 05:30,52.251,29.256,8.271,1.19,96.02,78.063
2026-07-17 05:40,51.989,29.151,8.256,1.188,96.063,78.048
2026-07-17 05:50,51.85,29.089,8.261,1.189,96.022,78.052
2026-07-17 06:00,51.728,28.988,8.231,1.191,96.104,78.077
2026-07-17 06:10,51.982,29.023,8.274,1.192,96.277,78.152
2026-07-17 06:20,52.264,29.012,8.292,1.194,96.486,78.234
2026-07-17 06:30,52.24,29.012,8.291,1.194,96.512,78.212
2026-07-17 06:40,52.117,29.076,8.239,1.191,96.303,78.173
2026-07-17 06:50,52.149,29.125,8.232,1.19,96.351,78.111
2026-07-17 07:00,52.39,29.151,8.253,1.193,96.38,78.121
2026-07-17 07:10,52.21,29.246,8.218,1.194,96.285,78.074
2026-07-17 07:20,52.377,29.166,8.197,1.197,96.309,78.122
2026-07-17 07:30,52.433,29.178,8.206,1.197,96.28,78.159
2026-07-17 07:40,52.195,29.175,8.249,1.196,96.346,78.155
2026-07-17 07:50,52.397,29.275,8.284,1.195,96.44,78.14
2026-07-17 08:00,52.564,29.247,8.278,1.195,96.456,78.153
2026-07-17 08:10,52.609,29.231,8.283,1.193,96.389,78.124
2026-07-17 08:20,52.616,29.159,8.342,1.194,96.636,78.162
2026-07-17 08:30,52.588,29.227,8.336,1.192,96.611,78.164
2026-07-17 08:40,52.481,29.184,8.319,1.192,96.593,78.153
2026-07-17 08:50,52.141,29.133,8.298,1.194,96.557,78.174
2026-07-17 09:00,52.094,29.062,8.309,1.192,96.549,78.158
2026-07-17 09:10,51.89,28.913,8.285,1.191,96.498,78.148
2026-07-17 09:20,51.852,28.945,8.277,1.191,96.414,78.121
2026-07-17 09:30,51.747,28.917,8.306,1.191,96.462,78.14
2026-07-17 09:40,51.796,28.852,8.307,1.191,96.602,78.147
2026-07-17 09:50,51.674,28.83,8.339,1.19,96.611,78.234
2026-07-17 10:00,51.829,28.758,8.305,1.19,96.586,78.206
2026-07-17 10:10,51.801,28.817,8.298,1.193,96.648,78.302
2026-07-17 10:20,51.795,28.82,8.287,1.194,96.638,78.257
2026-07-17 10:30,51.824,28.954,8.34,1.193,96.753,78.214
2026-07-17 10:40,51.861,28.809,8.389,1.196,96.886,78.239
2026-07-17 10:50,51.825,28.979,8.396,1.2,96.901,78.31
2026-07-17 11:00,51.949,28.96,8.447,1.197,97.026,78.35
2026-07-17 11:10,52.167,28.876,8.424,1.199,97.111,78.436
2026-07-17 11:20,51.978,28.926,8.448,1.196,97.073,78.445
2026-07-17 11:30,52.099,29.081,8.476,1.198,97.125,78.434
2026-07-17 11:40,52.129,29.099,8.448,1.201,97.176,78.502
2026-07-17 11:50,52.199,29.171,8.436,1.205,97.116,78.558
2026-07-17 12:00,52.125,29.197,8.446,1.203,97.106,78.489
2026-07-17 12:10,51.993,29.382,8.429,1.2,96.965,78.479
2026-07-17 12:20,51.971,29.382,8.394,1.197,96.79,78.442
2026-07-17 12:30,52.069,29.298,8.414,1.198,96.873,78.432
2026-07-17 12:40,52.11,29.243,8.431,1.195,96.829,78.404
2026-07-17 12:50,52.052,29.236,8.397,1.191,96.605,78.379
2026-07-17 13:00,52.117,29.007,8.441,1.189,96.796,78.382
2026-07-17 13:10,52.34,29.06,8.449,1.193,96.838,78.427
2026-07-17 13:20,52.511,29.156,8.528,1.195,96.998,78.497
2026-07-17 13:30,52.195,29.191,8.453,1.194,96.706,78.464
2026-07-17 13:40,52.369,29.23,8.49,1.197,96.832,78.51
2026-07-17 13:50,52.209,29.105,8.472,1.198,96.83,78.481
2026-07-17 14:00,52.191,29.175,8.443,1.197,96.708,78.446
2026-07-17 14:10,52.329,29.091,8.445,1.197,96.75,78.424
2026-07-17 14:20,52.495,29.063,8.512,1.197,96.901,78.415
2026-07-17 14:30,52.557,28.951,8.57,1.195,97.132,78.4
2026-07-17 14:40,52.617,29.093,8.542,1.195,97.079,78.383
2026-07-17 14:50,52.684,28.969,8.532,1.197,97.083,78.388
2026-07-17 15:00,52.54,28.884,8.515,1.2,97.008,78.422
2026-07-17 15:10,52.411,28.867,8.47,1.2,96.94,78.491
2026-07-17 15:20,52.253,28.863,8.446,1.201,96.868,78.452
2026-07-17 15:30,52.168,28.812,8.413,1.2,96.858,78.439
2026-07-17 15:40,52.274,28.958,8.36,1.202,96.791,78.413
2026-07-17 15:50,52.338,28.944,8.354,1.202,96.776,78.375
2026-07-17 16:00,52.388,28.912,8.329,1.204,96.795,78.405
2026-07-17 16:10,52.329,28.942,8.281,1.207,96.687,78.383
2026-07-17 16:20,52.082,28.922,8.282,1.207,96.557,78.352
2026-07-17 16:30,52.197,28.88,8.307,1.208,96.696,78.388
2026-07-17 16:40,52.097,28.727,8.327,1.208,96.752,78.387
2026-07-17 16:50,52.155,28.661,8.351,1.205,96.791,78.351
2026-07-17 17:00,52.299,28.672,8.371,1.207,96.854,78.395
2026-07-17 17:10,52.398,28.573,8.375,1.205,96.937,78.402
2026-07-17 17:20,52.523,28.492,8.338,1.206,96.86,78.412
2026-07-17 17:30,52.384,28.525,8.354,1.208,96.806,78.424
2026-07-17 17:40,52.409,28.476,8.406,1.209,96.934,78.423
2026-07-17 17:50,52.74,28.462,8.481,1.208,97.134,78.449
2026-07-17 18:00,53.119,28.543,8.568,1.209,97.473,78.542
2026-07-17 18:10,52.998,28.716,8.585,1.206,97.379,78.548
2026-07-17 18:20,53.276,28.891,8.623,1.205,97.394,78.553
2026-07-17 18:30,53.134,28.89,8.598,1.205,97.376,78.551
2026-07-17 18:40,53.046,28.998,8.554,1.205,97.291,78.568
2026-07-17 18:50,53.26,28.863,8.572,1.208,97.363,78.639
2026-07-17 19:00,52.864,28.878,8.494,1.205,97.057,78.545
2026-07-17 19:10,52.887,28.975,8.471,1.203,97.04,78.54
2026-07-17 19:20,52.894,29.016,8.458,1.201,96.906,78.502
2026-07-17 19:30,52.83,29.018,8.46,1.208,97.043,78.596
2026-07-17 19:40,52.812,29.115,8.473,1.209,97.015,78.621
2026-07-17 19:50,53.04,29.056,8.481,1.211,97.242,78.643
2026-07-17 20:00,52.831,29.059,8.396,1.214,97.0,78.577
2026-07-17 20:10,52.728,29.079,8.354,1.213,96.935,78.53
2026-07-17 20:20,52.788,29.089,8.352,1.214,96.883,78.546
2026-07-17 20:30,52.828,29.071,8.35,1.217,96.949,78.584
2026-07-17 20:40,52.662,29.107,8.292,1.217,96.721,78.512
2026-07-17 20:50,52.616,29.168,8.257,1.218,96.644,78.472
2026-07-17 21:00,52.475,29.095,8.21,1.218,96.603,78.526
2026-07-17 21:10,52.382,29.014,8.206,1.218,96.653,78.548
2026-07-17 21:20,52.185,29.086,8.218,1.218,96.583,78.529
2026-07-17 21:30,52.292,29.117,8.211,1.22,96.535,78.533
2026-07-17 21:40,52.202,29.178,8.17,1.221,96.411,78.532
2026-07-17 21:50,52.361,29.3,8.186,1.222,96.44,78.552
2026-07-17 22:00,52.404,29.192,8.2,1.218,96.477,78.557
2026-07-17 22:10,52.365,29.291,8.212,1.217,96.454,78.578
2026-07-17 22:20,52.325,29.264,8.203,1.212,96.398,78.542
2026-07-17 22:30,52.332,29.394,8.159,1.211,96.342,78.523
2026-07-17 22:40,52.073,29.317,8.126,1.21,96.157,78.509
2026-07-17 22:50,52.287,29.311,8.132,1.211,96.134,78.523
2026-07-17 23:00,52.149,29.327,8.146,1.207,96.124,78.451
2026-07-17 23:10,51.984,29.234,8.109,1.212,96.114,78.474
2026-07-17 23:20,51.959,29.143,8.142,1.211,96.183,78.505
2026-07-17 23:30,51.79,29.169,8.103,1.21,95.979,78.477
2026-07-17 23:40,51.73,29.091,8.071,1.209,95.99,78.439
2026-07-17 23:50,51.922,28.998,8.107,1.209,96.122,78.436
2026-07-18 00:00,52.295,29.056,8.184,1.209,96.363,78.436
2026-07-18 00:10,52.313,29.111,8.208,1.208,96.471,78.449
2026-07-18 00:20,52.185,29.203,8.256,1.209,96.509,78.443
2026-07-18 00:30,52.068,28.966,8.227,1.209,96.521,78.373
2026-07-18 00:40,52.009,28.907,8.294,1.21,96.613,78.37
2026-07-18 00:50,51.851,28.971,8.285,1.211,96.511,78.36
2026-07-18 01:00,52.095,28.902,8.285,1.21,96.66,78.418
2026-07-18 01:10,51.981,28.902,8.267,1.214,96.567,78.428
2026-07-18 01:20,51.897,28.885,8.243,1.211,96.514,78.383
2026-07-18 01:30,51.704,28.9,8.179,1.213,96.372,78.358
2026-07-18 01:40,51.628,28.821,8.136,1.209,96.165,78.218
2026-07-18 01:50,51.708,28.826,8.154,1.209,96.176,78.207
2026-07-18 02:00,51.648,28.85,8.114,1.209,96.073,78.222
2026-07-18 02:10,51.914,28.787,8.163,1.209,96.248,78.254
2026-07-18 02:20,52.224,28.685,8.198,1.206,96.435,78.232
2026-07-18 02:30,52.054,28.732,8.217,1.208,96.374,78.211
2026-07-18 02:40,51.861,28.716,8.22,1.207,96.312,78.155
2026-07-18 02:50,51.669,28.507,8.133,1.208,96.259,78.233
2026-07-18 03:00,51.508,28.448,8.121,1.208,96.212,78.205
2026-07-18 03:10,51.915,28.567,8.219,1.209,96.386,78.239
2026-07-18 03:20,51.816,28.561,8.233,1.208,96.4,78.241
2026-07-18 03:30,51.819,28.709,8.206,1.205,96.221,78.113
2026-07-18 03:40,51.829,28.581,8.199,1.206,96.296,78.178
2026-07-18 03:50,51.725,28.678,8.155,1.204,96.174,78.194
2026-07-18 04:00,51.18,28.627,8.094,1.206,95.964,78.14
2026-07-18 04:10,51.296,28.611,8.068,1.207,95.904,78.07
2026-07-18 04:20,51.115,28.581,8.051,1.209,95.947,78.092
2026-07-18 04:30,51.455,28.478,8.058,1.208,96.069,78.131
2026-07-18 04:40,51.26,28.505,8.064,1.206,96.019,78.087
2026-07-18 04:50,50.992,28.43,8.063,1.205,95.937,78.05
2026-07-18 05:00,50.673,28.528,8.012,1.205,95.68,77.997
2026-07-18 05:10,50.605,28.586,8.049,1.207,95.678,78.014
2026-07-18 05:20,50.555,28.629,8.046,1.21,95.776,78.077
2026-07-18 05:30,50.873,28.654,8.097,1.21,95.975,78.074
2026-07-18 05:40,50.913,28.762,8.058,1.207,95.818,77.994
2026-07-18 05:50,50.708,28.791,8.017,1.205,95.743,77.964
2026-07-18 06:00,50.762,28.809,7.962,1.206,95.569,77.948
2026-07-18 06:10,50.668,28.733,7.978,1.204,95.653,77.905
2026-07-18 06:20,50.683,28.808,7.98,1.206,95.642,77.934
2026-07-18 06:30,50.43,28.78,7.967,1.204,95.595,77.929
2026-07-18 06:40,50.121,28.894,7.934,1.202,95.437,77.941
2026-07-18 06:50,50.259,28.856,7.933,1.206,95.386,77.989
2026-07-18 07:00,50.053,28.887,7.967,1.207,95.392,78.002
2026-07-18 07:10,50.167,28.809,8.05,1.206,95.657,78.018
2026-07-18 07:20,50.394,28.842,8.06,1.205,95.723,78.006
2026-07-18 07:30,50.148,28.79,7.977,1.204,95.452,78.01
2026-07-18 07:40,50.374,28.771,8.034,1.207,95.678,78.1
2026-07-18 07:50,50.345,28.617,8.086,1.208,95.839,78.117
2026-07-18 08:00,50.507,28.63,8.149,1.206,96.05,78.08
2026-07-18 08:10,50.63,28.721,8.17,1.205,96.066,78.039
2026-07-18 08:20,50.576,28.681,8.105,1.205,95.97,77.977
2026-07-18 08:30,50.744,28.647,8.11,1.207,95.948,78.015
2026-07-18 08:40,50.444,28.63,8.05,1.206,95.799,77.953
2026-07-18 08:50,50.483,28.695,8.047,1.208,95.689,77.923
2026-07-18 09:00,50.421,28.73,8.074,1.207,95.71,77.936
2026-07-18 09:10,50.409,28.893,8.076,1.208,95.673,77.926
2026-07-18 09:20,50.321,28.862,8.08,1.205,95.689,77.963
2026-07-18 09:30,50.522,28.767,8.13,1.208,95.904,78.001
2026-07-18 09:40,50.369,28.716,8.117,1.207,95.866,78.018
2026-07-18 09:50,50.382,28.871,8.074,1.208,95.768,77.992
2026-07-18 10:00,50.514,28.83,8.012,1.207,95.706,77.977
2026-07-18 10:10,50.52,28.947,8.025,1.207,95.674,77.957
2026-07-18 10:20,50.452,28.968,8.01,1.211,95.662,78.017
2026-07-18 10:30,50.515,28.932,8.033,1.21,95.686,78.002
2026-07-18 10:40,50.387,28.99,8.02,1.209,95.573,77.949
2026-07-18 10:50,50.466,29.061,8.033,1.208,95.689,77.985
2026-07-18 11:00,50.195,29.008,7.981,1.21,95.503,77.968
2026-07-18 11:10,50.129,28.977,7.931,1.209,95.405,77.982
2026-07-18 11:20,50.13,29.018,7.909,1.209,95.373,77.954
2026-07-18 11:30,50.093,29.122,7.888,1.208,95.295,77.94
2026-07-18 11:40,50.144,29.062,7.89,1.209,95.367,77.979
2026-07-18 11:50,49.986,29.165,7.921,1.208,95.407,77.978
2026-07-18 12:00,49.855,29.044,7.905,1.205,95.355,77.967
2026-07-18 12:10,49.678,29.042,7.864,1.202,95.234,77.908
2026-07-18 12:20,49.595,28.955,7.851,1.206,95.167,77.967
2026-07-18 12:30,49.532,28.862,7.879,1.211,95.331,77.995
2026-07-18 12:40,49.435,28.898,7.835,1.211,95.225,78.031
2026-07-18 12:50,49.346,28.808,7.841,1.213,95.214,78.046
2026-07-18 13:00,49.079,28.902,7.784,1.214,94.965,78.0
2026-07-18 13:10,49.082,28.878,7.723,1.213,94.884,78.003
2026-07-18 13:20,48.994,28.868,7.731,1.213,94.864,77.948
2026-07-18 13:30,48.807,28.946,7.698,1.211,94.778,77.945
2026-07-18 13:40,48.895,28.899,7.751,1.212,94.911,77.973
2026-07-18 13:50,48.786,28.87,7.793,1.209,94.926,77.979
2026-07-18 14:00,48.867,28.99,7.862,1.212,95.071,78.071
2026-07-18 14:10,48.655,29.026,7.854,1.214,95.054,78.081
2026-07-18 14:20,49.024,29.016,7.945,1.214,95.283,78.138
2026-07-18 14:30,49.054,28.994,7.992,1.215,95.349,78.174
2026-07-18 14:40,48.984,28.995,8.009,1.216,95.334,78.187
2026-07-18 14:50,49.162,29.114,8.017,1.216,95.39,78.153
2026-07-18 15:00,49.066,29.051,8.015,1.215,95.311,78.133
2026-07-18 15:10,49.079,28.922,7.954,1.214,95.252,78.098
2026-07-18 15:20,48.891,28.922,7.931,1.213,95.121,78.018
2026-07-18 15:30,49.05,28.917,7.958,1.212,95.231,77.968
2026-07-18 15:40,49.0,28.831,7.996,1.215,95.218,77.963
2026-07-18 15:50,49.034,28.869,7.996,1.215,95.241,78.001
2026-07-18 16:00,49.06,28.849,8.003,1.214,95.256,77.944
2026-07-18 16:10,49.141,28.876,8.04,1.213,95.237,77.943
2026-07-18 16:20,49.262,28.89,8.05,1.213,95.316,77.99
2026-07-18 16:30,48.838,29.032,7.985,1.209,95.008,77.984
2026-07-18 16:40,48.632,28.994,7.973,1.213,94.897,78.002
2026-07-18 16:50,48.886,29.058,7.986,1.21,94.955,78.01
2026-07-18 17:00,49.069,29.028,7.996,1.208,94.896,77.997
2026-07-18 17:10,48.959,29.079,8.011,1.209,94.902,78.056
2026-07-18 17:20,48.991,29.018,8.0,1.206,94.862,77.999
2026-07-18 17:30,49.168,29.035,8.046,1.206,95.029,78.056
2026-07-18 17:40,49.187,29.014,8.003,1.208,94.891,78.043
2026-07-18 17:50,49.358,28.953,7.987,1.207,94.907,78.044
2026-07-18 18:00,49.378,28.754,7.981,1.207,95.036,78.052
2026-07-18 18:10,49.609,28.828,8.051,1.205,95.245,78.068
2026-07-18 18:20,49.754,28.854,8.028,1.206,95.292,78.074
2026-07-18 18:30,49.48,28.884,7.976,1.204,95.222,78.009
2026-07-18 18:40,49.388,28.739,7.981,1.204,95.322,77.989
2026-07-18 18:50,49.343,28.737,7.963,1.203,95.296,77.972
2026-07-18 19:00,49.512,28.733,8.044,1.204,95.471,77.959
2026-07-18 19:10,49.269,28.76,8.043,1.205,95.537,77.95
2026-07-18 19:20,48.956,28.874,7.965,1.202,95.287,77.878
2026-07-18 19:30,48.795,28.902,7.919,1.201,95.104,77.83
2026-07-18 19:40,48.908,28.909,7.961,1.198,95.164,77.837
2026-07-18 19:50,49.118,29.052,7.968,1.2,95.189,77.856
2026-07-18 20:00,49.068,28.956,7.955,1.199,95.204,77.86
2026-07-18 20:10,49.036,28.837,7.943,1.198,95.178,77.91
2026-07-18 20:20,49.019,28.855,7.915,1.196,95.14,77.901
2026-07-18 20:30,48.921,28.925,7.892,1.197,95.032,77.912
2026-07-18 20:40,49.052,29.049,7.881,1.197,94.998,77.875
2026-07-18 20:50,49.214,29.087,7.929,1.198,95.174,77.903
2026-07-18 21:00,48.952,29.03,7.93,1.198,95.133,77.918
2026-07-18 21:10,48.966,28.98,7.948,1.2,95.15,77.909
2026-07-18 21:20,48.849,28.878,7.95,1.198,95.228,77.893
2026-07-18 21:30,48.638,28.967,7.884,1.2,94.993,77.812
2026-07-18 21:40,48.668,29.04,7.896,1.2,95.051,77.812
2026-07-18 21:50,48.655,29.003,7.907,1.199,95.063,77.765
2026-07-18 22:00,48.584,29.104,7.897,1.199,94.96,77.756
2026-07-18 22:10,48.412,29.168,7.835,1.198,94.813,77.714
2026-07-18 22:20,48.272,29.158,7.844,1.199,94.855,77.709
2026-07-18 22:30,48.225,29.24,7.868,1.198,94.792,77.688
2026-07-18 22:40,48.339,29.219,7.928,1.199,94.93,77.735
2026-07-18 22:50,48.483,29.148,7.95,1.198,94.901,77.78
2026-07-18 23:00,48.348,29.078,7.925,1.196,94.837,77.724
2026-07-18 23:10,48.394,28.937,7.913,1.195,94.828,77.731
2026-07-18 23:20,48.634,28.908,7.901,1.194,94.792,77.715
2026-07-18 23:30,48.336,28.815,7.856,1.193,94.61,77.661
2026-07-18 23:40,48.264,28.775,7.859,1.196,94.659,77.715
2026-07-18 23:50,48.196,28.915,7.828,1.197,94.573,77.729
2026-07-19 00:00,48.107,30.908,7.837,1.198,93.826,77.615
2026-07-19 00:10,48.232,30.888,7.858,1.199,93.882,77.653
2026-07-19 00:20,48.197,30.91,7.868,1.199,93.868,77.666
2026-07-19 00:30,48.247,30.989,7.935,1.2,94.028,77.681
2026-07-19 00:40,48.243,31.035,7.94,1.202,93.979,77.684
2026-07-19 00:50,48.414,31.09,7.978,1.203,94.032,77.704
2026-07-19 01:00,48.566,30.9,7.988,1.204,94.172,77.692
2026-07-19 01:10,48.896,30.885,8.045,1.206,94.356,77.759
2026-07-19 01:20,48.89,30.846,8.038,1.208,94.384,77.744
2026-07-19 01:30,48.965,30.783,8.05,1.205,94.351,77.745
2026-07-19 01:40,48.821,30.839,8.052,1.205,94.272,77.713
2026-07-19 01:50,48.758,30.867,8.024,1.201,94.168,77.685
2026-07-19 02:00,48.908,30.695,8.031,1.201,94.255,77.674
2026-07-19 02:10,49.041,30.669,8.031,1.201,94.309,77.724
2026-07-19 02:20,49.169,30.784,8.054,1.202,94.347,77.757
2026-07-19 02:30,49.093,30.932,8.039,1.202,94.184,77.709
2026-07-19 02:40,49.081,30.846,8.033,1.202,94.234,77.674
2026-07-19 02:50,49.029,30.996,7.972,1.203,94.062,77.671
2026-07-19 03:00,48.966,31.025,7.962,1.205,94.015,77.638
2026-07-19 03:10,48.998,31.019,7.971,1.205,93.977,77.591
2026-07-19 03:20,48.842,31.136,8.026,1.205,94.052,77.621
2026-07-19 03:30,48.888,31.032,8.003,1.205,94.033,77.633
2026-07-19 03:40,48.787,31.109,8.022,1.205,94.136,77.648
2026-07-19 03:50,48.563,31.021,8.019,1.201,93.989,77.604
2026-07-19 04:00,48.633,30.995,7.974,1.2,93.906,77.566
2026-07-19 04:10,48.499,30.945,7.968,1.201,93.935,77.552
2026-07-19 04:20,48.564,30.823,7.953,1.205,94.022,77.527
2026-07-19 04:30,48.433,30.869,7.931,1.201,93.963,77.495
2026-07-19 04:40,48.268,30.882,7.894,1.203,93.811,77.48
2026-07-19 04:50,48.149,30.876,7.885,1.205,93.857,77.484
2026-07-19 05:00,47.983,30.756,7.862,1.204,93.864,77.522
2026-07-19 05:10,47.99,30.674,7.892,1.204,93.959,77.53
2026-07-19 05:20,47.919,30.698,7.802,1.204,93.862,77.518
2026-07-19 05:30,47.858,30.741,7.788,1.203,93.761,77.483
2026-07-19 05:40,47.691,30.755,7.737,1.203,93.562,77.448
2026-07-19 05:50,47.771,30.768,7.681,1.202,93.425,77.435
2026-07-19 06:00,47.84,30.828,7.721,1.202,93.5,77.466
2026-07-19 06:10,47.926,30.758,7.751,1.203,93.591,77.499
2026-07-19 06:20,47.834,30.822,7.706,1.199,93.352,77.471
2026-07-19 06:30,47.718,30.711,7.714,1.201,93.364,77.482
2026-07-19 06:40,47.742,30.537,7.706,1.202,93.421,77.485
2026-07-19 06:50,47.736,30.599,7.669,1.204,93.378,77.488
2026-07-19 07:00,47.838,30.618,7.662,1.206,93.394,77.538
2026-07-19 07:10,47.879,30.593,7.621,1.204,93.324,77.56
2026-07-19 07:20,47.839,30.639,7.61,1.205,93.289,77.606
2026-07-19 07:30,47.691,30.636,7.569,1.207,93.206,77.582
2026-07-19 07:40,47.616,30.65,7.58,1.207,93.139,77.592
2026-07-19 07:50,47.501,30.855,7.597,1.205,93.08,77.579
2026-07-19 08:00,47.836,30.947,7.63,1.206,93.18,77.642
2026-07-19 08:10,47.923,30.993,7.647,1.21,93.249,77.669
2026-07-19 08:20,48.175,31.006,7.632,1.209,93.263,77.658
2026-07-19 08:30,48.146,31.092,7.673,1.213,93.38,77.746
2026-07-19 08:40,48.19,31.071,7.677,1.212,93.322,77.738
2026-07-19 08:50,48.043,31.106,7.646,1.212,93.215,77.738
2026-07-19 09:00,48.073,31.119,7.719,1.214,93.317,77.775
2026-07-19 09:10,47.949,31.157,7.776,1.213,93.439,77.789
2026-07-19 09:20,48.104,31.095,7.795,1.214,93.48,77.795
2026-07-19 09:30,47.935,31.039,7.773,1.212,93.413,77.796
2026-07-19 09:40,48.007,31.138,7.772,1.213,93.432,77.771
2026-07-19 09:50,48.111,31.089,7.784,1.218,93.608,77.92
2026-07-19 10:00,48.181,31.087,7.746,1.217,93.583,77.934
2026-07-19 10:10,48.409,31.126,7.761,1.216,93.77,77.962
2026-07-19 10:20,48.238,31.019,7.79,1.213,93.82,77.934
2026-07-19 10:30,48.173,31.08,7.783,1.213,93.678,77.948
2026-07-19 10:40,47.887,31.184,7.741,1.212,93.518,77.946
2026-07-19 10:50,47.688,31.218,7.689,1.214,93.343,77.952
2026-07-19 11:00,47.457,31.225,7.65,1.211,93.196,77.949
2026-07-19 11:10,47.316,31.118,7.624,1.212,93.137,77.938
2026-07-19 11:20,47.399,31.109,7.682,1.213,93.398,77.972
2026-07-19 11:30,47.46,31.211,7.674,1.212,93.38,77.918
2026-07-19 11:40,47.197,31.285,7.676,1.211,93.246,77.858
2026-07-19 11:50,47.019,31.263,7.61,1.212,93.165,77.818
2026-07-19 12:00,47.246,31.313,7.681,1.213,93.382,77.815
2026-07-19 12:10,47.237,31.46,7.678,1.214,93.285,77.755
2026-07-19 12:20,47.301,31.532,7.627,1.214,93.184,77.765
2026-07-19 12:30,47.079,31.458,7.611,1.216,93.164,77.744
2026-07-19 12:40,47.087,31.546,7.598,1.218,93.084,77.746
2026-07-19 12:50,47.465,31.555,7.659,1.219,93.326,77.803
2026-07-19 13:00,47.405,31.568,7.624,1.218,93.234,77.791
2026-07-19 13:10,47.405,31.481,7.564,1.217,93.164,77.79
2026-07-19 13:20,47.362,31.426,7.543,1.218,93.194,77.822
2026-07-19 13:30,47.413,31.446,7.564,1.216,93.32,77.8
2026-07-19 13:40,47.33,31.455,7.555,1.217,93.357,77.795
2026-07-19 13:50,47.114,31.497,7.569,1.217,93.295,77.87
2026-07-19 14:00,47.291,31.645,7.562,1.212,93.237,77.884
2026-07-19 14:10,47.398,31.675,7.572,1.21,93.262,77.878
2026-07-19 14:20,47.203,31.765,7.506,1.212,93.025,77.882
2026-07-19 14:30,47.349,31.635,7.541,1.211,93.173,77.877
2026-07-19 14:40,47.514,31.72,7.594,1.209,93.317,77.874
2026-07-19 14:50,47.634,31.546,7.628,1.209,93.442,77.91
2026-07-19 15:00,47.773,31.539,7.639,1.211,93.427,77.937
2026-07-19 15:10,48.079,31.407,7.692,1.209,93.596,77.98
2026-07-19 15:20,47.923,31.454,7.705,1.212,93.554,77.938
2026-07-19 15:30,47.744,31.4,7.667,1.212,93.405,77.919
2026-07-19 15:40,47.66,31.414,7.667,1.211,93.345,77.862
2026-07-19 15:50,47.748,31.314,7.655,1.209,93.412,77.858
2026-07-19 16:00,47.858,31.313,7.642,1.211,93.433,77.838
2026-07-19 16:10,47.806,31.382,7.599,1.209,93.29,77.757
2026-07-19 16:20,47.951,31.381,7.648,1.207,93.457,77.771
2026-07-19 16:30,47.752,31.335,7.658,1.204,93.391,77.765
2026-07-19 16:40,47.775,31.256,7.675,1.203,93.465,77.736
2026-07-19 16:50,47.691,31.267,7.664,1.205,93.43,77.774
2026-07-19 17:00,47.491,31.313,7.632,1.201,93.324,77.73
2026-07-19 17:10,47.255,31.359,7.608,1.201,93.259,77.698
2026-07-19 17:20,47.354,31.335,7.602,1.2,93.269,77.653
2026-07-19 17:30,47.323,31.277,7.552,1.202,93.231,77.66
2026-07-19 17:40,47.377,31.261,7.584,1.202,93.239,77.749
2026-07-19 17:50,47.372,31.208,7.605,1.2,93.259,77.76
2026-07-19 18:00,47.679,31.133,7.628,1.2,93.389,77.781
2026-07-19 18:10,47.837,31.207,7.623,1.198,93.342,77.768
2026-07-19 18:20,47.731,31.181,7.637,1.196,93.33,77.728
2026-07-19 18:30,47.988,31.235,7.636,1.198,93.431,77.752
2026-07-19 18:40,47.959,31.265,7.656,1.197,93.546,77.776
2026-07-19 18:50,47.902,31.065,7.684,1.199,93.604,77.813
2026-07-19 19:00,48.017,31.08,7.716,1.198,93.652,77.809
2026-07-19 19:10,48.066,31.011,7.698,1.2,93.575,77.782
2026-07-19 19:20,48.072,30.912,7.706,1.197,93.54,77.731
2026-07-19 19:30,47.868,30.862,7.672,1.197,93.388,77.696
2026-07-19 19:40,47.982,30.924,7.708,1.199,93.482,77.681
2026-07-19 19:50,47.927,30.978,7.698,1.199,93.451,77.675
2026-07-19 20:00,47.676,30.935,7.677,1.2,93.308,77.697
2026-07-19 20:10,47.539,30.865,7.709,1.202,93.396,77.713
2026-07-19 20:20,47.139,30.949,7.658,1.202,93.195,77.712
2026-07-19 20:30,47.099,30.994,7.644,1.201,93.119,77.668
2026-07-19 20:40,47.116,31.022,7.641,1.198,93.135,77.604
2026-07-19 20:50,47.088,30.974,7.632,1.194,93.195,77.609
2026-07-19 21:00,47.035,30.808,7.633,1.195,93.268,77.655
2026-07-19 21:10,46.831,30.833,7.595,1.194,93.113,77.599
2026-07-19 21:20,47.029,30.794,7.657,1.195,93.427,77.622
2026-07-19 21:30,47.298,30.815,7.686,1.195,93.533,77.645
2026-07-19 21:40,47.295,30.715,7.637,1.197,93.401,77.624
2026-07-19 21:50,47.348,30.69,7.657,1.194,93.446,77.569
2026-07-19 22:00,47.412,30.691,7.666,1.194,93.436,77.549
2026-07-19 22:10,47.784,30.692,7.651,1.197,93.508,77.564
2026-07-19 22:20,47.937,30.524,7.678,1.196,93.708,77.582
2026-07-19 22:30,47.895,30.45,7.682,1.196,93.788,77.545
2026-07-19 22:40,48.059,30.484,7.729,1.196,93.863,77.55
2026-07-19 22:50,48.084,30.594,7.731,1.194,93.766,77.502
2026-07-19 23:00,47.919,30.539,7.741,1.198,93.751,77.534
2026-07-19 23:10,47.948,30.533,7.782,1.196,93.786,77.515
2026-07-19 23:20,47.719,30.739,7.775,1.194,93.634,77.452
2026-07-19 23:30,47.946,30.785,7.813,1.191,93.759,77.515
2026-07-19 23:40,47.772,30.698,7.767,1.191,93.632,77.477
2026-07-19 23:50,48.119,30.75,7.779,1.195,93.755,77.518
2026-07-20 00:00,48.066,30.665,7.742,1.194,93.715,77.5
2026-07-20 00:10,47.99,30.673,7.724,1.2,93.682,77.603
2026-07-20 00:20,47.994,30.735,7.745,1.2,93.774,77.704
2026-07-20 00:30,47.711,30.819,7.718,1.201,93.699,77.638
2026-07-20 00:40,47.916,30.891,7.733,1.201,93.753,77.684
2026-07-20 00:50,47.879,30.825,7.723,1.201,93.758,77.678
2026-07-20 01:00,47.845,30.901,7.727,1.203,93.764,77.679
2026-07-20 01:10,47.537,30.979,7.714,1.206,93.69,77.683
2026-07-20 01:20,47.377,30.951,7.728,1.21,93.697,77.701
2026-07-20 01:30,47.403,30.976,7.7,1.21,93.641,77.695
2026-07-20 01:40,47.142,31.046,7.682,1.209,93.519,77.668
2026-07-20 01:50,47.21,31.071,7.679,1.209,93.502,77.705
2026-07-20 02:00,47.022,31.135,7.64,1.212,93.346,77.698
2026-07-20 02:10,46.887,31.15,7.593,1.215,93.18,77.705
2026-07-20 02:20,46.811,31.16,7.567,1.218,93.111,77.706
2026-07-20 02:30,46.799,31.317,7.536,1.22,92.998,77.715
2026-07-20 02:40,46.646,31.3,7.485,1.22,92.863,77.727
2026-07-20 02:50,46.609,31.435,7.484,1.219,92.763,77.676
2026-07-20 03:00,46.777,31.26,7.545,1.215,92.976,77.662
2026-07-20 03:10,46.653,31.392,7.566,1.213,92.898,77.595
2026-07-20 03:20,46.844,31.444,7.629,1.212,93.039,77.56
2026-07-20 03:30,46.554,31.454,7.558,1.211,92.875,77.588
2026-07-20 03:40,46.514,31.514,7.607,1.209,92.967,77.538
2026-07-20 03:50,46.661,31.365,7.597,1.21,93.0,77.601
2026-07-20 04:00,46.541,31.345,7.551,1.207,92.843,77.537
2026-07-20 04:10,46.536,31.33,7.581,1.208,92.98,77.558
2026-07-20 04:20,46.54,31.403,7.54,1.208,92.781,77.525
2026-07-20 04:30,46.706,31.394,7.528,1.211,92.738,77.575
2026-07-20 04:40,46.931,31.457,7.606,1.211,92.903,77.624
2026-07-20 04:50,46.978,31.396,7.661,1.209,93.026,77.643
2026-07-20 05:00,46.828,31.482,7.704,1.209,93.136,77.65
2026-07-20 05:10,47.128,31.545,7.78,1.21,93.381,77.747
2026-07-20 05:20,47.168,31.524,7.804,1.213,93.527,77.778
2026-07-20 05:30,47.183,31.542,7.824,1.212,93.585,77.749
2026-07-20 05:40,47.132,31.6,7.837,1.213,93.554,77.73
2026-07-20 05:50,47.189,31.599,7.852,1.215,93.592,77.769
2026-07-20 06:00,47.17,31.549,7.851,1.216,93.561,77.742
2026-07-20 06:10,47.202,31.609,7.877,1.217,93.623,77.798
2026-07-20 06:20,47.261,31.509,7.907,1.217,93.735,77.792
2026-07-20 06:30,47.512,31.556,7.957,1.216,93.844,77.764
2026-07-20 06:40,47.462,31.535,7.941,1.215,93.845,77.771
2026-07-20 06:50,47.164,31.5,7.907,1.214,93.759,77.762
2026-07-20 07:00,47.005,31.472,7.863,1.216,93.62,77.734
2026-07-20 07:10,47.024,31.376,7.876,1.214,93.687,77.719
2026-07-20 07:20,47.01,31.393,7.883,1.212,93.614,77.697
2026-07-20 07:30,47.046,31.278,7.897,1.212,93.617,77.711
2026-07-20 07:40,47.31,31.307,7.916,1.213,93.74,77.746
2026-07-20 07:50,47.565,31.318,7.918,1.208,93.728,77.707
2026-07-20 08:00,47.558,31.329,7.908,1.206,93.67,77.699
2026-07-20 08:10,47.482,31.383,7.886,1.207,93.702,77.722
2026-07-20 08:20,47.65,31.316,7.867,1.21,93.797,77.783
2026-07-20 08:30,47.609,31.235,7.882,1.211,93.884,77.777
2026-07-20 08:40,47.615,31.204,7.901,1.208,93.895,77.76
2026-07-20 08:50,47.992,31.301,7.936,1.208,93.926,77.742
2026-07-20 09:00,47.82,31.191,7.935,1.208,93.968,77.777
2026-07-20 09:10,47.842,31.077,7.959,1.208,94.068,77.83
2026-07-20 09:20,47.929,31.124,7.985,1.207,94.14,77.843
2026-07-20 09:30,47.909,31.18,7.974,1.207,93.984,77.824
2026-07-20 09:40,47.934,31.133,7.98,1.208,94.059,77.835
2026-07-20 09:50,47.793,31.189,7.93,1.21,93.941,77.81
2026-07-20 10:00,47.834,31.229,7.968,1.209,94.07,77.761
2026-07-20 10:10,47.805,31.26,7.943,1.209,93.987,77.772
2026-07-20 10:20,47.702,31.175,7.954,1.21,94.089,77.793
2026-07-20 10:30,47.656,31.16,7.934,1.208,94.068,77.783
2026-07-20 10:40,47.691,31.121,7.981,1.209,94.268,77.78
2026-07-20 10:50,47.643,31.209,7.925,1.209,94.184,77.795
2026-07-20 11:00,47.555,31.099,7.974,1.209,94.283,77.817
2026-07-20 11:10,47.708,31.056,7.984,1.211,94.336,77.867
2026-07-20 11:20,47.815,30.991,7.968,1.21,94.38,77.813
2026-07-20 11:30,47.79,31.058,7.947,1.21,94.388,77.779
2026-07-20 11:40,47.83,30.981,7.964,1.207,94.471,77.734
2026-07-20 11:50,47.983,31.027,7.957,1.206,94.388,77.824
2026-07-20 12:00,47.851,31.058,7.899,1.203,94.192,77.769
2026-07-20 12:10,47.811,30.921,7.885,1.204,94.25,77.798
2026-07-20 12:20,47.848,31.023,7.916,1.205,94.331,77.822
2026-07-20 12:30,47.641,30.956,7.806,1.208,93.956,77.841
2026-07-20 12:40,47.673,30.85,7.825,1.206,94.025,77.85
2026-07-20 12:50,47.503,30.916,7.789,1.206,93.847,77.783
2026-07-20 13:00,47.563,30.929,7.822,1.206,93.913,77.817
2026-07-20 13:10,47.368,30.873,7.79,1.201,93.754,77.809
2026-07-20 13:20,47.574,30.744,7.807,1.199,93.839,77.845
2026-07-20 13:30,47.45,30.795,7.829,1.198,93.839,77.814
2026-07-20 13:40,47.484,30.744,7.815,1.197,93.873,77.809
2026-07-20 13:50,47.498,30.675,7.841,1.199,93.906,77.871
2026-07-20 14:00,47.742,30.769,7.831,1.202,93.907,77.873
2026-07-20 14:10,47.808,30.657,7.803,1.199,93.892,77.841
2026-07-20 14:20,47.62,30.567,7.776,1.198,93.776,77.812
2026-07-20 14:30,47.364,30.447,7.711,1.199,93.588,77.752
2026-07-20 14:40,47.267,30.335,7.69,1.202,93.697,77.779
2026-07-20 14:50,47.03,30.313,7.679,1.201,93.629,77.786
2026-07-20 15:00,47.098,30.354,7.678,1.203,93.565,77.778
2026-07-20 15:10,47.059,30.435,7.619,1.204,93.437,77.772
2026-07-20 15:20,47.282,30.489,7.637,1.208,93.487,77.852
2026-07-20 15:30,47.173,30.597,7.631,1.206,93.328,77.797
2026-07-20 15:40,47.177,30.604,7.615,1.202,93.33,77.754
2026-07-20 15:50,47.347,30.641,7.641,1.201,93.459,77.707
2026-07-20 16:00,47.403,30.688,7.698,1.2,93.551,77.789
2026-07-20 16:10,47.345,30.771,7.695,1.199,93.397,77.752
2026-07-20 16:20,47.568,30.859,7.733,1.2,93.511,77.729
2026-07-20 16:30,47.435,30.935,7.79,1.202,93.584,77.781
2026-07-20 16:40,47.468,31.036,7.772,1.201,93.393,77.716
2026-07-20 16:50,47.519,31.082,7.754,1.2,93.323,77.706
2026-07-20 17:00,47.657,30.953,7.717,1.199,93.209,77.669
2026-07-20 17:10,47.931,30.88,7.762,1.195,93.492,77.642
2026-07-20 17:20,47.963,30.894,7.71,1.197,93.438,77.653
2026-07-20 17:30,47.957,30.756,7.675,1.199,93.443,77.646
2026-07-20 17:40,47.94,30.817,7.679,1.2,93.434,77.689
2026-07-20 17:50,48.093,30.708,7.674,1.198,93.466,77.668
2026-07-20 18:00,48.106,30.725,7.642,1.199,93.436,77.625
2026-07-20 18:10,48.028,30.754,7.676,1.199,93.458,77.624
2026-07-20 18:20,48.148,30.825,7.666,1.203,93.478,77.671
2026-07-20 18:30,48.237,30.731,7.689,1.201,93.591,77.718
2026-07-20 18:40,48.224,30.748,7.696,1.204,93.716,77.744
2026-07-20 18:50,48.337,30.732,7.696,1.198,93.736,77.709
2026-07-20 19:00,48.27,30.531,7.698,1.199,93.806,77.708
2026-07-20 19:10,48.141,30.5,7.626,1.2,93.718,77.658
2026-07-20 19:20,48.147,30.656,7.63,1.199,93.577,77.619
2026-07-20 19:30,47.972,30.599,7.601,1.196,93.52,77.609
2026-07-20 19:40,47.867,30.595,7.663,1.198,93.571,77.631
2026-07-20 19:50,48.229,30.716,7.616,1.199,93.631,77.617
2026-07-20 20:00,48.365,30.632,7.602,1.198,93.681,77.593
2026-07-20 20:10,48.654,30.621,7.604,1.197,93.826,77.598
2026-07-20 20:20,48.461,30.566,7.602,1.201,93.763,77.638
2026-07-20 20:30,48.467,30.693,7.621,1.2,93.762,77.67
2026-07-20 20:40,48.402,30.598,7.623,1.201,93.79,77.676
2026-07-20 20:50,48.496,30.72,7.621,1.202,93.745,77.673
2026-07-20 21:00,48.543,30.63,7.676,1.204,93.872,77.69
2026-07-20 21:10,48.541,30.563,7.71,1.204,93.956,77.754
2026-07-20 21:20,48.613,30.635,7.694,1.204,93.943,77.776
2026-07-20 21:30,48.614,30.698,7.713,1.204,93.904,77.761
2026-07-20 21:40,48.501,30.634,7.68,1.206,93.905,77.831
2026-07-20 21:50,48.447,30.625,7.719,1.204,94.006,77.922
2026-07-20 22:00,48.452,30.668,7.693,1.209,93.9,77.933
2026-07-20 22:10,48.58,30.64,7.66,1.205,93.83,77.907
2026-07-20 22:20,48.838,30.559,7.698,1.205,93.97,77.933
2026-07-20 22:30,48.953,30.57,7.742,1.206,94.146,77.948
2026-07-20 22:40,49.003,30.61,7.774,1.207,94.229,77.973
2026-07-20 22:50,49.205,30.57,7.851,1.208,94.448,77.971
2026-07-20 23:00,49.052,30.52,7.833,1.205,94.521,77.999
2026-07-20 23:10,49.009,30.563,7.808,1.206,94.552,78.006
2026-07-20 23:20,48.985,30.679,7.787,1.207,94.42,77.958
2026-07-20 23:30,48.809,30.604,7.746,1.205,94.331,77.95
2026-07-20 23:40,48.905,30.576,7.746,1.201,94.337,77.927
2026-07-20 23:50,48.946,30.537,7.763,1.199,94.369,77.933
2026-07-21 00:00,49.015,30.572,7.757,1.202,94.434,77.959
2026-07-21 00:10,48.861,30.482,7.792,1.199,94.494,77.995
2026-07-21 00:20,48.826,30.415,7.784,1.2,94.503,77.983
2026-07-21 00:30,48.816,30.462,7.786,1.198,94.455,77.957
2026-07-21 00:40,48.654,30.545,7.767,1.199,94.294,77.929
2026-07-21 00:50,48.741,30.518,7.759,1.199,94.213,77.887
2026-07-21 01:00,48.85,30.494,7.771,1.199,94.317,77.932
2026-07-21 01:10,48.922,30.51,7.721,1.202,94.23,77.923
2026-07-21 01:20,48.891,30.553,7.749,1.199,94.23,77.82
2026-07-21 01:30,48.766,30.708,7.733,1.2,94.109,77.832
2026-07-21 01:40,48.817,30.648,7.777,1.204,94.379,77.959
2026-07-21 01:50,48.879,30.699,7.774,1.204,94.365,77.957
2026-07-21 02:00,48.782,30.654,7.766,1.208,94.329,77.972
2026-07-21 02:10,48.769,30.639,7.738,1.211,94.231,77.956
2026-07-21 02:20,48.826,30.603,7.779,1.21,94.386,77.951
2026-07-21 02:30,48.805,30.58,7.782,1.209,94.319,77.942
2026-07-21 02:40,48.683,30.535,7.77,1.208,94.249,77.891
2026-07-21 02:50,48.315,30.531,7.759,1.21,94.227,77.954
2026-07-21 03:00,48.106,30.668,7.731,1.208,93.997,77.918
2026-07-21 03:10,48.072,30.701,7.745,1.208,93.917,77.88
2026-07-21 03:20,48.113,30.653,7.723,1.21,93.961,77.869
2026-07-21 03:30,48.055,30.794,7.711,1.21,93.869,77.834
2026-07-21 03:40,48.201,30.712,7.767,1.208,94.001,77.84
2026-07-21 03:50,48.003,30.682,7.803,1.207,94.033,77.799
2026-07-21 04:00,48.032,30.751,7.776,1.214,94.034,77.823
2026-07-21 04:10,47.974,30.75,7.77,1.215,93.967,77.81
2026-07-21 04:20,48.008,30.674,7.756,1.213,93.929,77.842
2026-07-21 04:30,47.914,30.606,7.766,1.216,93.98,77.906
2026-07-21 04:40,47.873,30.484,7.761,1.217,93.922,77.922
2026-07-21 04:50,48.07,30.372,7.767,1.217,93.968,77.915
2026-07-21 05:00,48.075,30.441,7.743,1.217,93.958,77.889
2026-07-21 05:10,48.273,30.447,7.754,1.218,94.045,77.935
2026-07-21 05:20,48.104,30.516,7.757,1.218,94.011,77.885
2026-07-21 05:30,48.1,30.523,7.747,1.217,94.038,77.887
2026-07-21 05:40,47.886,30.696,7.727,1.215,93.856,77.85
2026-07-21 05:50,47.706,30.764,7.682,1.214,93.716,77.81
2026-07-21 06:00,47.552,30.775,7.662,1.212,93.623,77.771
2026-07-21 06:10,47.288,30.801,7.611,1.21,93.358,77.749
2026-07-21 06:20,47.221,30.88,7.589,1.21,93.236,77.703
2026-07-21 06:30,47.272,30.984,7.557,1.21,93.211,77.694
2026-07-21 06:40,47.367,31.025,7.547,1.21,93.159,77.706
2026-07-21 06:50,47.554,31.006,7.548,1.208,93.183,77.69
2026-07-21 07:00,47.499,30.891,7.519,1.207,93.119,77.715
2026-07-21 07:10,47.639,30.87,7.562,1.209,93.316,77.799
2026-07-21 07:20,47.891,30.734,7.587,1.209,93.403,77.887
2026-07-21 07:30,48.064,30.738,7.632,1.208,93.566,77.962
2026-07-21 07:40,48.068,30.643,7.601,1.205,93.528,77.974
2026-07-21 07:50,48.063,30.566,7.611,1.204,93.568,78.012
2026-07-21 08:00,48.121,30.585,7.61,1.201,93.504,78.047
2026-07-21 08:10,48.04,30.448,7.547,1.201,93.339,78.016
2026-07-21 08:20,48.059,30.414,7.567,1.201,93.392,78.034
2026-07-21 08:30,48.131,30.337,7.651,1.199,93.573,78.004
2026-07-21 08:40,48.176,30.459,7.638,1.2,93.452,77.978
2026-07-21 08:50,48.329,30.497,7.675,1.207,93.661,77.983
2026-07-21 09:00,48.542,30.518,7.758,1.206,93.95,78.018
2026-07-21 09:10,48.403,30.451,7.759,1.204,93.809,77.993
2026-07-21 09:20,48.395,30.484,7.764,1.206,93.893,77.995
2026-07-21 09:30,48.577,30.54,7.823,1.205,94.067,78.012
2026-07-21 09:40,48.48,30.594,7.78,1.202,93.955,78.003
2026-07-21 09:50,48.459,30.546,7.797,1.205,94.0,77.995
2026-07-21 10:00,48.24,30.646,7.783,1.206,93.931,78.002
2026-07-21 10:10,47.919,30.715,7.78,1.208,93.79,78.006
2026-07-21 10:20,47.894,30.588,7.766,1.205,93.699,77.962
2026-07-21 10:30,47.991,30.601,7.813,1.204,93.785,77.947
2026-07-21 10:40,48.22,30.757,7.836,1.207,93.949,78.034
2026-07-21 10:50,48.082,30.781,7.826,1.204,93.925,78.017
2026-07-21 11:00,48.281,30.76,7.858,1.201,93.983,78.014
2026-07-21 11:10,48.522,30.766,7.882,1.199,93.985,78.028
2026-07-21 11:20,48.5,30.647,7.854,1.199,94.072,78.052
2026-07-21 11:30,48.563,30.657,7.831,1.2,94.106,78.04
2026-07-21 11:40,48.377,30.608,7.782,1.202,93.983,78.035
2026-07-21 11:50,48.446,30.712,7.811,1.201,94.008,78.012
2026-07-21 12:00,48.403,30.781,7.827,1.206,94.028,78.038
2026-07-21 12:10,48.307,30.76,7.858,1.205,94.039,78.048
2026-07-21 12:20,48.167,30.76,7.813,1.205,93.868,77.958
2026-07-21 12:30,48.355,30.657,7.85,1.205,94.033,78.016
2026-07-21 12:40,48.21,30.75,7.873,1.207,94.08,78.03
2026-07-21 12:50,48.283,30.816,7.841,1.205,94.034,77.989
2026-07-21 13:00,48.294,30.632,7.817,1.2,94.085,78.013
2026-07-21 13:10,48.35,30.535,7.833,1.198,94.024,77.968
2026-07-21 13:20,48.707,30.59,7.902,1.197,94.262,78.017
2026-07-21 13:30,48.748,30.617,7.9,1.199,94.252,78.027
2026-07-21 13:40,48.535,30.744,7.803,1.199,94.017,77.941
2026-07-21 13:50,48.619,30.87,7.829,1.2,94.081,77.917
2026-07-21 14:00,48.55,30.939,7.804,1.2,94.028,77.939
2026-07-21 14:10,48.772,30.942,7.848,1.198,94.212,77.921
2026-07-21 14:20,48.977,30.898,7.874,1.199,94.285,77.928
2026-07-21 14:30,48.963,30.819,7.887,1.199,94.335,77.938
2026-07-21 14:40,49.286,30.725,7.887,1.2,94.531,77.956
2026-07-21 14:50,48.932,30.835,7.86,1.199,94.331,77.936
2026-07-21 15:00,48.818,30.708,7.832,1.197,94.199,77.903
2026-07-21 15:10,48.871,30.748,7.791,1.198,94.139,77.856
2026-07-21 15:20,48.903,30.596,7.771,1.2,94.188,77.831
2026-07-21 15:30,48.963,30.622,7.797,1.201,94.19,77.803
2026-07-21 15:40,48.929,30.555,7.784,1.207,94.218,77.865
2026-07-21 15:50,48.93,30.643,7.798,1.203,94.122,77.81
2026-07-21 16:00,48.852,30.708,7.796,1.204,94.066,77.758
2026-07-21 16:10,48.925,30.843,7.846,1.205,94.156,77.802
2026-07-21 16:20,48.892,30.727,7.852,1.204,94.16,77.767
2026-07-21 16:30,48.92,30.661,7.792,1.204,94.055,77.777
2026-07-21 16:40,48.841,30.62,7.791,1.206,94.056,77.774
2026-07-21 16:50,48.813,30.733,7.777,1.203,94.003,77.731
2026-07-21 17:00,48.679,30.716,7.75,1.203,93.922,77.769
2026-07-21 17:10,48.91,30.715,7.74,1.202,93.913,77.768
2026-07-21 17:20,48.789,30.77,7.704,1.203,93.79,77.792
2026-07-21 17:30,48.997,30.864,7.725,1.206,93.822,77.802
2026-07-21 17:40,49.248,30.856,7.684,1.208,93.785,77.793
2026-07-21 17:50,49.236,30.935,7.746,1.209,93.876,77.809
2026-07-21 18:00,49.339,31.034,7.771,1.206,93.995,77.842
2026-07-21 18:10,49.614,30.908,7.796,1.207,94.27,77.92
2026-07-21 18:20,49.604,30.837,7.803,1.207,94.284,77.906
2026-07-21 18:30,49.548,30.856,7.811,1.206,94.322,77.904
2026-07-21 18:40,49.732,30.856,7.807,1.207,94.31,77.879
2026-07-21 18:50,49.751,30.745,7.779,1.208,94.352,77.856
2026-07-21 19:00,49.638,30.764,7.767,1.211,94.366,77.967
2026-07-21 19:10,49.634,30.731,7.749,1.211,94.395,78.046
2026-07-21 19:20,49.621,30.929,7.75,1.209,94.244,78.074
2026-07-21 19:30,50.208,30.885,7.845,1.209,94.678,78.106
2026-07-21 19:40,50.178,30.878,7.784,1.209,94.539,78.058
2026-07-21 19:50,50.312,30.893,7.801,1.208,94.633,78.063
2026-07-21 20:00,50.273,30.915,7.797,1.208,94.61,78.05
2026-07-21 20:10,50.358,30.881,7.866,1.207,94.72,78.015
2026-07-21 20:20,50.215,30.982,7.819,1.205,94.534,77.969
2026-07-21 20:30,50.392,30.983,7.841,1.208,94.604,77.971
2026-07-21 20:40,50.387,30.948,7.849,1.208,94.588,78.0
2026-07-21 20:50,50.559,30.889,7.904,1.207,94.815,78.012
2026-07-21 21:00,50.996,30.912,7.962,1.206,94.999,78.06
2026-07-21 21:10,50.795,30.905,7.99,1.207,94.972,78.019
2026-07-21 21:20,50.884,30.97,8.045,1.207,95.031,78.019
2026-07-21 21:30,50.858,30.965,8.066,1.209,95.005,78.064
2026-07-21 21:40,50.693,30.969,8.073,1.205,94.861,78.048
2026-07-21 21:50,50.654,30.869,8.021,1.205,94.769,78.04
2026-07-21 22:00,50.679,30.818,7.99,1.206,94.723,78.024
2026-07-21 22:10,50.671,30.774,7.95,1.205,94.706,78.036
2026-07-21 22:20,50.691,30.859,7.958,1.207,94.617,78.086
2026-07-21 22:30,50.802,31.09,8.0,1.21,94.726,78.111
2026-07-21 22:40,50.848,30.915,8.008,1.209,94.806,78.062
2026-07-21 22:50,50.864,30.879,8.059,1.208,94.959,78.084
2026-07-21 23:00,50.831,30.82,8.056,1.208,95.008,78.101
2026-07-21 23:10,50.725,30.761,8.059,1.21,94.96,78.203
2026-07-21 23:20,50.782,30.741,8.069,1.211,95.007,78.248
2026-07-21 23:30,50.837,30.821,8.117,1.214,94.98,78.228
2026-07-21 23:40,50.868,30.843,8.143,1.214,95.083,78.28
2026-07-21 23:50,50.765,30.78,8.061,1.214,94.926,78.274
2026-07-22 00:00,50.827,27.339,8.039,1.215,96.064,78.439
2026-07-22 00:10,50.919,27.317,8.046,1.217,96.148,78.497
2026-07-22 00:20,51.07,27.373,8.065,1.212,96.181,78.49
2026-07-22 00:30,51.116,27.385,8.137,1.212,96.334,78.477
2026-07-22 00:40,51.181,27.367,8.112,1.211,96.352,78.494
2026-07-22 00:50,50.916,27.289,8.111,1.211,96.41,78.468
2026-07-22 01:00,50.963,27.33,8.107,1.21,96.361,78.468
2026-07-22 01:10,51.131,27.411,8.139,1.207,96.393,78.469
2026-07-22 01:20,51.065,27.336,8.121,1.208,96.435,78.507
2026-07-22 01:30,51.064,27.411,8.197,1.213,96.507,78.532
2026-07-22 01:40,51.165,27.561,8.194,1.211,96.476,78.521
2026-07-22 01:50,50.922,27.57,8.17,1.21,96.388,78.537
2026-07-22 02:00,51.025,27.562,8.167,1.213,96.417,78.557
2026-07-22 02:10,51.004,27.621,8.15,1.213,96.377,78.545
2026-07-22 02:20,50.931,27.589,8.188,1.211,96.345,78.46
2026-07-22 02:30,50.661,27.605,8.142,1.211,96.258,78.447
2026-07-22 02:40,50.436,27.654,8.064,1.208,96.023,78.358
2026-07-22 02:50,50.268,27.59,8.089,1.209,96.06,78.388
2026-07-22 03:00,50.273,27.683,8.068,1.21,96.077,78.391
2026-07-22 03:10,50.091,27.633,8.001,1.209,95.898,78.32
2026-07-22 03:20,50.178,27.679,7.956,1.21,95.815,78.363
2026-07-22 03:30,50.192,27.725,7.888,1.209,95.725,78.332
2026-07-22 03:40,50.142,27.549,7.864,1.209,95.716,78.338
2026-07-22 03:50,49.928,27.733,7.841,1.205,95.459,78.283
2026-07-22 04:00,49.752,27.846,7.784,1.205,95.251,78.265
2026-07-22 04:10,50.022,27.933,7.775,1.203,95.25,78.196
2026-07-22 04:20,50.358,27.917,7.775,1.201,95.409,78.226
2026-07-22 04:30,50.524,27.822,7.779,1.202,95.525,78.237
2026-07-22 04:40,50.61,27.942,7.814,1.202,95.59,78.205
2026-07-22 04:50,50.413,27.808,7.819,1.201,95.562,78.202
2026-07-22 05:00,50.582,27.787,7.871,1.2,95.743,78.238
2026-07-22 05:10,50.38,27.797,7.809,1.202,95.519,78.223
2026-07-22 05:20,50.292,27.775,7.819,1.204,95.516,78.256
2026-07-22 05:30,50.517,27.72,7.813,1.202,95.559,78.258
2026-07-22 05:40,50.55,27.588,7.82,1.201,95.664,78.29
2026-07-22 05:50,50.667,27.457,7.888,1.199,95.814,78.286
2026-07-22 06:00,50.306,27.438,7.837,1.201,95.699,78.265
2026-07-22 06:10,50.344,27.485,7.848,1.202,95.74,78.317
2026-07-22 06:20,50.435,27.497,7.897,1.202,95.81,78.355
2026-07-22 06:30,50.532,27.535,7.935,1.201,95.879,78.374
2026-07-22 06:40,50.72,27.528,7.961,1.201,95.976,78.412
2026-07-22 06:50,50.824,27.576,7.976,1.204,96.007,78.414
2026-07-22 07:00,50.914,27.508,7.975,1.205,95.986,78.45
2026-07-22 07:10,51.053,27.586,7.978,1.207,96.045,78.476
2026-07-22 07:20,51.104,27.715,8.017,1.209,96.132,78.515
2026-07-22 07:30,51.185,27.754,8.068,1.212,96.226,78.51
2026-07-22 07:40,51.228,27.704,8.093,1.212,96.382,78.531
2026-07-22 07:50,51.299,27.678,8.085,1.215,96.467,78.555
2026-07-22 08:00,51.229,27.791,8.082,1.213,96.463,78.534
2026-07-22 08:10,51.375,27.835,8.112,1.215,96.584,78.579
2026-07-22 08:20,51.132,27.737,8.086,1.22,96.525,78.591
2026-07-22 08:30,51.258,27.765,8.103,1.221,96.584,78.56
2026-07-22 08:40,51.561,27.641,8.156,1.223,96.824,78.595
2026-07-22 08:50,51.714,27.727,8.178,1.225,96.923,78.589
2026-07-22 09:00,51.695,27.73,8.21,1.224,96.939,78.586
2026-07-22 09:10,51.557,27.822,8.17,1.222,96.733,78.527
2026-07-22 09:20,51.544,27.906,8.146,1.221,96.627,78.524
2026-07-22 09:30,51.461,27.835,8.168,1.22,96.706,78.534
2026-07-22 09:40,51.503,27.921,8.163,1.22,96.598,78.511
2026-07-22 09:50,51.554,28.044,8.169,1.22,96.62,78.487
2026-07-22 10:00,51.342,28.0,8.17,1.218,96.535,78.415
2026-07-22 10:10,51.411,27.92,8.183,1.216,96.578,78.398
2026-07-22 10:20,51.522,27.984,8.236,1.215,96.632,78.421
2026-07-22 10:30,51.487,27.929,8.196,1.212,96.556,78.386
2026-07-22 10:40,51.33,27.829,8.137,1.211,96.426,78.392
2026-07-22 10:50,51.015,27.881,8.077,1.214,96.242,78.306
2026-07-22 11:00,51.082,27.819,8.043,1.213,96.252,78.327
2026-07-22 11:10,51.269,27.876,8.089,1.21,96.368,78.304
2026-07-22 11:20,51.356,27.859,8.155,1.212,96.561,78.311
2026-07-22 11:30,51.301,27.8,8.135,1.213,96.602,78.347
2026-07-22 11:40,51.4,27.793,8.146,1.214,96.634,78.354
2026-07-22 11:50,51.388,27.69,8.118,1.212,96.663,78.385
2026-07-22 12:00,51.385,27.57,8.107,1.212,96.655,78.368
2026-07-22 12:10,51.314,27.56,8.1,1.211,96.526,78.314
2026-07-22 12:20,51.578,27.632,8.11,1.212,96.568,78.387
2026-07-22 12:30,51.311,27.564,8.133,1.208,96.548,78.355
2026-07-22 12:40,51.254,27.583,8.114,1.206,96.438,78.329
2026-07-22 12:50,51.448,27.578,8.163,1.208,96.551,78.369
2026-07-22 13:00,51.601,27.711,8.251,1.205,96.662,78.35
2026-07-22 13:10,51.927,27.751,8.305,1.204,96.864,78.395
2026-07-22 13:20,52.003,27.83,8.353,1.202,96.97,78.419
2026-07-22 13:30,51.826,27.747,8.287,1.203,96.777,78.446
2026-07-22 13:40,51.703,27.839,8.284,1.201,96.628,78.377
2026-07-22 13:50,51.829,27.779,8.272,1.204,96.715,78.425
2026-07-22 14:00,51.959,27.821,8.312,1.206,96.763,78.501
2026-07-22 14:10,52.044,27.814,8.295,1.209,96.853,78.539
2026-07-22 14:20,52.075,27.782,8.247,1.208,96.751,78.543
2026-07-22 14:30,51.963,27.758,8.203,1.209,96.721,78.546
2026-07-22 14:40,51.77,27.759,8.248,1.205,96.775,78.501
2026-07-22 14:50,51.656,27.689,8.236,1.207,96.81,78.559
2026-07-22 15:00,51.838,27.64,8.19,1.207,96.78,78.549
2026-07-22 15:10,51.894,27.796,8.198,1.208,96.836,78.544
2026-07-22 15:20,51.754,27.609,8.18,1.208,96.723,78.533
2026-07-22 15:30,51.937,27.725,8.145,1.207,96.55,78.549
2026-07-22 15:40,51.63,27.654,8.122,1.204,96.349,78.507
2026-07-22 15:50,51.724,27.594,8.155,1.204,96.469,78.556
2026-07-22 16:00,51.642,27.583,8.088,1.204,96.305,78.538
2026-07-22 16:10,51.666,27.624,8.07,1.205,96.209,78.579
2026-07-22 16:20,51.856,27.683,8.074,1.207,96.217,78.537
2026-07-22 16:30,51.963,27.76,8.108,1.211,96.279,78.628
2026-07-22 16:40,51.962,27.8,8.169,1.212,96.342,78.666
2026-07-22 16:50,52.103,27.742,8.128,1.21,96.223,78.605
2026-07-22 17:00,52.218,27.8,8.117,1.211,96.215,78.65
2026-07-22 17:10,52.23,27.734,8.137,1.212,96.405,78.673
2026-07-22 17:20,52.157,27.736,8.16,1.21,96.35,78.701
2026-07-22 17:30,52.346,27.779,8.219,1.208,96.481,78.693
2026-07-22 17:40,52.247,27.708,8.24,1.208,96.533,78.73
2026-07-22 17:50,52.618,27.59,8.246,1.208,96.736,78.753
2026-07-22 18:00,52.686,27.484,8.286,1.211,96.943,78.796
2026-07-22 18:10,52.79,27.377,8.31,1.211,97.049,78.772
2026-07-22 18:20,52.906,27.437,8.291,1.207,96.944,78.703
2026-07-22 18:30,52.85,27.346,8.286,1.212,97.077,78.734
2026-07-22 18:40,53.074,27.216,8.296,1.209,97.11,78.711
2026-07-22 18:50,53.019,27.206,8.323,1.209,97.151,78.718
2026-07-22 19:00,52.978,27.39,8.344,1.208,97.095,78.689
2026-07-22 19:10,52.682,27.324,8.289,1.207,96.922,78.655
2026-07-22 19:20,53.092,27.409,8.331,1.207,97.036,78.668
2026-07-22 19:30,53.002,27.265,8.332,1.207,97.02,78.642
2026-07-22 19:40,53.186,27.175,8.336,1.207,97.063,78.692
2026-07-22 19:50,53.214,27.375,8.384,1.21,97.192,78.725
2026-07-22 20:00,53.242,27.212,8.415,1.213,97.289,78.739
2026-07-22 20:10,53.365,27.244,8.45,1.216,97.372,78.777
2026-07-22 20:20,53.098,27.226,8.37,1.215,97.218,78.745
2026-07-22 20:30,53.116,27.28,8.372,1.218,97.174,78.792
2026-07-22 20:40,52.917,27.414,8.387,1.218,97.155,78.8
2026-07-22 20:50,52.995,27.35,8.379,1.22,97.18,78.791
2026-07-22 21:00,53.001,27.23,8.386,1.224,97.276,78.899
2026-07-22 21:10,52.897,27.254,8.347,1.224,97.086,78.881
2026-07-22 21:20,53.057,27.215,8.391,1.22,97.193,78.89
2026-07-22 21:30,53.013,27.225,8.419,1.22,97.303,78.91
2026-07-22 21:40,53.083,27.228,8.372,1.223,97.248,78.944
2026-07-22 21:50,53.28,27.263,8.407,1.221,97.387,78.992
2026-07-22 22:00,53.434,27.305,8.446,1.222,97.495,78.981
2026-07-22 22:10,53.466,27.266,8.388,1.222,97.384,78.942
2026-07-22 22:20,53.339,27.412,8.384,1.22,97.194,78.844
2026-07-22 22:30,53.589,27.567,8.396,1.216,97.162,78.792
2026-07-22 22:40,53.371,27.608,8.393,1.214,97.179,78.742
2026-07-22 22:50,53.373,27.686,8.382,1.213,97.111,78.698
2026-07-22 23:00,53.602,27.769,8.444,1.213,97.257,78.664
2026-07-22 23:10,53.598,27.695,8.413,1.213,97.247,78.648
2026-07-22 23:20,53.536,27.801,8.383,1.215,97.126,78.64
2026-07-22 23:30,53.569,27.789,8.411,1.213,97.255,78.634
2026-07-22 23:40,53.603,27.827,8.375,1.214,97.184,78.622
2026-07-22 23:50,53.489,27.871,8.373,1.216,97.147,78.705
2026-07-23 00:00,53.55,27.773,8.373,1.214,97.202,78.666
2026-07-23 00:10,53.458,27.742,8.379,1.217,97.259,78.64
2026-07-23 00:20,53.6,27.739,8.398,1.217,97.406,78.634
2026-07-23 00:30,53.636,27.641,8.44,1.218,97.528,78.702
2026-07-23 00:40,53.379,27.681,8.386,1.214,97.323,78.662
2026-07-23 00:50,53.254,27.576,8.387,1.213,97.346,78.656
2026-07-23 01:00,53.298,27.711,8.432,1.214,97.44,78.659
2026-07-23 01:10,53.426,27.73,8.451,1.214,97.542,78.664
2026-07-23 01:20,53.152,27.661,8.406,1.217,97.473,78.679
2026-07-23 01:30,53.071,27.597,8.376,1.214,97.388,78.64
2026-07-23 01:40,53.064,27.715,8.368,1.211,97.281,78.608
2026-07-23 01:50,53.249,27.797,8.406,1.205,97.372,78.572
2026-07-23 02:00,53.001,27.68,8.353,1.207,97.284,78.594
2026-07-23 02:10,53.003,27.811,8.404,1.206,97.299,78.658
2026-07-23 02:20,53.089,27.795,8.353,1.208,97.339,78.623
2026-07-23 02:30,53.058,27.784,8.364,1.208,97.297,78.606
2026-07-23 02:40,53.171,27.766,8.401,1.207,97.433,78.617
2026-07-23 02:50,52.954,27.589,8.295,1.207,97.152,78.517
2026-07-23 03:00,52.701,27.733,8.279,1.21,97.043,78.49
2026-07-23 03:10,52.543,27.713,8.276,1.21,96.992,78.509
2026-07-23 03:20,52.694,27.728,8.262,1.211,97.002,78.559
2026-07-23 03:30,52.701,27.696,8.271,1.207,97.093,78.579
2026-07-23 03:40,52.933,27.57,8.293,1.208,97.257,78.617
2026-07-23 03:50,52.926,27.398,8.292,1.206,97.372,78.637
2026-07-23 04:00,52.771,27.307,8.343,1.206,97.467,78.596
2026-07-23 04:10,52.851,27.373,8.371,1.204,97.424,78.589
2026-07-23 04:20,52.933,27.309,8.418,1.204,97.482,78.603
2026-07-23 04:30,52.855,27.33,8.468,1.205,97.586,78.656
2026-07-23 04:40,52.663,27.28,8.445,1.203,97.534,78.624
2026-07-23 04:50,52.467,27.342,8.447,1.2,97.458,78.59
2026-07-23 05:00,52.338,27.266,8.498,1.202,97.673,78.608
2026-07-23 05:10,52.29,27.153,8.494,1.203,97.698,78.628
2026-07-23 05:20,52.368,27.061,8.494,1.201,97.79,78.616
2026-07-23 05:30,52.405,27.093,8.49,1.201,97.784,78.595
2026-07-23 05:40,52.54,27.209,8.507,1.201,97.885,78.566
2026-07-23 05:50,52.35,27.202,8.465,1.207,97.788,78.529
2026-07-23 06:00,52.226,27.299,8.41,1.204,97.627,78.488
2026-07-23 06:10,52.333,27.25,8.469,1.204,97.758,78.478
2026-07-23 06:20,52.43,27.399,8.45,1.203,97.59,78.446
2026-07-23 06:30,52.478,27.426,8.441,1.201,97.569,78.397
2026-07-23 06:40,52.553,27.397,8.422,1.202,97.518,78.445
2026-07-23 06:50,52.413,27.437,8.425,1.203,97.442,78.468
2026-07-23 07:00,52.211,27.301,8.413,1.201,97.362,78.463
2026-07-23 07:10,52.157,27.23,8.38,1.201,97.35,78.476
2026-07-23 07:20,52.452,27.121,8.383,1.201,97.446,78.533
2026-07-23 07:30,52.545,27.22,8.381,1.2,97.327,78.517
2026-07-23 07:40,52.474,27.298,8.398,1.198,97.325,78.537
2026-07-23 07:50,52.771,27.269,8.416,1.196,97.366,78.581
2026-07-23 08:00,52.576,27.329,8.383,1.195,97.212,78.547
2026-07-23 08:10,52.614,27.323,8.387,1.195,97.147,78.453
2026-07-23 08:20,52.734,27.333,8.434,1.194,97.353,78.482
2026-07-23 08:30,52.817,27.467,8.399,1.196,97.265,78.478
2026-07-23 08:40,52.921,27.425,8.383,1.198,97.24,78.514
2026-07-23 08:50,52.889,27.331,8.393,1.198,97.336,78.514
2026-07-23 09:00,52.933,27.251,8.368,1.199,97.316,78.501
2026-07-23 09:10,52.775,27.416,8.309,1.2,97.097,78.471
2026-07-23 09:20,52.812,27.302,8.293,1.199,97.19,78.479
2026-07-23 09:30,52.926,27.225,8.321,1.201,97.298,78.465
2026-07-23 09:40,53.027,27.223,8.416,1.2,97.554,78.486
2026-07-23 09:50,53.182,27.282,8.429,1.202,97.652,78.537
2026-07-23 10:00,52.943,27.108,8.367,1.203,97.465,78.581
2026-07-23 10:10,52.793,27.135,8.372,1.203,97.485,78.63
2026-07-23 10:20,52.615,27.093,8.339,1.203,97.401,78.636
2026-07-23 10:30,52.689,26.99,8.376,1.199,97.532,78.677
2026-07-23 10:40,52.422,26.987,8.342,1.203,97.434,78.692
2026-07-23 10:50,52.345,27.009,8.318,1.202,97.355,78.618
2026-07-23 11:00,52.362,26.915,8.34,1.2,97.427,78.566
2026-07-23 11:10,52.607,26.866,8.361,1.198,97.502,78.559
2026-07-23 11:20,52.705,26.892,8.406,1.196,97.696,78.626
2026-07-23 11:30,52.585,26.95,8.439,1.194,97.74,78.548
2026-07-23 11:40,52.402,26.789,8.373,1.194,97.7,78.543
2026-07-23 11:50,52.267,26.762,8.394,1.195,97.723,78.511
2026-07-23 12:00,52.148,26.636,8.396,1.197,97.708,78.567
2026-07-23 12:10,52.141,26.563,8.42,1.196,97.771,78.547
2026-07-23 12:20,52.39,26.732,8.449,1.194,97.709,78.512
2026-07-23 12:30,52.408,26.613,8.466,1.195,97.838,78.578
2026-07-23 12:40,52.407,26.648,8.488,1.197,97.808,78.551
2026-07-23 12:50,52.402,26.573,8.532,1.194,97.945,78.495
2026-07-23 13:00,52.419,26.644,8.521,1.196,97.905,78.523
2026-07-23 13:10,52.476,26.696,8.482,1.198,97.858,78.513
2026-07-23 13:20,52.555,26.678,8.526,1.196,97.973,78.553
2026-07-23 13:30,52.811,26.695,8.504,1.196,98.037,78.587
2026-07-23 13:40,53.042,26.73,8.534,1.195,98.153,78.611
2026-07-23 13:50,52.979,26.77,8.514,1.197,98.021,78.611
2026-07-23 14:00,52.997,26.894,8.521,1.195,98.023,78.615
2026-07-23 14:10,53.123,26.922,8.524,1.195,98.121,78.616
2026-07-23 14:20,53.372,26.801,8.546,1.194,98.235,78.629
2026-07-23 14:30,53.336,26.782,8.548,1.191,98.169,78.546
2026-07-23 14:40,53.402,26.676,8.53,1.191,98.198,78.526
2026-07-23 14:50,53.271,26.668,8.528,1.192,98.187,78.555
2026-07-23 15:00,53.143,26.767,8.541,1.192,98.21,78.574
2026-07-23 15:10,53.11,26.884,8.548,1.193,98.249,78.497
2026-07-23 15:20,53.073,26.922,8.512,1.196,98.187,78.491
2026-07-23 15:30,53.034,26.995,8.488,1.188,98.017,78.463
2026-07-23 15:40,53.186,27.007,8.514,1.187,98.086,78.499
2026-07-23 15:50,53.312,27.146,8.469,1.185,97.956,78.482
2026-07-23 16:00,53.254,27.283,8.375,1.184,97.653,78.441
2026-07-23 16:10,53.551,27.411,8.4,1.186,97.877,78.51
2026-07-23 16:20,53.49,27.389,8.41,1.187,97.957,78.494
2026-07-23 16:30,53.493,27.355,8.395,1.19,97.976,78.57
2026-07-23 16:40,53.625,27.437,8.402,1.189,97.995,78.532
2026-07-23 16:50,53.684,27.448,8.366,1.189,97.951,78.516
2026-07-23 17:00,53.671,27.458,8.346,1.193,97.956,78.498
2026-07-23 17:10,53.715,27.428,8.341,1.194,97.893,78.443
2026-07-23 17:20,53.498,27.425,8.291,1.191,97.68,78.383
2026-07-23 17:30,53.415,27.481,8.268,1.19,97.6,78.385
2026-07-23 17:40,53.819,27.638,8.365,1.192,97.878,78.417
2026-07-23 17:50,53.901,27.692,8.399,1.191,97.901,78.46
2026-07-23 18:00,54.085,27.71,8.42,1.191,97.998,78.51
2026-07-23 18:10,54.303,27.737,8.524,1.192,98.19,78.538
2026-07-23 18:20,54.167,27.679,8.502,1.193,98.101,78.452
2026-07-23 18:30,54.209,27.61,8.528,1.195,98.129,78.413
2026-07-23 18:40,54.105,27.724,8.519,1.2,98.084,78.447
2026-07-23 18:50,53.77,27.864,8.52,1.2,98.031,78.429
2026-07-23 19:00,53.836,27.877,8.518,1.201,98.072,78.417
2026-07-23 19:10,53.775,27.994,8.52,1.202,98.012,78.408
2026-07-23 19:20,53.814,28.012,8.464,1.203,97.955,78.357
2026-07-23 19:30,53.722,28.056,8.398,1.202,97.735,78.332
2026-07-23 19:40,53.849,27.989,8.394,1.204,97.838,78.33
2026-07-23 19:50,53.948,27.992,8.435,1.205,97.992,78.396
2026-07-23 20:00,54.052,28.006,8.405,1.21,98.041,78.371
2026-07-23 20:10,53.874,28.029,8.4,1.212,97.96,78.353
2026-07-23 20:20,53.694,28.089,8.371,1.212,97.804,78.367
2026-07-23 20:30,53.795,28.076,8.382,1.212,97.837,78.397
2026-07-23 20:40,53.862,28.078,8.419,1.211,97.978,78.414
2026-07-23 20:50,53.793,28.142,8.443,1.211,98.032,78.45
2026-07-23 21:00,53.97,28.208,8.465,1.213,98.113,78.46
2026-07-23 21:10,53.664,28.246,8.429,1.213,98.0,78.476
2026-07-23 21:20,53.39,28.307,8.359,1.215,97.814,78.492
2026-07-23 21:30,53.577,28.401,8.414,1.217,97.983,78.508
2026-07-23 21:40,53.522,28.486,8.397,1.216,97.84,78.471
2026-07-23 21:50,53.453,28.483,8.386,1.211,97.708,78.447
2026-07-23 22:00,53.486,28.447,8.341,1.207,97.669,78.437
2026-07-23 22:10,53.53,28.398,8.341,1.207,97.645,78.444
2026-07-23 22:20,53.279,28.441,8.315,1.203,97.442,78.394
2026-07-23 22:30,53.373,28.431,8.298,1.203,97.464,78.383
2026-07-23 22:40,53.324,28.449,8.298,1.204,97.481,78.363
2026-07-23 22:50,53.365,28.462,8.371,1.203,97.613,78.329
2026-07-23 23:00,53.279,28.325,8.386,1.203,97.666,78.351
2026-07-23 23:10,53.419,28.169,8.373,1.203,97.726,78.342
2026-07-23 23:20,53.574,28.204,8.397,1.199,97.748,78.335
2026-07-23 23:30,53.686,28.159,8.392,1.201,97.81,78.364
2026-07-23 23:40,53.746,28.094,8.372,1.201,97.762,78.343
2026-07-23 23:50,53.894,28.093,8.382,1.201,97.82,78.39
2026-07-24 00:00,53.951,28.057,8.379,1.199,97.756,78.298
2026-07-24 00:10,53.804,28.064,8.341,1.2,97.654,78.306
2026-07-24 00:20,53.996,28.038,8.386,1.198,97.768,78.318
2026-07-24 00:30,54.002,27.935,8.396,1.198,97.861,78.353
2026-07-24 00:40,53.855,27.852,8.397,1.2,97.862,78.403
2026-07-24 00:50,53.799,27.691,8.411,1.201,97.933,78.413
2026-07-24 01:00,54.139,27.767,8.458,1.199,98.026,78.408
2026-07-24 01:10,54.382,27.822,8.462,1.199,98.079,78.407
2026-07-24 01:20,54.439,27.763,8.43,1.198,98.077,78.334
2026-07-24 01:30,54.332,27.683,8.443,1.198,98.127,78.321
2026-07-24 01:40,54.44,27.723,8.414,1.198,98.066,78.299
2026-07-24 01:50,54.051,27.757,8.371,1.199,97.862,78.208
2026-07-24 02:00,53.965,27.655,8.362,1.2,97.903,78.194
2026-07-24 02:10,54.307,27.636,8.428,1.2,98.19,78.224
2026-07-24 02:20,54.314,27.595,8.456,1.201,98.261,78.21
2026-07-24 02:30,54.142,27.598,8.494,1.199,98.3,78.207
2026-07-24 02:40,54.255,27.557,8.483,1.198,98.305,78.156
2026-07-24 02:50,54.674,27.439,8.51,1.197,98.58,78.211
2026-07-24 03:00,54.498,27.497,8.442,1.198,98.447,78.246
2026-07-24 03:10,54.489,27.67,8.388,1.199,98.228,78.259
2026-07-24 03:20,54.557,27.6,8.359,1.197,98.216,78.28
2026-07-24 03:30,54.26,27.446,8.304,1.195,98.082,78.253
2026-07-24 03:40,54.248,27.514,8.298,1.197,98.101,78.237
2026-07-24 03:50,54.109,27.406,8.272,1.2,98.098,78.276
2026-07-24 04:00,53.918,27.422,8.246,1.2,97.951,78.316
2026-07-24 04:10,53.852,27.55,8.266,1.204,97.948,78.311
2026-07-24 04:20,53.706,27.49,8.301,1.204,97.906,78.326
2026-07-24 04:30,53.519,27.489,8.266,1.204,97.805,78.36
2026-07-24 04:40,53.327,27.537,8.252,1.207,97.62,78.348
2026-07-24 04:50,53.318,27.594,8.238,1.206,97.595,78.32
2026-07-24 05:00,53.273,27.475,8.271,1.204,97.727,78.319
2026-07-24 05:10,52.993,27.527,8.171,1.204,97.462,78.318
2026-07-24 05:20,53.088,27.689,8.234,1.201,97.462,78.289
2026-07-24 05:30,52.96,27.759,8.26,1.201,97.468,78.233
2026-07-24 05:40,53.082,27.884,8.223,1.2,97.339,78.208
2026-07-24 05:50,53.13,27.806,8.198,1.199,97.284,78.221
2026-07-24 06:00,52.886,27.879,8.177,1.197,97.108,78.163
2026-07-24 06:10,52.716,27.947,8.13,1.198,96.896,78.097
2026-07-24 06:20,52.633,28.049,8.149,1.202,96.847,78.127
2026-07-24 06:30,52.624,28.085,8.168,1.204,96.861,78.11
2026-07-24 06:40,52.532,28.025,8.128,1.207,96.763,78.13
2026-07-24 06:50,52.596,27.975,8.161,1.206,96.805,78.147
2026-07-24 07:00,52.486,27.941,8.151,1.207,96.711,78.159
2026-07-24 07:10,52.561,27.955,8.168,1.203,96.771,78.192
2026-07-24 07:20,52.526,27.932,8.179,1.202,96.735,78.235
2026-07-24 07:30,52.635,27.86,8.143,1.204,96.685,78.236
2026-07-24 07:40,52.814,27.808,8.159,1.204,96.725,78.205
2026-07-24 07:50,52.895,27.876,8.199,1.205,96.723,78.245
2026-07-24 08:00,52.958,27.955,8.221,1.204,96.683,78.204
2026-07-24 08:10,52.95,28.101,8.23,1.204,96.687,78.218
2026-07-24 08:20,53.173,27.994,8.282,1.204,96.925,78.264
2026-07-24 08:30,53.412,28.056,8.284,1.205,96.988,78.241
2026-07-24 08:40,53.598,28.099,8.341,1.206,97.142,78.278
2026-07-24 08:50,53.524,27.951,8.363,1.208,97.277,78.28
2026-07-24 09:00,53.392,27.916,8.389,1.207,97.271,78.318
2026-07-24 09:10,53.541,27.914,8.395,1.206,97.282,78.282
2026-07-24 09:20,53.533,27.91,8.342,1.206,97.227,78.246
2026-07-24 09:30,53.515,27.889,8.342,1.205,97.177,78.252
2026-07-24 09:40,53.561,27.893,8.328,1.202,97.183,78.278
2026-07-24 09:50,53.508,27.871,8.278,1.199,97.078,78.211
2026-07-24 10:00,53.155,27.965,8.211,1.199,96.808,78.229
2026-07-24 10:10,53.097,27.845,8.177,1.195,96.722,78.245
2026-07-24 10:20,53.213,27.882,8.226,1.194,96.888,78.262
2026-07-24 10:30,53.105,27.927,8.259,1.192,96.973,78.251
2026-07-24 10:40,53.189,27.805,8.256,1.193,97.042,78.277
2026-07-24 10:50,52.964,27.704,8.131,1.191,96.717,78.26
2026-07-24 11:00,53.123,27.566,8.186,1.193,97.005,78.31
2026-07-24 11:10,53.069,27.607,8.209,1.192,97.006,78.283
2026-07-24 11:20,53.173,27.637,8.237,1.19,97.027,78.283
2026-07-24 11:30,53.247,27.682,8.256,1.193,97.054,78.375
2026-07-24 11:40,53.251,27.545,8.246,1.189,97.056,78.375
2026-07-24 11:50,53.143,27.414,8.237,1.191,97.055,78.417
2026-07-24 12:00,53.35,27.443,8.252,1.189,97.093,78.41
2026-07-24 12:10,53.299,27.455,8.226,1.19,97.046,78.438
2026-07-24 12:20,53.248,27.524,8.217,1.189,96.994,78.441
2026-07-24 12:30,53.117,27.475,8.213,1.193,96.994,78.39
2026-07-24 12:40,53.283,27.401,8.293,1.192,97.211,78.418
2026-07-24 12:50,53.136,27.323,8.318,1.194,97.28,78.437
2026-07-24 13:00,53.248,27.284,8.28,1.195,97.222,78.47
2026-07-24 13:10,53.351,27.303,8.34,1.192,97.29,78.461
2026-07-24 13:20,53.425,27.295,8.275,1.194,97.159,78.48
2026-07-24 13:30,53.626,27.387,8.287,1.194,97.214,78.462
2026-07-24 13:40,53.422,27.397,8.243,1.193,97.112,78.424
2026-07-24 13:50,53.121,27.556,8.254,1.192,96.981,78.423
2026-07-24 14:00,53.188,27.456,8.249,1.192,97.062,78.457
2026-07-24 14:10,52.983,27.481,8.24,1.191,96.99,78.357
2026-07-24 14:20,52.763,27.52,8.241,1.194,96.898,78.328
2026-07-24 14:30,52.608,27.56,8.154,1.194,96.754,78.301
2026-07-24 14:40,52.575,27.676,8.171,1.193,96.721,78.303
2026-07-24 14:50,52.547,27.594,8.194,1.195,96.844,78.363
2026-07-24 15:00,52.455,27.618,8.184,1.194,96.799,78.34
2026-07-24 15:10,52.595,27.643,8.197,1.197,96.793,78.386
2026-07-24 15:20,52.565,27.556,8.22,1.197,96.84,78.381
2026-07-24 15:30,52.411,27.607,8.199,1.193,96.722,78.336
2026-07-24 15:40,52.518,27.651,8.186,1.192,96.759,78.224
2026-07-24 15:50,52.219,27.657,8.12,1.19,96.546,78.213
2026-07-24 16:00,52.152,27.573,8.1,1.193,96.528,78.213
2026-07-24 16:10,52.093,27.576,8.08,1.19,96.424,78.127
2026-07-24 16:20,52.138,27.627,8.141,1.191,96.53,78.215
2026-07-24 16:30,52.071,27.689,8.092,1.197,96.434,78.211
2026-07-24 16:40,51.922,27.746,8.045,1.197,96.276,78.18
2026-07-24 16:50,52.154,27.895,8.057,1.199,96.275,78.209
2026-07-24 17:00,52.1,27.823,8.055,1.199,96.285,78.208
2026-07-24 17:10,52.041,27.872,8.006,1.201,96.175,78.201
2026-07-24 17:20,51.988,27.992,7.999,1.203,96.109,78.202
2026-07-24 17:30,52.185,27.925,8.005,1.204,96.201,78.266
2026-07-24 17:40,52.053,27.783,8.027,1.203,96.294,78.246
2026-07-24 17:50,51.909,27.749,8.042,1.206,96.326,78.282
2026-07-24 18:00,51.927,27.85,8.074,1.203,96.371,78.251
2026-07-24 18:10,51.943,27.786,8.082,1.203,96.389,78.211
2026-07-24 18:20,51.923,27.77,8.081,1.199,96.372,78.196
2026-07-24 18:30,51.864,27.672,8.074,1.197,96.335,78.181
2026-07-24 18:40,51.934,27.658,8.134,1.196,96.544,78.256
2026-07-24 18:50,51.844,27.665,8.148,1.197,96.524,78.254
2026-07-24 19:00,51.743,27.619,8.118,1.197,96.544,78.295
2026-07-24 19:10,52.2,27.726,8.182,1.198,96.693,78.308
2026-07-24 19:20,52.167,27.545,8.189,1.2,96.648,78.292
2026-07-24 19:30,52.0,27.531,8.185,1.203,96.734,78.323
2026-07-24 19:40,52.281,27.586,8.203,1.207,96.831,78.338
2026-07-24 19:50,52.197,27.636,8.188,1.202,96.664,78.271
2026-07-24 20:00,52.115,27.644,8.158,1.204,96.453,78.262
2026-07-24 20:10,52.201,27.618,8.231,1.205,96.616,78.286
2026-07-24 20:20,52.55,27.688,8.325,1.205,96.927,78.301
2026-07-24 20:30,52.647,27.663,8.295,1.205,96.91,78.257
2026-07-24 20:40,52.503,27.723,8.26,1.204,96.789,78.266
2026-07-24 20:50,52.256,27.713,8.255,1.204,96.711,78.263
2026-07-24 21:00,52.365,27.626,8.229,1.205,96.76,78.284
2026-07-24 21:10,52.421,27.52,8.267,1.202,96.853,78.261
2026-07-24 21:20,52.523,27.628,8.277,1.202,96.86,78.254
2026-07-24 21:30,52.588,27.72,8.25,1.2,96.867,78.27
2026-07-24 21:40,52.765,27.755,8.248,1.198,96.888,78.271
2026-07-24 21:50,52.727,27.689,8.275,1.199,96.995,78.274
2026-07-24 22:00,52.528,27.532,8.185,1.196,96.845,78.224
2026-07-24 22:10,52.184,27.455,8.12,1.196,96.67,78.22
2026-07-24 22:20,52.012,27.456,8.14,1.197,96.731,78.288
2026-07-24 22:30,51.8,27.507,8.087,1.202,96.617,78.335
2026-07-24 22:40,51.601,27.477,8.001,1.206,96.522,78.347
2026-07-24 22:50,51.535,27.415,8.012,1.208,96.573,78.369
2026-07-24 23:00,51.563,27.495,8.063,1.209,96.657,78.333
2026-07-24 23:10,51.496,27.607,8.044,1.207,96.574,78.328
2026-07-24 23:20,51.557,27.678,8.039,1.206,96.548,78.338
2026-07-24 23:30,51.86,27.615,8.088,1.207,96.807,78.408
2026-07-24 23:40,51.895,27.695,8.078,1.204,96.696,78.393
2026-07-24 23:50,51.467,27.761,7.976,1.204,96.378,78.334
2026-07-25 00:00,51.417,32.796,7.972,1.205,94.647,78.087
2026-07-25 00:10,51.422,32.756,7.997,1.207,94.742,78.088
2026-07-25 00:20,51.214,32.753,8.051,1.208,94.858,78.111
2026-07-25 00:30,51.288,32.655,8.048,1.205,94.893,78.108
2026-07-25 00:40,51.175,32.685,8.037,1.202,94.889,78.128
2026-07-25 00:50,50.914,32.602,7.962,1.203,94.71,78.125
2026-07-25 01:00,51.004,32.678,7.935,1.205,94.603,78.07
2026-07-25 01:10,51.111,32.686,7.922,1.205,94.548,78.075
2026-07-25 01:20,50.931,32.602,7.946,1.207,94.615,78.118
2026-07-25 01:30,51.0,32.72,7.951,1.207,94.633,78.071
2026-07-25 01:40,50.87,32.833,7.975,1.205,94.588,78.077
2026-07-25 01:50,50.599,32.861,7.931,1.206,94.325,77.991
2026-07-25 02:00,50.506,32.664,7.957,1.205,94.475,78.053
2026-07-25 02:10,50.844,32.816,7.998,1.208,94.53,78.085
2026-07-25 02:20,50.848,32.923,8.028,1.205,94.583,78.094
2026-07-25 02:30,50.961,32.939,7.974,1.206,94.562,78.113
2026-07-25 02:40,51.182,32.928,8.019,1.202,94.695,78.129
2026-07-25 02:50,51.035,32.946,7.999,1.205,94.642,78.11
2026-07-25 03:00,51.025,33.044,7.982,1.205,94.574,78.112
2026-07-25 03:10,51.019,33.011,7.965,1.207,94.633,78.094
2026-07-25 03:20,51.102,33.061,8.012,1.208,94.689,78.073
2026-07-25 03:30,50.964,32.995,8.002,1.207,94.663,78.089
2026-07-25 03:40,50.946,32.875,8.006,1.205,94.617,78.075
2026-07-25 03:50,51.017,32.868,8.011,1.202,94.64,78.032
2026-07-25 04:00,51.24,32.761,8.074,1.204,94.844,78.052
2026-07-25 04:10,51.196,32.634,8.043,1.202,94.902,78.014
2026-07-25 04:20,51.527,32.586,8.104,1.202,95.12,78.128
2026-07-25 04:30,51.229,32.614,8.043,1.2,94.92,78.066
2026-07-25 04:40,51.441,32.569,8.12,1.199,95.173,78.142
2026-07-25 04:50,51.447,32.613,8.117,1.201,95.186,78.175
2026-07-25 05:00,51.492,32.619,8.146,1.2,95.169,78.174
2026-07-25 05:10,51.503,32.689,8.113,1.199,95.067,78.139
2026-07-25 05:20,51.446,32.808,8.155,1.198,95.093,78.148
2026-07-25 05:30,51.366,32.834,8.137,1.198,95.03,78.088
2026-07-25 05:40,51.426,32.815,8.19,1.198,95.167,78.111
2026-07-25 05:50,51.482,32.942,8.239,1.203,95.254,78.145
2026-07-25 06:00,51.19,33.146,8.225,1.201,95.081,78.134
2026-07-25 06:10,50.912,33.208,8.219,1.199,94.948,78.098
2026-07-25 06:20,50.828,33.217,8.237,1.2,94.945,78.065
2026-07-25 06:30,50.995,33.197,8.244,1.2,94.968,78.088
2026-07-25 06:40,50.977,33.116,8.292,1.203,95.187,78.109
2026-07-25 06:50,50.754,33.17,8.225,1.203,94.948,78.092
2026-07-25 07:00,50.539,33.194,8.227,1.202,94.881,78.098
2026-07-25 07:10,50.209,33.302,8.153,1.198,94.53,78.025
2026-07-25 07:20,50.399,33.248,8.161,1.199,94.509,78.053
2026-07-25 07:30,50.716,33.263,8.215,1.201,94.702,78.054
2026-07-25 07:40,50.693,33.338,8.207,1.205,94.682,78.073
2026-07-25 07:50,51.0,33.334,8.23,1.206,94.751,78.137
2026-07-25 08:00,51.181,33.232,8.275,1.207,94.905,78.158
2026-07-25 08:10,51.164,33.288,8.313,1.205,94.954,78.155
2026-07-25 08:20,51.186,33.251,8.348,1.206,95.067,78.201
2026-07-25 08:30,50.96,33.044,8.341,1.205,95.078,78.238
2026-07-25 08:40,50.881,33.166,8.24,1.203,94.847,78.18
2026-07-25 08:50,50.797,33.174,8.181,1.208,94.768,78.17
2026-07-25 09:00,50.919,33.232,8.185,1.209,94.802,78.154
2026-07-25 09:10,50.771,33.183,8.219,1.207,94.868,78.095
2026-07-25 09:20,50.806,33.161,8.221,1.206,94.864,78.095
2026-07-25 09:30,50.71,33.135,8.202,1.201,94.73,78.025
2026-07-25 09:40,50.825,33.144,8.216,1.201,94.69,78.03
2026-07-25 09:50,50.967,33.168,8.222,1.198,94.771,78.047
2026-07-25 10:00,50.682,33.159,8.178,1.198,94.641,78.02
2026-07-25 10:10,50.358,33.187,8.12,1.199,94.477,77.973
2026-07-25 10:20,50.645,33.262,8.112,1.202,94.449,77.983
2026-07-25 10:30,50.399,33.254,8.053,1.201,94.168,77.934
2026-07-25 10:40,50.398,33.305,8.049,1.202,94.113,77.903
2026-07-25 10:50,50.273,33.219,8.062,1.205,94.18,77.932
2026-07-25 11:00,50.284,33.16,8.015,1.206,94.119,77.954
2026-07-25 11:10,49.987,33.136,7.988,1.208,93.967,77.934
2026-07-25 11:20,50.189,33.06,8.018,1.205,94.068,77.942
2026-07-25 11:30,50.233,32.875,8.011,1.202,94.219,77.932
2026-07-25 11:40,50.577,32.871,8.011,1.201,94.376,77.947
2026-07-25 11:50,50.466,32.772,8.011,1.199,94.353,77.943
2026-07-25 12:00,50.475,32.618,8.023,1.198,94.432,77.946
2026-07-25 12:10,50.353,32.661,8.038,1.2,94.445,77.969
2026-07-25 12:20,50.312,32.563,7.982,1.199,94.374,77.97
2026-07-25 12:30,49.981,32.519,7.981,1.196,94.326,77.979
2026-07-25 12:40,49.845,32.692,7.969,1.195,94.182,77.964
2026-07-25 12:50,49.932,32.703,7.957,1.197,94.212,77.973
2026-07-25 13:00,49.88,32.603,7.993,1.199,94.324,78.02
2026-07-25 13:10,49.772,32.511,8.033,1.201,94.396,78.012
2026-07-25 13:20,49.745,32.488,8.03,1.201,94.426,78.044
2026-07-25 13:30,49.753,32.65,8.037,1.202,94.399,77.98
2026-07-25 13:40,50.008,32.662,8.061,1.199,94.442,77.921
2026-07-25 13:50,50.065,32.82,8.074,1.196,94.364,77.888
2026-07-25 14:00,49.897,32.844,8.069,1.195,94.361,77.862
2026-07-25 14:10,49.79,32.841,8.08,1.195,94.288,77.839
2026-07-25 14:20,49.662,32.858,8.066,1.195,94.255,77.868
2026-07-25 14:30,49.544,32.789,8.034,1.2,94.207,77.88
2026-07-25 14:40,49.36,32.828,7.973,1.199,93.943,77.86
2026-07-25 14:50,49.246,32.854,7.946,1.196,93.928,77.816
2026-07-25 15:00,49.005,32.886,7.921,1.194,93.712,77.808
2026-07-25 15:10,49.25,32.954,7.987,1.194,93.953,77.857
2026-07-25 15:20,49.411,32.879,8.03,1.193,94.12,77.852
2026-07-25 15:30,49.206,32.688,8.032,1.194,94.066,77.8
2026-07-25 15:40,49.319,32.667,7.993,1.192,93.951,77.755
2026-07-25 15:50,49.126,32.699,8.017,1.197,93.887,77.77
2026-07-25 16:00,49.121,32.735,8.045,1.196,93.936,77.828
2026-07-25 16:10,49.36,32.647,8.096,1.195,94.093,77.864
2026-07-25 16:20,49.156,32.578,8.09,1.196,94.073,77.821
2026-07-25 16:30,48.971,32.668,8.074,1.197,93.913,77.764
2026-07-25 16:40,49.077,32.625,8.086,1.196,93.907,77.734
2026-07-25 16:50,49.073,32.517,8.122,1.197,93.961,77.812
2026-07-25 17:00,48.931,32.487,8.085,1.196,93.8,77.778
2026-07-25 17:10,48.941,32.581,8.075,1.197,93.74,77.754
2026-07-25 17:20,48.935,32.644,8.099,1.195,93.682,77.778
2026-07-25 17:30,48.829,32.532,8.068,1.197,93.623,77.838
2026-07-25 17:40,48.811,32.482,8.057,1.196,93.625,77.817
2026-07-25 17:50,49.039,32.438,8.088,1.193,93.788,77.867
2026-07-25 18:00,48.914,32.51,8.108,1.195,93.827,77.849
2026-07-25 18:10,48.944,32.601,8.099,1.197,93.915,77.835
2026-07-25 18:20,48.861,32.605,8.044,1.199,93.795,77.918
2026-07-25 18:30,48.538,32.412,8.062,1.198,93.861,77.909
2026-07-25 18:40,48.635,32.389,8.124,1.196,94.049,77.835
2026-07-25 18:50,48.579,32.369,8.112,1.197,94.068,77.824
2026-07-25 19:00,48.563,32.31,8.09,1.194,94.009,77.787
2026-07-25 19:10,48.422,32.54,8.011,1.195,93.79,77.749
2026-07-25 19:20,48.236,32.52,7.972,1.196,93.665,77.741
2026-07-25 19:30,48.006,32.535,7.944,1.194,93.601,77.744
2026-07-25 19:40,48.074,32.571,7.962,1.196,93.716,77.778
2026-07-25 19:50,47.993,32.636,7.933,1.193,93.497,77.682
2026-07-25 20:00,48.074,32.696,7.942,1.192,93.608,77.67
2026-07-25 20:10,48.022,32.675,7.9,1.191,93.581,77.592
2026-07-25 20:20,48.331,32.613,7.926,1.191,93.684,77.66
2026-07-25 20:30,48.507,32.576,7.912,1.192,93.756,77.678
2026-07-25 20:40,48.59,32.532,7.877,1.195,93.807,77.693
2026-07-25 20:50,48.621,32.554,7.877,1.192,93.769,77.68
2026-07-25 21:00,48.712,32.429,7.885,1.192,93.929,77.725
2026-07-25 21:10,48.706,32.539,7.891,1.193,93.892,77.661
2026-07-25 21:20,48.819,32.468,7.909,1.195,94.015,77.709
2026-07-25 21:30,48.92,32.4,7.923,1.193,94.08,77.722
2026-07-25 21:40,48.818,32.486,7.911,1.191,94.043,77.717
2026-07-25 21:50,48.693,32.567,7.844,1.192,93.853,77.689
2026-07-25 22:00,48.542,32.606,7.783,1.195,93.655,77.701
2026-07-25 22:10,48.471,32.778,7.793,1.196,93.591,77.687
2026-07-25 22:20,48.39,32.736,7.791,1.198,93.649,77.708
2026-07-25 22:30,48.286,32.715,7.798,1.196,93.587,77.664
2026-07-25 22:40,48.204,32.785,7.741,1.193,93.374,77.645
2026-07-25 22:50,48.258,32.776,7.729,1.193,93.386,77.643
2026-07-25 23:00,48.313,32.587,7.696,1.193,93.449,77.656
2026-07-25 23:10,48.19,32.473,7.688,1.191,93.408,77.671
2026-07-25 23:20,48.116,32.476,7.658,1.19,93.242,77.614
2026-07-25 23:30,47.992,32.509,7.681,1.188,93.208,77.595
2026-07-25 23:40,47.908,32.622,7.649,1.189,93.111,77.604
2026-07-25 23:50,47.992,32.633,7.639,1.19,93.035,77.603
2026-07-26 00:00,47.967,32.691,7.617,1.188,93.019,77.546
2026-07-26 00:10,47.732,32.517,7.573,1.191,92.928,77.556
2026-07-26 00:20,47.775,32.588,7.643,1.192,93.035,77.553
2026-07-26 00:30,47.906,32.494,7.644,1.191,92.993,77.506
2026-07-26 00:40,47.95,32.378,7.616,1.191,93.018,77.505
2026-07-26 00:50,48.19,32.346,7.649,1.196,93.196,77.565
2026-07-26 01:00,48.694,32.208,7.669,1.195,93.463,77.587
2026-07-26 01:10,48.769,32.224,7.692,1.196,93.547,77.635
2026-07-26 01:20,48.583,32.227,7.742,1.202,93.694,77.656
2026-07-26 01:30,48.538,32.229,7.771,1.201,93.692,77.658
2026-07-26 01:40,48.421,32.213,7.795,1.199,93.696,77.652
2026-07-26 01:50,48.361,32.292,7.799,1.195,93.686,77.62
2026-07-26 02:00,48.401,32.275,7.778,1.191,93.546,77.586
2026-07-26 02:10,48.17,32.17,7.749,1.19,93.455,77.569
2026-07-26 02:20,48.209,32.27,7.828,1.19,93.659,77.588
2026-07-26 02:30,48.086,32.309,7.822,1.191,93.589,77.657
2026-07-26 02:40,48.131,32.223,7.848,1.193,93.74,77.687
2026-07-26 02:50,48.239,32.129,7.827,1.193,93.708,77.674
2026-07-26 03:00,48.274,32.051,7.876,1.196,93.816,77.71
2026-07-26 03:10,48.612,32.111,7.911,1.197,93.943,77.698
2026-07-26 03:20,48.607,32.016,7.896,1.2,94.015,77.776
2026-07-26 03:30,48.719,32.047,7.907,1.198,94.001,77.738
2026-07-26 03:40,48.888,32.096,7.943,1.203,94.147,77.792
2026-07-26 03:50,49.01,32.209,7.933,1.201,94.107,77.789
2026-07-26 04:00,49.166,32.139,7.912,1.201,94.172,77.792
2026-07-26 04:10,49.172,32.127,7.905,1.199,94.19,77.797
2026-07-26 04:20,49.273,32.149,7.926,1.202,94.17,77.819
2026-07-26 04:30,49.095,32.027,7.964,1.202,94.253,77.832
2026-07-26 04:40,49.03,32.079,7.983,1.2,94.306,77.829
2026-07-26 04:50,49.063,32.226,7.998,1.2,94.294,77.822
2026-07-26 05:00,49.228,32.24,8.044,1.196,94.36,77.839
2026-07-26 05:10,49.133,32.395,8.042,1.196,94.292,77.823
2026-07-26 05:20,49.394,32.273,8.068,1.195,94.448,77.862
2026-07-26 05:30,49.398,32.309,8.016,1.194,94.222,77.809
2026-07-26 05:40,49.124,32.383,8.002,1.196,94.056,77.784
2026-07-26 05:50,49.322,32.373,8.031,1.198,94.144,77.724
2026-07-26 06:00,49.524,32.299,8.009,1.2,94.142,77.715
2026-07-26 06:10,49.607,32.217,8.031,1.199,94.19,77.679
2026-07-26 06:20,49.53,32.237,8.011,1.194,93.994,77.596
2026-07-26 06:30,49.479,32.175,7.999,1.194,93.967,77.592
2026-07-26 06:40,49.446,32.181,7.987,1.194,93.994,77.606
2026-07-26 06:50,49.589,32.029,8.041,1.197,94.267,77.61
2026-07-26 07:00,49.59,31.927,8.065,1.196,94.363,77.627
2026-07-26 07:10,49.298,31.884,8.067,1.196,94.231,77.61
2026-07-26 07:20,49.178,32.065,8.085,1.195,94.207,77.586
2026-07-26 07:30,49.173,32.024,8.063,1.194,94.197,77.555
2026-07-26 07:40,48.971,32.14,7.981,1.194,93.882,77.494
2026-07-26 07:50,48.91,32.229,7.941,1.198,93.793,77.47
2026-07-26 08:00,49.148,32.178,7.915,1.197,93.775,77.488
2026-07-26 08:10,49.232,32.249,7.953,1.196,93.824,77.503
2026-07-26 08:20,49.227,32.368,7.931,1.196,93.745,77.523
2026-07-26 08:30,49.351,32.315,7.941,1.198,93.925,77.522
2026-07-26 08:40,49.341,32.12,7.968,1.2,94.037,77.525
2026-07-26 08:50,49.487,32.121,7.977,1.2,94.144,77.501
2026-07-26 09:00,49.572,32.144,7.981,1.203,94.124,77.491
2026-07-26 09:10,49.401,32.238,7.955,1.203,93.972,77.397
2026-07-26 09:20,49.764,32.207,7.997,1.201,94.128,77.412
2026-07-26 09:30,49.548,32.183,7.984,1.2,94.196,77.45
2026-07-26 09:40,49.496,32.119,8.005,1.198,94.211,77.483
2026-07-26 09:50,49.444,32.244,7.972,1.195,94.018,77.446
2026-07-26 10:00,49.249,32.234,7.978,1.198,94.017,77.502
2026-07-26 10:10,49.073,32.277,7.93,1.199,93.879,77.47
2026-07-26 10:20,49.114,32.301,7.918,1.201,93.885,77.54
2026-07-26 10:30,48.88,32.323,7.834,1.203,93.706,77.531
2026-07-26 10:40,48.691,32.342,7.815,1.204,93.628,77.519
2026-07-26 10:50,48.714,32.335,7.789,1.205,93.584,77.485
2026-07-26 11:00,48.651,32.312,7.764,1.206,93.576,77.527
2026-07-26 11:10,48.657,32.371,7.734,1.21,93.619,77.579
2026-07-26 11:20,48.588,32.416,7.704,1.211,93.551,77.595
2026-07-26 11:30,48.45,32.39,7.718,1.211,93.524,77.622
2026-07-26 11:40,48.566,32.369,7.702,1.212,93.508,77.62
2026-07-26 11:50,48.602,32.384,7.7,1.213,93.487,77.556
2026-07-26 12:00,48.632,32.358,7.715,1.215,93.479,77.575
2026-07-26 12:10,48.797,32.499,7.73,1.218,93.433,77.587
2026-07-26 12:20,48.478,32.45,7.65,1.216,93.216,77.587
2026-07-26 12:30,48.58,32.464,7.672,1.216,93.315,77.622
2026-07-26 12:40,48.735,32.463,7.684,1.216,93.332,77.604
2026-07-26 12:50,48.873,32.431,7.694,1.215,93.449,77.587
2026-07-26 13:00,49.095,32.354,7.645,1.217,93.472,77.649
2026-07-26 13:10,49.32,32.187,7.69,1.213,93.622,77.622
2026-07-26 13:20,49.332,32.13,7.652,1.213,93.583,77.664
2026-07-26 13:30,49.374,32.296,7.597,1.214,93.412,77.678
2026-07-26 13:40,49.113,32.24,7.572,1.216,93.268,77.665
2026-07-26 13:50,49.175,32.271,7.59,1.217,93.224,77.638
2026-07-26 14:00,49.044,32.189,7.586,1.217,93.242,77.656
2026-07-26 14:10,49.058,32.153,7.591,1.215,93.279,77.616
2026-07-26 14:20,48.881,32.097,7.562,1.211,93.077,77.561
2026-07-26 14:30,48.652,31.999,7.606,1.211,93.12,77.507
2026-07-26 14:40,48.672,31.948,7.622,1.209,93.182,77.531
2026-07-26 14:50,48.523,31.864,7.633,1.211,93.239,77.597
2026-07-26 15:00,48.424,31.946,7.585,1.211,93.046,77.532
2026-07-26 15:10,48.223,31.951,7.57,1.208,92.892,77.488
2026-07-26 15:20,48.29,31.941,7.575,1.205,92.891,77.522
2026-07-26 15:30,48.202,31.897,7.65,1.204,93.035,77.494
2026-07-26 15:40,48.47,32.005,7.671,1.204,93.101,77.522
2026-07-26 15:50,48.208,32.008,7.625,1.205,92.982,77.567
2026-07-26 16:00,48.434,32.064,7.624,1.207,93.138,77.568
2026-07-26 16:10,48.423,32.169,7.684,1.205,93.203,77.548
2026-07-26 16:20,48.385,32.206,7.708,1.207,93.17,77.548
2026-07-26 16:30,48.303,32.217,7.679,1.207,93.055,77.556
2026-07-26 16:40,48.279,32.31,7.702,1.206,93.036,77.517
2026-07-26 16:50,48.157,32.232,7.683,1.205,93.047,77.552
2026-07-26 17:00,48.219,32.137,7.702,1.202,93.185,77.538
2026-07-26 17:10,48.307,31.999,7.701,1.202,93.241,77.53
2026-07-26 17:20,48.083,32.001,7.62,1.202,93.021,77.539
2026-07-26 17:30,48.014,32.019,7.593,1.202,93.0,77.548
2026-07-26 17:40,47.962,32.002,7.601,1.201,92.93,77.511
2026-07-26 17:50,47.905,32.109,7.566,1.199,92.774,77.532
2026-07-26 18:00,48.084,32.163,7.567,1.199,92.762,77.498
2026-07-26 18:10,47.995,32.17,7.593,1.199,92.767,77.522
2026-07-26 18:20,48.151,32.231,7.643,1.202,92.948,77.536
2026-07-26 18:30,48.285,32.262,7.652,1.203,92.949,77.482
2026-07-26 18:40,48.344,32.276,7.728,1.201,93.076,77.463
2026-07-26 18:50,48.373,32.242,7.707,1.204,92.948,77.527
2026-07-26 19:00,48.602,32.341,7.752,1.204,93.153,77.558
2026-07-26 19:10,48.708,32.285,7.76,1.204,93.309,77.594
2026-07-26 19:20,48.865,32.176,7.754,1.204,93.363,77.628
2026-07-26 19:30,48.671,32.235,7.728,1.201,93.203,77.527
2026-07-26 19:40,48.626,32.174,7.73,1.204,93.198,77.562
2026-07-26 19:50,48.393,32.101,7.74,1.206,93.225,77.591
2026-07-26 20:00,48.539,32.101,7.762,1.206,93.305,77.591
2026-07-26 20:10,48.718,32.154,7.821,1.203,93.407,77.595
2026-07-26 20:20,48.596,32.084,7.796,1.201,93.342,77.546
2026-07-26 20:30,48.782,32.251,7.807,1.197,93.32,77.561
2026-07-26 20:40,48.622,32.221,7.796,1.199,93.338,77.577
2026-07-26 20:50,48.804,32.282,7.802,1.197,93.393,77.58
2026-07-26 21:00,48.684,32.154,7.784,1.199,93.364,77.642
2026-07-26 21:10,48.79,32.268,7.779,1.197,93.301,77.592
2026-07-26 21:20,48.699,32.33,7.796,1.194,93.331,77.564
2026-07-26 21:30,48.593,32.386,7.753,1.192,93.154,77.524
2026-07-26 21:40,48.803,32.452,7.748,1.191,93.182,77.474
2026-07-26 21:50,48.764,32.466,7.791,1.189,93.253,77.496
2026-07-26 22:00,49.004,32.462,7.834,1.188,93.429,77.483
2026-07-26 22:10,48.719,32.514,7.802,1.188,93.226,77.442
2026-07-26 22:20,48.719,32.586,7.792,1.189,93.14,77.449
2026-07-26 22:30,48.573,32.77,7.776,1.185,93.039,77.423
2026-07-26 22:40,48.325,32.801,7.765,1.187,92.95,77.478
2026-07-26 22:50,48.193,32.779,7.758,1.192,92.839,77.456
2026-07-26 23:00,48.087,32.85,7.792,1.192,92.81,77.463
2026-07-26 23:10,48.152,32.845,7.79,1.193,92.909,77.471
2026-07-26 23:20,47.981,32.828,7.786,1.189,92.76,77.483
2026-07-26 23:30,47.835,32.927,7.716,1.188,92.552,77.473
2026-07-26 23:40,47.69,33.084,7.682,1.188,92.399,77.444
2026-07-26 23:50,48.002,33.027,7.724,1.19,92.587,77.481
2026-07-27 00:00,47.968,32.955,7.712,1.188,92.549,77.438
2026-07-27 00:10,48.078,32.966,7.717,1.19,92.548,77.459
2026-07-27 00:20,48.119,32.997,7.709,1.189,92.561,77.452
2026-07-27 00:30,48.015,33.149,7.669,1.189,92.526,77.457
2026-07-27 00:40,48.189,33.271,7.683,1.191,92.54,77.452
2026-07-27 00:50,48.076,33.246,7.612,1.193,92.502,77.49
2026-07-27 01:00,48.197,33.141,7.606,1.192,92.52,77.49
2026-07-27 01:10,48.114,33.136,7.567,1.187,92.323,77.386
2026-07-27 01:20,47.972,33.11,7.577,1.188,92.275,77.435
2026-07-27 01:30,47.938,33.07,7.53,1.188,92.255,77.486
2026-07-27 01:40,48.27,33.089,7.616,1.19,92.605,77.583
2026-07-27 01:50,48.373,33.198,7.664,1.187,92.707,77.571
2026-07-27 02:00,48.503,33.153,7.691,1.188,92.859,77.639
2026-07-27 02:10,48.336,33.238,7.624,1.188,92.712,77.616
2026-07-27 02:20,48.45,33.133,7.722,1.188,92.91,77.657
2026-07-27 02:30,48.619,33.154,7.76,1.189,93.105,77.701
2026-07-27 02:40,48.371,33.131,7.687,1.188,92.934,77.679
2026-07-27 02:50,48.5,33.206,7.707,1.187,92.915,77.644
2026-07-27 03:00,48.227,33.189,7.676,1.184,92.726,77.602
2026-07-27 03:10,48.287,33.433,7.71,1.186,92.704,77.58
2026-07-27 03:20,48.252,33.35,7.716,1.184,92.704,77.559
2026-07-27 03:30,48.21,33.211,7.71,1.188,92.737,77.618
2026-07-27 03:40,47.977,33.288,7.719,1.187,92.684,77.55
2026-07-27 03:50,47.857,33.317,7.787,1.188,92.757,77.624
2026-07-27 04:00,47.801,33.223,7.834,1.184,92.825,77.565
2026-07-27 04:10,47.63,33.192,7.841,1.185,92.798,77.56
2026-07-27 04:20,47.481,33.052,7.811,1.187,92.658,77.543
2026-07-27 04:30,47.472,33.133,7.859,1.186,92.752,77.574
2026-07-27 04:40,47.554,33.234,7.886,1.183,92.795,77.616
2026-07-27 04:50,47.598,33.157,7.884,1.182,92.808,77.643
2026-07-27 05:00,47.453,33.126,7.841,1.183,92.723,77.695
2026-07-27 05:10,47.473,33.115,7.823,1.183,92.677,77.661
2026-07-27 05:20,47.161,33.019,7.78,1.186,92.559,77.689
2026-07-27 05:30,47.036,32.957,7.757,1.188,92.549,77.699
2026-07-27 05:40,47.029,32.9,7.77,1.189,92.483,77.759
2026-07-27 05:50,47.146,32.828,7.825,1.186,92.627,77.789
2026-07-27 06:00,47.274,32.701,7.879,1.182,92.831,77.776
2026-07-27 06:10,47.227,32.757,7.916,1.183,92.918,77.789
2026-07-27 06:20,46.853,32.845,7.884,1.182,92.75,77.747
2026-07-27 06:30,46.669,32.795,7.866,1.183,92.678,77.735
2026-07-27 06:40,46.739,32.704,7.871,1.186,92.695,77.711
2026-07-27 06:50,46.688,32.686,7.848,1.187,92.625,77.755
2026-07-27 07:00,46.396,32.572,7.788,1.187,92.425,77.743
2026-07-27 07:10,46.575,32.54,7.776,1.185,92.411,77.722
2026-07-27 07:20,46.436,32.606,7.753,1.185,92.371,77.693
2026-07-27 07:30,46.492,32.72,7.731,1.187,92.243,77.699
2026-07-27 07:40,46.484,32.708,7.771,1.191,92.321,77.716
2026-07-27 07:50,46.502,32.662,7.761,1.193,92.305,77.698
2026-07-27 08:00,46.457,32.66,7.771,1.194,92.337,77.717
2026-07-27 08:10,46.44,32.726,7.755,1.191,92.256,77.656
2026-07-27 08:20,46.242,32.787,7.737,1.185,92.096,77.617
2026-07-27 08:30,46.263,32.727,7.698,1.182,92.038,77.613
2026-07-27 08:40,46.301,32.694,7.723,1.178,91.998,77.673
2026-07-27 08:50,46.27,32.667,7.753,1.178,92.001,77.721
2026-07-27 09:00,46.001,32.647,7.662,1.175,91.727,77.672
2026-07-27 09:10,46.047,32.709,7.647,1.176,91.736,77.684
2026-07-27 09:20,46.06,32.784,7.626,1.174,91.735,77.68
2026-07-27 09:30,45.974,32.674,7.614,1.175,91.711,77.682
2026-07-27 09:40,46.166,32.771,7.616,1.178,91.707,77.635
2026-07-27 09:50,45.984,32.813,7.588,1.182,91.678,77.64
2026-07-27 10:00,45.882,32.738,7.55,1.182,91.521,77.609
2026-07-27 10:10,45.837,32.662,7.547,1.183,91.503,77.62
2026-07-27 10:20,45.556,32.697,7.532,1.18,91.297,77.576
2026-07-27 10:30,45.529,32.805,7.518,1.185,91.354,77.613
2026-07-27 10:40,45.381,32.892,7.495,1.182,91.24,77.61
2026-07-27 10:50,45.581,32.846,7.526,1.185,91.435,77.651
2026-07-27 11:00,45.711,32.743,7.527,1.185,91.533,77.658
2026-07-27 11:10,45.924,32.591,7.512,1.19,91.576,77.637
2026-07-27 11:20,45.693,32.593,7.512,1.189,91.498,77.578
2026-07-27 11:30,45.831,32.717,7.543,1.19,91.593,77.624
2026-07-27 11:40,46.067,32.737,7.596,1.191,91.702,77.647
2026-07-27 11:50,46.051,32.676,7.562,1.191,91.618,77.661
2026-07-27 12:00,46.205,32.641,7.557,1.191,91.679,77.688
2026-07-27 12:10,46.191,32.66,7.56,1.19,91.623,77.663
2026-07-27 12:20,45.864,32.821,7.56,1.189,91.437,77.647
2026-07-27 12:30,45.932,32.744,7.557,1.189,91.549,77.671
2026-07-27 12:40,45.888,32.683,7.557,1.187,91.651,77.684
2026-07-27 12:50,45.964,32.57,7.532,1.19,91.713,77.671
2026-07-27 13:00,45.787,32.659,7.566,1.186,91.651,77.628
2026-07-27 13:10,45.747,32.72,7.529,1.191,91.601,77.625
2026-07-27 13:20,45.698,32.843,7.551,1.198,91.618,77.666
2026-07-27 13:30,45.823,32.817,7.565,1.2,91.702,77.642
2026-07-27 13:40,45.951,32.669,7.648,1.204,92.003,77.711
2026-07-27 13:50,45.974,32.716,7.601,1.204,91.827,77.642
2026-07-27 14:00,46.37,32.746,7.665,1.209,92.029,77.698
2026-07-27 14:10,46.253,32.82,7.625,1.209,91.984,77.708
2026-07-27 14:20,46.225,32.726,7.641,1.207,92.038,77.737
2026-07-27 14:30,46.298,32.561,7.654,1.207,92.144,77.803
2026-07-27 14:40,46.095,32.395,7.675,1.205,92.263,77.779
2026-07-27 14:50,46.185,32.44,7.681,1.206,92.321,77.825
2026-07-27 15:00,46.309,32.506,7.729,1.206,92.423,77.919
2026-07-27 15:10,46.367,32.503,7.761,1.206,92.549,77.931
2026-07-27 15:20,46.522,32.527,7.785,1.207,92.687,77.974
2026-07-27 15:30,46.501,32.569,7.801,1.205,92.598,77.964
2026-07-27 15:40,46.491,32.703,7.8,1.207,92.524,77.962
2026-07-27 15:50,46.591,32.761,7.763,1.209,92.474,77.964
2026-07-27 16:00,46.363,32.745,7.761,1.206,92.404,77.865
2026-07-27 16:10,46.266,32.667,7.793,1.202,92.531,77.874
2026-07-27 16:20,46.312,32.719,7.774,1.204,92.51,77.833
2026-07-27 16:30,46.265,32.793,7.744,1.206,92.432,77.85
2026-07-27 16:40,46.546,32.961,7.791,1.205,92.525,77.853
2026-07-27 16:50,46.64,32.856,7.84,1.206,92.603,77.879
2026-07-27 17:00,46.74,32.854,7.849,1.209,92.702,77.864
2026-07-27 17:10,46.721,32.914,7.875,1.208,92.755,77.885
2026-07-27 17:20,46.744,32.866,7.854,1.207,92.742,77.866
2026-07-27 17:30,46.809,32.947,7.875,1.206,92.75,77.855
2026-07-27 17:40,46.996,32.918,7.86,1.205,92.816,77.834
2026-07-27 17:50,46.992,32.895,7.885,1.204,92.833,77.868
2026-07-27 18:00,46.813,32.881,7.831,1.203,92.754,77.843
2026-07-27 18:10,47.059,32.747,7.789,1.206,92.81,77.902
2026-07-27 18:20,47.207,32.677,7.784,1.204,92.822,77.842
2026-07-27 18:30,47.078,32.706,7.776,1.202,92.811,77.818
2026-07-27 18:40,47.166,32.979,7.788,1.198,92.636,77.723
2026-07-27 18:50,47.338,33.012,7.754,1.194,92.519,77.71
2026-07-27 19:00,47.236,32.999,7.757,1.196,92.597,77.708
2026-07-27 19:10,47.206,32.975,7.731,1.199,92.49,77.704
2026-07-27 19:20,47.261,32.939,7.702,1.196,92.473,77.672
2026-07-27 19:30,47.288,32.951,7.738,1.197,92.568,77.66
2026-07-27 19:40,47.084,33.107,7.703,1.196,92.316,77.557
2026-07-27 19:50,46.954,33.115,7.704,1.195,92.261,77.531
2026-07-27 20:00,46.829,33.183,7.675,1.195,92.168,77.542
2026-07-27 20:10,46.955,33.256,7.689,1.195,92.324,77.589
2026-07-27 20:20,46.862,33.358,7.667,1.194,92.194,77.575
2026-07-27 20:30,47.138,33.25,7.728,1.192,92.365,77.629
2026-07-27 20:40,46.843,33.229,7.73,1.194,92.328,77.639
2026-07-27 20:50,47.286,33.31,7.773,1.195,92.586,77.668
2026-07-27 21:00,47.256,33.284,7.739,1.193,92.492,77.636
2026-07-27 21:10,47.367,33.408,7.728,1.192,92.488,77.635
2026-07-27 21:20,47.378,33.413,7.759,1.194,92.613,77.708
2026-07-27 21:30,47.473,33.328,7.761,1.2,92.78,77.76
2026-07-27 21:40,47.441,33.282,7.735,1.2,92.753,77.749
2026-07-27 21:50,47.421,33.308,7.696,1.203,92.735,77.744
2026-07-27 22:00,47.379,33.26,7.645,1.206,92.603,77.752
2026-07-27 22:10,47.444,33.161,7.619,1.205,92.571,77.737
2026-07-27 22:20,47.401,33.277,7.627,1.204,92.566,77.695
2026-07-27 22:30,47.362,33.211,7.657,1.206,92.581,77.711
2026-07-27 22:40,47.363,33.197,7.666,1.204,92.494,77.747
2026-07-27 22:50,47.128,33.149,7.643,1.203,92.337,77.713
2026-07-27 23:00,47.345,33.11,7.699,1.203,92.566,77.744
2026-07-27 23:10,47.501,33.122,7.708,1.201,92.56,77.717
2026-07-27 23:20,47.541,33.043,7.699,1.202,92.611,77.768
2026-07-27 23:30,47.53,32.968,7.671,1.201,92.569,77.838
2026-07-27 23:40,47.536,32.915,7.671,1.205,92.614,77.807
2026-07-27 23:50,47.364,32.897,7.711,1.207,92.597,77.798
2026-07-28 00:00,47.28,30.414,7.669,1.201,93.261,77.883
2026-07-28 00:10,47.423,30.434,7.7,1.202,93.338,77.928
2026-07-28 00:20,47.473,30.37,7.667,1.204,93.463,77.944
2026-07-28 00:30,47.507,30.388,7.652,1.201,93.524,77.935
2026-07-28 00:40,47.459,30.335,7.627,1.195,93.37,77.9
2026-07-28 00:50,47.329,30.468,7.646,1.194,93.235,77.872
2026-07-28 01:00,47.565,30.297,7.671,1.193,93.484,77.964
2026-07-28 01:10,47.703,30.146,7.728,1.194,93.678,77.908
2026-07-28 01:20,47.902,30.166,7.738,1.195,93.802,77.937
2026-07-28 01:30,48.038,30.196,7.712,1.194,93.722,77.985
2026-07-28 01:40,47.984,30.288,7.708,1.197,93.701,78.001
2026-07-28 01:50,47.9,30.094,7.655,1.198,93.666,77.981
2026-07-28 02:00,47.935,30.077,7.662,1.197,93.722,77.995
2026-07-28 02:10,48.121,30.005,7.728,1.198,93.918,78.007
2026-07-28 02:20,48.175,29.827,7.69,1.198,93.964,78.023
2026-07-28 02:30,48.085,29.987,7.694,1.197,93.848,77.958
2026-07-28 02:40,48.139,29.983,7.685,1.199,93.865,77.999
2026-07-28 02:50,47.964,29.983,7.706,1.199,93.82,78.01
2026-07-28 03:00,48.118,29.889,7.735,1.198,93.982,78.058
2026-07-28 03:10,48.172,29.826,7.671,1.2,93.944,78.077
2026-07-28 03:20,48.173,29.76,7.65,1.2,93.935,78.062
2026-07-28 03:30,47.99,29.787,7.615,1.197,93.782,77.984
2026-07-28 03:40,48.121,29.801,7.648,1.197,93.808,78.012
2026-07-28 03:50,48.16,29.816,7.636,1.201,93.817,78.06
2026-07-28 04:00,48.109,29.847,7.703,1.202,93.948,78.072
2026-07-28 04:10,48.258,29.84,7.718,1.207,94.07,78.123
2026-07-28 04:20,48.266,29.837,7.727,1.209,94.081,78.105
2026-07-28 04:30,48.303,29.757,7.744,1.208,94.086,78.063
2026-07-28 04:40,48.321,29.92,7.725,1.206,94.076,78.029
2026-07-28 04:50,48.065,29.965,7.716,1.204,94.066,78.008
2026-07-28 05:00,48.23,30.045,7.728,1.205,94.114,77.987
2026-07-28 05:10,47.966,30.076,7.759,1.207,94.064,78.016
2026-07-28 05:20,48.016,30.186,7.699,1.208,93.916,77.989
2026-07-28 05:30,48.342,30.07,7.705,1.208,94.083,78.045
2026-07-28 05:40,48.283,29.976,7.654,1.206,93.882,77.991
2026-07-28 05:50,48.312,30.064,7.692,1.207,93.943,78.03
2026-07-28 06:00,48.49,30.075,7.744,1.204,94.069,77.988
2026-07-28 06:10,48.42,30.102,7.728,1.205,93.998,77.976
2026-07-28 06:20,48.312,30.094,7.697,1.202,93.846,77.928
2026-07-28 06:30,48.11,30.144,7.695,1.203,93.808,77.939
2026-07-28 06:40,48.19,30.196,7.676,1.204,93.771,77.966
2026-07-28 06:50,48.253,30.181,7.669,1.202,93.797,77.958
2026-07-28 07:00,48.363,30.154,7.65,1.201,93.812,77.99
2026-07-28 07:10,48.177,30.13,7.654,1.201,93.709,77.955
2026-07-28 07:20,48.34,30.053,7.666,1.203,93.855,77.988
2026-07-28 07:30,48.586,30.215,7.727,1.205,93.904,78.024
2026-07-28 07:40,48.69,30.272,7.692,1.203,93.939,78.016
2026-07-28 07:50,48.941,30.256,7.723,1.205,93.975,78.07
2026-07-28 08:00,48.794,30.143,7.72,1.203,93.992,78.07
2026-07-28 08:10,48.637,29.979,7.741,1.201,94.056,78.073
2026-07-28 08:20,48.726,30.056,7.762,1.2,94.075,78.066
2026-07-28 08:30,48.517,30.054,7.73,1.205,93.938,78.069
2026-07-28 08:40,48.578,30.09,7.768,1.204,94.069,78.109
2026-07-28 08:50,48.638,30.1,7.832,1.203,94.23,78.108
2026-07-28 09:00,48.761,30.196,7.848,1.202,94.281,78.091
2026-07-28 09:10,49.066,30.194,7.901,1.206,94.46,78.125
2026-07-28 09:20,48.927,30.245,7.891,1.207,94.457,78.089
2026-07-28 09:30,49.182,30.358,7.914,1.207,94.547,78.093
2026-07-28 09:40,48.943,30.261,7.887,1.204,94.378,78.055
2026-07-28 09:50,48.919,30.25,7.856,1.203,94.208,78.01
2026-07-28 10:00,48.864,30.208,7.861,1.201,94.186,77.978
2026-07-28 10:10,49.149,30.23,7.868,1.202,94.324,77.997
2026-07-28 10:20,49.13,30.282,7.88,1.198,94.232,77.98
2026-07-28 10:30,49.198,30.292,7.856,1.198,94.176,78.023
2026-07-28 10:40,49.148,30.245,7.792,1.199,93.917,78.0
2026-07-28 10:50,48.946,30.136,7.726,1.197,93.673,77.962
2026-07-28 11:00,48.857,30.157,7.75,1.2,93.673,78.015
2026-07-28 11:10,49.042,30.235,7.774,1.199,93.782,78.028
2026-07-28 11:20,49.119,30.347,7.753,1.197,93.746,78.035
2026-07-28 11:30,49.407,30.389,7.813,1.196,93.918,78.087
2026-07-28 11:40,49.48,30.554,7.9,1.199,94.122,78.137
2026-07-28 11:50,49.275,30.656,7.885,1.193,93.866,78.062
2026-07-28 12:00,48.99,30.745,7.852,1.191,93.769,78.054
2026-07-28 12:10,49.183,30.704,7.906,1.192,93.986,78.091
2026-07-28 12:20,49.232,30.758,7.903,1.19,93.987,78.068
2026-07-28 12:30,49.074,30.607,7.895,1.192,93.925,78.083
2026-07-28 12:40,49.185,30.533,7.921,1.193,94.138,78.132
2026-07-28 12:50,48.992,30.423,7.901,1.19,93.98,78.119
2026-07-28 13:00,48.955,30.355,7.896,1.193,93.977,78.093
2026-07-28 13:10,49.001,30.298,7.877,1.19,93.91,78.032
2026-07-28 13:20,49.179,30.235,7.851,1.191,94.002,78.06
2026-07-28 13:30,49.082,30.286,7.774,1.191,93.829,78.038
2026-07-28 13:40,49.082,30.26,7.823,1.19,93.976,78.047
2026-07-28 13:50,49.241,30.128,7.824,1.191,94.062,78.091
2026-07-28 14:00,49.207,30.061,7.806,1.192,94.042,78.077
2026-07-28 14:10,49.246,29.978,7.857,1.19,94.137,78.119
2026-07-28 14:20,49.004,29.983,7.842,1.192,94.049,78.059
2026-07-28 14:30,49.05,30.093,7.858,1.19,94.019,78.054
2026-07-28 14:40,49.01,30.034,7.853,1.193,94.013,78.108
2026-07-28 14:50,49.144,30.083,7.908,1.194,94.209,78.154
2026-07-28 15:00,49.382,30.157,7.94,1.195,94.306,78.128
2026-07-28 15:10,49.437,30.15,7.955,1.194,94.358,78.156
2026-07-28 15:20,49.455,30.284,7.993,1.194,94.433,78.153
2026-07-28 15:30,49.202,30.328,7.955,1.194,94.358,78.134
2026-07-28 15:40,49.135,30.2,7.963,1.19,94.308,78.076
2026-07-28 15:50,49.131,30.257,7.945,1.19,94.284,78.079
2026-07-28 16:00,49.01,30.261,7.941,1.189,94.228,78.075
2026-07-28 16:10,48.985,30.284,7.872,1.185,94.03,78.02
2026-07-28 16:20,48.995,30.243,7.86,1.183,93.992,78.03
2026-07-28 16:30,49.371,30.261,7.842,1.18,93.968,77.98
2026-07-28 16:40,49.447,30.402,7.847,1.184,94.065,78.029
2026-07-28 16:50,49.623,30.347,7.874,1.184,94.1,78.033
2026-07-28 17:00,49.396,30.419,7.837,1.183,93.912,77.978
2026-07-28 17:10,49.51,30.41,7.836,1.183,94.015,77.958
2026-07-28 17:20,49.565,30.371,7.866,1.182,94.14,77.946
2026-07-28 17:30,49.693,30.419,7.861,1.181,94.164,77.995
2026-07-28 17:40,49.654,30.359,7.885,1.183,94.244,78.037
2026-07-28 17:50,49.645,30.309,7.879,1.183,94.241,77.995
2026-07-28 18:00,49.872,30.319,7.898,1.187,94.326,78.006
2026-07-28 18:10,49.686,30.382,7.843,1.186,94.152,77.965
2026-07-28 18:20,49.52,30.367,7.818,1.183,94.022,77.911
2026-07-28 18:30,49.493,30.486,7.787,1.181,93.802,77.92
2026-07-28 18:40,49.418,30.515,7.809,1.181,93.759,77.965
2026-07-28 18:50,49.298,30.582,7.841,1.181,93.747,77.96
2026-07-28 19:00,49.27,30.646,7.882,1.182,93.72,77.952
2026-07-28 19:10,49.591,30.623,7.898,1.182,93.859,78.0
2026-07-28 19:20,49.765,30.666,7.97,1.181,93.97,78.028
2026-07-28 19:30,49.771,30.829,8.017,1.18,93.983,78.026
2026-07-28 19:40,50.017,30.872,8.024,1.18,94.012,78.0
2026-07-28 19:50,49.859,30.766,7.983,1.179,93.878,77.938
2026-07-28 20:00,49.608,30.726,7.914,1.177,93.8,77.898
2026-07-28 20:10,49.604,30.577,7.936,1.182,93.969,77.951
2026-07-28 20:20,49.476,30.559,7.947,1.183,93.971,77.954
2026-07-28 20:30,49.53,30.483,7.944,1.185,94.081,77.924
2026-07-28 20:40,49.373,30.425,7.892,1.181,93.94,77.855
2026-07-28 20:50,49.371,30.359,7.927,1.178,94.004,77.875
2026-07-28 21:00,49.247,30.439,7.87,1.175,93.932,77.861
2026-07-28 21:10,49.316,30.523,7.881,1.176,93.989,77.909
2026-07-28 21:20,49.135,30.524,7.922,1.177,93.98,77.946
2026-07-28 21:30,49.366,30.611,7.93,1.178,94.013,77.946
2026-07-28 21:40,49.412,30.514,7.946,1.18,94.125,77.978
2026-07-28 21:50,49.228,30.484,7.919,1.178,94.062,77.97
2026-07-28 22:00,49.474,30.501,7.946,1.18,94.248,78.064
2026-07-28 22:10,49.484,30.48,7.919,1.184,94.256,78.069
2026-07-28 22:20,49.258,30.435,7.896,1.182,94.218,78.084
2026-07-28 22:30,49.446,30.378,7.875,1.184,94.236,78.099
2026-07-28 22:40,49.312,30.292,7.833,1.185,94.125,78.109
2026-07-28 22:50,49.223,30.181,7.798,1.181,94.114,78.065
2026-07-28 23:00,49.306,30.232,7.809,1.181,94.116,78.02
2026-07-28 23:10,49.313,30.313,7.873,1.182,94.288,78.081
2026-07-28 23:20,49.387,30.341,7.898,1.184,94.25,78.102
2026-07-28 23:30,49.407,30.461,7.92,1.185,94.304,78.125
2026-07-28 23:40,49.293,30.424,7.879,1.187,94.207,78.182
2026-07-28 23:50,49.405,30.366,7.93,1.187,94.339,78.16
2026-07-29 00:00,49.5,30.388,7.956,1.186,94.403,78.121
2026-07-29 00:10,49.843,30.406,8.027,1.186,94.53,78.098
2026-07-29 00:20,49.906,30.407,8.058,1.192,94.647,78.123
2026-07-29 00:30,49.822,30.437,8.032,1.193,94.586,78.098
2026-07-29 00:40,49.704,30.369,8.021,1.192,94.646,78.072
2026-07-29 00:50,49.414,30.385,8.018,1.191,94.572,78.07
2026-07-29 01:00,49.459,30.369,8.011,1.191,94.62,78.082
2026-07-29 01:10,49.572,30.366,8.063,1.191,94.766,78.112
2026-07-29 01:20,49.405,30.288,8.041,1.189,94.722,78.082
2026-07-29 01:30,49.243,30.25,8.026,1.187,94.646,77.979
2026-07-29 01:40,49.468,30.22,8.03,1.188,94.679,77.938
2026-07-29 01:50,49.278,30.288,8.007,1.192,94.573,77.917
2026-07-29 02:00,49.383,30.273,8.032,1.192,94.734,77.966
2026-07-29 02:10,49.229,30.308,8.007,1.189,94.667,77.925
2026-07-29 02:20,49.229,30.281,7.995,1.189,94.636,77.853
2026-07-29 02:30,49.173,30.271,7.967,1.189,94.556,77.848
2026-07-29 02:40,49.496,30.329,7.978,1.189,94.498,77.799
2026-07-29 02:50,49.557,30.379,7.997,1.189,94.481,77.837
2026-07-29 03:00,49.539,30.419,8.006,1.19,94.491,77.866
2026-07-29 03:10,49.361,30.297,7.952,1.191,94.428,77.87
2026-07-29 03:20,49.344,30.339,7.972,1.191,94.465,77.806
2026-07-29 03:30,49.171,30.432,7.956,1.193,94.431,77.81
2026-07-29 03:40,49.194,30.402,7.985,1.195,94.489,77.85
2026-07-29 03:50,49.389,30.386,7.998,1.194,94.636,77.878
2026-07-29 04:00,49.523,30.311,8.043,1.197,94.788,77.923
2026-07-29 04:10,49.596,30.197,8.054,1.198,94.785,77.927
2026-07-29 04:20,49.38,30.236,8.05,1.197,94.742,77.904
2026-07-29 04:30,49.258,30.321,8.018,1.196,94.508,77.908
2026-07-29 04:40,49.178,30.349,8.032,1.196,94.492,77.923
2026-07-29 04:50,49.161,30.305,7.992,1.196,94.374,77.933
2026-07-29 05:00,49.494,30.41,7.987,1.196,94.466,78.032
2026-07-29 05:10,49.302,30.392,7.963,1.196,94.435,78.062
2026-07-29 05:20,49.537,30.375,8.038,1.198,94.692,78.077
2026-07-29 05:30,49.772,30.249,8.049,1.2,94.811,78.094
2026-07-29 05:40,49.849,30.288,8.063,1.2,94.883,78.122
2026-07-29 05:50,49.938,30.271,8.091,1.201,94.939,78.164
2026-07-29 06:00,49.874,30.243,8.07,1.202,94.958,78.16
2026-07-29 06:10,49.671,30.285,8.079,1.202,94.947,78.119
2026-07-29 06:20,49.648,30.183,8.105,1.202,95.068,78.105
2026-07-29 06:30,49.753,30.102,8.085,1.203,95.095,78.089
2026-07-29 06:40,49.84,29.934,8.117,1.202,95.258,78.032
2026-07-29 06:50,49.893,29.86,8.101,1.201,95.204,78.036
2026-07-29 07:00,49.608,29.907,8.103,1.2,95.09,78.005
2026-07-29 07:10,49.813,30.025,8.103,1.201,95.182,78.081
2026-07-29 07:20,50.059,30.042,8.135,1.201,95.353,78.102
2026-07-29 07:30,49.955,29.996,8.12,1.2,95.225,78.127
2026-07-29 07:40,50.011,30.013,8.12,1.198,95.304,78.068
2026-07-29 07:50,49.842,29.989,8.135,1.196,95.278,78.073
2026-07-29 08:00,50.247,29.897,8.174,1.201,95.555,78.141
2026-07-29 08:10,50.113,29.885,8.131,1.202,95.33,78.153
2026-07-29 08:20,50.36,29.627,8.145,1.199,95.503,78.1
2026-07-29 08:30,50.303,29.74,8.104,1.2,95.339,78.068
2026-07-29 08:40,50.643,29.778,8.15,1.201,95.389,78.031
2026-07-29 08:50,50.747,29.806,8.166,1.201,95.489,78.132
2026-07-29 09:00,50.928,29.812,8.196,1.203,95.586,78.169
2026-07-29 09:10,51.005,29.877,8.179,1.208,95.607,78.185
2026-07-29 09:20,50.563,29.798,8.083,1.211,95.368,78.162
2026-07-29 09:30,50.574,29.71,8.116,1.208,95.547,78.198
2026-07-29 09:40,50.671,29.676,8.136,1.208,95.589,78.147
2026-07-29 09:50,50.674,29.721,8.116,1.207,95.502,78.107
2026-07-29 10:00,50.605,29.683,8.163,1.208,95.617,78.126
2026-07-29 10:10,50.435,29.649,8.097,1.21,95.451,78.104
2026-07-29 10:20,50.387,29.62,8.117,1.211,95.417,78.098
2026-07-29 10:30,50.443,29.728,8.151,1.209,95.461,78.1
2026-07-29 10:40,50.523,29.839,8.183,1.207,95.547,78.093
2026-07-29 10:50,50.528,29.809,8.203,1.209,95.604,78.097
2026-07-29 11:00,50.697,29.863,8.178,1.209,95.527,78.124
2026-07-29 11:10,50.795,29.891,8.171,1.209,95.481,78.175
2026-07-29 11:20,50.693,29.91,8.15,1.209,95.373,78.105
2026-07-29 11:30,50.746,29.949,8.113,1.208,95.317,78.08
2026-07-29 11:40,50.815,30.113,8.109,1.206,95.213,78.113
2026-07-29 11:50,51.016,30.106,8.188,1.206,95.407,78.134
2026-07-29 12:00,50.982,30.083,8.228,1.204,95.495,78.197
2026-07-29 12:10,51.021,30.155,8.255,1.205,95.583,78.229
2026-07-29 12:20,51.3,30.105,8.319,1.209,95.868,78.297
2026-07-29 12:30,51.234,30.219,8.354,1.209,95.91,78.289
2026-07-29 12:40,51.164,30.206,8.387,1.207,95.943,78.31
2026-07-29 12:50,51.125,30.12,8.418,1.203,95.968,78.288
2026-07-29 13:00,51.227,29.994,8.396,1.201,95.944,78.254
2026-07-29 13:10,51.34,30.058,8.436,1.199,95.982,78.252
2026-07-29 13:20,51.382,30.121,8.414,1.2,95.961,78.261
2026-07-29 13:30,51.171,30.052,8.385,1.199,95.835,78.221
2026-07-29 13:40,51.0,30.209,8.312,1.196,95.569,78.161
2026-07-29 13:50,51.101,30.269,8.29,1.194,95.612,78.166
2026-07-29 14:00,51.303,30.276,8.298,1.191,95.575,78.132
2026-07-29 14:10,51.345,30.321,8.372,1.194,95.815,78.221
2026-07-29 14:20,51.445,30.381,8.376,1.196,95.788,78.207
2026-07-29 14:30,51.389,30.253,8.367,1.196,95.791,78.216
2026-07-29 14:40,51.469,30.29,8.367,1.197,95.871,78.253
2026-07-29 14:50,51.536,30.266,8.381,1.196,95.943,78.238
2026-07-29 15:00,51.443,30.197,8.36,1.198,95.889,78.253
2026-07-29 15:10,51.639,30.211,8.363,1.198,95.968,78.228
2026-07-29 15:20,51.721,30.202,8.324,1.199,96.021,78.235
2026-07-29 15:30,51.78,30.395,8.322,1.198,95.965,78.229
2026-07-29 15:40,51.572,30.414,8.308,1.199,95.877,78.267
2026-07-29 15:50,51.655,30.259,8.362,1.195,96.069,78.279
2026-07-29 16:00,51.745,30.349,8.366,1.196,96.066,78.302
2026-07-29 16:10,51.723,30.371,8.364,1.197,96.092,78.297
2026-07-29 16:20,51.787,30.438,8.343,1.196,95.948,78.201
2026-07-29 16:30,51.799,30.375,8.31,1.198,95.94,78.211
2026-07-29 16:40,52.059,30.403,8.295,1.199,96.109,78.264
2026-07-29 16:50,51.967,30.521,8.231,1.201,96.029,78.23
2026-07-29 17:00,52.003,30.589,8.292,1.202,96.188,78.25
2026-07-29 17:10,51.934,30.587,8.27,1.204,96.208,78.262
2026-07-29 17:20,51.978,30.589,8.25,1.205,96.193,78.263
2026-07-29 17:30,52.023,30.51,8.226,1.203,96.173,78.222
2026-07-29 17:40,52.203,30.454,8.252,1.205,96.335,78.21
2026-07-29 17:50,52.169,30.377,8.27,1.203,96.353,78.162
2026-07-29 18:00,52.152,30.443,8.268,1.203,96.323,78.178
2026-07-29 18:10,52.091,30.354,8.278,1.204,96.385,78.236
2026-07-29 18:20,51.943,30.4,8.251,1.202,96.262,78.245
2026-07-29 18:30,51.727,30.288,8.252,1.201,96.169,78.221
2026-07-29 18:40,51.713,30.373,8.251,1.204,96.181,78.185
2026-07-29 18:50,51.698,30.393,8.219,1.207,96.091,78.176
2026-07-29 19:00,51.753,30.301,8.286,1.208,96.208,78.175
2026-07-29 19:10,51.712,30.294,8.294,1.206,96.082,78.121
2026-07-29 19:20,51.902,30.287,8.297,1.204,96.163,78.061
2026-07-29 19:30,51.88,30.191,8.27,1.206,96.202,78.11
2026-07-29 19:40,51.994,30.163,8.319,1.206,96.277,78.213
2026-07-29 19:50,51.996,30.266,8.306,1.209,96.262,78.227
2026-07-29 20:00,51.852,30.254,8.271,1.208,96.237,78.239
2026-07-29 20:10,52.107,30.15,8.329,1.205,96.421,78.251
2026-07-29 20:20,52.151,30.109,8.278,1.21,96.42,78.256
2026-07-29 20:30,52.045,30.084,8.294,1.212,96.43,78.263
2026-07-29 20:40,51.718,30.171,8.289,1.209,96.326,78.198
2026-07-29 20:50,51.916,30.128,8.318,1.21,96.373,78.199
2026-07-29 21:00,52.109,30.07,8.332,1.21,96.415,78.235
2026-07-29 21:10,52.179,30.125,8.333,1.21,96.45,78.247
2026-07-29 21:20,52.234,30.073,8.399,1.211,96.558,78.239
2026-07-29 21:30,52.137,30.115,8.375,1.211,96.398,78.194
2026-07-29 21:40,52.331,30.067,8.456,1.211,96.642,78.222
2026-07-29 21:50,51.993,30.129,8.348,1.211,96.337,78.149
2026-07-29 22:00,52.186,30.071,8.299,1.209,96.338,78.136
2026-07-29 22:10,52.242,30.043,8.31,1.209,96.393,78.148
2026-07-29 22:20,52.408,30.153,8.378,1.21,96.484,78.177
2026-07-29 22:30,52.47,30.261,8.34,1.21,96.411,78.192
2026-07-29 22:40,52.328,30.315,8.324,1.209,96.206,78.118
2026-07-29 22:50,52.395,30.284,8.343,1.205,96.189,78.082
2026-07-29 23:00,52.437,30.207,8.362,1.202,96.233,78.083
2026-07-29 23:10,52.2,30.296,8.349,1.204,96.175,78.052
2026-07-29 23:20,52.045,30.322,8.331,1.201,96.081,78.013
2026-07-29 23:30,52.103,30.28,8.317,1.202,96.092,78.063
2026-07-29 23:40,52.122,30.192,8.349,1.2,96.175,78.078
2026-07-29 23:50,52.287,30.074,8.361,1.2,96.289,78.114
2026-07-30 00:00,52.104,30.01,8.349,1.199,96.328,78.105
2026-07-30 00:10,51.948,30.036,8.358,1.194,96.291,78.048
2026-07-30 00:20,51.972,30.057,8.351,1.195,96.334,78.078
2026-07-30 00:30,52.071,30.096,8.393,1.193,96.342,78.045
2026-07-30 00:40,51.907,30.098,8.361,1.195,96.287,78.054
2026-07-30 00:50,51.956,30.103,8.375,1.196,96.268,78.041
2026-07-30 01:00,51.777,30.005,8.369,1.196,96.257,78.057
2026-07-30 01:10,52.061,30.056,8.427,1.197,96.481,78.121
2026-07-30 01:20,52.164,30.076,8.416,1.198,96.619,78.187
2026-07-30 01:30,52.209,30.11,8.42,1.197,96.554,78.14
2026-07-30 01:40,51.894,30.124,8.331,1.196,96.292,78.152
2026-07-30 01:50,52.085,30.098,8.302,1.199,96.364,78.176
2026-07-30 02:00,52.247,30.209,8.317,1.198,96.403,78.191
2026-07-30 02:10,52.454,30.231,8.338,1.198,96.492,78.2
2026-07-30 02:20,52.577,30.206,8.359,1.197,96.532,78.252
2026-07-30 02:30,52.298,30.22,8.344,1.195,96.272,78.191
2026-07-30 02:40,52.261,30.248,8.37,1.196,96.306,78.27
2026-07-30 02:50,52.493,30.258,8.349,1.194,96.303,78.274
2026-07-30 03:00,52.279,30.193,8.362,1.197,96.303,78.299
2026-07-30 03:10,52.295,30.378,8.317,1.196,96.19,78.261
2026-07-30 03:20,52.429,30.525,8.347,1.195,96.166,78.228
2026-07-30 03:30,52.482,30.49,8.383,1.193,96.323,78.253
2026-07-30 03:40,52.568,30.449,8.395,1.191,96.341,78.255
2026-07-30 03:50,52.489,30.49,8.41,1.195,96.427,78.34
2026-07-30 04:00,52.681,30.37,8.458,1.196,96.648,78.392
2026-07-30 04:10,52.721,30.373,8.468,1.194,96.755,78.349
2026-07-30 04:20,52.695,30.424,8.463,1.193,96.784,78.334
2026-07-30 04:30,52.526,30.344,8.511,1.192,96.873,78.323
2026-07-30 04:40,52.613,30.465,8.517,1.193,96.833,78.32
2026-07-30 04:50,52.586,30.588,8.532,1.193,96.832,78.317
2026-07-30 05:00,52.49,30.542,8.526,1.199,96.859,78.345
2026-07-30 05:10,52.622,30.467,8.557,1.199,96.88,78.346
2026-07-30 05:20,52.695,30.585,8.556,1.2,96.839,78.382
2026-07-30 05:30,52.763,30.609,8.543,1.196,96.798,78.402
2026-07-30 05:40,52.734,30.733,8.529,1.197,96.726,78.393
2026-07-30 05:50,52.768,30.703,8.529,1.196,96.802,78.414
2026-07-30 06:00,52.73,30.682,8.522,1.195,96.782,78.395
2026-07-30 06:10,52.97,30.828,8.581,1.193,96.899,78.38
2026-07-30 06:20,52.902,30.879,8.551,1.194,96.846,78.394
2026-07-30 06:30,52.996,30.86,8.58,1.196,96.941,78.424
2026-07-30 06:40,53.012,30.92,8.572,1.197,96.829,78.39
2026-07-30 06:50,52.944,30.892,8.553,1.195,96.77,78.378
2026-07-30 07:00,53.05,30.816,8.546,1.195,96.856,78.41
2026-07-30 07:10,52.946,30.731,8.489,1.195,96.676,78.398
2026-07-30 07:20,52.716,30.589,8.518,1.193,96.781,78.415
2026-07-30 07:30,52.675,30.649,8.472,1.193,96.722,78.452
2026-07-30 07:40,52.472,30.458,8.439,1.197,96.761,78.494
2026-07-30 07:50,52.326,30.333,8.439,1.196,96.721,78.498
2026-07-30 08:00,52.328,30.302,8.425,1.195,96.771,78.461
2026-07-30 08:10,52.293,30.207,8.404,1.194,96.762,78.411
2026-07-30 08:20,52.373,30.225,8.414,1.195,96.761,78.438
2026-07-30 08:30,52.43,30.251,8.405,1.198,96.654,78.41
2026-07-30 08:40,52.365,30.162,8.356,1.196,96.588,78.398
2026-07-30 08:50,52.333,30.14,8.339,1.195,96.511,78.343
2026-07-30 09:00,52.176,30.165,8.304,1.196,96.317,78.309
2026-07-30 09:10,52.059,30.278,8.283,1.198,96.272,78.284
2026-07-30 09:20,52.021,30.212,8.274,1.196,96.279,78.326
2026-07-30 09:30,52.008,30.139,8.253,1.195,96.33,78.283
2026-07-30 09:40,51.934,29.904,8.223,1.197,96.391,78.228
2026-07-30 09:50,52.04,29.899,8.254,1.2,96.556,78.23
2026-07-30 10:00,52.163,29.867,8.253,1.199,96.642,78.212
2026-07-30 10:10,51.937,29.977,8.226,1.197,96.475,78.17
2026-07-30 10:20,51.907,29.823,8.301,1.194,96.603,78.143
2026-07-30 10:30,51.751,29.947,8.301,1.193,96.488,78.11
2026-07-30 10:40,51.633,30.103,8.3,1.188,96.474,78.064
2026-07-30 10:50,51.444,30.168,8.264,1.188,96.24,78.035
2026-07-30 11:00,51.514,30.171,8.304,1.189,96.3,78.057
2026-07-30 11:10,51.548,30.144,8.318,1.185,96.344,78.021
2026-07-30 11:20,51.744,30.139,8.373,1.186,96.548,78.077
2026-07-30 11:30,51.947,30.145,8.404,1.184,96.557,78.089
2026-07-30 11:40,51.94,30.072,8.39,1.188,96.589,78.086
2026-07-30 11:50,52.085,30.153,8.404,1.188,96.676,78.115
2026-07-30 12:00,51.935,30.197,8.375,1.189,96.501,78.12
2026-07-30 12:10,51.443,30.167,8.346,1.19,96.302,78.085
2026-07-30 12:20,51.443,30.211,8.376,1.191,96.338,78.035
2026-07-30 12:30,51.83,30.258,8.448,1.193,96.563,78.107
2026-07-30 12:40,51.837,30.217,8.422,1.192,96.379,78.025
2026-07-30 12:50,51.882,30.119,8.422,1.188,96.422,77.996
2026-07-30 13:00,52.034,30.083,8.405,1.188,96.431,78.023
2026-07-30 13:10,52.112,30.015,8.431,1.19,96.545,78.035
2026-07-30 13:20,51.943,29.936,8.408,1.187,96.446,78.025
2026-07-30 13:30,51.986,29.959,8.426,1.187,96.467,78.067
2026-07-30 13:40,52.092,29.91,8.484,1.185,96.698,78.096
2026-07-30 13:50,51.951,29.968,8.462,1.187,96.561,78.035
2026-07-30 14:00,51.849,29.884,8.425,1.187,96.39,77.984
2026-07-30 14:10,51.709,29.775,8.364,1.186,96.223,77.937
2026-07-30 14:20,51.863,29.789,8.298,1.182,96.081,77.902
2026-07-30 14:30,51.752,29.843,8.247,1.185,95.985,77.919
2026-07-30 14:40,52.013,29.786,8.256,1.184,96.022,77.974
2026-07-30 14:50,51.892,29.823,8.237,1.185,95.941,77.964
2026-07-30 15:00,51.672,29.839,8.214,1.182,95.755,77.915
2026-07-30 15:10,51.634,29.777,8.213,1.184,95.829,77.939
2026-07-30 15:20,51.668,29.791,8.256,1.187,95.967,77.975
2026-07-30 15:30,51.729,29.775,8.268,1.186,95.991,77.971
2026-07-30 15:40,51.858,29.796,8.277,1.186,96.043,77.968
2026-07-30 15:50,51.885,29.832,8.249,1.185,96.051,77.983
2026-07-30 16:00,52.136,29.725,8.279,1.188,96.203,78.039
2026-07-30 16:10,52.116,29.811,8.293,1.189,96.262,78.018
2026-07-30 16:20,51.947,29.711,8.258,1.19,96.087,77.988
2026-07-30 16:30,52.085,29.709,8.292,1.19,96.25,78.015
2026-07-30 16:40,52.286,29.563,8.299,1.189,96.311,78.041
2026-07-30 16:50,52.266,29.509,8.334,1.192,96.482,78.142
2026-07-30 17:00,51.937,29.545,8.334,1.192,96.431,78.122
2026-07-30 17:10,51.724,29.568,8.23,1.192,96.171,78.12
2026-07-30 17:20,51.781,29.541,8.238,1.192,96.305,78.138
2026-07-30 17:30,51.855,29.561,8.22,1.19,96.203,78.112
2026-07-30 17:40,51.722,29.7,8.173,1.192,96.053,78.131
2026-07-30 17:50,51.697,29.601,8.162,1.19,96.116,78.141
2026-07-30 18:00,51.708,29.649,8.131,1.188,96.001,78.11
2026-07-30 18:10,51.583,29.861,8.047,1.189,95.796,78.039
2026-07-30 18:20,51.718,29.904,8.07,1.189,95.814,77.995
2026-07-30 18:30,52.027,29.969,8.103,1.19,95.929,77.977
2026-07-30 18:40,51.849,29.962,8.122,1.19,95.855,77.966
2026-07-30 18:50,51.915,29.844,8.123,1.192,95.938,77.966
2026-07-30 19:00,51.669,29.712,8.117,1.192,95.84,77.984
2026-07-30 19:10,51.534,29.635,8.067,1.188,95.635,77.937
2026-07-30 19:20,51.417,29.557,8.066,1.185,95.655,77.944
2026-07-30 19:30,51.532,29.53,8.03,1.183,95.551,77.963
2026-07-30 19:40,51.485,29.618,7.999,1.183,95.467,77.924
2026-07-30 19:50,51.437,29.743,8.043,1.184,95.525,77.945
2026-07-30 20:00,51.53,29.704,8.086,1.184,95.65,77.938
2026-07-30 20:10,51.481,29.688,8.054,1.183,95.54,77.895
2026-07-30 20:20,51.383,29.698,8.043,1.186,95.525,77.955
2026-07-30 20:30,51.109,29.746,7.992,1.182,95.377,77.897
2026-07-30 20:40,51.031,29.837,7.973,1.185,95.287,77.917
2026-07-30 20:50,51.023,29.978,8.026,1.184,95.382,77.925
2026-07-30 21:00,51.065,30.037,8.038,1.184,95.307,77.986
2026-07-30 21:10,51.388,30.129,8.088,1.184,95.542,78.004
2026-07-30 21:20,51.387,30.128,8.05,1.185,95.424,77.996
2026-07-30 21:30,51.43,30.07,8.045,1.188,95.49,78.031
2026-07-30 21:40,51.86,30.179,8.087,1.192,95.625,78.111
2026-07-30 21:50,51.683,30.287,8.056,1.194,95.519,78.117
2026-07-30 22:00,51.521,30.14,8.071,1.196,95.555,78.143
2026-07-30 22:10,51.503,30.262,8.054,1.196,95.551,78.15
2026-07-30 22:20,51.525,30.183,8.085,1.194,95.597,78.111
2026-07-30 22:30,51.731,30.084,8.102,1.193,95.711,78.103
2026-07-30 22:40,51.871,30.226,8.131,1.193,95.669,78.117
2026-07-30 22:50,51.933,30.285,8.153,1.198,95.791,78.118
2026-07-30 23:00,51.932,30.343,8.145,1.201,95.876,78.127
2026-07-30 23:10,51.782,30.256,8.082,1.202,95.656,78.093
2026-07-30 23:20,51.633,30.302,8.064,1.203,95.601,78.125
2026-07-30 23:30,51.588,30.305,8.112,1.206,95.664,78.153
2026-07-30 23:40,51.733,30.385,8.114,1.204,95.65,78.117
2026-07-30 23:50,51.581,30.492,8.084,1.203,95.545,78.099
