시간,원료유량,환류유량,탑정온도,탑저온도,탑압력,제품순도
2026-09-01 00:00,50.01727920960324,29.96662605803038,78.03910457735039,109.83131839594668,1.215211306079923,
2026-09-01 00:01,50.058360116778296,30.13493878886118,78.11866759202182,110.34703152875296,1.1865572028934337,
2026-09-01 00:02,50.07488197058747,29.84715001876742,78.28439860162449,109.9761737304054,1.2096299981882173,
2026-09-01 00:03,50.00972410900725,30.019434079332125,78.12490468142232,109.8431871870045,1.1729018608928088,
2026-09-01 00:04,50.0549919023409,30.20772062288768,78.0636991836414,110.10662432597964,1.1867983496376946,
2026-09-01 00:05,50.077310630959104,30.11293582987892,77.80905883463929,109.7488883698637,1.1966182069512286,
2026-09-01 00:06,50.05046296919109,29.811205983448808,78.00769828877961,110.42540143236144,1.188215322132747,
2026-09-01 00:07,50.07951887440091,29.84452222654263,78.00386796659114,110.49338659029496,1.2073292505079822,
2026-09-01 00:08,50.09774749421021,29.76264651564105,78.07348281397326,110.266069888969,1.1947388502315979,
2026-09-01 00:09,50.11245411904299,30.45658146628405,77.8293370903539,109.85319535878536,1.2006622461134846,
2026-09-01 00:10,50.11387523110878,29.795916435032726,78.13408128225637,110.12762178074335,1.1993652292282564,98.9740307317051
2026-09-01 00:11,50.1412108804394,30.088338143521803,78.12437295541213,110.1021081434786,1.2068011122875928,98.9637758486095
2026-09-01 00:12,50.10438817608932,30.49337717561984,77.92513333901921,109.9324314171035,1.1927001172339926,98.78360428765852
2026-09-01 00:13,50.09624267868966,30.35157124486361,77.91251649184788,109.97701693240572,1.2100792651293582,98.97134312619475
2026-09-01 00:14,50.07213671305566,30.40964830245529,77.94653099298516,110.1170498597375,1.1978892079702275,98.91889913217484
2026-09-01 00:15,50.1020790236874,30.05646895083819,78.0391376453185,109.93961755938292,1.2041779411503306,99.20717751197895
2026-09-01 00:16,50.10406512906148,30.314120435321435,78.02913225476554,110.03267241380703,1.2059858056767954,99.07598542295514
2026-09-01 00:17,50.08944229151322,30.78543201505253,77.76763665001974,110.0441836145634,1.205025604509274,98.96120622003583
2026-09-01 00:18,50.05034686839539,30.17907145488784,78.11599480932212,109.7749923039636,1.1920289484778823,98.85415705238574
2026-09-01 00:19,50.03748725636444,30.2790756596172,77.95328825551348,109.95649070147908,1.194315184054093,99.17750549246136
2026-09-01 00:20,50.03789436539036,30.14334762800548,77.95946997894892,109.94018859840152,1.1939763164892703,98.89579264516532
2026-09-01 00:21,50.02411422012539,30.21377280824835,78.03058657286593,110.34046877470632,1.2023004448092618,98.94370834343609
2026-09-01 00:22,50.0888174108453,30.301161694211125,77.8802728176411,110.06756492553554,1.2019131790874404,99.13747643987573
2026-09-01 00:23,50.139153626610586,30.51376850547783,78.00057263711314,110.1382751452583,1.1781521734217903,99.25954543798032
2026-09-01 00:24,50.00359550266229,30.06632946695282,78.20363103615027,110.06283420105548,1.179146440922248,99.0411614719549
2026-09-01 00:25,49.90914484036391,29.97067181811139,78.04193757636722,109.98655111350848,1.2075439938417962,98.9371550266157
2026-09-01 00:26,49.900406235761146,30.271487583175784,77.95776582612447,110.00237974838284,1.1883893431129187,99.0442597954892
2026-09-01 00:27,49.87929671518233,30.31738657376784,77.87798058060135,109.95706596833357,1.2043553020038444,99.23736505884877
2026-09-01 00:28,49.88997886505726,30.5685309968171,78.02624387686116,109.56685123167972,1.1918788958019442,98.90258456752308
2026-09-01 00:29,49.90084496160839,30.439738270886505,78.01683924702124,109.99322344654462,1.2037296565639155,99.07088072532424
2026-09-01 00:30,50.00673689936095,30.181254856027078,77.81386973475372,109.89453735200334,1.2025364580616353,99.12780816117616
2026-09-01 00:31,49.95113586122633,30.429391768310698,78.0078065179658,109.942171812849,1.1892467120283778,98.9663568858337
2026-09-01 00:32,49.93225561086998,30.549164881196585,77.81718365377381,109.80602667033746,1.2115633495725449,99.05611263189796
2026-09-01 00:33,50.034394191244594,30.393057043454817,77.80744072551823,109.84503307804135,1.2116912533813093,99.06992708367598
2026-09-01 00:34,50.06672934105469,30.277713185986737,77.94411693882813,110.0367257593682,1.2053576284672596,98.8674235328927
2026-09-01 00:35,50.0998825096735,30.49085618734159,77.84556178444743,109.95393262356616,1.1816643455794453,99.04145636588991
2026-09-01 00:36,50.07418219108913,30.294361610110165,78.06500231629417,110.04782990073848,1.1924353425476282,99.06049324769252
2026-09-01 00:37,49.99177843254635,30.001687190225137,77.87244900210219,110.05841389653972,1.2047235129142488,99.1244924777183
2026-09-01 00:38,50.00015166975748,30.65107367645327,77.74054443184461,110.01330501414998,1.2092979229565008,99.02088008050022
2026-09-01 00:39,50.00560237414856,30.136662165673982,77.87810868769317,110.0388416605226,1.191612058184803,99.0273032838919
2026-09-01 00:40,49.94423477143633,30.337355739828208,77.91264221479452,109.88082782724052,1.1741436936694405,99.12234423003372
2026-09-01 00:41,49.9100734383473,30.35076790327385,77.97973516510784,109.94463217433596,1.189591348565485,99.03491115115128
2026-09-01 00:42,49.90647125436094,30.35658360938562,77.809916808451,110.1116452372656,1.206506510670289,99.13873347062687
2026-09-01 00:43,49.8592336732079,30.376334155572067,77.83771405698116,109.9379133310021,1.1917479666081117,99.22407395896028
2026-09-01 00:44,49.85432017481529,30.154865090910413,77.79685286900512,110.087621172051,1.2143063513514154,99.06843723814306
2026-09-01 00:45,49.85909432618876,30.55768820136845,77.85400323760052,109.98530665121189,1.1966267989373678,99.18770064263455
2026-09-01 00:46,49.86087363804154,30.46761999102837,77.78952118954574,110.17437275340468,1.2161063081785446,98.94420363426757
2026-09-01 00:47,49.83555905512582,30.479594558927182,78.10432673646275,109.7737379011634,1.1883815845421848,99.101165248326
2026-09-01 00:48,49.86524645871511,30.69570691843608,78.03954030120593,110.02992211050768,1.199423583527861,99.24390475579352
2026-09-01 00:49,49.90980480642923,30.710850558717237,77.75477415544326,110.15476294379782,1.2074608920023218,99.20180047627083
2026-09-01 00:50,49.92584722165756,30.768312816875756,77.85191450640454,109.8415201770159,1.1909562399650697,99.13164776218474
2026-09-01 00:51,49.88493571028804,30.880257729938247,77.85364899318171,110.01041594173488,1.2343979840289752,99.03910188817038
2026-09-01 00:52,49.92151832447731,30.61041588831369,77.81454029409745,110.05961106016086,1.2121714252997977,99.21443483563488
2026-09-01 00:53,49.89644632355396,30.221775281965048,77.90519979295856,109.95992864426532,1.1956562102464494,99.2009161968579
2026-09-01 00:54,49.94040435446836,30.58160878495153,77.9408033890848,110.1799309391651,1.204784435902364,99.18508440000734
2026-09-01 00:55,49.88681498362449,30.55125650497348,77.85028595441699,110.04927012215737,1.1964992449619283,99.11040802171678
2026-09-01 00:56,49.93253834378093,30.572084421932047,77.84767348501676,109.94764867201064,1.197845554376949,99.30730043811752
2026-09-01 00:57,49.93153517105016,30.447817690111677,77.89949783794188,110.159379100729,1.2130777835846014,98.96184825099056
2026-09-01 00:58,49.86909772653343,30.39970961005251,78.02951557970056,110.04903260789436,1.201825616522149,99.018096445224
2026-09-01 00:59,49.85340275293509,30.74634496507323,77.80889239363385,110.52687291134264,1.2168334293515928,99.2452256680165
2026-09-01 01:00,49.85610786687367,30.790611111951865,77.86519740616978,109.66120252043396,1.1993191538516015,99.2349388960176
2026-09-01 01:01,49.86974743383189,30.382608840325773,77.93327871734125,110.00629235743308,1.2087732251258305,99.18840288418336
2026-09-01 01:02,49.82063802758484,30.723617880622974,77.90780940681674,109.950045730216,1.2061116177178006,99.23675723232898
2026-09-01 01:03,49.76526937522658,30.59141483080615,77.8377620069296,109.94091522785912,1.2117594040139499,99.11122858669836
2026-09-01 01:04,49.77524860186894,30.55715173110592,77.81584332947678,109.54841045008432,1.1966777175438665,99.1309078374972
2026-09-01 01:05,49.75191112102495,30.781036730959546,77.74910490198853,109.954308828878,1.2044671908601676,99.22624460250957
2026-09-01 01:06,49.76368640161146,30.643364021871264,77.87046127163794,109.82708806155306,1.2040620586365913,99.1507711101993
2026-09-01 01:07,49.801662377735376,30.552159235722343,77.88268945643456,110.08988549423908,1.1853643554203739,99.04125986464749
2026-09-01 01:08,49.71922300941783,30.683506378944085,77.8085255607777,109.70799726014674,1.208184798351504,98.99297224686116
2026-09-01 01:09,49.73194241524371,30.28232320743682,77.93797141921154,110.2629353463082,1.2030515489597664,99.2365351971385
2026-09-01 01:10,49.7931747636205,30.57243963416432,78.1004528781765,109.93527898930236,1.192006306891053,99.20999381198271
2026-09-01 01:11,49.77829842140197,30.612175364328,77.93331760429314,109.8424452620156,1.2069384122541957,99.1139085044588
2026-09-01 01:12,49.737757692240095,30.42967366780168,77.70337414814567,109.98778083872168,1.2093294519505278,99.0956152596124
2026-09-01 01:13,49.77536988359908,30.753829354800665,77.95611999859823,109.65033559896688,1.1957336522208568,99.167123720782
2026-09-01 01:14,49.78804220940948,30.78128698228467,77.83602527628352,109.7341425241981,1.2048409582454023,99.187396808874
2026-09-01 01:15,49.83283636294836,30.616071596986533,77.75752908336834,110.06728300362212,1.213939279719316,99.19833433520068
2026-09-01 01:16,49.81557557744579,30.71149254082509,77.97282540305453,109.88476505275403,1.203531464230353,99.0820082251586
2026-09-01 01:17,49.741484663759685,30.88921663641064,77.78753599611501,109.9391608671416,1.2006242641694391,99.21489733028751
2026-09-01 01:18,49.73598412552412,30.97561219625424,77.87938575994988,109.47579147445067,1.1982053278560483,99.15952220405718
2026-09-01 01:19,49.71369271787356,30.62069556529876,77.78504690106936,109.64231458556311,1.190527537668462,99.07129140798888
2026-09-01 01:20,49.75245890897594,30.8495519527566,77.91023011991162,109.58602210816936,1.2103660804022978,98.94119518436554
2026-09-01 01:21,49.76214055139479,30.998190738267034,77.74755986113401,110.2495920797422,1.198537876181792,99.10866936673254
2026-09-01 01:22,49.68059808977304,30.79369793136912,77.90424059775378,109.86568431401422,1.1906955574388722,99.27092802373274
2026-09-01 01:23,49.62083993576788,30.654360343806182,77.91232666550322,110.13132881288496,1.1708423803272487,99.07261237378886
2026-09-01 01:24,49.66502938759725,30.664259592113023,77.71763522653552,109.83667774557723,1.1997372939817568,99.1404585289932
2026-09-01 01:25,49.699017638468135,30.76206635044465,77.85346311975326,110.10574188821607,1.1932124356712004,99.2418497930116
2026-09-01 01:26,49.66700547017271,30.628807285286307,77.88716998173017,109.78204885590269,1.1976393919752735,99.2248465052843
2026-09-01 01:27,49.666953030344345,31.246834216694506,77.71054356441192,109.79666677721757,1.1998927829666963,99.28951966566484
2026-09-01 01:28,49.68923170803316,30.73916007877124,77.6421101721135,109.86601020414294,1.1975417777036386,99.16252723887229
2026-09-01 01:29,49.71265192482552,30.937659622159504,77.81098130899422,109.91751428388696,1.2040059717598321,99.27157339823424
2026-09-01 01:30,49.75646403463124,30.907524774765783,77.76129823585067,109.51609418322512,1.2096751215958983,99.22013903503196
2026-09-01 01:31,49.76928831599232,31.007124124370257,77.89420641676223,109.91318964831828,1.1954952338654659,99.25701502307732
2026-09-01 01:32,49.76454689904389,30.81147268251429,77.70684449809583,109.72605884055824,1.202942692721731,99.15250745567788
2026-09-01 01:33,49.7516044958045,30.637549518508305,77.94503448103622,109.773915186901,1.1944241525229504,99.16260957271128
2026-09-01 01:34,49.80439163583116,31.233716098856554,77.7464820696041,109.86785025142603,1.2077917403428757,99.27944804542116
2026-09-01 01:35,49.691848922077234,30.899173033901818,78.04275333569484,109.81060267619034,1.1975481695479258,99.17130335727236
2026-09-01 01:36,49.68491615582267,30.9469579798568,77.67742156932992,109.87444636419188,1.1972633924484712,99.18595414294326
2026-09-01 01:37,49.68656616102187,30.972488765008357,77.86884905535919,110.10072457216428,1.202882385019942,99.34828658393292
2026-09-01 01:38,49.615298712978365,31.193587667978704,77.66842352012159,110.08701750513345,1.2000290019193063,99.34388063244556
2026-09-01 01:39,49.631939393635264,31.10387687727979,77.64661086520982,110.2174651844934,1.1938895775232212,99.22671738537194
2026-09-01 01:40,49.59937534301309,31.19366393992406,Bad,109.73290450939568,1.2022950555597343,99.29932674026162
2026-09-01 01:41,49.64249758282888,31.132181450331824,77.79722226421447,109.85518497874632,1.2068200227827957,99.22851530975228
2026-09-01 01:42,49.636217978627165,31.00712383386489,77.86615004374559,109.81641987940786,1.1991879154939609,99.29181011016044
2026-09-01 01:43,49.66967564066664,31.03612345686015,77.59788773643166,109.79895269257295,1.1941895640286104,99.17014771543214
2026-09-01 01:44,49.7306178209252,30.84540724689652,77.68323114470289,110.02686735132386,1.2116219359971623,99.19274902811834
2026-09-01 01:45,49.74976430006088,30.61499467951764,77.91000920536976,110.06019496741004,1.2006109097909823,99.05859321297486
2026-09-01 01:46,49.70597824288973,30.96351305588631,77.69236662335338,109.88172036336988,1.1914101788089264,99.38610980110816
2026-09-01 01:47,49.6302623113045,30.805415713350214,77.9332522766066,109.9102288536656,1.1907151404130925,99.29459132847788
2026-09-01 01:48,49.71793151718032,31.545999889814507,77.82877543128558,110.1538793130789,1.1977684556348003,99.4562514730396
2026-09-01 01:49,49.71236690752095,31.348920518077605,77.68817960251927,109.88092667380496,1.2112509950436323,99.30345171884898
2026-09-01 01:50,49.677938660139226,31.27981159201033,77.71478103567684,110.11645639092625,1.2120276896001718,99.24959667005896
2026-09-01 01:51,49.68515151454227,30.944050287643822,77.78225224699607,109.90569970537898,1.2068596941718215,99.27970868689432
2026-09-01 01:52,49.67558094801814,31.474435849453894,77.64337432210141,109.99541180925472,1.1878764197693708,99.14033360430938
2026-09-01 01:53,49.718188061228766,30.730304988316643,77.82197278537485,110.28179246596775,1.196155874324601,99.35898709306394
2026-09-01 01:54,49.71988447035062,30.83788614876719,77.78110585984416,109.812555087092,1.212914719187214,99.29582787515348
2026-09-01 01:55,49.720571949531546,30.931804980847573,77.82849684896865,109.99169143452686,1.2081264416427777,99.10104901550544
2026-09-01 01:56,49.684842963479895,30.90475728069579,77.75418191210849,110.15838630442175,1.2023557697302694,99.36261818641516
2026-09-01 01:57,49.70832136841727,31.13121314059953,77.69246446869025,109.94699674817188,1.2080009325428531,99.14033331353374
2026-09-01 01:58,49.65662803229952,31.15180347235962,77.70529780759362,110.16655411879267,1.197311938826417,99.20965251206752
2026-09-01 01:59,49.68992250428772,31.503326801765272,77.60710035373602,110.419734756105,1.2036092343096816,99.3415047095712
2026-09-01 02:00,49.76611937993723,31.32907279812064,77.7027355493082,110.22088774357825,1.2049056123168305,99.26820998123594
2026-09-01 02:01,49.68988507803227,31.38201327398475,77.74650719637238,109.90783018775512,1.1920606807841185,99.33345097591408
2026-09-01 02:02,49.5665736164647,31.229740576530883,77.91632569607069,109.7253534134132,1.2101290257923072,99.40672905549332
2026-09-01 02:03,49.59741755422242,31.12478527703005,77.57190995169563,109.93453489367388,1.1964293680352398,99.1974585895611
2026-09-01 02:04,49.72481244499657,31.0251058825195,77.62965846305823,109.82392214369165,1.2067399282958113,99.25945357382017
2026-09-01 02:05,49.67476620255298,30.868683315635263,77.78690125662234,109.76660834868268,1.1903857734186247,99.20316812762393
2026-09-01 02:06,49.61223141461288,31.00466115686802,77.763448100822,110.04278523356588,1.2144963601358263,99.35039952212084
2026-09-01 02:07,49.6416798613019,31.110499563803018,77.73757805258634,110.0376426142049,1.222075440527019,99.37966037403508
2026-09-01 02:08,49.59964378179899,31.34727135485492,77.87773314668536,109.57163199557304,1.194720462995712,99.38995595648537
2026-09-01 02:09,49.57434250760216,30.865423662906323,77.6017742031487,109.78602868243595,1.207116150392032,99.45098675508436
2026-09-01 02:10,49.55693663426796,30.93743022769709,77.75269985110971,109.6805652000082,1.1909549479194939,99.39863137203444
2026-09-01 02:11,49.58353673858255,31.262531439428138,77.57859071491839,110.02045975657346,1.218881127687564,99.30496348600047
2026-09-01 02:12,49.5632716205129,31.016756837809343,77.72272521757834,109.96029497521408,1.1870480394192513,99.22275161838128
2026-09-01 02:13,49.577165762516906,31.30150870838937,77.74888804026487,110.07578720297712,1.1968724852106036,99.4621577887424
2026-09-01 02:14,49.56833909957223,31.15993705056399,77.58048888508387,109.88229724076557,1.1950895677462268,99.44525092325703
2026-09-01 02:15,49.52610554438965,31.09973755543971,77.83504140686318,109.97799795206237,1.2171866635546258,99.226168191598
2026-09-01 02:16,49.51011423150248,30.99127211469759,77.66814886874882,110.00817796761316,1.1898169927824997,99.29578989679403
2026-09-01 02:17,49.46259424824409,31.24685046055337,77.59207614592451,109.84672507865356,1.2037007908947281,99.19864437854002
2026-09-01 02:18,49.462919997537576,31.127626149069155,77.55618422055812,110.030033396621,1.2109152778658645,99.15903328544896
2026-09-01 02:19,49.406726686159296,31.15846392555244,77.63900565956543,109.4843448447256,1.2031148256133621,99.40636402214687
2026-09-01 02:20,49.35208196769453,31.16125468185756,77.62875330678301,110.02256029331788,1.1956056109697246,99.24177167162146
2026-09-01 02:21,49.42493005845979,31.333603398746007,77.75861980962783,109.57985370802162,1.2030962030142442,99.455546931633
2026-09-01 02:22,49.42227084744453,31.333513471322068,77.51932616039022,109.77100293008068,1.1950786158033084,99.41604373670346
2026-09-01 02:23,49.41957574617093,30.96865059346662,77.76953454223033,109.88877858933876,1.2065837378507496,99.28929398832432
2026-09-01 02:24,49.44515256716681,31.286671378593716,77.7713108304234,109.87390328553282,1.2057617399126928,99.49773642415316
2026-09-01 02:25,49.42410971703936,31.406017454241912,77.63601148697276,109.56871627364204,1.2023154461997076,99.20171563019028
2026-09-01 02:26,49.412682948665456,31.54163162564165,77.70978534793245,109.84302819242671,1.2092828143362138,99.36103813282266
2026-09-01 02:27,49.43394038543205,31.4978297025884,77.5745230755035,109.40798244942236,1.1957733026466328,99.47199303439982
2026-09-01 02:28,49.44806117754428,31.390484584267693,77.70812749111724,109.79673211846938,1.1970765290011312,99.4514185364072
2026-09-01 02:29,49.39009634119765,31.1274537131417,77.68013687091104,109.7320040289489,1.2024671338578088,99.37586109418716
2026-09-01 02:30,49.43176347103113,31.209289563721253,77.91720769280369,110.13185847551333,1.205451812231364,99.4583827450392
2026-09-01 02:31,49.40224172386668,31.553487108258118,77.60113677698573,109.7667608757432,1.1955580717557237,99.39093404552942
2026-09-01 02:32,49.349437776350975,31.23740965217227,77.6575342368224,109.66324033354144,1.2056636945000994,99.45186706155812
2026-09-01 02:33,49.30441402285102,31.59032691997242,77.6527598034023,109.65524551510246,1.2061027553821515,99.25293021219817
2026-09-01 02:34,49.28488675563325,31.64706397779687,77.54618747469199,109.62089937329915,1.2006398191435255,99.33091465187114
2026-09-01 02:35,49.36625176836441,31.1869969530972,77.67962303698971,109.80977527457723,1.1985057697737114,99.50470063898524
2026-09-01 02:36,49.30747497311837,31.494681770574516,77.6656529178109,109.83548953849954,1.1952405090878644,99.49076219329586
2026-09-01 02:37,49.31547876774509,31.391235732501425,77.74082378799756,110.11478319662758,1.212931694151592,99.48010629647628
2026-09-01 02:38,49.20858754984056,31.82624727414348,77.49602379945667,109.5100595075981,1.1925692515098159,99.42739496842174
2026-09-01 02:39,49.2085092031833,31.59533640163837,77.60785518789153,109.87777161129976,1.2160352114509623,99.43294584025728
2026-09-01 02:40,49.2534875240571,31.33262030245923,77.64172394270643,109.5002765590968,1.1967001121318062,99.15706833691928
2026-09-01 02:41,49.241654357954026,31.52312297900152,77.68930943266369,109.71502606477426,1.1852356999225824,99.47353623213318
2026-09-01 02:42,49.21018661175986,31.265037601212388,77.75015971615461,109.98429386034864,1.2064780191325135,99.37196195988676
2026-09-01 02:43,49.22176216496278,31.42515469250829,77.67754180318336,110.00629755914642,1.201400182770077,99.47204355810824
2026-09-01 02:44,49.25676975252032,31.50328954297774,77.65164934317448,109.94563368263375,1.1953601779125043,99.51731704368156
2026-09-01 02:45,49.28995263107119,31.498969828591,77.80841461243155,109.67625820018704,1.198491243276287,99.4027454785396
2026-09-01 02:46,49.38857632376768,31.53741644808087,77.54419434678617,110.0060051085765,1.197607393269365,99.37853340539397
2026-09-01 02:47,49.399034697384494,31.301204957642035,77.84342599835422,110.11946933775153,1.2065350183307977,99.29129536151862
2026-09-01 02:48,49.369414192396846,31.118630287283302,77.76708325175773,109.5412001323238,1.1882899638515219,99.595206227209
2026-09-01 02:49,49.36311523289751,31.423359267089637,77.49838715369319,109.70310508335324,1.1897597646369937,99.46695122445294
2026-09-01 02:50,49.35949030561652,31.32408937457916,77.68414212399169,109.82821215412606,1.2118472807383471,99.5000716358028
2026-09-01 02:51,49.36492717479042,31.369105005320787,77.52129238177581,109.86183672770886,1.2051228620003023,99.43113631144934
2026-09-01 02:52,49.36342578412896,31.94315232980028,77.53545773536055,109.87518377225555,1.1978873267882697,99.39603118781224
2026-09-01 02:53,49.37212408107376,31.75476812444884,77.38343175655004,109.77550928180564,1.2147334891788595,99.44248165203769
2026-09-01 02:54,49.28858157804301,31.493767642376778,77.70312812717407,109.66109104561654,1.1948012870205365,99.4749001750786
2026-09-01 02:55,49.33006302584501,31.24839991059774,77.60449329570814,109.90683307994304,1.2205145027801578,99.19518909323504
2026-09-01 02:56,49.30132606239896,31.281838600633577,77.8390462056051,109.651227725751,1.1927178398444882,99.47831085625128
2026-09-01 02:57,49.24266812757661,31.62006918932154,77.5279801971667,109.7443250062622,1.2027932543465405,99.21496341431632
2026-09-01 02:58,49.27455568555868,31.76801325829418,77.57947268497747,109.87980031476808,1.2022036664553017,99.2929637787336
2026-09-01 02:59,49.34042198592798,31.502715176081526,77.49791648197542,109.8962602079382,1.2146338130767396,99.55457879042926
2026-09-01 03:00,49.36507339340296,31.59367375294116,77.60511167135392,109.9875559398756,1.2061483383773866,99.424306141197
2026-09-01 03:01,49.37313135909523,31.62381145633973,77.61714321434778,109.99952736913517,1.2049568023935173,99.52872747477004
2026-09-01 03:02,49.32652034382664,31.79224611764326,77.6250887867133,109.9425774987301,1.2064303264361178,99.45080807782423
2026-09-01 03:03,49.47009871071731,31.20903090378497,77.95258093980938,110.14781912923888,1.2096158597294715,99.75106109225467
2026-09-01 03:04,49.51411164175038,31.622393696908357,77.79204184518265,109.60005068674752,1.2104357471940195,99.38549465302842
2026-09-01 03:05,49.457146908233234,31.67834771433149,77.6888490445531,109.88789154641708,1.1940786298267785,99.45672857329532
2026-09-01 03:06,49.41816501242125,31.79325830125232,77.55115069557792,109.87612693602132,1.1949939046651736,99.2393582953841
2026-09-01 03:07,49.42251397484984,31.688425754831574,77.57687072563428,109.7926751241678,1.2024785194862186,99.58738754242697
2026-09-01 03:08,49.34477741825005,31.39497682225923,77.62559334377416,109.8132334224546,1.1843452106763381,99.5481634654376
2026-09-01 03:09,49.353208938600574,31.504883152628544,77.55002711150786,109.89043558319736,1.1832916740574666,99.49166798930956
2026-09-01 03:10,49.33025536081493,31.32199449089885,77.73699270289431,109.74352720531486,1.2029797355132492,99.46036418467226
2026-09-01 03:11,49.39156889083075,31.67126797615898,77.600736872481,110.23017298325846,1.2039566937913397,99.50284297006635
2026-09-01 03:12,49.43967662401216,31.676855143476125,77.66300429121024,110.23757396893323,1.1962693398173185,99.51436402311457
2026-09-01 03:13,49.30411235214042,31.74646415673204,77.55820020661118,109.71125943191863,1.1921082703267198,99.22295664838876
2026-09-01 03:14,49.306197481441785,31.45579702929705,77.67879896286432,110.01028034647652,1.1909849390735598,99.3167024335174
2026-09-01 03:15,49.2253241064656,31.42735763984705,77.81523072894265,109.9483217889548,1.201734758071507,99.4333503388443
2026-09-01 03:16,49.28080600642802,31.96611445235299,77.572575877497,109.8457767756188,1.216916849071468,99.53585959357764
2026-09-01 03:17,49.289211299884414,31.702980600985462,77.68381932203685,109.76555016586578,1.196224352424039,99.5183962165931
2026-09-01 03:18,49.31663157249377,32.02125264149522,77.44575089767929,109.91192856033354,1.203878037795963,99.41953878372524
2026-09-01 03:19,49.2633753360536,31.76540676204553,77.56186899218272,109.82600700584564,1.198861247602716,99.56411310656144
2026-09-01 03:20,49.354796847953374,31.390600538638065,77.62312140537753,109.71725465560364,1.1971484090766427,99.29467808123204
2026-09-01 03:21,49.4558005163109,31.84940728995403,77.62987441323428,110.02590281305744,1.2075523594833732,99.4975560615101
2026-09-01 03:22,49.40256196417959,31.94068975526161,77.5860436032261,109.87056782113676,1.1843155372769476,99.38901183829874
2026-09-01 03:23,49.4212027202729,31.60881641635192,77.55763255139955,110.062203348455,1.194235938863729,99.55925334149288
2026-09-01 03:24,49.38753759885339,31.31928431398993,77.71496067645946,109.57702738933531,1.2029596854222488,99.4118946251906
2026-09-01 03:25,49.38635910201036,31.842476653980984,77.58793963582924,109.67780379438685,1.2007966840543878,99.42104582529858
2026-09-01 03:26,49.32307725304913,31.68652746399888,77.44417464853126,109.19925268453248,1.1840114844811442,99.513840112748
2026-09-01 03:27,49.41643452877816,31.775243313949424,77.58969971932785,109.75729114545526,1.2169047107426594,99.53003786937384
2026-09-01 03:28,49.36797555322403,31.187506068578976,77.82450979284893,109.59743150895775,1.2236707641567686,99.63014741985808
2026-09-01 03:29,49.35317136247415,31.821274088445332,77.48898370933408,109.93143299078233,1.1937235251643974,99.5684219569465
2026-09-01 03:30,49.37824550902968,31.18474328982836,77.81718257847827,110.02303060282358,1.2090927324446217,99.47522683099996
2026-09-01 03:31,49.34586747510888,31.56631918839833,77.69848449636096,109.834506388989,1.2044930624922108,99.4254550563619
2026-09-01 03:32,49.33390185362226,31.921891247475973,77.5738984756786,109.98871593123974,1.2008085599747036,99.53504993105248
2026-09-01 03:33,49.30571986130091,31.38468242571204,77.7061621136331,109.66449099417274,1.1866070276521905,99.5695393419436
2026-09-01 03:34,49.299046823559095,31.381640467122097,77.58141186830942,109.55666824880848,1.206853656333533,99.3035775506235
2026-09-01 03:35,49.24051969180408,31.669224502197103,77.6693212078895,110.05277186978552,1.2033482524129022,99.58224984269448
2026-09-01 03:36,49.21862028802396,32.09324762950359,77.36974595577699,109.97093239281406,1.1906446861071667,99.54185830758504
2026-09-01 03:37,49.208275641788354,32.091737283491014,77.39904574843476,109.91620802307472,1.2095955486409522,99.53085403396372
2026-09-01 03:38,49.19158934159815,31.6515973239524,77.65173831523093,109.70085030450645,1.1937138037032506,99.21945949983294
2026-09-01 03:39,49.19442383934283,31.97776104321581,77.4227545442219,109.96914237516968,1.2108857899921908,99.55272239988248
2026-09-01 03:40,49.179768728375,31.898197946471797,77.74850468108552,109.88413001203858,1.2012626291466666,99.30437284856605
2026-09-01 03:41,49.217429298796965,31.839124712816485,77.59718742349196,110.29180345253836,1.1956324138862615,99.44451114718896
2026-09-01 03:42,49.20126950250768,31.862275020045047,77.64797454142435,109.24586147204144,1.2204509337331122,99.56625371084642
2026-09-01 03:43,49.19443702269288,31.65059980991384,77.69616941594931,109.52753660924128,1.2140545480546452,99.35804709780606
2026-09-01 03:44,49.16119795589309,31.96020969617957,77.49481413886464,109.9254548331204,1.206971664187503,99.49786118342864
2026-09-01 03:45,49.13487221388733,32.016528816669,77.52290500630913,109.89665881249452,1.1910096076888226,99.42417592908504
2026-09-01 03:46,49.07164757434634,32.34880658518523,77.49518431157585,109.79493591608558,1.1961688845099776,99.76143666007944
2026-09-01 03:47,49.09758682039024,31.99610757121997,77.52159737127079,109.7026452564271,1.2055734308249,99.5989026531458
2026-09-01 03:48,49.040460919507616,31.32632304540719,77.80696474141202,109.5916308032604,1.194719063432868,99.45510568117275
2026-09-01 03:49,49.0031680995982,31.579999844619948,77.69847324629832,110.03374538355992,1.193520561548556,99.72032827099136
2026-09-01 03:50,49.02113033219876,31.891548814581743,77.556642367265,109.93964322172208,1.2043591998613044,99.37244996844257
2026-09-01 03:51,49.041259000495984,31.8426037430371,77.67335192312106,109.7890733871516,1.202913879239467,99.48281446208416
2026-09-01 03:52,49.02125326294573,31.46072431986611,77.6282872163508,109.79773510228932,1.1871494496619681,99.41822458151282
2026-09-01 03:53,48.920289972421294,31.80878334788222,77.61923008988853,110.02053840508528,1.2082324968557456,99.41202621832842
2026-09-01 03:54,48.94131563678607,31.768958004990196,77.56779388892495,109.4951376702005,1.2003320713236973,99.5834657124441
2026-09-01 03:55,48.95429380973067,31.834523935562565,77.51292279468117,109.46864325462651,1.2204415429335356,99.6226587636853
2026-09-01 03:56,48.88367474895709,31.823758916268265,77.44076956962834,109.65167698655098,1.1995827769108098,99.58190201148372
2026-09-01 03:57,48.92219085309681,32.03614106065789,77.42401091497669,109.48206567851412,1.1987078360032737,99.59763358191836
2026-09-01 03:58,48.88713586307514,32.14863870927126,77.47469115101374,109.84797801796812,1.192852669511942,99.25547339147744
2026-09-01 03:59,48.83082645726748,31.996158848501192,77.53697187811463,109.7984066197188,1.2062126160201632,99.32579690203994
2026-09-01 04:00,48.83561299281569,31.641018817680425,77.3521210421725,109.80321036304804,1.1966357340207794,99.48941826329292
2026-09-01 04:01,48.82668947124573,31.69404304096188,77.51242693622983,109.61176213086216,1.2010942336954675,99.3542494022608
2026-09-01 04:02,48.836820671295285,31.737843012301827,77.60353421347358,109.5436876908522,1.210573119826515,99.32488047224784
2026-09-01 04:03,48.75653326837906,31.86254978571309,77.49618467733136,109.718162896207,1.2138436041324538,99.4474668256293
2026-09-01 04:04,48.84714477419268,31.79195573619172,77.42462585246669,109.25101114821236,1.2025676343536367,99.62715346819272
2026-09-01 04:05,48.81701184346549,31.81073066915138,77.42666703092615,109.34923221425149,1.1973490836275722,99.53213979262794
2026-09-01 04:06,48.74002887804068,31.69960523008095,77.71060627820262,109.4284314627168,1.1986652213877458,99.64225743764472
2026-09-01 04:07,48.77097098746903,32.07728066043776,77.31021573985613,109.36334041946633,1.1897757784873348,99.64092381507103
2026-09-01 04:08,48.753230780963975,32.06100433465822,77.43757370730422,109.63399583467056,1.2134866454755613,99.57233744295978
2026-09-01 04:09,48.769473705252615,32.08487261773664,77.55014838649929,109.4095310897942,1.2062697700298906,99.58474797115014
2026-09-01 04:10,48.75249328372136,31.881096882323845,77.30672760554697,109.76196546387273,1.1871207953194747,99.60045686618058
2026-09-01 04:11,48.74950626569737,31.991274412928124,77.55124473316495,109.60873402990627,1.188160580196312,99.61159046918978
2026-09-01 04:12,48.7617949078843,31.72117977422953,77.38353263415851,109.3059538708847,1.1935674708354589,99.44096316051368
2026-09-01 04:13,48.72446226368516,31.70408047152757,77.63944280943612,109.13381127545502,1.2157500791116107,99.67298571571564
2026-09-01 04:14,48.75839924347813,31.800683722457777,77.789065479596,109.99773963000978,1.1861264723660991,99.68260064410548
2026-09-01 04:15,48.73490423852416,32.029377499734565,77.34926028828643,109.68336173701267,1.1990347995132815,99.65178416661608
2026-09-01 04:16,48.69141988131563,31.88554991503944,77.49199675215668,109.69386107395604,1.2014608356885745,99.39522416660272
2026-09-01 04:17,48.69527150240676,31.689783165111223,77.57501275940163,109.51155784823732,1.1893078521775884,99.74449008797252
2026-09-01 04:18,48.71752356633131,31.93966525083277,77.43348584800093,109.4225020419729,1.1969188270375763,99.64567360954642
2026-09-01 04:19,48.70606959925038,32.00838784274361,77.53024188883843,109.87660263822032,1.2149997880010974,99.58404647758525
2026-09-01 04:20,48.6629436098964,31.95918208608369,77.40985024963908,109.36534988590653,1.211461394327283,99.77171264720296
2026-09-01 04:21,48.69393288821183,31.795959243578377,77.46026829586002,109.52498349458811,1.1856583897856556,99.56860157245384
2026-09-01 04:22,48.60591644860569,31.94478653048344,77.39656692267492,109.58073632990082,1.2039534295188394,99.64702230496388
2026-09-01 04:23,48.55437324180392,31.850145257650524,77.4867796229405,109.39073766191362,1.1998627529876655,99.47384163039966
2026-09-01 04:24,48.55634938633059,31.87187207650556,77.53517690325172,109.4572359620568,1.2109188745043336,99.31664141048016
2026-09-01 04:25,48.48829641641533,31.921549129784857,77.56823559096135,109.4381144146091,1.1878461651889618,99.77913690641388
2026-09-01 04:26,48.48969612962779,32.092571075514144,77.42599337353559,109.44661638045822,1.2007302617003837,99.56255229593916
2026-09-01 04:27,48.48695297372687,32.30931499708132,77.28603556998101,109.84987071146068,1.2067664471658288,99.55104550668251
2026-09-01 04:28,48.531889963169775,32.25831791466024,77.3594374873659,109.5671821070452,1.1889319653126988,99.6187948219353
2026-09-01 04:29,48.48615044557911,32.07458091269554,77.3883357433099,109.7398169671822,1.1994342337469432,99.60339603405674
2026-09-01 04:30,48.45485511939703,31.87112988883591,77.43823112184471,109.35989364080582,1.1993005868693312,99.67361471387711
2026-09-01 04:31,48.47151420363208,31.891606999347484,77.53317228208408,109.4290371955053,1.204019818930342,99.62848797163052
2026-09-01 04:32,48.34863602412179,31.902325621108563,77.44635115036944,109.37649927752364,1.1939063267595142,99.73066283320144
2026-09-01 04:33,48.50363813906752,32.18800529932566,77.42788141282632,109.23486335721456,1.2257698577109064,99.58215026337103
2026-09-01 04:34,48.46870560254443,31.406752249972968,77.57627782522307,109.53881449025026,1.2064041918384192,99.52252057941593
2026-09-01 04:35,48.43221384990815,32.01334646555391,77.43704330445904,109.24348131429662,1.1893678496862758,99.53574377530876
2026-09-01 04:36,48.475270225453336,31.5652091747775,77.49260453820632,109.30582624154452,1.1920229821583395,99.72689690488238
2026-09-01 04:37,48.473278633381554,31.96480487890045,77.53256286938158,109.53796935230112,1.1890224181847238,99.90990609145376
2026-09-01 04:38,48.38430720244637,32.23231062431286,77.38813895837595,109.5698306166306,1.2008984467739214,99.71644457405542
2026-09-01 04:39,48.415653571451,31.7869869574439,77.47788728016755,109.36290480204784,1.2004903107431553,99.59940329355992
2026-09-01 04:40,48.45842246315097,31.51432590795054,77.43566665736367,109.56341248928332,1.2071633404142268,99.59403011181573
2026-09-01 04:41,48.43592514947717,32.231998625714475,77.3313784147486,109.7639188309154,1.2030232889292283,99.6139139932828
2026-09-01 04:42,48.42184513156256,32.275364681630045,77.33157903704424,109.81054785320084,1.1932033210281527,99.6674341870508
2026-09-01 04:43,48.44614436142554,32.07549197253495,77.49051996769263,109.7115722844942,1.195466692366387,99.75363728607417
2026-09-01 04:44,48.40070534892981,32.2283571843887,77.22301326886907,109.4558117657642,1.205765758663131,99.52662623220054
2026-09-01 04:45,48.42262477714016,31.818283101855275,77.55533172681648,109.77702023966344,1.2073467974346452,99.74805393030344
2026-09-01 04:46,48.43258970266238,32.21473211903351,77.41606749695575,109.47081425987798,1.1871800020764909,99.6200576835396
2026-09-01 04:47,48.39884307187359,32.32171251828038,77.30766234117381,109.45675580878437,1.1949553565735154,99.6052374340232
2026-09-01 04:48,48.329237978183,32.11095248255493,77.32860308626321,109.68811556778736,1.2081350533423074,99.81674922229946
2026-09-01 04:49,48.31795768664494,32.04040897861886,77.47749814706302,109.56768708955484,1.193730977142265,99.6212660074606
2026-09-01 04:50,48.27418657373193,32.24208364984553,77.40331377902625,109.58037773508192,1.2011288152767567,99.61851666764042
2026-09-01 04:51,48.32425708501594,32.21299569652692,77.19447213092631,109.3307856993532,1.1914541347285093,99.8179190947628
2026-09-01 04:52,48.331461353440936,31.837971249040628,77.39926488721869,109.44485882386924,1.2112314740687664,99.70233042043093
2026-09-01 04:53,48.37056557956893,32.26082290308475,77.29593533270364,109.57386073752149,1.1968848008349078,99.59004501966514
2026-09-01 04:54,48.37729667633616,32.13877263619821,77.40545636671972,109.61735317360544,1.1954294576433258,99.8193804724498
2026-09-01 04:55,48.3904417321904,32.022569037951875,77.37355180329587,109.62790354790975,1.2046032197635805,99.55826457650905
2026-09-01 04:56,48.351291786328886,32.25250546757915,77.43312959643823,109.15209818681431,1.1986666541977584,99.70332583475953
2026-09-01 04:57,48.38469415765749,32.17773400381776,77.35336065249501,109.96161706793676,1.202945405880809,99.71180243740864
2026-09-01 04:58,48.47392907137285,32.14266240712372,77.39386178940971,109.7020544306133,1.212476926880642,99.81411480624796
2026-09-01 04:59,48.45844469359697,31.89268802726592,77.59394673739803,109.3749632014505,1.2002268795745434,99.65487642261736
2026-09-01 05:00,48.42880596721126,32.161684897201496,77.38909055122186,109.76447575368611,1.2012235967721472,99.57962323382247
2026-09-01 05:01,48.42091413210174,31.77396952249429,77.4400534210964,109.50270828918318,1.2154175557236009,99.89380592432718
2026-09-01 05:02,48.39685011792169,31.9710151204408,77.4516797695685,109.4451279819154,1.1989940552056344,99.61658294104092
2026-09-01 05:03,48.36177615298901,31.65823532211872,77.3771595702008,109.83787077735856,1.198515041238444,99.72814320566852
2026-09-01 05:04,48.36868583518742,31.656541908030054,77.348247717809,109.29207707543236,1.2095524573290084,99.64043468818764
2026-09-01 05:05,48.35413995853492,32.0865142836481,77.4172298995012,109.3085133744372,1.1883345763248587,99.80400647956944
2026-09-01 05:06,48.42608363822705,31.98193455063114,77.38918472072977,109.35863535045496,1.2123414584968464,99.64358019536832
2026-09-01 05:07,48.4260937203748,32.01566964005851,77.29832930696078,109.4162766568737,1.1990153945162645,99.7737834087161
2026-09-01 05:08,48.442289319256375,32.117441656560715,77.51464771648965,110.1823471334001,1.193974999704421,99.71441593694529
2026-09-01 05:09,48.489890412656365,32.06933132398459,77.50475273792375,109.46170064588884,1.1960277406973439,99.63769414669504
2026-09-01 05:10,48.474852620031136,31.822290658078284,77.5063817099273,109.3464902280731,1.1932469797593839,99.72346084725756
2026-09-01 05:11,48.54668944703558,32.01443683780039,77.39930140497557,109.60247823957069,1.2074263233798346,99.59812077431368
2026-09-01 05:12,48.51505473640958,31.98646939887478,77.43496645474077,109.70842780451082,1.1944690286655686,99.68564840343213
2026-09-01 05:13,48.47463835131527,31.89597232092956,77.41133854453375,109.7981515888263,1.179721574339821,99.7459137921513
2026-09-01 05:14,48.45632500037276,31.975089677911555,77.53695189015492,109.3707774440377,1.1936909236548976,99.69727994232562
2026-09-01 05:15,48.4505891307744,31.926899124338348,77.31631597960148,109.93133901586056,1.206854568225164,99.7276619212907
2026-09-01 05:16,48.38052322076945,31.87009352546904,77.49140946899307,109.5566007050263,1.1977098246401923,99.64219992040412
2026-09-01 05:17,48.37876848156301,31.932946145359782,77.45322306011273,109.34772995205678,1.193662525814994,99.70002896798324
2026-09-01 05:18,48.29539415204104,32.04662768478783,77.3072358697696,109.34047915877215,1.189348960711548,99.65516039967603
2026-09-01 05:19,48.36500107206831,32.412059277972446,77.41603043660939,109.61206772903157,1.211314315477939,99.60363617741748
2026-09-01 05:20,48.36095122449792,31.83575071648329,77.43504431406069,109.5178973951278,1.1942542723292309,99.6071556397455
2026-09-01 05:21,48.32885333826313,32.103213694674395,77.59920789574954,109.41988412530088,1.2058209042979255,99.65577166066797
2026-09-01 05:22,48.28343643234895,31.706197518107672,77.60454417968238,109.52210653322136,1.1799794422188565,99.60568876146982
2026-09-01 05:23,48.26421490863854,32.316051317919744,77.35772329761149,109.95244204392424,1.1969927352678886,99.63969260864867
2026-09-01 05:24,48.25306093521702,31.93090442127369,77.40157981730094,109.77162600338792,1.1910542782129339,99.545431680615
2026-09-01 05:25,48.20083538693645,32.02483781277342,77.34699188308996,109.36885532902716,1.1970913160709304,99.72505966379336
2026-09-01 05:26,48.15484563224531,32.25197978524587,77.29306617920174,109.31169213050003,1.2013072174721575,99.57332299207752
2026-09-01 05:27,48.14548688199224,32.19341473272416,77.40745434187923,109.65027305626548,1.1955712206544111,99.59478410751989
2026-09-01 05:28,48.11944769460245,31.69684088652043,77.32932405709093,109.23082486937908,1.2036423320880403,99.7825066994724
2026-09-01 05:29,48.166408349786366,32.105534914900794,77.49269459065354,109.08864697877826,1.2109969157324283,99.66248517130056
2026-09-01 05:30,48.223301868498645,31.9482516014928,77.50255580464523,109.2798434263274,1.2008399936168659,99.50767225319798
2026-09-01 05:31,48.22410292867864,32.11673863945175,77.38570923679856,109.2068031594274,1.1883223109251235,99.53540460285726
2026-09-01 05:32,48.24778290728136,32.02252485737344,77.4952816008073,109.18113442854528,1.2095488123253366,99.55131247819052
2026-09-01 05:33,48.18102348860011,32.138340083485,77.62022185576652,109.4081456213656,1.1929446765325964,99.79231563843037
2026-09-01 05:34,48.21289437407174,32.04855782732246,77.44128927939526,109.30507026765828,1.1997001766391522,99.70957749594824
2026-09-01 05:35,48.21136520059608,31.96118055002401,77.60084489933632,109.39509363087892,1.210489609643026,99.70070535024664
2026-09-01 05:36,48.23559861639362,32.223482202171304,77.34954190402136,109.54181955462327,1.2010259978574602,99.73806158724072
2026-09-01 05:37,48.3156164229733,31.678162374416853,77.43533524600117,109.38787802229126,1.1983565554059057,99.61635722598729
2026-09-01 05:38,48.20157353515608,31.89919528650628,77.5404895405475,109.16837211069075,1.1977632682833599,99.70412165632068
2026-09-01 05:39,48.21462094410875,31.793473466639306,77.27122206733115,109.27705968603384,1.1877152075872672,99.60875869574616
2026-09-01 05:40,48.15966499095036,31.954555312407507,77.52101661220149,109.61675494543154,1.1956823855380723,99.64033948966528
2026-09-01 05:41,48.18927482552058,31.89602784368269,77.43964002169756,109.2389515612726,1.1876242490856916,99.77637687336632
2026-09-01 05:42,48.12360915364916,31.95104400924157,77.3741223172014,109.2087657141793,1.204170508476029,99.54209749509114
2026-09-01 05:43,48.09883917529896,31.881153670955143,77.44224528688102,109.51236261746412,1.195260206345795,99.50006497738636
2026-09-01 05:44,48.10897586308698,31.883859930568853,77.44526003010701,109.24393394212424,1.1997951328224354,99.61409575193112
2026-09-01 05:45,48.13965133240875,31.647457987020957,77.60923275940667,109.25253492778384,1.2102925829109619,99.5339845313564
2026-09-01 05:46,48.14339103687558,31.967173779507952,77.50508466373022,109.49180482097358,1.2079557965880796,99.76525670863369
2026-09-01 05:47,48.10374948992619,32.03475866411064,77.42351462805202,109.40280245947636,1.2029092811356452,99.611033455668
2026-09-01 05:48,48.07607287904042,31.852167793726025,77.41511915502853,109.30985344095336,1.208193496077677,99.59284111948588
2026-09-01 05:49,48.120298023602885,31.83834223494183,77.34990657962294,109.3520693976002,1.207011372511541,99.72599669203336
2026-09-01 05:50,48.12002304281856,31.839056599899244,77.464101167127,109.6502267794489,1.1998874515718716,99.65092018311024
2026-09-01 05:51,48.0358323229765,32.30197302172392,77.0856737120999,109.47672973676472,1.2062473999370782,99.68493892441448
2026-09-01 05:52,48.07801545838999,32.00191219478544,77.5040113587865,109.2833918621226,1.213703418000336,99.7575855641527
2026-09-01 05:53,48.09882788237567,32.03995124792558,77.40178294467687,109.34454897513037,1.1973344035769058,99.69421242368992
2026-09-01 05:54,48.14249865963826,31.90036780186172,77.26798711519402,109.76087379077198,1.2024917354158784,99.63348096657644
2026-09-01 05:55,48.12566728631943,31.85845654476251,77.49736492504452,109.39275607620677,1.1841966655930865,99.36467372198145
2026-09-01 05:56,48.16707511224076,31.78067730565884,77.37168196322993,109.52102123651186,1.191601340936917,99.7053087137474
2026-09-01 05:57,48.11402186624068,32.26271751551644,77.31225525941586,109.49667878416088,1.2010660435012381,99.5999610430058
2026-09-01 05:58,48.14252185678394,31.61205579944671,77.3132311133598,109.3428346620012,1.195781322859725,99.62611831550852
2026-09-01 05:59,48.11800284130254,32.0099369833162,77.33492061449543,109.4711422774856,1.2022659630931412,99.78176161067216
2026-09-01 06:00,48.15172042654855,31.94288694803076,77.44254154018877,109.25805043994116,1.1971320899042606,99.6211695874129
2026-09-01 06:01,48.20200263236937,31.894274444938077,77.43289832250647,109.4101092134051,1.1981502613130688,99.9698965994587
2026-09-01 06:02,48.165203124768944,31.62977240602167,77.51946032192023,109.68445339662752,1.1994309005738861,99.65768888600356
2026-09-01 06:03,48.16264165079401,31.6936552567614,77.40439857708039,109.41932832181284,1.1938073507607363,99.58726358733256
2026-09-01 06:04,48.16458938211681,32.134551202266415,77.44563140627169,109.75995403495344,1.2066418064429227,99.81568228694007
2026-09-01 06:05,48.22407262300884,31.796981120118065,77.31464391756839,109.51204546779086,1.1927978890429205,99.5030551367174
2026-09-01 06:06,48.25960052757733,32.10900834958043,77.34683082715799,109.58538461047326,1.2004255600059421,99.6622572620248
2026-09-01 06:07,48.198636650376805,32.06454725954364,77.1414611048748,109.48891961486044,1.21251548023489,99.84875492535237
2026-09-01 06:08,48.22151706341224,32.043842729527235,77.3819764084612,109.29449028532768,1.2012274004802257,99.7311778950716
2026-09-01 06:09,48.25877152388119,32.07758056283553,77.35484929240117,109.69645225831717,1.1938892487176238,99.75059803981816
2026-09-01 06:10,48.36496181867758,31.68049708947084,77.480053854729,109.79732088239246,1.194857362241907,99.57977112793688
2026-09-01 06:11,48.28100436383987,31.82495854016967,77.51913930336573,109.55056734179,1.2056052308292273,99.6543346821781
2026-09-01 06:12,48.25418674884317,32.05266272412377,77.54493434979554,109.48317856044268,1.2066398937269225,99.51217089551936
2026-09-01 06:13,48.32085530824754,31.66159426958928,77.38083485661174,109.4528717781382,1.1930568324235862,99.61281224989736
2026-09-01 06:14,48.2531017933172,32.24406308910557,77.35117491060917,109.58102009779503,1.1937639457866298,99.71501960301624
2026-09-01 06:15,48.19312876412096,31.796243879064463,77.26288725655125,109.67754840731332,1.2197718223102163,99.72316601229014
2026-09-01 06:16,48.21898287388998,31.89229012102937,77.62486113616978,109.65222532177592,1.1916313003093162,99.75476596089084
2026-09-01 06:17,48.26990330693392,31.697060393580763,77.61621956466668,109.53949651033432,1.2150119850642176,99.87204788210204
2026-09-01 06:18,48.23646928256514,31.972132988077743,77.47443339087769,109.4816082299136,1.201888195051332,99.74710886608187
2026-09-01 06:19,48.26347564117975,31.749048000517675,77.59650789330573,109.5128194780757,1.1936527210716676,99.64227540332364
2026-09-01 06:20,48.26932340465124,31.84409970690748,77.54286159574298,109.45548856444168,1.1975595732492545,99.52163122594452
2026-09-01 06:21,48.345260856352176,31.661598978496407,77.43772126586431,109.29478603934244,1.1964531047749445,99.5549697758269
2026-09-01 06:22,48.34518493436674,32.12439120777074,77.48074041887956,109.9133410571684,1.1964437819526759,99.48825710734972
2026-09-01 06:23,48.394697299965145,31.556163580498115,77.64490698734745,109.3605686345872,1.203710788527591,99.67153981412868
2026-09-01 06:24,48.34954140699943,31.969514781451306,77.52107980561131,109.319864032898,1.1830905263783034,99.76547609217972
2026-09-01 06:25,48.34029746452633,31.923260005110787,77.440387097978,109.79190108766991,1.210492448085361,99.758859885465
2026-09-01 06:26,48.33546224183824,31.959913932658203,77.40269335708359,109.60466752974185,1.20449224358542,99.50469260735537
2026-09-01 06:27,48.392417639212496,31.66468496228424,77.74354432783669,109.6308900314683,1.1919911978030207,99.47961214191852
2026-09-01 06:28,48.42139829118853,32.071978183980534,77.45481980038076,109.42515679793108,1.1844195868640648,99.7366031036544
2026-09-01 06:29,48.38381063462384,32.05447542648313,77.4820997731768,109.5168170940052,1.2167136723159402,99.52732627444468
2026-09-01 06:30,48.41790902280784,31.889835720159763,77.32357489271185,109.68519405919658,1.1841023556528658,99.47050676194294
2026-09-01 06:31,48.45644058662922,31.91672676281364,77.53058054132174,110.09463086739692,1.2029867773824892,99.65277697672828
2026-09-01 06:32,48.45085830051325,31.81895119340404,77.50599152829672,109.64704682142865,1.2054785290222194,99.5518188440369
2026-09-01 06:33,48.43797518476166,31.97521550105639,77.36257570098275,109.56339007459486,1.187963385249592,99.50581157617292
2026-09-01 06:34,48.42828502249053,31.678501783065183,77.63608013926567,109.66654849828495,1.2118507861676417,99.660322900179
2026-09-01 06:35,48.34353540219109,31.949803001049496,77.44412364028527,109.51704568363635,1.1845363458142477,99.5618049054624
2026-09-01 06:36,48.35297255259732,31.91614120001209,77.51688868020094,109.35384554952796,1.1822651780452484,99.66854938875186
2026-09-01 06:37,48.36470144905868,31.54886851632257,77.57275523748754,109.156463803831,1.187360138538715,99.3398287059928
2026-09-01 06:38,48.321425022870734,31.30201662683221,77.50181938244528,109.59976115252844,1.191573188920848,99.61880821166667
2026-09-01 06:39,48.35854733536448,31.799287586196595,77.5049368139687,109.22023204734836,1.213730113142211,99.58018434135136
2026-09-01 06:40,48.289898988573306,31.78628284354115,77.61015305547,109.72864361118054,1.1876949885576427,99.75888129133304
2026-09-01 06:41,48.262308347503655,32.05802084820686,77.30405801105624,109.37431383200556,1.2187168244272701,99.58008652375388
2026-09-01 06:42,48.23854739405408,31.821700487911823,77.35583513821126,109.37883955252065,1.2016901263404876,99.53898648874863
2026-09-01 06:43,48.337922885653526,31.706346805553377,77.40135281600361,109.2610066279872,1.2098947576532453,99.58520792551776
2026-09-01 06:44,48.25796368249063,31.529626697071254,77.59391096337865,109.26050992479205,1.2050408385775742,99.45131727087931
2026-09-01 06:45,48.286095195250944,31.77956866143365,77.42645257785556,109.35073037288362,1.1923544132869486,99.60151701671435
2026-09-01 06:46,48.33320135913039,31.67604390598716,77.52750361317305,109.55502340322134,1.1968865993587403,99.67965349827418
2026-09-01 06:47,48.35208763733239,31.567812811237825,77.6358267681196,109.40114207814229,1.2044415222723697,99.48996230493567
2026-09-01 06:48,48.411178034550055,31.75977396477531,77.37655509129755,109.48408446053412,1.2040772659052525,99.55206331238077
2026-09-01 06:49,48.361041150193735,31.99071070745301,77.58523815603084,109.39140860996238,1.2197672764760479,99.53698076170814
2026-09-01 06:50,48.24702822007812,31.793277251211787,77.46886761712994,109.56677087559372,1.1907432649002683,99.37111002217654
2026-09-01 06:51,48.28536911452664,31.560279314771456,77.49887034407072,109.55454281373284,1.1864051713410861,99.7514055796191
2026-09-01 06:52,48.22557770629308,31.83086930008961,77.60924880542998,109.5519158015253,1.1875661922990643,99.60705198837162
2026-09-01 06:53,48.209257712465785,31.541079882413374,77.55832213818502,109.2486171222542,1.186597673562817,99.70766188900625
2026-09-01 06:54,48.15031541259455,31.44039260146303,77.39531425164256,109.27614535912168,1.19801329804647,99.49865947198997
2026-09-01 06:55,48.20293250544202,31.849969808834047,77.44426228677573,109.18837309712704,1.2030881544447776,99.72488390443138
2026-09-01 06:56,48.2461900171854,31.63619576850389,77.42011132442235,109.60359863523698,1.219298190206502,99.52222659118588
2026-09-01 06:57,48.210186834090045,31.96408351758344,77.45465084304023,108.92450979396504,1.200915022257405,99.4378956397466
2026-09-01 06:58,48.255361426320526,31.798633678141268,77.41865808423302,109.76924324786204,1.1936300862301277,99.76288009074726
2026-09-01 06:59,48.261425289286514,31.57016154425746,77.47805629485877,109.40605407580831,1.2012115245536616,99.55533277315337
2026-09-01 07:00,48.25445584775853,31.77027979050761,77.56713102168835,109.33423023253071,1.2198519389523095,99.61146893469196
2026-09-01 07:01,48.25732668086064,31.980451711925618,77.26015612083016,109.50141216561484,1.1947196737536254,99.56674500604842
2026-09-01 07:02,48.24718921286815,31.67849294334109,77.51697474156073,109.40842347384697,1.1910686907068748,99.47027201819786
2026-09-01 07:03,48.2779394760587,31.498853555405358,77.50450043746395,109.39919549551716,1.204686321017334,99.45920132672786
2026-09-01 07:04,48.29345685458085,31.573589416538447,77.54680589683042,109.55260957048633,1.2071040099673715,99.6238009669198
2026-09-01 07:05,48.27598349725916,31.538027379973595,77.28270085835914,109.58863703136656,1.207195185837171,99.60022621586558
2026-09-01 07:06,48.32629628454994,31.459158097311896,77.44520320119157,109.38159132153558,1.2061095183688009,99.567988750032
2026-09-01 07:07,48.29572250381175,31.431532459532427,77.5023405608725,109.79751095198594,1.20993463508294,99.59882456527788
2026-09-01 07:08,48.31006918596512,31.769136793232207,77.64227556026881,109.21873098281787,1.2182492009565176,99.61451974490492
2026-09-01 07:09,48.33117695452773,31.90114138502219,77.327130032487,109.65908574669736,1.2184575199088001,99.50157358883436
2026-09-01 07:10,48.40511730751956,31.601420871815712,77.40765402435801,109.56179988020946,1.2102825672436957,99.51714096418073
2026-09-01 07:11,48.37984523935212,31.82561955976649,77.45354797128076,109.29784996291347,1.2038092730910817,99.82794194505485
2026-09-01 07:12,48.46699936166763,31.8444063035151,77.509425426753,109.70115433794253,1.1918225540428422,99.50548920071878
2026-09-01 07:13,48.475807609248754,31.993981367235666,77.38732075614094,109.79522000617324,1.1936992183018653,99.55843646828872
2026-09-01 07:14,48.46610876371612,31.614300367732305,77.53218275731692,109.21470307968364,1.1862167760868536,99.49380392846533
2026-09-01 07:15,48.4324851261692,31.576026240088076,77.36431063294162,109.63814132636855,1.1942128598382828,99.68630427271285
2026-09-01 07:16,48.46179979712192,31.724457116946574,77.67006957483727,109.50910772409068,1.2015005486514752,99.592630837294
2026-09-01 07:17,48.46424655934404,31.65398063429911,77.48159683824157,109.57459648171776,1.2083205714592238,99.45959175301962
2026-09-01 07:18,48.40906609604765,31.689089198909706,77.51571808987273,109.17855310645798,1.1879399432123328,99.4796039758675
2026-09-01 07:19,48.35267173723472,31.882169273123544,77.72891507259828,109.61867775093836,1.2135875773481783,99.7009090738308
2026-09-01 07:20,48.32489577684469,31.531138615507576,77.46989144546016,109.72229513752602,1.1980133372161739,99.6072884202995
2026-09-01 07:21,48.29109547665114,31.654395228128053,77.3740171711598,109.53424312182706,1.1812302161818478,99.62011744814085
2026-09-01 07:22,48.34561059623749,31.408894269648712,77.4537364710141,109.35794425618244,1.2032225508355403,99.65855715312875
2026-09-01 07:23,48.414387511136006,31.567269195873557,77.69496924062808,109.44623462659736,1.1905620762451976,99.6776797100878
2026-09-01 07:24,48.45781549232938,31.458469103548587,77.53504373386565,109.59209258806474,1.191107644215598,99.56160571678272
2026-09-01 07:25,48.47570893683093,31.435557042206018,77.48206120202221,109.49332711045956,1.1991729765271417,99.63539038899825
2026-09-01 07:26,48.4542970264387,31.537017503011427,77.53431884373263,109.2543427528694,1.188708086549012,99.38045130984784
2026-09-01 07:27,48.45702118698471,31.48550518178631,77.54372117552622,109.29141736765432,1.2003770982881836,99.56603175001092
2026-09-01 07:28,48.50125653728614,31.64294711190047,77.62216133996927,109.24263421650004,1.201556704205712,99.59198119613998
2026-09-01 07:29,48.607805148972304,31.723175757895948,77.58817246637471,109.5798804632189,1.2110276891133727,99.42289380284348
2026-09-01 07:30,48.6534501092374,31.257673903873847,77.65153268158113,109.9538871074904,1.1904188103107847,99.56452720589397
2026-09-01 07:31,48.63942950202266,31.750516943885053,77.56214333642514,109.84742118298568,1.1876606649378156,99.73492759778716
2026-09-01 07:32,48.6413307558112,31.098233912970645,77.56390619037876,109.5362645897736,1.2255605094763065,99.5777581670106
2026-09-01 07:33,48.61720351075361,31.586617319000364,77.41849641797945,109.53471371592217,1.1936184549183624,99.47878587462904
2026-09-01 07:34,48.57808358195614,31.67276870050013,77.56389037397523,109.750958165864,1.213203108022142,99.47904003955988
2026-09-01 07:35,48.56887148184524,31.394112108804748,77.63076651455003,109.69746575641769,1.1984813910976135,99.55505744691088
2026-09-01 07:36,48.5786522164555,31.47194148271566,77.58068809735595,109.81685867901236,1.1961630860540093,99.50943869478272
2026-09-01 07:37,48.67044729578938,31.35487577706777,77.6249307727957,109.68019734705904,1.2213768104559786,99.5120370697028
2026-09-01 07:38,48.67304891928705,31.683611343348097,77.59392964765979,109.51466915993409,1.20851335510391,99.4849281638964
2026-09-01 07:39,48.74091682303522,30.863620995873116,77.58746092238226,109.73215666613804,1.1955614317747145,99.5186095695539
2026-09-01 07:40,48.82929127709146,31.297169237122844,77.58972589971933,109.99160468243318,1.1974915867822566,99.36459290958037
2026-09-01 07:41,48.83323167060444,31.097330524010022,77.57740275331764,109.69709247662882,1.2072999948263252,99.45479263099529
2026-09-01 07:42,48.91362161498525,31.515689877245794,77.4024007650938,110.07942686807456,1.1984495755666795,99.42429373592311
2026-09-01 07:43,48.949368385213695,31.73109882381693,77.60213931089893,109.50379542856372,1.2054165365655019,99.59481608105403
2026-09-01 07:44,48.928491620465714,31.702778342338668,77.52970290525725,109.6114384054444,1.1967387004831185,99.50807562382444
2026-09-01 07:45,48.94175062170816,31.59126425740245,77.61686430753207,109.7229260763153,1.1985558956133668,99.44407599197092
2026-09-01 07:46,48.94289451261041,31.50041405177251,77.65754102639843,109.65627968003972,1.2027080160168682,99.46488229344726
2026-09-01 07:47,48.93127756111316,31.29065488888335,77.54478966605588,109.85805247715231,1.1982828705758095,99.47787183176112
2026-09-01 07:48,48.92133849946341,31.68061216979905,77.70692078284307,109.73499372840683,1.1864315501445564,99.47060510767344
2026-09-01 07:49,48.92854896463706,31.55461884599642,77.61243273572235,109.80552314140294,1.201113556167613,99.33635119167056
2026-09-01 07:50,48.95025802166117,31.25408555424756,77.74528827077931,109.98064820730367,1.190191197779744,99.52206011797728
2026-09-01 07:51,48.90601392790324,31.15998888235609,77.82816679239116,109.42932609362128,1.1960967674607081,99.492786403598
2026-09-01 07:52,48.90554454480343,31.28308634871633,77.58645486569844,109.6102067046668,1.1954650207420718,99.61212788140412
2026-09-01 07:53,48.829426793706176,31.61806862648144,77.49786349802032,110.04224563936428,1.189405968221797,99.53635311267844
2026-09-01 07:54,48.84246656867019,31.64472754288529,77.57338723385459,109.58092734021864,1.219054207899927,99.40542758022794
2026-09-01 07:55,48.873646542459255,31.710529166637198,77.65640107787321,109.4438669859949,1.1848684106122924,99.442039958205
2026-09-01 07:56,48.881844284377244,31.22506546476729,77.75748686063834,109.49148572485798,1.2119054720720808,99.33235214290347
2026-09-01 07:57,48.89613694197318,31.300924066867925,77.43255214256152,109.43278364886996,1.1874810413128016,99.4942606222872
2026-09-01 07:58,48.92563409715117,31.642147269166585,77.70783154020583,109.6411976374107,1.1950374245367181,99.38885381938084
2026-09-01 07:59,48.89237905494032,31.402294411977078,77.56428669156585,109.71339379253848,1.2087772940927888,99.45855633921964
2026-09-01 08:00,48.88042661197409,31.50377060040207,77.63640047562778,109.7251334376276,1.2001559163572002,99.32319478757331
2026-09-01 08:01,48.90597271416488,31.079346108977,77.54235705509896,109.817002585621,1.2020096509083362,99.2250251387583
2026-09-01 08:02,48.956067000901335,31.262232785337844,77.5549414111898,109.65002223762164,1.2190202264307237,99.4453534498478
2026-09-01 08:03,48.9758130709686,31.32549560634696,77.66911464979756,109.84931713997678,1.2065743746372724,99.5132406305093
2026-09-01 08:04,49.10345604208636,31.2503791684376,77.48183738844051,109.94719663151982,1.2124876249548449,99.5082894860642
2026-09-01 08:05,49.09888801347712,31.230892239367915,77.74450030587536,109.44434951985797,1.2020395598259945,99.4449139444277
2026-09-01 08:06,49.14887103494485,30.97961349487613,77.66509104389392,109.54027842424487,1.200749464454288,99.2553432682736
2026-09-01 08:07,49.21220741885736,31.624712815032407,77.62396250291802,109.85083392543542,1.2004135444975799,99.670516161909
2026-09-01 08:08,49.20551892654027,31.320667056324027,77.67123896702402,109.52067219957782,1.216394247926639,99.33125320652054
2026-09-01 08:09,49.164493282430136,30.99255458240923,77.66252815031838,109.95818234315306,1.1685483396829197,99.45862850867816
2026-09-01 08:10,49.105363136053775,31.49168012471533,77.74354225162807,109.60535896365444,1.2040395707686218,99.37316309659222
2026-09-01 08:11,49.11347698604524,31.282297978366515,77.88901957700425,109.60148327022408,1.2051378341088412,99.35803226446984
2026-09-01 08:12,49.168991583772176,31.404825671597123,77.69900964806298,109.7718581888914,1.1831119439262354,99.4660338889306
2026-09-01 08:13,49.18257500371495,31.215447409686963,77.50360181312976,110.21372789290952,1.2023142731034218,99.45370017899292
2026-09-01 08:14,49.19121780748343,31.08987404152213,77.71333753819178,109.5253615782455,1.1975914438354875,99.59507690432297
2026-09-01 08:15,49.1722571133328,31.087153256301647,77.67722109125974,109.73568787502882,1.1903370655815106,99.30689387223846
2026-09-01 08:16,49.20030859997247,31.29995477376456,77.75108207256437,109.60366225345862,1.2019595208770655,99.4260358177718
2026-09-01 08:17,49.09351704740029,31.378481365393174,77.6397928571855,109.83474940264152,1.188597934583693,99.47851114844912
2026-09-01 08:18,49.10513570996903,31.313731743477103,77.86209133956812,109.69516161331214,1.2146546564722198,99.37837196831909
2026-09-01 08:19,49.10654202544667,31.337102070893387,77.71255151100054,109.71199118492794,1.1870410790558374,99.29407620517098
2026-09-01 08:20,49.038025013118585,31.44092745985625,77.67545810835146,109.79594776471752,I/O Timeout,99.41607951222436
2026-09-01 08:21,49.14680490932578,31.2500435934372,77.63037144893984,109.6892292091419,1.1954425610791541,99.29620890693242
2026-09-01 08:22,49.07743424774805,31.385684522658845,77.54166470737103,109.72182978447904,1.1997015512334253,99.41089799097276
2026-09-01 08:23,49.02355822290567,31.398671451080897,77.61413586718905,109.8029692854022,1.2063532786888547,99.49239980889104
2026-09-01 08:24,48.96351506752803,31.227986006293744,77.67105222577878,109.67399876299784,1.2028956327687652,99.36556640375564
2026-09-01 08:25,49.01903345761596,31.14651635229532,77.72052234731645,109.64688537499497,1.2005743455449183,99.38005207733212
2026-09-01 08:26,48.974629214558,31.0669659905594,77.70418868097242,109.50943654234166,1.173921784898862,99.31190742030296
2026-09-01 08:27,49.00806203520621,30.90543614189773,77.69172831557343,109.7786582200372,1.1953818101863651,99.4174718454197
2026-09-01 08:28,49.03743754283227,30.826677979269515,77.74335934052252,109.72943052464714,1.1989645621071436,99.2143590634885
2026-09-01 08:29,49.05042106338468,31.39277358165217,77.58022548281576,109.67927988324206,1.2092932981863977,99.40507372573728
2026-09-01 08:30,48.98504211805184,31.119559720842695,77.57563140051603,109.56158907585156,1.189452863268547,99.35897814166032
2026-09-01 08:31,48.95443679915245,31.004417385695547,77.6078099886082,109.58164624617402,1.2037445481411837,99.3192828525707
2026-09-01 08:32,49.03809254765415,31.42157112010525,77.66878683684264,109.51008673048828,1.1958568003953478,99.5290804057345
2026-09-01 08:33,48.97355482768501,31.29221166038971,77.71147264111914,110.03705504076896,1.191812578276101,99.45370094273378
2026-09-01 08:34,48.93197207966659,31.10175487888616,77.65118384988273,109.79656592614867,1.1996051380176374,99.4289283744474
2026-09-01 08:35,48.92385975352757,31.28281331655141,77.62216291632608,110.07027087554916,1.1976285282800727,99.31397472586578
2026-09-01 08:36,48.96430925712944,31.035501451403988,77.74395789813238,109.33813980647804,1.2011163957727764,99.35526226693514
2026-09-01 08:37,48.97689121665969,31.137316839951165,77.65658788614633,109.3677002327154,1.1991098946945313,99.39452178725244
2026-09-01 08:38,49.01399342462445,31.42151594393984,77.93127580180489,109.75478472835992,1.2087988368681943,99.26275159496612
2026-09-01 08:39,48.960628712975854,31.26086810376522,77.65674538793989,109.643469929509,1.2079525849658295,99.42095498893528
2026-09-01 08:40,49.00786754267165,30.986135276189543,77.6516179312275,109.60147973341768,1.1891923473865782,99.41739808519732
2026-09-01 08:41,49.0363189835006,31.171328111748217,77.48828597522161,109.58161393732938,1.2150302651063036,99.47152137808588
2026-09-01 08:42,48.956590755744415,31.26066237807509,77.66454280297805,109.62792491716736,1.2136503628084199,99.36491108844906
2026-09-01 08:43,49.03358656613978,30.992533611661493,77.80735307883548,109.1876942349362,1.2085395656747908,99.35922662542384
2026-09-01 08:44,49.14820645914854,30.92426346963973,77.72433497947738,110.224831622999,1.201841059321207,99.3847648962719
2026-09-01 08:45,49.109777591291206,31.374726915250232,77.760149944453,109.65909220906664,1.219300818744763,99.4596583503616
2026-09-01 08:46,49.11256023212204,30.932273935143048,77.66549750110005,109.68505633005614,1.1963276290361735,99.3113257108336
2026-09-01 08:47,49.182431361277416,30.719454802661417,77.76424122244266,109.93683253438218,1.2025031575255787,99.42140767052904
2026-09-01 08:48,49.10836934980606,31.004070497090552,77.69148564461915,109.6915529595046,1.1905627698809402,99.15143972361244
2026-09-01 08:49,49.00887633385257,31.42540002513289,77.5406748698283,109.7634410852883,1.2020156055697757,99.48609310830336
2026-09-01 08:50,48.944029127742574,31.086069174590847,77.52892506948146,109.8202575211478,1.2119095277705854,99.57399692651347
2026-09-01 08:51,48.91567578842477,31.14403696399029,77.5674810223829,109.82539807309746,1.1959040199039035,99.538303553472
2026-09-01 08:52,48.88675367782552,30.511278970526625,77.59623980565077,109.7704197461462,1.20818039611489,99.38483988179954
2026-09-01 08:53,48.917121036517656,30.826773105912864,77.8022665199984,109.893428465458,1.1906431856634476,99.17998310777412
2026-09-01 08:54,48.93054785511581,31.17097966203512,77.64171537471272,109.90215928228686,1.2053327887537235,99.36763019688776
2026-09-01 08:55,48.86824399188236,30.84114904447169,77.7082232160034,109.6901079308714,1.2167107235667192,99.28094056452508
2026-09-01 08:56,48.8966129903868,31.17711222933956,77.59680816527694,109.78408454561524,1.197761689255762,99.40927687046803
2026-09-01 08:57,48.99031705747086,31.0009100095532,77.79402400633738,109.60030722262692,1.199293291472568,99.34130388211486
2026-09-01 08:58,49.05016977142437,30.97658143871035,77.62507321657074,109.8840734148128,1.211250215933908,99.40339998061609
2026-09-01 08:59,49.09972514380855,31.224909878576085,77.83346234119978,109.47992002157424,1.210422943989784,99.59260442646098
2026-09-01 09:00,49.10073404023462,30.77947146703116,77.86267943448372,109.46180606018171,1.1996839014335439,99.42317879286011
2026-09-01 09:01,49.14991560996685,30.77786181989429,77.68950779297955,109.60244392386552,1.2026010044950983,99.37648780408108
2026-09-01 09:02,49.10160896896837,30.88411301118042,77.71328272193124,109.8419792815883,1.2006076119960591,99.44596661345982
2026-09-01 09:03,49.13915970081853,30.897788344803654,77.79727170264458,109.63704661465744,1.209760238463853,99.24868544699214
2026-09-01 09:04,49.13479727984446,30.50554946864804,77.93751163555271,109.68794778035058,1.2067846400731739,99.4218628775602
2026-09-01 09:05,49.191342564738434,31.0819449209802,77.6235188432974,110.0198146532367,1.203123887422082,99.27632114556955
2026-09-01 09:06,49.21464309230133,30.87270507424369,77.69702356449484,110.10497411735064,1.1929861911619704,99.39654773388516
2026-09-01 09:07,49.16014910301571,30.78470919442474,78.00956971260923,110.19777070114036,1.185313035891994,99.2137894759898
2026-09-01 09:08,49.16654875068939,30.933039141612262,77.82200449198018,109.98832942239162,1.181375151383435,99.311079857395
2026-09-01 09:09,49.22745982417997,30.72044054780834,77.86830772649552,109.91998325088328,1.2044324039661025,99.29387571569984
2026-09-01 09:10,49.17099812992664,31.03203931599534,77.90405444817269,109.87555726855904,1.2307457700861855,99.23730626502837
2026-09-01 09:11,49.1430411360174,30.794353119839084,77.80001930953617,109.5483052035474,1.206424226595146,99.35004637918124
2026-09-01 09:12,49.10460748559802,30.91638856902735,77.6815582587059,109.7827369103918,1.2093940484002113,99.36061653518476
2026-09-01 09:13,49.02982518857573,30.58559788273852,77.61297205566937,109.70841509058226,1.1996703924358183,99.23172704538445
2026-09-01 09:14,49.077888602339215,30.69788841101069,77.85439166717848,109.95529390654887,1.2043210271923654,99.00282578974664
2026-09-01 09:15,49.14343846748852,30.81838258705938,77.63733097601778,109.87235718678728,1.1898726513598061,99.36607755572348
2026-09-01 09:16,49.18344062784136,30.5453848901186,77.87634313275484,109.59087910701602,1.2012876464608098,99.38834580604718
2026-09-01 09:17,49.19556914361323,30.59293780666477,77.60348629564588,109.72099822971929,1.1884339517078404,99.11971385918156
2026-09-01 09:18,49.19296757439751,30.70482857049601,77.73089582077488,109.8869772943297,1.206267508710583,99.20967933369742
2026-09-01 09:19,49.20493658942374,30.928206724818047,77.73305579141223,109.81703181327028,1.1878624840517413,99.17783668566484
2026-09-01 09:20,49.16835879356918,30.8483469271978,77.62201433942272,109.6483190973397,1.2104678272324618,99.22891039715
2026-09-01 09:21,49.21305107359177,30.867380743439675,77.69314881981398,109.95405617827304,1.20030018540762,99.2417208994855
2026-09-01 09:22,49.26532568979369,30.73766899820796,77.69581948708075,109.42347986406348,1.2072154292586421,99.30278674827328
2026-09-01 09:23,49.31195286649388,30.847752740434192,77.77462437664734,109.92317598795724,1.2045594016963848,99.3341682141333
2026-09-01 09:24,49.28540545560794,30.96589626621932,77.60945575627444,109.63035648412938,1.1863433833180772,99.2013593297573
2026-09-01 09:25,49.28932567270528,30.681788912623887,77.76636912026879,109.50609090699676,1.187708249137111,99.3412071647378
2026-09-01 09:26,49.28103663175632,30.72559340839789,77.9203992006828,109.72931046588178,1.2110473229528884,99.18442593901254
2026-09-01 09:27,49.37046537115469,30.7456390907364,77.9280016957599,110.0475919766269,1.2046619432711814,99.36147302825113
2026-09-01 09:28,49.37945018125081,30.218877910030816,78.08320951189238,109.50896432136877,1.208766459540412,99.30439619733528
2026-09-01 09:29,49.28534663655429,30.58956009922782,77.85214259553247,109.7584714816124,1.221402621026597,99.27791794509044
2026-09-01 09:30,49.30527191909584,30.683289032113464,77.75315878168844,109.79758391188965,1.2076203422894454,99.39569397842526
2026-09-01 09:31,49.3993852315494,30.740728191283974,77.82465810219568,109.73561859431958,1.2168599976564505,99.35525413251706
2026-09-01 09:32,49.43364401736052,30.515965211045906,77.91120725818661,109.75247910592005,1.199058400256935,99.34761060388068
2026-09-01 09:33,49.47761800286283,30.76541084956874,77.82267070229298,109.8230316978225,1.194203790343257,99.30379095675283
2026-09-01 09:34,49.47942106620528,30.43255227956797,78.00645707960281,109.88737097860532,1.202615108640444,99.5202919629706
2026-09-01 09:35,49.38085159189602,30.515443002220582,77.76923987956951,110.10765743961564,1.2018812120833111,99.2804460953046
2026-09-01 09:36,49.290338704193374,30.877378781072853,77.73284389431834,109.24413741596568,1.2038344860284618,99.12770306711454
2026-09-01 09:37,49.22804131545658,30.26081279718061,77.71866404322932,109.82139147995936,1.2086803884145534,99.14560132932164
2026-09-01 09:38,49.22169971360459,30.5050054846981,77.77907305468676,109.94556203704134,1.2092364817378964,98.86915513900466
2026-09-01 09:39,49.23719963842916,30.48113768097231,77.95149108978647,109.42462770135086,1.2135929793272457,99.15859565008316
2026-09-01 09:40,49.27167034603613,30.48246066173786,77.83592107050771,109.90870217174002,1.1966997320641226,99.23099046982092
2026-09-01 09:41,49.254647443897895,30.38371059614051,77.92352752321291,109.97061054874978,1.194152865872848,99.26550179411858
2026-09-01 09:42,49.302493906818455,30.61014429373121,77.85098349548089,109.71191991923708,1.205354325437307,99.13266087075282
2026-09-01 09:43,49.28850646889947,30.256156104869824,77.97405028507268,109.83833132423028,1.2089278610880192,99.2884630264681
2026-09-01 09:44,49.25328199313212,30.195820468666025,77.80262819527452,109.65950921503308,1.2038870666020145,99.0557409500862
2026-09-01 09:45,49.295864078904366,30.54574475853631,77.87392690164378,109.5429171230553,1.203568272964281,99.20585712111018
2026-09-01 09:46,49.250141829749154,30.20120047924554,77.9527444672515,109.66776766877015,1.219608435056911,99.3122520326328
2026-09-01 09:47,49.1136875832081,30.50421138337717,77.92627948796093,109.59872037327962,1.2057805403950652,99.21266334103832
2026-09-01 09:48,49.0606897452607,30.423410752479064,77.9608320202442,109.9050320131192,1.1902880217226814,99.24680749331
2026-09-01 09:49,49.06539772253585,30.27187244631157,77.80246625942893,109.59368020275777,1.1956560935623224,99.11415382421532
2026-09-01 09:50,48.91138883458337,30.32981673962132,77.68203057928407,109.80652715089228,1.2172557629337746,99.16989937405172
2026-09-01 09:51,48.89353193227444,30.368746429629965,77.75140673062154,109.84624263600796,1.209223462422694,99.07164625869744
2026-09-01 09:52,48.876927414336286,30.46799897088712,77.92645097925265,109.90114935334624,1.1866184426674495,99.12935960329705
2026-09-01 09:53,48.80560461588782,30.24163782925673,77.73291245503628,109.65158341578496,1.1917239151453225,99.07392018647296
2026-09-01 09:54,48.731479442657935,30.31569972256665,77.67237013462781,109.72227579338396,1.2043636259093673,99.12330008626466
2026-09-01 09:55,48.70835634525297,30.061077688291785,77.72751992991898,109.45718650075128,1.1971311548142345,99.21384994406358
2026-09-01 09:56,48.68100133677123,30.28215967411531,77.68163390310028,109.40339812984011,1.2053688047717304,99.11537517979116
2026-09-01 09:57,48.74399726224081,29.943243320971312,77.95782088184411,109.94201705749316,1.189760150761706,99.11553863309616
2026-09-01 09:58,48.76274041449745,30.30705268589424,77.7381168593729,109.84348123784304,1.2002214789872865,99.10297186174266
2026-09-01 09:59,48.68369764222217,30.21479648522339,77.7629565264566,109.40414943658756,1.203493538004552,99.25044759081868
2026-09-01 10:00,48.64096506873034,30.713678480710545,77.83566262558861,109.4219455463762,1.2068040637362798,99.31479683487916
2026-09-01 10:01,48.67622214508644,30.54178216598909,77.8528566582085,109.9456365465458,1.201514944801741,99.23311317386276
2026-09-01 10:02,48.771020983534335,30.244639463546687,77.91631712903892,109.69289089174208,1.200082183527752,99.08199060026192
2026-09-01 10:03,48.79034595822154,30.45376180920808,77.7117470915673,109.87369601704953,1.1997116996325599,99.24165767468808
2026-09-01 10:04,48.805881585454514,30.310580532832383,77.64812304061478,109.9420785332163,1.2059448952796137,99.30587767277191
2026-09-01 10:05,48.89891920866312,30.01414987319984,77.92226509415995,109.64296443163698,1.207322067454685,99.2275683398585
2026-09-01 10:06,48.89778563646217,29.748587077915964,78.1156022591731,109.8548146409873,1.1936453660534794,99.31159662054182
2026-09-01 10:07,48.88233058854543,30.44427783018739,77.7637672981254,109.4354323700332,1.1929160192332098,98.93671649287228
2026-09-01 10:08,48.81166814943085,30.29018275816552,77.7959468380443,109.63916056186837,1.2015985173983013,99.18200481929046
2026-09-01 10:09,48.786017345319465,29.81121543755182,77.59153878151045,109.79753904603685,1.1896193258712995,99.1537665720056
2026-09-01 10:10,48.89495298244937,30.318977321207687,77.99893990817307,109.9473010227347,1.1978826845811066,99.20861050546216
2026-09-01 10:11,48.823865912824935,30.363963439155533,77.78967263962284,109.65280133595066,1.2241065961869853,99.13670166155732
2026-09-01 10:12,48.8244254981656,30.03453889467894,77.70142141455199,109.7573895992991,1.205349433398195,99.06427426707792
2026-09-01 10:13,48.75400912676798,30.31877784076429,77.8057296526571,109.46297383266264,1.195679320385654,99.344351291128
2026-09-01 10:14,48.760432914170565,29.806858830100733,77.85511772611522,109.81483143198076,1.195195334954808,99.4155836655228
2026-09-01 10:15,48.80481527434318,30.09668906742348,77.9239382066145,109.3835306323406,1.193525793079387,99.06823987936556
2026-09-01 10:16,48.79263280835252,30.137302868313288,78.06712744087234,109.57045373295357,1.189719777193939,98.84585866760008
2026-09-01 10:17,48.82915017186749,30.27643786047064,77.74710959091215,109.62239229630585,1.1974822852619367,99.18860825833876
2026-09-01 10:18,48.86519236314293,30.189572900281814,77.86416313375895,109.47669961938423,1.2075701368994096,99.19812443799596
2026-09-01 10:19,48.88754360394828,30.14423304614017,77.82143231630681,109.5480288071559,1.2096853805912824,99.21990147955869
2026-09-01 10:20,48.97335600391907,30.200725153574243,77.79075258079601,109.63162054356864,1.208242580940068,99.05023834893558
2026-09-01 10:21,49.01229788161898,29.94876947489369,77.95749512360086,109.89526921822912,1.1805177110380347,99.15253297021388
2026-09-01 10:22,48.99704990331226,30.364940750473966,77.98146302359653,109.82654201999156,1.2027113962053189,99.32161940954
2026-09-01 10:23,48.96300872588765,29.991191381856996,77.94206111150565,109.75881607059594,1.1924908175848974,99.15593010957058
2026-09-01 10:24,48.92074340851244,30.207855625660244,77.80783807559712,109.75007612642008,1.2015882060488525,99.08619878425958
2026-09-01 10:25,48.94453678039419,30.03825379058309,77.93864601347364,109.76261435719242,1.199241165071398,99.01994915294026
2026-09-01 10:26,48.92835068968168,29.97969664124923,77.92056182383129,109.49082327865004,1.1966005689050168,99.00553297900372
2026-09-01 10:27,49.0648090416319,30.135887275753312,77.96081800279572,109.65476936525904,1.1876098271176263,99.15986632337967
2026-09-01 10:28,49.1569314219128,30.097958290332404,77.840941819362,109.7039923210679,1.1989892171562448,99.1294557616684
2026-09-01 10:29,49.146205221937485,30.267213958275143,77.874959668245,109.895121742619,1.1997243219443292,99.13824041948396
2026-09-01 10:30,49.129748659229335,30.20336837501856,78.03704156928363,109.80261946745443,1.2047766766834047,99.18481290414736
2026-09-01 10:31,49.21425748689516,29.86513704132728,77.95030374794464,109.87462131331482,1.2004900008565649,99.02434465431632
2026-09-01 10:32,49.12008949782991,30.068789100512248,77.9959586431065,109.50429193709708,1.1908857520980196,99.04786434291688
2026-09-01 10:33,49.09751194486466,29.979036485871283,77.91290245016889,110.04469762404858,1.2149181279246337,99.06520237959474
2026-09-01 10:34,49.145049792414426,29.789529807574304,77.96366751145665,109.61750312549808,1.216276314975312,99.180068930072
2026-09-01 10:35,49.09944491386848,29.718567280447164,77.8919764655811,109.53447052560011,1.1969307861668765,99.05538690074104
2026-09-01 10:36,49.0756034152138,29.97945570547306,78.19664475691363,109.72966264201244,1.1868400795808387,99.02976591302304
2026-09-01 10:37,49.05804635690907,29.811533441040503,78.06330064210267,109.7708736784708,1.2231803451161487,98.99276381156184
2026-09-01 10:38,49.0910867817344,29.631182103990803,78.10093852504902,109.6874867382476,1.2163395542839375,99.09022434594112
2026-09-01 10:39,49.097963125975554,29.879456950811825,78.0496759298244,110.02069815162132,1.2076413232373147,99.08551028631064
2026-09-01 10:40,49.11806749648996,29.93253303877018,77.82330959657652,109.6244651239164,1.1843508174233415,98.89630713311983
2026-09-01 10:41,49.14783168274912,29.89816283350216,77.85931188190064,109.6478181855893,1.2172585608224868,99.01247422170104
2026-09-01 10:42,49.14932859415798,29.627345787903742,77.97133153566017,109.4791908125026,1.2110854487172502,98.9856807105025
2026-09-01 10:43,49.20485690407042,29.74223582807428,77.80391229344423,110.01843323445928,1.1937788471001047,99.05101070612427
2026-09-01 10:44,49.16840896051513,30.12174357589986,77.80213325581815,109.67658032725042,1.1760844447828187,99.02683083642329
2026-09-01 10:45,49.0966028857338,29.684097904074697,78.05583043790931,109.64766421111642,1.2146154545136478,99.09408922661676
2026-09-01 10:46,49.00775929549318,29.762601343222105,77.73474714911967,109.33751020404344,1.193963691759314,98.8086553039991
2026-09-01 10:47,48.92670880654506,30.278712339912463,77.74688893645366,109.50593589184764,1.2015246483989395,98.90125359050506
2026-09-01 10:48,48.89918302006768,29.87742969341618,77.90402028540244,109.56024678347516,1.2070376002128225,98.84972482243568
2026-09-01 10:49,48.9506853647305,29.69729733845284,77.94587074753179,109.75689244006452,1.2115487074423754,99.00474856713912
2026-09-01 10:50,48.95939370259909,29.39879618302681,78.01254389994355,109.86526347050824,1.198104021956722,99.12075555635234
2026-09-01 10:51,48.92946637212232,29.839153056237045,77.84838900892913,109.89565905981333,1.2069370943974047,99.04058375226091
2026-09-01 10:52,48.87597359247154,29.48955313949232,78.08032055381356,109.51010149813467,1.203492016095777,98.95089143855444
2026-09-01 10:53,48.84952930990501,29.7521266350992,77.69774191228485,109.69309243799891,1.1988207668782795,99.18553312125312
2026-09-01 10:54,48.82934599063519,29.57377733881289,78.0094600367945,109.9471812484875,1.205983397853465,99.19445213924782
2026-09-01 10:55,48.80109102109023,29.40232787845905,77.84788818768261,109.7638042486072,1.1982946151341087,98.92622418660854
2026-09-01 10:56,48.72946380505309,30.057325850619325,77.78846344228343,109.78203656663808,1.1982957262865561,99.1997139286276
2026-09-01 10:57,48.70567341399698,29.69549419286147,77.92372933436712,109.86751057849794,1.1988441205773617,99.1641886808064
2026-09-01 10:58,48.75653022066594,29.890449228681124,78.05817907626773,109.7382058366901,1.1848056458356486,99.03027740300476
2026-09-01 10:59,48.64779977358616,29.844362541829184,77.80433714245738,109.61737482620654,1.1937850309014544,99.09158406344608
2026-09-01 11:00,48.63576933996394,29.54048579216087,77.8102192956816,110.0980596262756,1.1889910612683596,98.88885444656702
2026-09-01 11:01,48.52970192222232,29.69430468507791,78.01134737717062,109.2733392662793,1.2071343358631237,99.10134714342952
2026-09-01 11:02,48.53885430275121,29.59514244854878,77.92615787357458,109.6158484607554,1.184771777006213,98.92364095998728
2026-09-01 11:03,48.50147983320579,29.849363057719856,77.88122724684357,109.69259271424072,1.2194081724010493,99.17288569101083
2026-09-01 11:04,48.39719544980116,29.732667514633377,77.94905206535194,109.55341234186172,1.2017359368766158,98.97004222278083
2026-09-01 11:05,48.40223055929784,29.565737185512948,78.02721087660935,109.53470401168272,1.199763189739669,98.95095203011864
2026-09-01 11:06,48.49310082697545,29.95838250664677,77.87332296441828,109.48342427718816,1.1872633328714726,99.15088806921108
2026-09-01 11:07,48.49854540364306,29.72052520153564,77.69414699397177,109.78096253868922,1.1949986642644337,98.97903520453924
2026-09-01 11:08,48.556634977832175,29.69925817739724,77.8949239745374,109.2239575058187,1.2164661175522855,98.88659959074432
2026-09-01 11:09,48.55305975772373,29.440475502752623,77.9690657311958,109.35221474158286,1.2006203298191402,99.09519723162026
2026-09-01 11:10,48.44518021631563,29.668646410470043,77.79455053870333,109.267244746818,1.1839977307982528,99.07855274714456
2026-09-01 11:11,48.46970439084683,29.284427926107146,77.88728294355857,109.41271109686303,1.208593202168011,98.83146719383552
2026-09-01 11:12,48.44879042550622,29.659935703956403,77.97651774681484,109.43500684943557,1.2165211369424218,99.0539856531519
2026-09-01 11:13,48.375686179122575,29.37067730888086,77.98773203887751,109.5929222095884,1.1952909474453706,99.0303164012021
2026-09-01 11:14,48.41492801281873,29.58460132871317,77.83364609855764,109.7299303758195,1.1994574490823218,99.0905042984851
2026-09-01 11:15,48.42927089109142,29.482663445043016,78.00255783249838,109.37242362863418,1.215508076517734,98.94649416123066
2026-09-01 11:16,48.40300040905552,29.5740515309598,77.93876331033665,109.53701483548798,1.175713208407163,99.10732226555363
2026-09-01 11:17,48.44640388032562,29.59007847368314,77.79695583371333,109.95676805502382,1.2123406185305154,99.27474501678076
2026-09-01 11:18,48.40280028193597,29.49722997327037,77.91313354924552,109.68555536551688,1.193418067383946,99.0359169658108
2026-09-01 11:19,48.43497189887297,29.48773968875029,77.81410360776444,109.22421359378566,1.2041614018790288,99.01126955171168
2026-09-01 11:20,48.38794887541081,29.191557419350865,77.91370220817993,109.67444281029378,1.2124399491336533,99.0643311773251
2026-09-01 11:21,48.41464661349611,29.099672859669397,78.05148209384444,109.55255095534632,1.2083047306417793,99.05438245790802
2026-09-01 11:22,48.359609216268645,29.72192552099735,77.76865836386092,109.52899772668164,1.2054621247680715,98.9359024464436
2026-09-01 11:23,48.4340686264197,29.574769172197364,77.80333138285057,109.61165046439947,1.2130879532223744,98.96572511758922
2026-09-01 11:24,48.4467840014205,29.154520777338178,78.05132716604967,109.7118717989012,1.1935597748577074,99.1340675810342
2026-09-01 11:25,48.51842775722015,29.82258340234675,77.78608062855015,109.62517680542138,1.2019967557434463,98.96964247585504
2026-09-01 11:26,48.47730545834416,29.288269425780733,77.96248918264209,109.7535046663445,1.1925714749234513,98.9720122513491
2026-09-01 11:27,48.45350033969578,29.523761257581715,77.91513375247011,109.6188489251593,1.2035601699105876,99.16136546940464
2026-09-01 11:28,48.49548357962152,29.497049557166463,77.93372916421602,109.73834854028044,1.1952495591278427,98.9710969102013
2026-09-01 11:29,48.35829772220605,29.424163908999247,77.98895361306525,109.63144675492444,1.1906747579769918,99.11556044428605
2026-09-01 11:30,48.304958179473694,29.514610956704946,77.88399423398306,109.3307310036484,1.1907076925688058,98.98479266622708
2026-09-01 11:31,48.35661702708777,29.108612299962584,77.9360701271664,109.22194807728316,1.209604128373605,98.90962234816112
2026-09-01 11:32,48.37987249328249,29.36666315709206,77.91816525131702,109.9002977789968,1.1823143062842523,99.2096180459744
2026-09-01 11:33,48.42881096040338,29.3135908551502,78.09665470110298,109.36826690345228,1.1864503844609333,99.11139713327988
2026-09-01 11:34,48.41332291604915,29.37244084383148,78.06007927073153,109.318553703828,1.1811100507762768,98.82980373549483
2026-09-01 11:35,48.4415228851293,29.290635323449617,77.98053349547007,109.74952891711624,1.187280494858659,99.11071639739222
2026-09-01 11:36,48.40498067161846,29.207616970473897,78.12220893493402,109.75407540008652,1.1808735909281487,98.93355567432816
2026-09-01 11:37,48.336382653237344,29.18037208381066,78.0686373206729,109.47550275555515,1.1861057584576131,98.9985085968286
2026-09-01 11:38,48.25164290455151,29.49413256302028,77.81877595861452,109.74236381774716,1.1873387422947994,98.98668530458424
2026-09-01 11:39,48.22405742599999,29.13820652156713,78.1462974917724,109.37168339995824,1.214725584854995,98.9403056220332
2026-09-01 11:40,48.19661035487877,29.37092560547222,78.22619895662318,109.39323317080472,1.199921543187128,99.0053844448506
2026-09-01 11:41,48.16514148499893,29.359054100757906,77.98110189998206,109.18762937727888,1.1910007265944882,98.91091154365228
2026-09-01 11:42,47.98770123644904,29.26015990318485,77.78436573787833,109.81390597453724,1.1799058159458038,98.89639327726516
2026-09-01 11:43,47.88777105644721,29.355093873409142,78.06817547375245,109.40071170661275,1.1915139959161454,98.82411165600344
2026-09-01 11:44,47.86113943198753,29.36953559694938,77.9733176108141,109.51360597377024,1.212780578211322,98.95567172789949
2026-09-01 11:45,47.87549026336741,29.14540374498393,77.94773849550073,109.05586776263596,1.1949427107718056,98.87763958072456
2026-09-01 11:46,47.84655063211506,29.30980332543476,77.71887787653482,109.46418801071346,1.2075808439121098,98.8098080865345
2026-09-01 11:47,47.802705772097525,29.614435263284864,77.84698515939785,108.9955479485671,1.2023659208854751,98.82318561551703
2026-09-01 11:48,47.68728210543994,29.009916312788025,77.9366419856667,109.18564629351408,1.1995185099484853,99.01594825382642
2026-09-01 11:49,47.78835705738874,29.154409313810596,77.91627842697834,109.48511766106212,1.196227998291908,98.79377294952272
2026-09-01 11:50,47.73330149341539,29.052317739680763,77.92062006791667,109.62130121662764,1.1974110604826727,98.74269307492072
2026-09-01 11:51,47.817471325300346,29.5935383514086,77.95943657255313,109.68065505108086,1.1952380306656134,98.97080210520448
2026-09-01 11:52,47.89550562115002,28.90683110015786,77.96597971777658,109.37746305120768,1.1918712754926717,99.1783827464836
2026-09-01 11:53,47.90920207444507,29.17967814774915,77.99825403485504,109.1291804022442,1.1993856748561362,98.8134274124391
2026-09-01 11:54,47.880571604191935,29.354982646643453,77.72597916235951,109.45614933515738,1.2092107559769154,99.12540120638934
2026-09-01 11:55,47.88718238075105,28.98642902062492,77.8923729747846,109.2938487638238,1.2045729766982476,98.98714178289868
2026-09-01 11:56,47.82953028204908,29.123801605716007,77.95750394664111,109.51104413686738,1.183563627432799,99.17447401075027
2026-09-01 11:57,47.842566788383984,28.999566650331527,77.89502079302162,109.46700928505425,1.204954375357888,99.121043479564
2026-09-01 11:58,47.84271439577646,28.864852341521896,78.01520910245323,109.71981705998978,1.202926644298223,98.96144013905791
2026-09-01 11:59,47.86931280917387,29.109729428336585,77.96011970796363,109.50733995547009,1.1934259911019187,99.04189002367852
2026-09-01 12:00,47.91683465160606,29.213598127448314,77.96807134153705,109.36621212729692,1.2077353052242636,98.92158263775052
2026-09-01 12:01,48.00347657597671,29.02631936282472,77.96217388413446,109.51300849267945,1.2053193888586782,98.91526664594647
2026-09-01 12:02,47.98406078425087,29.129692203205018,78.03665107797603,109.35483974683532,1.217852901707897,98.85925054517422
2026-09-01 12:03,48.03623020513884,29.2246164713972,77.82243661078408,109.33726525856416,1.17767814085186,98.91484805998846
2026-09-01 12:04,47.99664672610739,29.31774567900081,77.89630499626732,109.30142705608483,1.2066008324188675,99.15999848154436
2026-09-01 12:05,47.95191847873133,28.82349025069325,78.18370444434028,109.3560588295192,1.1882019440817313,98.9583806505849
2026-09-01 12:06,47.92101565696536,29.18381075323013,77.91383119483372,109.27083063902764,1.2005209051971226,99.01206168516346
2026-09-01 12:07,47.87191737417588,28.92849025582375,78.15558982778605,109.38685565852194,1.2044164555700834,99.02190888159431
2026-09-01 12:08,47.92093059009261,28.667127603378,78.0940137005003,109.09624474429482,1.2140184735578294,98.90643020237376
2026-09-01 12:09,47.9670926470157,28.879577718891927,77.99724118385662,109.31268211283164,1.201286181113782,98.97525147823816
2026-09-01 12:10,48.03070823436767,29.154410829704386,77.98157049827213,109.54192046551788,1.1911598464066049,98.96409817205333
2026-09-01 12:11,48.02944321790446,29.078955555341672,78.14776207696966,109.26924561388144,1.2073543392229393,99.02495670151036
2026-09-01 12:12,48.043162297708825,28.789688581437524,78.01525839897516,109.22377214658572,1.2043932886086908,98.82885817787
2026-09-01 12:13,48.014240947778816,29.321172063057865,77.82612270650611,109.77593916941308,1.2108992787133135,99.13549865849173
2026-09-01 12:14,47.95669288538633,29.07207345150084,78.03188224989813,109.2969771192099,1.172291566260586,99.06779275695774
2026-09-01 12:15,47.97904379291291,28.96923053091877,78.07655204261532,109.75671358891135,1.1998114879801058,98.6439437825212
2026-09-01 12:16,47.99246244847873,28.866069530682715,78.1122719182624,109.39673091563483,1.1692864609391735,98.97213309212344
2026-09-01 12:17,47.93711178522585,29.04918663102921,77.83157186752855,109.49430727298692,1.2018938625466185,98.76993814201624
2026-09-01 12:18,47.96637840855818,28.87979094211779,78.06108299725781,109.57921296800254,1.1988763509791311,98.85582309835898
2026-09-01 12:19,47.879292041428194,29.17529609663842,77.96012584882024,109.2494508227718,1.1908987417146837,98.89340651987078
2026-09-01 12:20,47.870342117221966,29.00284926783416,77.96205559372194,109.21721929363858,1.2034420493722944,98.9335747985806
2026-09-01 12:21,47.83882642536619,29.05458728816433,77.92595982772485,109.38158992762015,1.2012939104816522,98.76822038611088
2026-09-01 12:22,47.81236261455505,28.862260670797205,78.05600719456612,109.34466747248148,1.2100393761723758,98.85875400213486
2026-09-01 12:23,47.75818972679379,28.62000802809052,78.0453041865863,109.49128225899015,1.2136320114936485,99.1350498891006
2026-09-01 12:24,47.80581443136688,29.011815638259723,77.97381036300668,109.2600126291545,1.2004175270370436,98.86471796274444
2026-09-01 12:25,47.83411184196935,28.69682166902991,78.24456752147935,109.23125475656848,1.1973095473213287,98.78961736739171
2026-09-01 12:26,47.8932828553099,28.868686945496187,78.02150111203244,109.42716769422356,1.1916879923528805,98.78102226880642
2026-09-01 12:27,47.89980772274216,28.87878801745612,77.89830751364897,109.234256932301,1.2118691246010722,99.02823053545288
2026-09-01 12:28,47.83490504003237,28.717530442358065,77.94777064290741,109.17927885877153,1.1986465870206877,98.75774260555688
2026-09-01 12:29,47.81595496413512,29.04242285208491,77.89681619596271,109.4147813340934,1.1972092386151343,98.91331635086512
2026-09-01 12:30,47.75637907386645,28.57198028332955,77.89962762291032,109.2588461099986,1.2057575218296581,98.93207520935896
2026-09-01 12:31,47.778718832115445,29.14599799070213,78.05734086966349,109.078966002081,1.1935079766014722,98.9814711887676
2026-09-01 12:32,47.83865412856786,28.72272527222626,78.22542331011826,109.53460150664098,1.1971760757590781,98.83508076275108
2026-09-01 12:33,47.85445864814684,29.02445116627422,77.91720237907404,109.32085257007266,1.1995345612613773,98.8686866269495
2026-09-01 12:34,47.823832602453855,29.08197011078932,78.05667210073888,108.9096425542694,1.209245708469685,98.87378202470153
2026-09-01 12:35,47.80466624632968,28.644339639551703,77.97614262865535,109.19774207906936,1.188936674108588,98.68521331597871
2026-09-01 12:36,47.81418874646302,28.661524036427423,77.9801229685689,109.5514167400044,1.1876752969952808,98.87564274809472
2026-09-01 12:37,47.74117087678549,28.987407492540644,77.80089642766106,109.33082996559968,1.1932708109275623,98.84882091098744
2026-09-01 12:38,47.74790098394847,28.829336927069495,78.00259390318217,109.19699834879306,1.1924248482954765,98.95454273569727
2026-09-01 12:39,47.75707587782469,28.800616042723632,78.13865124530163,109.3774496557008,1.1914823734142992,99.00066195350166
2026-09-01 12:40,47.72906373404208,28.41189799179858,78.21660783940963,109.19170700276892,1.2068814215493893,98.94606733988246
2026-09-01 12:41,47.70736197068981,28.441281638703813,78.13496918746864,109.2477956637288,1.1943798566348367,98.90096210527634
2026-09-01 12:42,47.71505420284406,28.867481607603075,77.97078132910625,109.3961733713907,1.2176142142025823,98.62721972742072
2026-09-01 12:43,47.67313976048125,29.038340660490796,78.0799323338945,109.11689031535536,1.2091630795227448,98.8867323204883
2026-09-01 12:44,47.63111662078142,28.60373883312092,78.21629915444115,109.65604689347052,1.1997575329882733,98.7854638690856
2026-09-01 12:45,47.669115164001816,28.56492655758216,77.97690333668696,108.78806170201214,1.1982993494884238,98.83999517834384
2026-09-01 12:46,47.679283699978726,28.771024785493587,78.04021625960067,108.99925564844052,1.20638244399278,98.93912089469175
2026-09-01 12:47,47.76221688001949,28.814053714682395,78.00805117181679,109.5118528930908,1.223609994914527,99.09269490564394
2026-09-01 12:48,47.71181798007306,28.825929906217493,77.94139837051966,109.38549623491691,1.203954183596538,98.87760855137408
2026-09-01 12:49,47.62176968764029,28.61876391085945,77.92052616675991,109.66687702215334,1.1899974866644059,98.73857446988612
2026-09-01 12:50,47.66770863184868,28.31176462641204,78.02093597575407,109.43652879237963,1.1999905677504465,98.70150958333136
2026-09-01 12:51,47.71441585278824,28.981228122312302,77.98618455825039,109.54632662800071,1.2335042062140567,98.65204370522478
2026-09-01 12:52,47.67630668648484,28.58486585021669,78.07614490960212,109.44549452918189,1.1903205704436217,98.96370156515484
2026-09-01 12:53,47.60166383584001,28.926008272008247,77.98892164839675,109.25031777970084,1.1966840222049968,98.8110423758779
2026-09-01 12:54,47.59805430628012,28.27286884338421,78.23337128384634,108.9292082910875,1.2001410501113567,98.709250421444
2026-09-01 12:55,47.50915903681963,28.73500594575549,77.93488000300229,109.20383102615948,1.1941268492710801,98.86735866583834
2026-09-01 12:56,47.490710804486696,28.55439741987446,77.91211651238338,109.34170257053258,1.2131904734061019,98.78565933145202
2026-09-01 12:57,47.3801651944861,28.43066992713964,77.93377137329594,109.2725715193309,1.1931155639646454,98.9032432380536
2026-09-01 12:58,47.366767906307686,28.83201451797737,78.00981715842822,109.03461703367928,1.198644737826123,99.03597302249952
2026-09-01 12:59,47.25920039279789,28.88840763631128,77.89427936956034,109.37586951813044,1.2048341531274565,98.93134951872416
2026-09-01 13:00,47.245758412726026,28.507991679287247,77.85799619319015,109.09826294569744,1.2054189257612264,98.80526549926851
2026-09-01 13:01,47.31998397575156,28.745782931340305,78.07535593955394,109.00681287012164,1.197304021556803,98.8674248432361
2026-09-01 13:02,47.30494921446327,28.396512935842544,78.19122605710467,109.21408174124232,1.201179034511356,98.79002189387838
2026-09-01 13:03,47.34171114355652,28.480004697787688,78.05625791880078,109.19851916260136,1.1988671547268148,98.94877215444018
2026-09-01 13:04,47.30785730631859,28.54698418938652,78.08574141790346,108.96583771085642,1.1653086227273781,98.55348358078584
2026-09-01 13:05,47.26143315436328,28.51960280707199,77.88255234965031,108.99361713079205,1.2071191883988301,98.94372351718836
2026-09-01 13:06,47.18467923566167,28.70839228673864,77.83538928337316,109.19687845388025,1.2018289674588742,98.8621347540651
2026-09-01 13:07,47.23479465880435,28.33483973330096,78.07276637023648,109.53019036674516,1.1981691978933136,98.92434422318604
2026-09-01 13:08,47.2299456722753,28.75982448872302,77.99199721635759,108.68183684040967,1.2088238016037047,98.931948748501
2026-09-01 13:09,47.309061585664246,28.752516024933907,77.96112886396796,108.72004380877937,1.1816747529826315,98.95589821356285
2026-09-01 13:10,47.24807066015416,28.51039839559644,77.99382481689693,109.04014895736316,1.2124027169557998,98.89227240951988
2026-09-01 13:11,47.234816040109024,28.31161304724595,77.99830410712087,109.09006945858836,1.1938373340661361,98.79302196071144
2026-09-01 13:12,47.23662537951176,28.067793467337136,78.25437671897589,109.33786425764649,1.1900476932622082,98.72841139055984
2026-09-01 13:13,47.30503396444183,28.52055474777044,77.94073082469356,108.87481673817288,1.1893303027511044,98.77581864042928
2026-09-01 13:14,47.39388069700485,28.38412651124269,78.04923838307045,109.27973308744218,1.2034790006921423,98.7608439367584
2026-09-01 13:15,47.35915102912736,28.5398794952693,78.1318527470624,109.2823741143444,1.193280186311794,98.91879312005535
2026-09-01 13:16,47.30013683353487,28.30338268331404,77.96731498291837,109.37739018336175,1.2070657485183882,99.0516287111463
2026-09-01 13:17,47.21094455962511,28.50670294627505,78.03417679974574,109.04736249390412,1.1854274357253105,98.78314820629728
2026-09-01 13:18,47.27538071806133,28.48733156114703,78.01862596234844,109.03065772741918,1.2118624684464054,98.89027561379008
2026-09-01 13:19,47.26858100651699,28.49518220933096,78.08959916408344,109.14198773427049,1.1975944464585992,98.83683155772748
2026-09-01 13:20,47.233707160816806,28.5430505278292,77.77023978686837,109.0745919661354,1.218112421195485,98.93236557099988
2026-09-01 13:21,47.22863516048502,28.53776634371829,77.98565351160228,109.07709359075284,1.2039305325656633,98.88243473317917
2026-09-01 13:22,47.09818973685456,28.665780586814872,77.89811489969088,109.0399354907738,1.1954700401574143,98.53993919753292
2026-09-01 13:23,47.00935808557035,28.311707505891984,78.14773047835543,109.25671315588752,1.1971423820620817,98.80649955976224
2026-09-01 13:24,47.05354819991398,28.60335978399333,77.97911091275331,109.07696464018063,1.1806722652075923,98.79710685763992
2026-09-01 13:25,47.07074982760658,28.48608806751312,77.95357090767565,109.09374848900048,1.1972561747150572,98.73277896955985
2026-09-01 13:26,47.0756538022612,28.36519456574108,78.12314215420056,109.25465896874508,1.1870568744404508,98.88970766070793
2026-09-01 13:27,47.02296945673999,28.24440880742288,78.11740566182519,109.06551723104836,1.1930336194101347,98.81701783274583
2026-09-01 13:28,47.04973670918359,28.72443962375578,78.06176566585205,109.17360936410618,1.221239111902626,98.90863509276711
2026-09-01 13:29,47.13603197546029,28.47677681549473,78.12660650597186,108.86022657177509,1.1890346704219052,98.8367681577492
2026-09-01 13:30,47.07216856366183,28.32097388300316,78.119990870969,109.15228499801434,1.2054659238657932,99.03653791535244
2026-09-01 13:31,47.07026040723095,28.43157818527215,77.96348765836552,109.14354938045612,1.2050671149909056,98.8587785012674
2026-09-01 13:32,47.04585122081277,28.412079657106503,78.0520040610908,109.00218732913592,1.1967248307748317,99.01447100388792
2026-09-01 13:33,47.06123181255224,28.301587065670574,78.07547305226207,109.02388817239728,1.1986042393780614,98.71919741880905
2026-09-01 13:34,47.0592605518775,28.126127227895505,78.11683269220882,108.96679921895029,1.1929769127519323,98.87886011348824
2026-09-01 13:35,47.04922955411993,28.423480788614217,78.05406188959557,109.36126889780462,1.2180387006193698,98.90948302665625
2026-09-01 13:36,47.00243878678207,28.35503426198917,78.03851596657547,109.08787714972186,1.2054221407313834,98.76375580619568
2026-09-01 13:37,46.99895952407271,28.32560752343843,77.99292439810245,108.97505776563403,1.2102446928270452,98.80194979669878
2026-09-01 13:38,46.96554496609998,28.570449522929064,77.97529333943967,108.97571743200362,1.1818269074788543,98.73867067086788
2026-09-01 13:39,46.95552513714491,28.11013388353788,77.97538839839913,108.9105255889109,1.19810250939004,98.71223428198546
2026-09-01 13:40,46.9496494482778,28.175288601766965,77.97013248451916,109.1402570545198,1.1885643602018605,98.69355737210024
2026-09-01 13:41,46.979664224260375,28.39014501288144,78.0923139158633,109.13440425894898,1.2108509723507457,98.96770939431576
2026-09-01 13:42,46.94784835768241,28.51756598226488,77.95932817460951,108.93543843682728,1.1967971366909114,98.82970880717544
2026-09-01 13:43,46.92897734751054,28.46801361535799,78.00852601195699,108.94506123038542,1.1918539232272147,98.77168941444232
2026-09-01 13:44,46.97987569259909,28.48535379133999,77.9470764456221,109.15700109541582,1.200631701017967,98.76985313968672
2026-09-01 13:45,46.96625933281811,27.900964110424443,77.95319354504859,108.87302415236992,1.2013610365934744,98.68320226517534
2026-09-01 13:46,46.950461121793005,28.428607589413605,77.96923265673023,109.38335996763654,1.198777846177805,98.79034360928289
2026-09-01 13:47,46.99097462916339,28.407469507339528,78.17911568230306,109.13198336834108,1.2158280487910302,98.81802362551495
2026-09-01 13:48,47.0019009384088,28.4546859699306,77.99886675932842,109.00201953595705,1.2096649086540192,98.7836127252088
2026-09-01 13:49,47.00376306960285,28.178286076224097,77.99652385202397,109.15853757840212,1.201816198095485,98.82262822033256
2026-09-01 13:50,47.012072843861226,28.409737303232525,78.08854380204959,108.75222778900093,1.205894943604535,98.79125502193936
2026-09-01 13:51,46.94742182856759,28.501889950023777,77.94591787568416,109.2010212042565,1.1961598165898195,98.7249812011284
2026-09-01 13:52,46.96783201101712,28.61588629416889,77.91226037465015,108.97991349441769,1.1855107617328702,98.9229225229947
2026-09-01 13:53,47.0315219093773,28.343454685138223,77.87805426864401,109.30534939247364,1.199494974938854,98.89194242637312
2026-09-01 13:54,47.05801773159771,28.02542327144656,77.92902248142695,109.29903304269554,1.1757272606120919,98.8976813082561
2026-09-01 13:55,46.97770887855644,28.29404136308264,78.08048268421291,108.94595972261664,1.209091130562293,98.84973575644196
2026-09-01 13:56,46.98947189343946,28.40556345036264,78.03152864342717,109.39375901611454,1.1953194907782427,98.82965229596152
2026-09-01 13:57,46.94183564751818,28.374619023760285,78.02296638451585,109.03154329574852,1.180404182831041,98.73770077079529
2026-09-01 13:58,46.92816866625007,28.646583560856502,78.03261941519246,109.0307973453614,1.200944126041575,98.8706745542664
2026-09-01 13:59,46.93236415225462,28.223629142360945,78.00248941541234,109.29645699381624,1.2267470197197436,98.78467494750495
2026-09-01 14:00,46.87051262611864,28.057213837583355,78.07739780596587,109.2590317154022,1.1928061212838779,98.7045268989036
2026-09-01 14:01,46.93511789812704,28.12784571433015,77.9810307022374,108.9650393830147,1.1983539878418892,98.93242745486435
2026-09-01 14:02,46.92953481519519,28.37858272189444,77.93096010747405,109.12275092964644,1.2046233634662369,98.90688091997988
2026-09-01 14:03,46.96705513469222,28.08563320163256,78.00453987347889,108.98155515068328,1.1877213146891104,98.92394431789668
2026-09-01 14:04,46.99672912762426,28.033383836296345,78.18957158432494,108.924562762064,1.2153024604318103,98.90532190474252
2026-09-01 14:05,47.06189696118973,28.069355873794382,78.16282980589767,108.99306714388658,1.1959445876250467,98.76015879433598
2026-09-01 14:06,47.11948537990373,28.468888676552048,77.91727814770961,109.21998952076264,1.2032071236687725,98.9043572697352
2026-09-01 14:07,47.04382737038949,28.2724219860284,78.01782451528773,108.76469077291962,1.2085230833679559,98.81107151441805
2026-09-01 14:08,47.04406791553771,28.15441261992318,78.08534201241109,109.166393147552,1.1986319660717855,98.7013557206256
2026-09-01 14:09,46.93544763970559,28.384246862907247,77.93590976060408,108.92925090637183,1.2071776696943264,98.86888372151611
2026-09-01 14:10,46.91125879062318,28.347752552102744,78.08890035251494,109.0242719993009,1.1839790967752604,98.73037088478182
2026-09-01 14:11,46.94517992492787,28.014952355705585,78.01269491661647,109.33154548718544,1.1856933384610187,98.74432681799108
2026-09-01 14:12,46.9890947575679,28.367434185288644,77.99160663032117,109.18856057097128,1.2019011076006363,98.89438669113964
2026-09-01 14:13,47.05178605547862,28.24704332430965,78.02197253629397,109.04764993577676,1.1929600515897383,98.79124094797108
2026-09-01 14:14,47.03119717299614,27.78719816814533,77.96071514215747,109.46520805567322,1.1935755313430565,98.63427617081663
2026-09-01 14:15,47.04549537705203,27.95602332942583,77.93784931889452,108.80680713624726,1.1999673332035055,98.7720856430782
2026-09-01 14:16,47.04867905859363,28.23785144219228,77.97063201181827,109.12789255994832,1.2061992517760072,98.8352962254577
2026-09-01 14:17,47.110363399182425,28.27825089753436,78.1735096665739,109.32421629027796,1.213304805778051,98.78527268553088
2026-09-01 14:18,47.18812839871679,28.12139485724221,78.15222220862621,108.89956778367905,1.2194988330601788,98.6907354742072
2026-09-01 14:19,47.168551733782806,27.976851590232933,78.16618327097451,109.2479414814383,1.2146177605897386,98.8243131840818
2026-09-01 14:20,47.35613348214612,28.21920648039724,78.0287749931826,109.16142682724696,1.2098278419715847,98.77331906186892
2026-09-01 14:21,47.354331445437154,27.80464552280633,78.12726405352643,109.53230994816364,1.1917296620494355,98.8234346939327
2026-09-01 14:22,47.33438702377244,28.2723832221638,78.0829414660001,109.37614965136994,1.1912901969354166,98.88304171751152
2026-09-01 14:23,47.3627790256098,28.128764814517595,78.13694375487651,109.32195406248904,1.187793066451988,98.8102098856349
2026-09-01 14:24,47.39913864486269,28.149444723866477,77.95739031893113,108.9271377058829,1.1960930859736263,98.72174102235324
2026-09-01 14:25,47.4249193576008,28.022382366288845,78.06635695733138,109.1772408702691,1.2028957917492724,98.84736523467215
2026-09-01 14:26,47.39093552592526,28.31138324936124,77.99942293404804,109.54789692172962,1.2209116877205837,98.8540538277371
2026-09-01 14:27,47.46312557450113,27.68337746985616,78.34017058425171,109.40037834352476,1.1932036807305115,98.62049697448512
2026-09-01 14:28,47.464416767695866,27.96883532673259,78.09754119320128,109.10261231091695,1.207090594241866,98.68780472366946
2026-09-01 14:29,47.53994027602997,28.251162522290123,78.0213078975255,109.22370205286646,1.1951180921600018,98.73913057582872
2026-09-01 14:30,47.60826836910567,27.994320266041424,78.2427679541403,108.93259838529728,1.1999838826715217,98.85275457657568
2026-09-01 14:31,47.54332560763898,28.41888998954599,78.02570937865057,109.28982628438818,1.1825798886311871,98.6679142816576
2026-09-01 14:32,47.49310995129244,28.210652092256705,78.19950891673331,109.0531640605184,1.2252709202339056,98.74430554573372
2026-09-01 14:33,47.44189829440192,27.97250617142711,78.05228295964194,108.95220101450496,1.2030945971846196,98.6987569016896
2026-09-01 14:34,47.45325217243149,28.339476145980328,78.26497189296035,109.04122076561792,1.200500502327228,98.82926279509353
2026-09-01 14:35,47.45485787855653,28.09934239117065,78.11655581379287,109.39102780630944,1.2013350038719353,98.7891686343272
2026-09-01 14:36,47.46723664053323,28.229646376832616,78.11382290917498,108.9362036554186,1.186204679927938,98.76085453718824
2026-09-01 14:37,47.425601100064085,27.98994007268607,78.11983510386037,108.67059337867656,1.2095722841860546,98.48798785235395
2026-09-01 14:38,47.445958468359855,27.99019912973881,78.1409676635636,109.65615757215996,1.2046400312389551,98.72465081483736
2026-09-01 14:39,47.51521369884827,28.246334321271235,78.10336903896999,109.1650563967373,1.2101462556992453,98.75948254775932
2026-09-01 14:40,47.44753396311598,28.123122949622765,78.08624864128561,109.14411038292164,1.21741513774764,98.65858806042468
2026-09-01 14:41,47.4368442009336,27.95101785485053,78.27668337441091,109.00223539644956,1.209132444151186,98.84156380312382
2026-09-01 14:42,47.44839448865877,27.92397273222295,77.93374210422957,109.46323003509497,1.1961544498098529,98.71591943711536
2026-09-01 14:43,47.44104195972975,28.22336094859871,77.97725496701473,109.36760857016338,1.1980873486087398,98.77720109172118
2026-09-01 14:44,47.43033558749181,28.440196518075023,78.01669642867694,109.37839520944011,1.186473401937909,98.58099754672548
2026-09-01 14:45,47.51794878671907,27.924157164955464,78.15282403035577,109.34920512784564,1.2252419965342152,98.6782458816069
2026-09-01 14:46,47.58130216195831,28.22153393870289,78.25699685020247,109.45318571584392,1.187002106021723,98.78762287963175
2026-09-01 14:47,47.622971909124615,27.510299039545085,78.31459403544798,109.37127235481796,1.2137376579949977,98.67428020324016
2026-09-01 14:48,47.58411193095504,27.808232531006546,78.19584458176914,109.24050451223845,1.1921278669582982,98.74647273612176
2026-09-01 14:49,47.69539226695363,28.21328318066222,78.04572730928035,109.50998381298272,1.203971365759733,98.77179149234438
2026-09-01 14:50,47.71268740008976,28.391129479106706,78.2886078618908,109.3613707977106,1.201091872019287,98.72885419928586
2026-09-01 14:51,47.68303860294772,28.087234555271152,78.2371000939096,109.19776119786474,1.1912722813839272,98.57748589993732
2026-09-01 14:52,47.66541973887428,28.180264611469852,78.38485061781734,109.36974391898404,1.210724560424068,98.88684913479204
2026-09-01 14:53,47.6402033079164,28.12139301899006,77.98995643635693,108.9112898668912,1.2089132010216133,98.842075204093
2026-09-01 14:54,47.74553014011446,28.26708712164092,78.29281406852064,109.35268710393532,1.2026846993334892,98.80614489846278
2026-09-01 14:55,47.7550894888983,27.851499247804604,78.19468383690452,109.19327033146682,1.2102638807903097,98.7272071711481
2026-09-01 14:56,47.75755547304544,28.188977643798413,78.05209049536491,109.03070155704468,1.2193327714410382,98.63286222832396
2026-09-01 14:57,47.649224865079525,27.97539832225688,78.18219580116045,109.4095379441152,1.1897279789088655,98.54046529566438
2026-09-01 14:58,47.68541537769339,27.99201332934917,78.18158442978583,109.6996023545956,1.1962358846220855,98.61436617942928
2026-09-01 14:59,47.63184057983913,28.055910197140232,78.12024555370068,109.53893258828906,1.1874568607854703,98.7992644048368
2026-09-01 15:00,47.57469274815181,28.014182521572778,78.0092217440516,109.39368539914274,1.1934433299572202,98.57677260995004
2026-09-01 15:01,47.604670633050006,27.900998872495837,78.14496970567623,109.12908807364832,1.1981799669170348,98.57666675300528
2026-09-01 15:02,47.56085020719068,28.00025292728745,78.0273155371735,108.98918278221866,1.1983303805701466,98.47961383407323
2026-09-01 15:03,47.60199195471598,27.861893542795507,78.19638166239119,109.21337948593631,1.201876909375499,98.75822937295452
2026-09-01 15:04,47.65743660911341,28.33945586689744,77.96131161958478,109.16208477338311,1.217835729354572,98.61271306736906
2026-09-01 15:05,47.56731686308886,28.18327168835302,78.14158344891946,109.3168718240679,1.2100824202689453,98.6372019263096
2026-09-01 15:06,47.55986136134545,27.96157815863109,78.12203977850243,109.61142404214807,1.1971283935491153,98.8423623384068
2026-09-01 15:07,47.48052046289989,28.355682208849814,78.1719953072808,109.40933768373732,1.206676994742514,98.687306763087
2026-09-01 15:08,47.47677376375915,28.2938496166727,78.00968269599367,109.3159475617849,1.195235892984085,98.59764843335266
2026-09-01 15:09,47.52173366268446,28.134553829561327,77.98907885726481,109.33549294849942,1.2110157123139154,98.71839355838476
2026-09-01 15:10,47.4528922943892,27.93098406228504,78.0176779106746,108.93431016443968,1.1966172180173562,98.82143018059784
2026-09-01 15:11,47.542350284926144,28.085991572882605,78.16260357072541,109.40782207714524,1.199523086701113,98.54486136036216
2026-09-01 15:12,47.526118227982174,28.146577168865104,78.51647417706296,109.29706990550382,1.1866486947556498,98.75989756011082
2026-09-01 15:13,47.4662398379802,28.30664462161212,77.94607310547678,109.09659779637204,1.195629435928536,98.6228433135414
2026-09-01 15:14,47.45927397038116,27.99506378235022,78.08300868141313,109.2259479673924,1.2210859813404467,98.84763488909208
2026-09-01 15:15,47.498112706767394,27.9173812818076,78.31903161966088,109.21171782707496,1.1748021695148785,98.77937226207968
2026-09-01 15:16,47.428466041966,28.480937153331,78.11042286835549,109.35056315363376,1.1995682790461373,98.68042645096648
2026-09-01 15:17,47.42775274390858,28.30085746417604,78.2079185584761,109.13350862461851,1.1939494680494787,98.74831789421006
2026-09-01 15:18,47.35826211909495,28.087248387335663,78.14703176642834,109.43428668871476,1.1949013456096083,98.77478549014438
2026-09-01 15:19,47.41763942767117,27.842461977058974,78.21952316061912,109.23663855484172,1.2132032669882964,98.83043531242316
2026-09-01 15:20,47.424533072312805,28.119420388794055,78.12129278415195,109.13436422905475,1.192484972616405,98.77171637981311
2026-09-01 15:21,47.40239882959713,28.24300435900074,77.97767278888963,109.50308312441784,1.1844329862518148,98.74237102788167
2026-09-01 15:22,47.45327315331619,28.17019110480659,78.12966644956461,109.207227454338,1.197981919502393,98.37626996738562
2026-09-01 15:23,47.38794259033629,28.18287449223827,78.00175525492,109.21995341527976,1.1986930958359336,98.80741922588926
2026-09-01 15:24,47.36735825065601,28.02761902598397,78.19073590104547,109.0040570609511,1.2066353161433325,98.82533651337256
2026-09-01 15:25,47.45873417900641,28.24298898107682,77.82098274794322,109.47483990039817,1.2142937738660542,98.45276022686588
2026-09-01 15:26,47.45158085998321,27.897990140434047,77.95361622126468,109.23315732104382,1.2073799714452675,98.77517518970012
2026-09-01 15:27,47.51845890652608,27.929450178371766,78.14637733424597,109.36904912980664,1.2086745074638414,98.63293065342984
2026-09-01 15:28,47.52724570404215,27.91673900190735,78.17301371086967,109.20587454041,1.1932984904619328,98.69021914954293
2026-09-01 15:29,47.49126445595792,27.88727143583513,78.35016316849523,109.30639145096696,1.1911131458223574,98.63528199098566
2026-09-01 15:30,47.477953387402216,28.3996017193638,77.97908741104887,108.99307605681264,1.2027993662555372,98.605754120979
2026-09-01 15:31,47.48080008948053,27.67843551178237,78.268149198436,109.15717598855971,1.2054317291884233,98.8817762614554
2026-09-01 15:32,47.45929940369839,28.059535666956965,77.94565981408324,108.9878491462903,1.2083154137308774,98.70627740419876
2026-09-01 15:33,47.417064317210375,27.817241658792167,78.40775948338681,109.16524534305476,1.2051814903053801,98.86462698397496
2026-09-01 15:34,47.37694473330552,27.76554658182104,77.91515618125331,109.36297418388176,1.1942183597823939,98.63921955008584
2026-09-01 15:35,47.30172133646733,28.030899638579942,78.26612448177218,109.09189040848766,1.192718834125658,99.04016217299989
2026-09-01 15:36,47.30617649996427,27.700586947103325,78.14400326026743,109.17880002382594,1.2121770701453074,98.84453460063658
2026-09-01 15:37,47.32478054220952,27.992051729536836,77.94162347011981,109.2385292258162,1.208863479269764,98.64045769853752
2026-09-01 15:38,47.36114553731196,28.46369837730564,77.97534377212035,109.54172141073876,1.1808420655901126,98.6769537795402
2026-09-01 15:39,47.26976622502541,27.987224439831405,78.20601030300766,109.34479597020218,1.2051223824669344,98.53220883062056
2026-09-01 15:40,47.30895961110188,28.099582540765816,78.08411285187373,108.87104447690952,1.2042591607268154,98.84924986140472
2026-09-01 15:41,47.30700430746396,27.84052254329275,78.06528702455975,109.46046675988468,1.1916022000226776,98.50225404871507
2026-09-01 15:42,47.23447350987059,28.10406711457672,78.10701301876337,108.83730609950004,1.1871277240835778,98.79672232250216
2026-09-01 15:43,47.238265265493,27.71301964168009,78.16690205502567,108.8784350001148,1.2084855920356292,98.4149617888285
2026-09-01 15:44,47.27789500605115,28.04599278496572,78.19628556270695,109.22603748617746,1.204388503076104,98.80933853429424
2026-09-01 15:45,47.30291604261028,27.982722917968243,78.18808809655495,109.5015658627236,1.1860041658715303,98.55756662289528
2026-09-01 15:46,47.33808240449189,28.4376233658932,77.98466131900088,109.04318928175256,1.1992110814071464,98.60410715213848
2026-09-01 15:47,47.38424912624722,27.989917576988333,78.0484796157002,108.97524497340244,1.2120642792235536,98.81773709410632
2026-09-01 15:48,47.427946988990215,27.93490098005866,78.14537179243663,109.1624081690119,1.1954923227795775,98.82444241651392
2026-09-01 15:49,47.42507448654776,27.895641549177626,78.13289311694179,109.25822827404106,1.2170223356399081,98.70320499858136
2026-09-01 15:50,47.31986295612304,27.76876728343279,78.18964510909478,109.4635756287384,1.1859327790863965,98.69452344754924
2026-09-01 15:51,47.28080137750188,28.15932367375987,77.97834869631721,109.1975443280754,1.2132186251349613,98.72534747685252
2026-09-01 15:52,47.297531184420976,28.29459279877416,78.06823638468619,109.11006148788164,1.1976131910504921,98.6623307061786
2026-09-01 15:53,47.27298754335225,27.933316965678564,78.04335695471573,109.09738966427916,1.1901551445938832,98.70242643384732
2026-09-01 15:54,47.3062066537677,28.14852601397684,78.14218269439678,109.21620200708088,1.1967141991207635,98.64004527877398
2026-09-01 15:55,47.34504755901687,27.937515397567985,78.15866426234612,109.2960310989997,1.208714123013016,98.69681956030446
2026-09-01 15:56,47.34641533958333,28.088278979538263,78.07705787269249,109.00407235197062,1.1867179369564194,98.79736727353328
2026-09-01 15:57,47.43937469470173,28.10014022600828,77.95077486169984,109.19110735102628,1.2113457232291678,98.74438061157318
2026-09-01 15:58,47.38959804762416,27.725015691020072,78.2915615783894,109.36122570188908,1.206930360039676,98.614934699175
2026-09-01 15:59,47.43515096425385,27.85673308706527,78.07177415196607,109.6675542052098,1.1758286806859894,98.75459111833096
2026-09-01 16:00,47.41052166408119,28.196953841107028,78.03878581372834,109.31416007435232,1.2028171915662744,98.7353605762235
2026-09-01 16:01,47.370498348375634,27.63270289206041,78.18691279313485,108.76577720775136,1.2122258794845326,98.82373085362556
2026-09-01 16:02,47.39893911187188,28.01387900524026,78.16311951866636,109.10041567297354,1.1924290141828318,98.80680503651315
2026-09-01 16:03,47.36715842340429,27.94494038040722,78.0782059847747,109.28695598481208,1.1727909307560678,98.75508683340875
2026-09-01 16:04,47.40912287249009,27.8295677887485,78.10780952576744,109.15065416215003,1.2082391565001487,98.77798105767354
2026-09-01 16:05,47.34980818812918,28.025191348922505,77.97227749382428,109.43453332065222,1.2106105203027415,98.64944179474674
2026-09-01 16:06,47.350587384831975,28.077598793162046,78.20942197056057,109.14908032022628,1.2155738609359024,98.76403868464982
2026-09-01 16:07,47.3074408887168,28.12475194311638,78.041913609889,109.29454561828422,1.189969430294715,98.80589051705152
2026-09-01 16:08,47.29471698573599,27.494794826020684,78.1690702787658,109.28088262067035,1.1888930987143043,98.52548118498808
2026-09-01 16:09,47.275146418653485,28.35430105314445,77.83381617593723,109.08757931708328,1.19397325487723,98.7205840609526
2026-09-01 16:10,47.21774794959832,27.92605554503763,78.06316130929119,109.05735127558798,1.2128151681466453,98.83471561287014
2026-09-01 16:11,47.24956193291341,28.230118624293134,78.1526864751572,109.09947896261924,1.189912488593153,98.63127545896398
2026-09-01 16:12,47.18634975585337,27.999580011108463,78.21038537277099,108.93450837350233,1.2004755908178453,98.64509131285622
2026-09-01 16:13,47.13639527750557,27.909344320379045,78.01379990242575,109.14512290028412,1.182682660411229,98.75725494823764
2026-09-01 16:14,47.18003283593868,28.01385205485806,78.1071380735327,109.01310737367636,1.2150314169060417,98.71341821263496
2026-09-01 16:15,47.22776985348908,28.660593447040306,78.03987413727627,109.16391817619473,1.1996398809983244,98.7846222725036
2026-09-01 16:16,47.26024211725611,28.34206448130246,77.90116559116645,108.96110379537792,1.2010590285139222,98.62125496123316
2026-09-01 16:17,47.276344146804895,27.9621883769063,78.08362363892817,109.49725930557364,1.2347976884106215,98.81194295017887
2026-09-01 16:18,47.38935777348526,28.07837759869511,78.18054664293116,109.31647955663472,1.2105490536349615,98.59433366731515
2026-09-01 16:19,47.32798750286217,28.258773702029742,78.17753891210423,109.46818776155804,1.205867999572334,98.93712793375036
2026-09-01 16:20,47.28993809379518,28.152486801063706,77.940352450935,109.05654983530046,1.2000067419007638,98.80659911815236
2026-09-01 16:21,47.239374221093854,28.055212961503013,77.98903720541833,109.09428993550732,1.1979521284773957,98.69958370663116
2026-09-01 16:22,47.28344716271629,28.002736869995815,78.23085214407354,109.2776557604766,1.1842997264512947,98.62846823076416
2026-09-01 16:23,47.2969976600625,27.82727753161904,78.11054181205863,109.254036692447,1.2091031028173842,98.86578285464384
2026-09-01 16:24,47.35169695669609,28.194146218421835,78.11907827988672,109.26356554579824,1.1976146546865216,98.68564841312384
2026-09-01 16:25,47.399485073308746,28.26634573953018,77.95696775472176,109.37683920059484,1.197893936528496,98.8473697212243
2026-09-01 16:26,47.38740382541975,28.49391988204666,78.14344406224268,109.3119355163149,1.1835913063878152,98.84957176723658
2026-09-01 16:27,47.34563399199589,27.941320129704707,78.17198782758942,109.42799646049824,1.2128991700657001,98.76634737611565
2026-09-01 16:28,47.29521149373063,28.18259014387861,78.22124037245905,109.08075824510398,1.2015601921761818,98.60534123058336
2026-09-01 16:29,47.40499517931195,28.048367343205488,78.02304958799002,109.41745900131538,1.2018065284657096,98.60826384120796
2026-09-01 16:30,47.45258634666234,28.308187171052065,78.01543848288537,108.53457306447464,1.1949632525080063,98.86745124801531
2026-09-01 16:31,47.48146294712186,28.03975176422449,78.00449866571056,109.3055730610614,1.2058601870250807,98.82119961995797
2026-09-01 16:32,47.46374642502085,27.93240755960534,78.02230800851764,109.18581642879062,1.209235006876036,98.70691603610751
2026-09-01 16:33,47.45307651648277,27.72656965902486,78.05209548640346,109.13572644575645,1.206191028729415,98.7083490326006
2026-09-01 16:34,47.4351219096946,28.209697186235545,78.10279717566034,109.2236464393713,1.1889761686448814,98.7050476717738
2026-09-01 16:35,47.41818266826671,28.101476267676915,78.0120209959898,109.20252717620336,1.1818558966465837,98.8441983128148
2026-09-01 16:36,47.29725769983664,28.29662795507568,78.04912400389436,109.26168699254188,1.1987757634409995,98.71131256325494
2026-09-01 16:37,47.29344772900507,27.96459166030783,78.04722252016876,108.98362003741178,1.205079294151824,98.68353399214872
2026-09-01 16:38,47.27359104566836,28.59581801680789,78.02339175966995,109.05952588700728,1.1740734082877524,98.61312482062031
2026-09-01 16:39,47.287338861831714,27.93857541800256,78.20342369074051,109.25722193897872,1.1902638411409123,98.75617494616031
2026-09-01 16:40,47.297080839990194,28.18552877116073,78.1525499952203,109.08304466370215,1.194392129666347,98.80031879937312
2026-09-01 16:41,47.33901673965647,28.168766219426207,78.16671513549841,109.11434744386476,1.200245687326426,98.84323468814527
2026-09-01 16:42,47.33763427563484,28.309395027972325,78.03728648071151,109.30140539861024,1.211397217486361,98.75372469339918
2026-09-01 16:43,47.37675586524868,28.058602372491627,78.17639845839771,109.24968058634803,1.195468569744956,98.74232976781676
2026-09-01 16:44,47.24798371417425,27.9112922311006,78.09614825922495,109.06056549285869,1.2091973626074062,98.64122204769238
2026-09-01 16:45,47.19219985994553,27.900071949888822,78.03758244024637,108.998944502767,1.1965222149861026,98.81005297165328
2026-09-01 16:46,47.27777199979866,28.26346006176931,77.93078687361879,109.28630900248668,1.209855869835633,98.82537196199904
2026-09-01 16:47,47.21609605491276,28.124670285058496,78.0722512621643,109.31207452274192,1.193113976893879,98.70504707833118
2026-09-01 16:48,47.201430816461496,28.175610236874338,78.09269943224125,109.2800478864798,1.1997115418767135,98.75993774817712
2026-09-01 16:49,47.23606099321623,27.947070916846467,78.2791958178838,109.2699422947787,1.2089167528507778,98.69914471167448
2026-09-01 16:50,47.19122501314563,28.141142153466152,78.02447255746671,109.09792175657844,1.19972699171366,98.72800777535532
2026-09-01 16:51,47.22664373790517,28.160056384822465,78.21993402975794,109.00324607186168,1.1749191070495362,98.6080557719507
2026-09-01 16:52,47.15453091560584,28.242954688099505,77.89287254876886,109.12891084917756,1.1964079864205666,98.7894964911776
2026-09-01 16:53,47.0581556064192,27.830728802311995,78.11320636719168,109.0823837180111,1.2044488179697985,98.67139487308548
2026-09-01 16:54,46.99098299135517,27.973089063241,78.32242399373139,108.96900607042905,1.200038239698449,98.76939236944564
2026-09-01 16:55,46.90758962065529,28.475892942606333,77.94547260911403,109.1159225227088,1.188361644606235,98.81456889062522
2026-09-01 16:56,46.9059966519156,28.05503258275581,77.97332209324325,109.638637254482,1.1942627881512855,98.92451446108892
2026-09-01 16:57,46.88939968526887,28.12045484086992,77.94677476614565,108.96226845994096,1.2070506212598366,98.82692697543048
2026-09-01 16:58,46.90511356484109,28.06122691302153,78.2863605884562,108.99802834807711,1.2088292477780698,98.73011268489648
2026-09-01 16:59,46.85261884133676,27.845269887726094,78.2261991950062,109.19088883966266,1.204477114035586,98.57684687719512
2026-09-01 17:00,46.97905670990838,27.93322660513505,78.04088214594579,108.94521201724936,1.1923675086419392,98.77047873014853
2026-09-01 17:01,46.973575668492,28.226314243581417,77.99177174042292,109.00380489231956,1.189956394640646,98.67799623307413
2026-09-01 17:02,46.970579799056814,28.02160599245644,77.82917236689919,108.99970161480844,1.2217308891360896,99.02559758454876
2026-09-01 17:03,46.99266280585408,28.56534484938459,77.95373001545117,109.07974046145252,1.1880200365958509,98.70645101097791
2026-09-01 17:04,46.97978281817052,27.86422249532125,78.26681029496021,109.2499313757314,1.2119437128936372,98.51438490079812
2026-09-01 17:05,46.94750677897256,27.779375569990435,77.93124883686932,109.1831323451265,1.2009959341721548,98.80992443383968
2026-09-01 17:06,46.95109670613983,28.09348558957972,78.1711420833943,108.79765227993668,1.2055862295616258,98.88633939502672
2026-09-01 17:07,46.99633558514417,27.93404762124445,78.16225460469593,109.02977538784494,1.2035417641554578,98.90669547315213
2026-09-01 17:08,47.02892353774863,28.456214498350235,78.1572505321038,108.90611385196424,1.1969452786255335,98.6491944645753
2026-09-01 17:09,47.07532755544215,28.099006951476888,78.021757882107,109.17871165703116,1.2063357309256044,98.52200097565476
2026-09-01 17:10,47.04643852053095,28.29173771145686,78.06130038593541,109.01065757214884,1.1898781219020778,98.78536444855246
2026-09-01 17:11,47.00702343494347,27.90901698451766,78.24385998644846,109.3070641020046,1.1959346171652765,98.74984521667862
2026-09-01 17:12,47.10658178859354,28.329172855303497,78.08337185853205,109.50640373352046,1.2016415499315085,98.82889159727908
2026-09-01 17:13,47.09398730033344,28.328099947045946,78.10466889349487,109.0623687021919,1.1727256473791519,98.86918800016214
2026-09-01 17:14,47.117271987631085,28.45245405876291,77.97957326279344,109.1662089083734,1.213603088032275,98.54474585765456
2026-09-01 17:15,47.15356807957487,28.25283778845563,78.03670576077917,109.29102360873692,1.1978201312601897,98.80247009588486
2026-09-01 17:16,47.22399319717332,28.316612305092587,77.99093057773277,109.02575351378869,1.1965970093496026,98.66055546234688
2026-09-01 17:17,47.15583178549908,28.25113012368748,78.06767698087081,108.85120004635944,1.1885386331661865,98.663156109008
2026-09-01 17:18,47.13122832403712,28.40713273133897,78.02585961392474,109.22665332086402,1.197343645014417,98.79294000206146
2026-09-01 17:19,47.10896365878635,28.144275234300185,78.04730964519429,109.18694426768388,1.1846571650977782,98.74817059873318
2026-09-01 17:20,47.0933096244074,28.34033240122469,77.81760200586926,108.7504719580524,1.1883611780258976,98.71978522183898
2026-09-01 17:21,46.97209786864366,28.122223105779405,77.92146750922998,109.06664922333844,1.1919032002753898,98.5314392690019
2026-09-01 17:22,46.96671806389882,28.382060831199944,78.00417747959145,108.98031648043008,1.199196184616414,98.75575108364076
2026-09-01 17:23,46.82145940055504,28.19008726975173,78.15234667363184,108.9103876021401,1.1985556850008847,98.65322355670052
2026-09-01 17:24,46.83581407044996,28.120351608848733,77.96143068550235,109.04618108705245,1.191999286512866,98.89509526365028
2026-09-01 17:25,46.86215645621348,28.11943120165109,78.0001135205989,108.7630063482144,1.1937960143426736,98.73928824800387
2026-09-01 17:26,46.89152757321708,28.55424447466249,77.96483502603151,108.78190598559772,1.205184391131736,98.79862746952747
2026-09-01 17:27,46.8307734900248,27.95337262840718,78.1806188877236,109.28327581072172,1.1914031393013458,98.71693759441403
2026-09-01 17:28,46.8780258809426,27.9734154646723,78.25140538215932,109.17603059651492,1.214659233333436,98.81734068127744
2026-09-01 17:29,46.83433051748512,28.40241245318775,78.0220798699554,109.02236459532348,1.2057467786593268,98.72293192382266
2026-09-01 17:30,46.77248915985945,28.08088890486137,78.05285470836601,109.04165802254504,1.1924052963570677,98.96283785853832
2026-09-01 17:31,46.72299771119544,28.19198319839088,77.9449586968397,109.06588358540664,1.1851829487358883,98.90416459364933
2026-09-01 17:32,46.680145798120726,28.191695121531744,78.06006993660405,108.9998904845617,1.2002592200299087,98.88863849538292
2026-09-01 17:33,46.68832127003795,28.751550358143447,77.88037873044512,109.45770288876928,1.2098419126562054,98.75652648691462
2026-09-01 17:34,46.7291218052407,28.166296039033032,78.0462423261636,108.89445806029347,1.2004425468506983,98.81105070933056
2026-09-01 17:35,46.62361900296714,28.16179970416642,77.93190514079974,109.09526820177776,1.200106314401291,98.82609915490596
2026-09-01 17:36,46.59615515108401,28.233759901283054,78.11313931290813,108.74331588841824,1.1838257818832585,98.8195581075198
2026-09-01 17:37,46.64085373364863,28.363405690443813,77.94176965052121,109.10500369996224,1.2074411625606405,98.66738480663422
2026-09-01 17:38,46.65066348078683,28.422733671370807,77.81716963005451,109.33115252855328,1.187788209800285,98.59298289659966
2026-09-01 17:39,46.67575214526018,28.033937952283,78.04822172798951,108.98238875136668,1.2151160099695495,98.80436596752683
2026-09-01 17:40,46.600518596781,28.423171039690867,77.85507851767697,108.81984241804236,1.1996470708376403,98.81117287509218
2026-09-01 17:41,46.64795546743786,28.730268814948428,77.96367952071031,108.66721627158068,1.2159733226809353,98.92125213143494
2026-09-01 17:42,46.56950825871295,27.987832743628477,78.18381335242569,109.18221597703132,1.206139552528184,98.69673492615628
2026-09-01 17:43,46.57901183191441,28.46621643461237,78.01077265687488,108.82953467614932,1.1790208580615975,98.9852226206852
2026-09-01 17:44,46.647074701458806,28.51064987205497,77.93852407207319,109.02881611732532,1.1982927895699873,98.75732166696169
2026-09-01 17:45,46.74104222095116,28.3934637774176,77.9035320425591,109.15229070267844,1.2053589084540797,98.89161600936806
2026-09-01 17:46,46.76661904845347,28.3291617902088,77.95378051163895,108.83685126128304,1.2138750628108204,98.7104828192242
2026-09-01 17:47,46.81066750855138,27.90311307167009,78.30603990693271,109.04880816262046,1.1978545396075893,98.89080133606406
2026-09-01 17:48,46.7803509268428,28.61999561251906,78.05269936311858,109.29242506624212,1.204493366722244,99.06863003796023
2026-09-01 17:49,46.756278720231,28.32102697754928,77.90214112935391,108.85537922145392,1.18199132786633,98.80465832540352
2026-09-01 17:50,46.81474988880038,28.35060197152381,77.90945662281109,108.9813059641116,1.2012982102056826,98.88859332100682
2026-09-01 17:51,46.814830207924,28.64330486287663,77.9836005967038,109.043566764687,1.1971901929941198,98.98365868117956
2026-09-01 17:52,46.80846451673095,27.9357363204187,78.09713239277022,108.71873789517952,1.2056344167530384,98.555949177109
2026-09-01 17:53,46.7379366117216,28.396235644694134,77.99960312717755,108.9307162080931,1.1984216687612261,98.7856450043986
2026-09-01 17:54,46.74546616061634,28.53517943552449,78.02397183005988,109.19451811463703,1.196970559651834,98.8661157597108
2026-09-01 17:55,46.77775933097047,28.56611180335469,77.85117682185454,109.42554633265593,1.198038825637372,98.91439988586282
2026-09-01 17:56,46.73805085720845,28.55013436848081,77.87830473456908,108.83233317510496,1.2058981632850845,98.89382642936236
2026-09-01 17:57,46.71269686608601,28.84246447155024,77.99935325885524,109.0213734726654,1.2140875526105237,98.5563174039095
2026-09-01 17:58,46.79171969588705,28.497606265271077,78.00749155733637,109.10383027796266,1.2087587943054527,98.82243896767838
2026-09-01 17:59,46.8006330033445,28.65093433850516,77.9211858038316,108.97910424942286,1.2108974292623305,98.90697450922517
2026-09-01 18:00,46.78620332106525,28.60810603916591,77.94386359783356,108.91231942458894,1.1892681920011854,98.88615627317266
2026-09-01 18:01,46.72935418159828,28.16390775003303,78.10143337595814,108.97319464465326,1.1849594344018306,98.8987213629462
2026-09-01 18:02,46.69837523003423,28.31299497799372,78.03445717777578,108.91885421735428,1.1883069999034763,98.67509205308475
2026-09-01 18:03,46.68587541748215,28.88979756961508,77.82033757647473,108.8384357905228,1.1885397967035523,98.92365628546524
2026-09-01 18:04,46.75433181004284,28.42536808334741,77.87081922317638,108.97584951684908,1.2050079407564045,98.76840818271047
2026-09-01 18:05,46.72380707513373,28.47304740829484,78.05455763069672,108.98686441736844,1.1982294097257595,98.94489593255344
2026-09-01 18:06,46.81352386350703,28.22954765259774,77.91104404116855,108.59434087935657,1.1966073363925749,99.03650431526928
2026-09-01 18:07,46.767089472659485,28.43098370050905,78.19231898443087,109.052901364953,1.222932758374914,98.90075706561956
2026-09-01 18:08,46.749210132418185,28.243603731221825,77.90833726874337,108.98271135613894,1.1967984409534593,98.79401462889406
2026-09-01 18:09,46.791387314813726,28.391143600108023,77.9365510018557,109.0469711954602,1.2088315281093875,98.96570728721476
2026-09-01 18:10,46.779377568256976,28.63038510753752,78.0580253050743,108.63766470474287,1.2002365902837475,98.94495142660888
2026-09-01 18:11,46.73786446613694,28.36019232456288,78.14412849644339,109.40649281836174,1.1884514304796687,98.73897877794072
2026-09-01 18:12,46.73127229556286,28.41025533311664,77.99566200015326,109.01780954919518,1.1823626098160374,98.80364260966972
2026-09-01 18:13,46.75370792023431,28.807619954007397,77.6449204974353,108.70450955197096,1.1935068270447273,99.10771682083296
2026-09-01 18:14,46.66792120949185,28.640961273393376,77.92394380786968,109.20885032045636,1.2039799996042015,98.89746824430492
2026-09-01 18:15,46.655494392204425,28.656990403359146,77.72237196672978,109.11781212971307,1.205153124685697,98.82027701715693
2026-09-01 18:16,46.65002756098184,28.759610551433365,77.8603718067196,108.88493604177924,1.2127934614329503,98.89640868453732
2026-09-01 18:17,46.62984017298555,28.45743755847369,78.05406759544492,109.2283941462872,1.205252948652298,98.59568787808854
2026-09-01 18:18,46.666607976304505,28.49657959511922,78.04443533924044,109.10630702347898,1.2189829143702358,98.89541889202478
2026-09-01 18:19,46.63818036782871,28.169983877914103,78.04022944396928,108.79161221457466,1.1926015892847122,98.84201438784504
2026-09-01 18:20,46.619954625399394,28.735460956289124,77.93758438560589,108.85249041918372,1.1927104534761352,98.84019706147936
2026-09-01 18:21,46.62183675476752,28.554442424401483,78.0116340916104,109.0664155714876,1.2080595872559687,98.75674000548462
2026-09-01 18:22,46.6582792094833,28.602149307951787,77.90393003043762,109.3189894692754,1.198428447566139,98.92903816323314
2026-09-01 18:23,46.64722107860091,28.39218206391953,77.94687715816337,108.90496246851572,1.2110334044739937,99.12403234080595
2026-09-01 18:24,46.723050942146,28.74136602288416,78.04270928788436,109.29156903661492,1.2165436592806471,98.99165424673606
2026-09-01 18:25,46.67766502714481,28.74994896090546,77.96437328975169,109.03529239767286,1.2039468288847164,98.9950094075526
2026-09-01 18:26,46.74199074476152,28.66823553905251,78.05981404031776,108.87840019462207,1.1965864137682047,98.92502377075076
2026-09-01 18:27,46.69909966720599,28.32142566871119,78.04433577391022,109.27015286246596,1.1745593464812907,98.88322144068384
2026-09-01 18:28,46.69094634310719,28.47809502424625,78.0104860586065,108.82837900294062,1.1974700859875917,98.79304992541756
2026-09-01 18:29,46.70914865237557,28.64708268340992,78.02280107085514,108.97352881221858,1.203146889172656,98.80161844355932
2026-09-01 18:30,46.81189064543855,28.49397539816693,78.05237437688398,108.62416283725732,1.1863197415275228,98.89302771082488
2026-09-01 18:31,46.8566819527712,28.746061159794845,78.10626678205176,108.98997682225212,1.2045908944917119,98.7561689789865
2026-09-01 18:32,46.83638881029336,28.877537992120438,77.96623598436456,109.2101692117116,1.202766039639933,98.98358121112952
2026-09-01 18:33,46.90134476607295,28.53278275215085,77.93508169700945,108.82058352506188,1.2021032344147793,98.85193975826228
2026-09-01 18:34,46.89065952082826,28.65516334613692,77.91734331413292,108.76278669696468,1.2098208709114318,98.8895748611796
2026-09-01 18:35,46.85108722801328,28.561958894762693,77.87662537585915,109.36156500463385,1.2160718324056932,98.8983055426708
2026-09-01 18:36,46.87352146260261,28.91287351927041,77.92627733260713,109.1885848982714,1.1896367098141465,98.86081683522887
2026-09-01 18:37,46.878245005004274,28.89365323729917,77.83744776375839,108.91576013709476,1.1986447002539256,98.92010221485104
2026-09-01 18:38,46.92592832336744,29.25433979568516,77.70952149329186,109.06240869634397,1.2035690384209718,98.8532123363006
2026-09-01 18:39,46.89844140516007,28.731150328153237,78.006680524754,109.44902302888389,1.2164349507800025,98.86570885890728
2026-09-01 18:40,46.91751658004312,28.550663364937392,78.12782036009243,108.84045604692074,1.2011701271181146,98.73804122275108
2026-09-01 18:41,46.94924404668485,28.827162590298435,77.76822369870247,109.277658385601,1.2069524968897993,98.82252654102702
2026-09-01 18:42,46.96314632466239,28.70656253740888,78.05019592201661,109.19622189651028,1.2016009241402552,98.843631001047
2026-09-01 18:43,46.96169714805782,28.799121118420604,77.95631722836502,109.15976326631991,1.202665460550652,98.86288031161598
2026-09-01 18:44,46.92681622935327,29.01754781542709,77.78517304659857,109.06137033543288,1.202989775395615,98.89968289851146
2026-09-01 18:45,46.972003818921046,28.719721165145558,77.88276159083917,109.24603138878008,1.2122173154209757,98.95760172386052
2026-09-01 18:46,46.978865043936665,28.92922040770522,77.89133499349175,108.9106318822131,1.206007528437584,98.88573235107636
2026-09-01 18:47,47.003680242562105,28.36931902227825,78.25428828154601,109.1190652811136,1.210005628162174,99.05054097837184
2026-09-01 18:48,46.98614133051908,29.01234633429005,77.91837495401217,109.36641445175172,1.201754217640306,99.08731892458502
2026-09-01 18:49,46.98679191505619,28.83567408178501,78.08825590906682,109.06371285408292,1.197528266385359,98.94929682033936
2026-09-01 18:50,46.93493051547095,28.76906609089428,77.87820705789295,109.11099854620244,1.1997779199222927,98.76167189193184
2026-09-01 18:51,46.93920678022774,28.725054432634515,78.05360592580527,109.25941312620266,1.2105695869971138,99.06124971496652
2026-09-01 18:52,46.97746729641045,29.11661800053117,77.95395717855408,108.7668796767348,1.2014642045406887,98.8328949519222
2026-09-01 18:53,46.98211696071445,28.74024238767993,77.88137834618182,108.67867403709788,1.1846273895495576,98.90118381214674
2026-09-01 18:54,47.02508660124036,29.103413154505308,77.82262904736594,109.38361298497966,1.2050923810252985,99.08045968596532
2026-09-01 18:55,47.040732125346494,28.756712190580263,78.00032617929863,109.17605460589029,1.1883353537477932,98.90126060933812
2026-09-01 18:56,47.10892495684746,28.875691855457838,77.77644651212586,109.23161460115357,1.1772447829496857,98.99302185261048
2026-09-01 18:57,47.09942247523982,28.945916489760407,77.91675169380247,109.04383736556127,1.1990766514961226,98.69144803721044
2026-09-01 18:58,47.017490963912174,29.28820850993841,77.71319661332372,109.11892241128172,1.2175421461762574,98.8334279442753
2026-09-01 18:59,47.03911537536645,28.941611032920363,77.9146086505267,109.27041869645812,1.2087666318520327,98.71873996885756
2026-09-01 19:00,47.030855900972576,28.947569211394065,77.95483655909634,109.09320455244466,1.2062545350249725,99.0636278000786
2026-09-01 19:01,46.98214123185844,28.895358226310098,77.98702727653388,108.9841308413264,1.1915092708411685,98.85476527614594
2026-09-01 19:02,47.01470449975458,28.856985598873464,77.96864952413868,108.92708136070068,1.188702494448524,98.89672910733655
2026-09-01 19:03,47.02792095671731,28.80453225642912,77.92196219948029,108.80838166384974,1.189168240344927,98.92348688600715
2026-09-01 19:04,47.05018788681405,29.296040269997903,77.79097328894761,108.63019135547675,1.195728788641021,99.01067986680162
2026-09-01 19:05,47.03356908927471,29.23690984301326,77.7696014115323,109.02781358717532,1.192146007859969,98.8238579922089
2026-09-01 19:06,47.04342144748709,28.814042985229467,77.87970085850627,109.0212342919733,1.2007008412031421,99.10294059681064
2026-09-01 19:07,47.05613839969487,28.99232346825065,77.86326688815022,109.6055362042984,1.2021002137936319,98.93382825559284
2026-09-01 19:08,47.14487115502195,28.73343742743076,77.914864173302,109.0172133085658,1.1904644799556225,99.1013834448323
2026-09-01 19:09,47.11067316679902,29.16570844804234,77.89437531816495,108.90454083996772,1.205087706838689,98.88465051842122
2026-09-01 19:10,47.11014845682114,29.123569481018208,77.81712109423913,109.50498887860805,1.1772839187318687,98.92311448236148
2026-09-01 19:11,47.12834144743463,29.017386213353998,77.74934810407409,108.99048140410508,1.1936387683937666,98.91645428585736
2026-09-01 19:12,47.042102101129856,28.84214503469441,78.00158976088689,109.04300508273197,1.1940326915729906,98.99769791333485
2026-09-01 19:13,46.96195368275845,29.165489643727483,77.78625057207326,109.28322197382047,1.1919346615341926,98.8441060081648
2026-09-01 19:14,47.07024460129984,29.144466400077743,77.70991396225233,109.3210925529706,1.1974165426380792,99.1032305849038
2026-09-01 19:15,46.98188865361676,28.9939720866084,77.80551540115914,109.29708305432436,1.1972251444670914,99.02884997992751
2026-09-01 19:16,47.01063511084952,29.18606116564016,77.82778827944573,109.23793905834312,1.2022314541816046,99.0406236129976
2026-09-01 19:17,46.96822384054629,28.77856362168165,77.91715035232677,108.90614472134293,1.2036690648029102,98.9113368726848
2026-09-01 19:18,46.93006583540873,28.93642288579457,77.92474882020863,108.95323393674433,1.1818565964062475,98.95094862378546
2026-09-01 19:19,46.83093959019512,28.874696873350697,78.09796765889668,108.96034245902932,1.2089286571074704,99.03961634780364
2026-09-01 19:20,46.785902661578845,29.09654545731299,77.7260000326214,109.16512867681428,1.2041873260658622,99.03928288767794
2026-09-01 19:21,46.82512159235403,29.416167537502997,77.9580034240822,109.00169346900446,1.2124731939913522,99.06101841381938
2026-09-01 19:22,46.75568445030821,29.10114354157733,77.87028466393308,109.24811006287916,1.2145705257544128,98.89938923970185
2026-09-01 19:23,46.785455794325294,29.32773330558969,77.77936571327022,109.0942636079606,1.217800800062668,99.14850363947993
2026-09-01 19:24,46.801120681792725,29.102892305485263,77.63338858773812,109.11592770017664,1.2132197182208073,99.18437601196548
2026-09-01 19:25,46.902035796760345,29.03682906019947,77.85208198999662,108.63829609697773,1.1998996518081857,99.07682626931688
2026-09-01 19:26,46.87830911759746,29.329584316805818,77.88517056725473,109.10566205054812,1.2151247114705404,99.15828968683394
2026-09-01 19:27,46.9414798195576,29.24440383933371,77.73785785595729,108.8866935656285,1.2004920214641417,98.95588135518818
2026-09-01 19:28,46.98592326726967,29.428619769865183,77.65800381834407,109.2840502401042,1.1965499010487237,98.96761154644184
2026-09-01 19:29,46.97158984640376,29.348592378904968,77.69447704996516,109.06918679927146,1.2012065678955828,98.76643807947409
2026-09-01 19:30,46.88844204695695,29.00023671248232,77.90353424012395,109.22388611428026,1.2189591375675006,99.1201790101401
2026-09-01 19:31,46.96391406593627,28.662202640818805,77.96516296220084,109.23360720377114,1.2112579039384228,99.0112183044146
2026-09-01 19:32,46.8956946206441,29.20820270976348,78.00510302138927,108.97037408569722,1.2020959065023225,98.97438069573133
2026-09-01 19:33,46.87202382301296,28.954484899713037,77.845463238907,108.9322007815092,1.2006519864551992,99.0959566721004
2026-09-01 19:34,46.91618265001296,28.9169815122908,77.98597224423854,109.3006239733701,1.1914391305928886,99.22326332375586
2026-09-01 19:35,46.97198042845263,28.911753645553635,77.78991855224099,109.37198668031466,1.209796415478618,98.99839303588296
2026-09-01 19:36,46.929708093644734,29.088801185593702,77.8500565867092,108.93372814329274,1.1633575039892168,98.92729711210777
2026-09-01 19:37,46.92810800934982,29.1861973724658,77.96250495797368,108.77124296152672,1.2014582392516933,99.14172627239697
2026-09-01 19:38,46.91517908724635,29.236409241955982,77.81251912233964,109.26111029234232,1.196842393423884,99.25964067147645
2026-09-01 19:39,46.97425701602547,29.653453665239876,77.8162399765666,108.81858608444786,1.1939887730779635,99.165983572604
2026-09-01 19:40,47.09948868473452,29.01128096053945,77.77728443935848,109.1349545073478,1.2091320280174453,98.99719109069665
2026-09-01 19:41,47.00799434345852,29.260869978010945,77.75156414602657,108.7017114974517,1.197274472905344,98.81727887186806
2026-09-01 19:42,47.05381548895773,29.02340448058939,77.84315338448494,109.3466668035102,1.2156867656942603,98.9615835841368
2026-09-01 19:43,46.9109067201124,29.08243913903211,77.75819836080036,109.16394229553376,1.187390973374344,98.99407934016251
2026-09-01 19:44,46.91161003872063,29.304112921479724,77.78078840354057,109.0085077850307,1.2219890095538417,98.90201541359392
2026-09-01 19:45,46.85617081252317,29.38379158835128,77.95255491582819,108.82519741884197,1.1942446403467248,99.01332672293168
2026-09-01 19:46,46.95576175202867,29.05231922389131,77.85899712067506,108.54317586868198,1.2076003225705307,99.10965882476654
2026-09-01 19:47,46.96408017844372,29.54755231514512,77.80937162546591,109.0861048572253,1.1944757123858865,98.96005929933057
2026-09-01 19:48,46.927241591045934,29.142098090245625,78.01854299483546,109.22697746916243,1.1942300667595014,99.18348889833324
2026-09-01 19:49,46.902275948310496,29.529170237809343,77.78438596134094,109.13051698190029,1.2005957006699728,99.0878227960036
2026-09-01 19:50,46.87351116070838,29.33647649202115,77.80296401475897,108.81445799110682,1.2077763942981483,99.10097464098553
2026-09-01 19:51,46.88292674113652,29.537549828232315,77.7299303258091,109.226286963192,1.1948716735357112,99.146222061376
2026-09-01 19:52,46.875019317617536,29.479104678972075,77.90165858715461,109.14548859467727,1.1928185723353084,98.94143143351975
2026-09-01 19:53,46.90781359631661,29.31792804888552,77.91662828695296,108.7699040507922,1.1946646816256443,99.07597203300276
2026-09-01 19:54,46.98482665041284,29.480320564670347,78.00641989773938,108.76882530198412,1.1865811946860891,99.0844215995244
2026-09-01 19:55,47.01989725275822,29.12566584321,78.08273753322494,108.92551237191414,1.18702388470252,99.0577785068002
2026-09-01 19:56,46.95859710037301,29.14364727072448,77.71640626268089,109.34741132877711,1.2018234054734014,99.03403637004412
2026-09-01 19:57,46.87740676004872,29.34197888863792,77.89526437377305,108.9514008275955,1.2085002660238984,99.0639308884947
2026-09-01 19:58,46.83963578376593,29.69723496502319,77.95582978852804,109.41854250233024,1.208114364836879,98.91903287458088
2026-09-01 19:59,46.89229654698141,29.28288730918944,77.8646194839806,109.33435832849192,1.1992830760021713,99.03225248554642
2026-09-01 20:00,46.87554413929815,29.322119168565344,77.84001245098288,108.74240810733885,1.201860794178984,99.10206044813393
2026-09-01 20:01,46.84216549834432,29.784407777778117,77.61279605776468,109.0178563070724,1.1740764262405108,99.17439343447374
2026-09-01 20:02,46.84907962623461,29.46968299509365,77.90630667182181,109.73652388519132,1.191287666532697,99.0962832369812
2026-09-01 20:03,46.77830332875504,29.470783943718647,77.68338304002731,109.04928747947108,1.1952102008712222,98.99577029498091
2026-09-01 20:04,46.72133694267158,29.270263625463908,77.8366555622273,109.17645695620187,1.204068017922449,98.85773187581503
2026-09-01 20:05,46.746853213932056,29.502041295645157,77.7419456248958,109.11402414280307,1.2042221468629672,98.87696653400074
2026-09-01 20:06,46.73169553928664,29.61824350148972,77.79714998501345,108.9819652165197,1.198675751075993,99.25187770983052
2026-09-01 20:07,46.70903372718212,29.49806033573656,77.72924215585051,108.8826024321168,1.2001537282546044,98.98535801653388
2026-09-01 20:08,46.72491547844794,29.67182071362949,77.6972299510089,109.09140152370544,1.2221417345756114,99.00954371753193
2026-09-01 20:09,46.6956719182889,29.59439163371149,77.8557091349146,109.11338754801793,1.191063231764736,98.99857437413196
2026-09-01 20:10,46.66135736596077,29.748392024160843,77.71413079941586,109.13657263943608,1.2005839881678568,99.06614801920456
2026-09-01 20:11,46.638366857834086,29.713394292737867,77.8139972354473,109.17946816349571,1.1952090339967747,99.210313431764
2026-09-01 20:12,46.66849788728966,29.531132058949748,77.69532736772797,108.79664024870787,1.1931161646363566,99.08211004257052
2026-09-01 20:13,46.67148888407572,29.74147324624087,77.86900020275553,108.83119200757862,1.1965173128313382,99.31678517832007
2026-09-01 20:14,46.61175900484191,29.9383318677534,77.7276821441133,109.15386735984252,1.201314960201078,99.0084592262501
2026-09-01 20:15,46.596606159115446,29.647864202313205,77.8544989268232,109.02757764114196,1.1922059026958833,99.17365056845632
2026-09-01 20:16,46.62901735543801,29.35276235335452,77.87178141484438,108.62020113346166,1.2188733971186347,99.09711046097772
2026-09-01 20:17,46.72255495259586,29.64487225390224,77.58719557036412,108.83873487817634,1.1980451500984848,99.17167216078256
2026-09-01 20:18,46.66543725298976,29.57658525926269,77.4947488800605,109.49171024636767,1.198061959253483,99.26501223460448
2026-09-01 20:19,46.68236401769219,30.144472794525544,77.74707098247872,108.94794311250232,1.2157395549297036,99.1135475456687
2026-09-01 20:20,46.66942660385142,29.786874047912068,77.66257611504727,108.9603557200171,1.2155416306366198,99.28364544037407
2026-09-01 20:21,46.71070257569203,29.42425586404322,77.74676653650606,109.09963568445748,1.213197506853321,99.14250295539046
2026-09-01 20:22,46.73318032455784,29.61763541554385,77.66697837590202,109.1305685381962,1.2115875874182518,99.21183852843993
2026-09-01 20:23,46.80678916994487,29.95734226649357,77.63431516758915,108.77715951245844,1.1808872371319497,99.22350380719026
2026-09-01 20:24,46.8327617150586,29.44235829192871,77.82575039810752,108.92313989312454,1.1944339530736323,99.27183178803416
2026-09-01 20:25,46.80550604944716,29.586018822513218,77.85283931020705,109.36656970952384,1.1969720180060908,99.10234145517624
2026-09-01 20:26,46.77857639053819,29.69433048308965,77.71030563391565,108.85139076808044,1.1921252798043767,99.01802762977935
2026-09-01 20:27,46.79885389602405,29.674120388925868,77.52654956949286,109.06504206345544,1.2149892249395686,99.3230018261632
2026-09-01 20:28,46.81860105549528,29.594883665642893,77.82288836271196,109.34801404781584,1.2095743035197435,99.42318451323248
2026-09-01 20:29,46.93849791887455,29.74943174317492,77.77402657266268,109.07368203743576,1.1908936187470844,99.25468093905153
2026-09-01 20:30,47.02231455485783,29.45074311047559,77.75060934300615,109.1045391275674,1.1856015244563285,99.25064187372112
2026-09-01 20:31,46.96363563723908,29.62689459354728,77.6412894562096,108.92042350366732,1.1834942488307272,99.14915982829082
2026-09-01 20:32,46.98114687702776,29.63264378211233,77.63750743759205,108.95372479094208,1.18678514950582,99.23401277497172
2026-09-01 20:33,46.91459743395933,29.701867157797167,77.87654505041209,109.3148518046608,1.2011501006278764,99.24724170164674
2026-09-01 20:34,46.83181358917336,29.712028772943896,77.67909655509408,109.17935839117236,1.2059073432800076,99.03609372435096
2026-09-01 20:35,46.868990889245495,29.78097296138575,77.8513586400221,109.12667164921744,1.193825009063353,99.00197970193138
2026-09-01 20:36,46.89657826589775,29.72164871103377,77.72035653837038,108.98286232550583,1.2149963347748673,99.17524191686675
2026-09-01 20:37,46.8446498761809,29.71744361801172,77.82887786535953,109.396322563185,1.1973936444874071,99.41794933376777
2026-09-01 20:38,46.92683421308583,29.88294481437223,77.62329140213288,109.44665647684472,1.2037539418913665,99.1081346149532
2026-09-01 20:39,46.87795571661081,30.000489067558263,77.56097711761211,109.10850340132492,1.187937949617354,99.09988114814072
2026-09-01 20:40,46.81956929755348,30.022717067656465,77.65714640287057,108.890214249324,1.196607483009204,99.1041145379258
2026-09-01 20:41,46.85220020862448,29.609746618348492,77.5891210306686,108.84946258157036,1.1864734620498738,99.15576051350016
2026-09-01 20:42,46.86324713591026,29.89947692451473,77.5718940171799,109.52813673420124,1.1999035401559153,99.26273478395976
2026-09-01 20:43,46.85522173586182,30.00929795161289,77.7303642181296,109.5894317075632,1.2078956220252184,99.1182641404768
2026-09-01 20:44,46.85186844421677,29.8164779122873,77.87847566275664,108.937166965225,1.1976382737726405,99.1793766898626
2026-09-01 20:45,46.863058483779696,29.97316960225399,77.709574843778,109.11130387485277,1.1982531599054902,99.05242705493627
2026-09-01 20:46,46.856079484492255,29.845675246411933,77.55073497310084,108.66298094455767,1.2116922338820697,99.18516152903632
2026-09-01 20:47,46.8474542410782,29.974916968391792,77.58669282399379,108.90295659615362,1.195286649226838,99.13124392119909
2026-09-01 20:48,46.75265640664488,29.604934759723488,77.77188975740769,109.42358504524938,1.2110156945110064,99.30808333668035
2026-09-01 20:49,46.68555833834439,30.011649063232984,77.65184499070693,109.17574769613418,1.2029884839940266,99.35036316883946
2026-09-01 20:50,46.71610581686053,29.83292103715949,77.94534805922589,109.19521451873072,1.193081589451323,99.3075321940186
2026-09-01 20:51,46.6808907723382,29.792218431615336,77.89911069344875,108.94913862888484,1.190842514047504,99.27734575001897
2026-09-01 20:52,46.70815043529379,29.889330130748277,77.66306392116401,108.81522502703106,1.2018290131559275,99.34465953613427
2026-09-01 20:53,46.76992363025607,30.156356000396755,77.85624631684637,108.97814621114074,1.2092745325696863,99.29098746109662
2026-09-01 20:54,46.752176088933645,30.15768853976087,77.54834573085309,109.26332137406364,1.1976786077080188,99.05724528211408
2026-09-01 20:55,46.7663245780008,30.02871956761192,77.57579162453028,109.11948849190593,1.186532715098771,99.21176811629
2026-09-01 20:56,46.87014840033974,30.161771307743926,77.79864274607414,109.20339439676847,1.1943287279449462,99.39341577251774
2026-09-01 20:57,46.90489518245541,29.917514726700897,77.6021226289702,109.21423975279558,1.2093284214078348,99.31179439501793
2026-09-01 20:58,46.996988873992976,29.759912764759232,77.69170028998803,108.9607096840932,1.2030623244324703,99.14362313869684
2026-09-01 20:59,47.07365922668868,29.64570210372062,77.93939531489396,109.15727284150316,1.1974635922806247,99.20345147840844
2026-09-01 21:00,47.11132724416474,30.02245061899374,77.66545666065441,108.96011116258715,1.1990948029193644,98.9960687923805
2026-09-01 21:01,47.10573255609355,30.009324411839195,77.84616729468738,108.92765323572311,1.2201208522256948,99.06057164942683
2026-09-01 21:02,47.06363287943177,30.05578226385909,77.76721149806784,109.22735997209342,1.172838512439678,99.2747099311112
2026-09-01 21:03,47.008047979955656,30.072010747559897,77.64469290404232,108.8459563680812,1.1867557944886886,99.16676420317312
2026-09-01 21:04,47.03236442668972,30.312093955469315,77.70645028485298,109.42187725442572,1.210871943488069,99.41931632630568
2026-09-01 21:05,47.05577359552346,29.89438194176769,77.84114135580728,109.17061041265193,1.206514030950162,99.36537160148832
2026-09-01 21:06,47.04704248512182,29.93357134924438,77.80232670237562,108.85122323901744,1.204063713771448,99.18551658515274
2026-09-01 21:07,47.08946580417616,30.481599719194985,77.52895077547261,109.01934741579494,1.1914829765678097,99.34051696863204
2026-09-01 21:08,47.059238948459,30.261998437290853,77.74965246290714,108.90706480382086,1.2091674121013731,99.2537351557624
2026-09-01 21:09,47.11474990186456,30.057846461563145,77.4651273331391,109.33489091433542,1.191746034624844,99.08634450100388
2026-09-01 21:10,47.11675025510386,29.720488320823613,77.73671198925052,109.25923162576214,1.1938753048074182,99.2666362035298
2026-09-01 21:11,47.11493392631483,29.96786665040966,77.72281088218053,109.15468084965757,1.1905532595511832,99.13274939790874
2026-09-01 21:12,47.11492026146586,30.075808631424128,77.79116918782651,109.4794748061372,1.2054564577948854,99.27223662694924
2026-09-01 21:13,47.10999069762664,30.140840615603263,77.82112396293401,109.1523068605591,1.1871814607476328,99.33607372348148
2026-09-01 21:14,47.23440391204307,30.20544209215161,77.54615465756032,109.13026838785856,1.205394551292699,99.21234140666304
2026-09-01 21:15,47.15382792058569,30.13186594018035,77.63215685958197,108.96955176132124,1.194006629729821,99.10543672107492
2026-09-01 21:16,47.16268904777478,30.416493731055795,77.6193129597553,108.91567724287616,1.206488415538809,99.1501689302832
2026-09-01 21:17,47.22489435724173,29.959740870136145,77.68149141374853,109.25499582056496,1.195085402491841,99.43150518251296
2026-09-01 21:18,47.26077000987036,30.150100514123967,77.73239834675175,109.35262031582052,1.2164184666546645,99.16995165582316
2026-09-01 21:19,47.245665911285,30.080851579608417,77.77211205157984,109.165557759908,1.196629154854977,99.3523530608944
2026-09-01 21:20,47.33267196249584,30.381245483511464,77.72463483452351,109.26785890215947,1.1984896622862422,99.22434044219256
2026-09-01 21:21,47.27924731960756,30.27168681990121,77.63784170471236,109.20557496232053,1.194146814599414,99.21837863257096
2026-09-01 21:22,47.21393251312164,30.40389623429393,77.96149908262349,109.518518981244,1.1937784978730437,99.18588812160654
2026-09-01 21:23,47.24233604126826,30.27149276058191,77.5518858674823,109.22652526859972,1.1989828773675546,99.1251727316514
2026-09-01 21:24,47.16961255120661,31.016304631326182,77.49237709809768,109.39517783501545,1.201206362112908,99.43480586281072
2026-09-01 21:25,47.05071506355828,30.419974435657757,77.77761490720204,109.08839002993876,1.183322413725291,99.27369419337975
2026-09-01 21:26,47.09485939544468,30.13521366982428,77.76533132428283,108.96566979802256,1.1922058160399913,99.4464093228454
2026-09-01 21:27,47.1329269110757,30.294527956241783,77.7347874475979,108.83439366818472,1.2006164948067946,99.24464370482733
2026-09-01 21:28,47.16954125422288,30.225287295182177,77.80053042671027,108.93873853104438,1.1917040766126843,99.32303124903832
2026-09-01 21:29,47.14516769698867,30.46703192982752,77.60387905724318,109.23421281132303,1.199107050056641,99.20672547810229
2026-09-01 21:30,47.154315003373135,30.51959190082252,77.62430299961375,108.95003491046847,1.2080195731770198,99.27101925685264
2026-09-01 21:31,47.106048674461015,30.412114227916096,77.74456970326325,109.35739741578756,1.2087219102336917,99.38153551344568
2026-09-01 21:32,47.19276623479165,30.309710429526017,77.82373806274991,109.08325831591804,1.2121409718713494,99.06728476944453
2026-09-01 21:33,47.23231744736687,30.222210951447533,77.55292992025267,108.79814899934088,1.2053779523292965,99.40313667601193
2026-09-01 21:34,47.26943025098538,30.686707759152423,77.54089478700116,109.21875533979411,1.2137953615077313,99.55003629582168
2026-09-01 21:35,47.171931013940046,30.599422362371087,77.60229174706157,109.05421362217491,1.1831889702852925,99.14397969921046
2026-09-01 21:36,47.21229611613954,29.800253684545503,77.85697041191166,109.54402784509168,1.193225142127516,99.2132888428484
2026-09-01 21:37,47.28699471723861,30.409632211424057,77.52721053933354,109.32693570371408,1.1897472335657437,99.22880402832864
2026-09-01 21:38,47.34780782152098,30.23827385563126,77.78710744495163,109.00254376342028,1.1935920007231122,99.22421412800897
2026-09-01 21:39,47.3872643383108,30.34096272447103,77.60691294491129,109.23536905659478,1.2070975263390438,99.33941318617204
2026-09-01 21:40,47.38721647985932,30.764732954030578,77.66687260540286,108.93004312384068,1.198726359401884,99.39209489750002
2026-09-01 21:41,47.37012483749657,30.209407203858078,77.72638789914934,108.89956707035552,1.1797756471056056,99.21827999068556
2026-09-01 21:42,47.40020692177751,30.23787476550641,77.84744483793668,109.2051014425978,1.2187383194753965,99.12722903845032
2026-09-01 21:43,47.41934538956738,30.946827544103588,77.45466536819637,109.33262168669458,1.2086778053981984,99.3605244317881
2026-09-01 21:44,47.43116411608667,30.370968928528832,77.73215499815235,109.12928231633964,1.200333540903461,99.51661108337092
2026-09-01 21:45,47.415702878747226,30.428954175962076,77.63243460079912,109.45640795524643,1.1946968585469784,99.31715690081758
2026-09-01 21:46,47.499765705143496,30.714861032759394,77.54194748066823,108.88312138492697,1.1899592475191367,99.05388131226306
2026-09-01 21:47,47.4413735405337,30.394251864370773,77.76610652231265,109.34493307975322,1.1882339671972937,99.44592438327382
2026-09-01 21:48,47.44024191774309,30.51338039561635,77.54927629423374,109.28177469658137,1.1875782427319697,99.1276469112126
2026-09-01 21:49,47.411232874103625,30.56528545533733,77.70750518236358,108.92321269187558,1.2065713318001308,99.3865423507928
2026-09-01 21:50,47.462835026508166,30.807772068142956,77.48562894641306,109.32601152402536,1.183795552944883,99.3150012107638
2026-09-01 21:51,47.53435910187288,30.21273287318059,77.59654699634355,109.19799876885828,1.205871114250488,99.21311690688349
2026-09-01 21:52,47.5965635439134,30.378967203979776,77.75820870347191,109.51768327296315,1.212316150459818,99.06751787617874
2026-09-01 21:53,47.63433390300132,30.52983452640771,77.87852144382099,108.97538536935645,1.1988969800947142,99.51008836132488
2026-09-01 21:54,47.564203804177325,30.747395735469137,77.65814627147662,109.4044314853502,1.2119023567757776,99.3028641036152
2026-09-01 21:55,47.66826543955464,30.446564175151583,77.58627462421484,109.24269333309384,1.2068115109960498,99.31832690193744
2026-09-01 21:56,47.69410024403337,30.67722431487644,77.67127071776713,109.61553416761944,1.1997502580621937,99.45185404090918
2026-09-01 21:57,47.68867708178353,30.49166915906158,77.64332811592702,109.8238919216519,1.199463919668725,99.25042757973826
2026-09-01 21:58,47.689752111589264,30.525049409227336,77.59996203666748,109.23074885441928,1.2172462394793122,99.45325140904714
2026-09-01 21:59,47.672776154906686,30.86838671522528,77.6178745843544,109.24577577729958,1.2181657712138247,99.25639084640596
2026-09-01 22:00,47.69397018354287,30.57590550996489,77.7108327835557,109.2881996593188,1.1870436065971997,99.52455706984884
2026-09-01 22:01,47.70947857394841,31.2248974446808,77.61018506678568,109.29612372138487,1.2011890236736271,99.41423373695596
2026-09-01 22:02,47.69147357166507,30.71391083609407,77.52542349990688,109.50917301736506,1.1836873980931666,99.23761207400976
2026-09-01 22:03,47.5629789998263,30.87668850615549,77.74721562464278,109.15603289749204,1.1958979460567376,99.10934373295044
2026-09-01 22:04,47.5612229330739,30.809372914459733,77.56631821269596,109.11467404331638,1.2127062913909494,99.34709728700476
2026-09-01 22:05,47.58506473088588,30.359195785150813,77.52699020896695,109.26300014734782,1.2019924123552839,99.3126830816936
2026-09-01 22:06,47.61137312313049,30.37176378316905,77.60312947851055,109.28075326328258,1.192651621889767,99.35542204978243
2026-09-01 22:07,47.603699873091706,30.78663896745877,77.61654204746391,109.5699213424074,1.2077897715426946,99.26810324449386
2026-09-01 22:08,47.62636561156488,30.477423512437568,77.58214157032221,109.17719556907096,1.2071309023942278,99.35256012046536
2026-09-01 22:09,47.67778155858672,30.598406547522853,77.6690079922663,109.18045238957517,1.2063101790416426,99.43203154924323
2026-09-01 22:10,47.65426904445853,30.649983882740404,77.54490512720903,109.41172095847266,1.2098649841027789,99.23208055422948
2026-09-01 22:11,47.72758299672946,30.543223688464213,77.76737341158237,109.42153913575537,1.2027519071392976,99.42079165423134
2026-09-01 22:12,47.629825081638415,30.972574586381818,77.58577102970581,109.0824570784744,1.202619791323703,99.49507035570002
2026-09-01 22:13,47.56677265495247,30.901020376082624,77.54979930301533,109.19488577850704,1.2052076659571764,99.22828920214896
2026-09-01 22:14,47.52151540743369,30.78943643414856,77.69216143646163,108.97786348112996,1.2066426766982417,99.40633182581928
2026-09-01 22:15,47.39929207195991,30.87597598006808,77.469111965804,109.36930933147326,1.2249819482414086,99.40694133453984
2026-09-01 22:16,47.34930394090828,30.59159983723039,77.59954369091989,109.03362992524224,1.1889791769762788,99.28661969531616
2026-09-01 22:17,47.411722539690096,30.957062849657277,77.60743294538648,109.08278954192036,1.1902160598116107,99.40545339761886
2026-09-01 22:18,47.47379899295272,30.62124497328438,77.65918195360248,109.15422503309908,1.1902917732704372,99.42792462643617
2026-09-01 22:19,47.47866691608903,31.11273883869692,77.52940590185493,109.05332716645202,1.1810120595739972,99.36449848879036
2026-09-01 22:20,47.56471701442593,30.676124269520518,77.7074066946323,109.27320132241066,1.1894211261150838,99.3896259766495
2026-09-01 22:21,47.57669152542324,30.707871362644063,77.56177228817765,109.44312444197875,1.1873519731007356,99.29545242023327
2026-09-01 22:22,47.55180092759243,31.06088932983357,77.53912371131726,109.3158747167995,1.2069603536145177,99.4640034942114
2026-09-01 22:23,47.56388246606157,30.96689031554045,77.47290668545895,109.68955231452388,1.2089338992118108,99.44254840895974
2026-09-01 22:24,47.55702513554338,30.65514027036858,77.61579160901974,109.28856674457256,1.1848823274095517,99.35265432376087
2026-09-01 22:25,47.59382180856838,30.975920573567297,77.44489264556718,108.9339582678968,1.1978344534647307,99.49484217176612
2026-09-01 22:26,47.5186692765807,30.86406590368949,77.45897482835495,109.2408515706572,1.1853151440862122,99.3871763065888
2026-09-01 22:27,47.568640023747264,30.876870439350636,77.57749273056012,109.14213456028509,1.191486171989335,99.46216224230804
2026-09-01 22:28,47.54566368718784,31.006198234187654,77.44778666594468,109.44558542666816,1.200995354721918,99.35175285714972
2026-09-01 22:29,47.58842983801336,31.014712573562814,77.62947130160842,109.22577556129592,1.196078615412617,99.54698283609028
2026-09-01 22:30,47.51137782792104,31.104202543870095,77.62480755185801,109.31706321869568,1.196374615951534,99.28328901853794
2026-09-01 22:31,47.49041489514842,31.005912774879683,77.60318524379021,108.95943544108538,1.2130573038962844,99.41661723476406
2026-09-01 22:32,47.49431805616593,30.98373018364753,77.6253946637457,109.09798853197664,1.2034427069782059,99.43160301343543
2026-09-01 22:33,47.53939068761349,30.907057498252755,77.62127618917327,109.28240244821907,1.1910710015701929,99.52466616823833
2026-09-01 22:34,47.47851413415489,31.235510249177427,77.34632825773271,109.16799211277814,1.1903372901260523,99.3921833657886
2026-09-01 22:35,47.56188634695033,30.789156128051847,77.48457927561941,109.26434335525109,1.1835057249413479,99.42310507843176
2026-09-01 22:36,47.58601952070051,31.33627294065905,77.52135594941669,109.59512993376872,1.1973048957458468,99.45226624189276
2026-09-01 22:37,47.55973074978036,31.39929354990805,77.36455107548097,109.01026681196196,1.2122869165343555,99.43589888367006
2026-09-01 22:38,47.62059585148976,31.40537369967481,77.40972470774236,109.03523353308906,1.2096783301386678,99.52992293424464
2026-09-01 22:39,47.62573140264089,30.95283839940025,77.56521720473937,109.54423629559976,1.1960172159984601,99.31253687812718
2026-09-01 22:40,47.68364625167645,31.410239272139695,77.51448237807774,109.3421380352102,1.1875590052902623,99.39061545522136
2026-09-01 22:41,47.79980364211379,31.22777829796512,77.37335595366325,109.19368245217524,1.193189113452255,99.49072689057492
2026-09-01 22:42,47.83823006099672,31.22130899850952,77.5391869330815,109.42220873030664,1.1837193835952668,99.41330818789908
2026-09-01 22:43,47.81189608781822,31.67433998193198,77.52913389969672,109.52356572933158,1.1728469405165203,99.32360687834476
2026-09-01 22:44,47.79061071604866,31.063912361597204,77.60116759723985,109.18440749805278,1.1727132987139302,99.6367171980933
2026-09-01 22:45,47.81973843336758,31.147613063125984,77.7000114793192,109.52605011942585,1.1999032745508387,99.3980711278145
2026-09-01 22:46,47.83413370422227,30.790161834623508,77.57579548182454,109.31501564515987,1.190512244692793,99.50521171621638
2026-09-01 22:47,47.79248220604463,30.605834492397605,77.7832970725161,109.6149637492826,1.1824851146605007,99.62625002496054
2026-09-01 22:48,47.75907673026333,31.116678947290133,77.76665329645357,108.882628939952,1.2061443991428766,99.65006443104578
2026-09-01 22:49,47.79236583172743,31.15341510821555,77.61792108305139,109.70859788355806,1.2059109514879471,99.4164915054317
2026-09-01 22:50,47.909700750270495,31.217165961380555,77.64506629134203,109.3488951667134,1.21245994814659,99.48396555533938
2026-09-01 22:51,47.7781823812051,31.14531697628454,77.64799476601856,109.56615426979282,1.1989487103326557,99.623892214547
2026-09-01 22:52,47.81437818809624,30.69443362857666,77.42235263872745,109.22174907338798,1.1914809132765825,99.58985128317816
2026-09-01 22:53,47.80382582894515,31.176227390409093,77.47277554735199,109.43887499726996,1.2058775527780843,99.50866797965338
2026-09-01 22:54,47.84279406463216,31.33416603217641,77.62427194562106,109.57297854542338,1.187305358047458,99.45637903451716
2026-09-01 22:55,47.88618013353543,31.432437472065967,77.37227742326743,109.38357417153992,1.1946634644636247,99.31241701088985
2026-09-01 22:56,47.88882203778735,30.93625890956676,77.62931748959949,109.28466592926684,1.2101799651083673,99.37166434529507
2026-09-01 22:57,47.83802336043624,30.955768215139468,77.6452032545987,109.20486648841968,1.1869620864821784,99.24563048059612
2026-09-01 22:58,47.76817076576109,31.00332372937573,77.70065976090483,109.18564495808288,1.1993450796898284,99.2779032471852
2026-09-01 22:59,47.67446183133144,31.02237426261004,77.54745982272426,109.46091795264442,1.1945685872108491,99.45600765511352
2026-09-01 23:00,47.73557911134318,30.834008297284903,77.69157477979071,109.1275938540337,1.1856205324004576,99.43406695805793
2026-09-01 23:01,47.72509399305533,31.029270741271148,77.5625852405114,109.4586519826014,1.2160201773794017,99.42765577062676
2026-09-01 23:02,47.69808024468741,31.491125142808688,77.62767474254306,109.31680950252522,1.1860173625794852,99.53015766082774
2026-09-01 23:03,47.68419427414608,30.97003263982364,77.50800948316609,109.25873585132422,1.1912357844115462,99.5824015051155
2026-09-01 23:04,47.61722088822626,30.815698892149477,77.54256165501594,109.1453787518339,1.1972979769442198,99.43355014036362
2026-09-01 23:05,47.63245161720231,31.142382727092297,77.57213215262847,109.19535244780326,1.2093653430186084,99.67298826624452
2026-09-01 23:06,47.6983866920045,31.104268862112157,77.71390370847928,108.90305394161774,1.2026058064855196,99.30733154697572
2026-09-01 23:07,47.75530972354304,31.34941949390302,77.52865980160038,109.4501096432685,1.1907469974134723,99.37899681731314
2026-09-01 23:08,47.67701976998166,31.07248956316758,77.54741197434765,109.20982640438956,1.189929703844679,99.3471101108822
2026-09-01 23:09,47.745195364172105,31.192737048475774,77.47085933589199,109.56874392302942,1.2059456539211535,99.4881028685626
2026-09-01 23:10,47.70698351943579,31.06862140997253,77.6592655269767,109.15448373757776,1.197792890184981,99.32911117071176
2026-09-01 23:11,47.61133590617365,31.049672604207675,77.47929790152604,109.11887716720408,1.1969013246777176,99.48658661545056
2026-09-01 23:12,47.54986229440312,31.326308224706857,77.46205374203785,109.25181567720728,1.1989737695734484,99.4191496021666
2026-09-01 23:13,47.50153658884087,31.28445208831891,77.46211895416221,109.16897478008346,1.2017096157167133,99.4432421592436
2026-09-01 23:14,47.501189196823866,31.256843298433942,77.60741109949247,109.01758993837808,1.1961952639286515,99.45507485402374
2026-09-01 23:15,47.44959042317456,31.379000765476015,77.38063566838206,108.8242095912374,1.211568962010515,99.44386918839452
2026-09-01 23:16,47.37407815013556,31.117517928289036,77.42671430191473,109.039753224527,1.219640910021667,99.34197437906296
2026-09-01 23:17,47.36085344837899,31.294447414508817,77.4944829525555,109.07953639838026,1.1901065313978154,99.42674676967334
2026-09-01 23:18,47.45704864551867,31.339086860111934,77.47892268230221,109.37405344856984,1.19513037761287,99.40132595683058
2026-09-01 23:19,47.42193110139924,31.542462037985885,77.28249690258828,109.372870186095,1.2069861143017977,99.61102081399628
2026-09-01 23:20,47.44514377717173,30.93410182885972,77.46589112606016,109.02617720997247,1.2029894394393184,99.41428801149684
2026-09-01 23:21,47.4491411187332,31.250084793727744,77.42748476199203,109.38763117494388,1.1942391312779852,99.54041429379178
2026-09-01 23:22,47.58204450444293,31.417935154831323,77.47540949478912,109.0662159231936,1.1900240516179708,99.63613577979416
2026-09-01 23:23,47.48713159645995,31.219709149266237,77.41733841767832,109.1056329178963,1.192450299224137,99.56057391565194
2026-09-01 23:24,47.5419006788207,31.361087209668884,77.67604472779217,109.17326885867246,1.206040704565177,99.49653808135596
2026-09-01 23:25,47.4778314290307,31.487628950356005,77.47417599667448,109.06206271043068,1.2080745579242809,99.61246756785155
2026-09-01 23:26,47.44821066632969,31.453587544705943,77.57193110404347,109.38314186720896,1.1897100069511424,99.67775632740312
2026-09-01 23:27,47.443376583660026,31.0192068775154,77.57030075047585,109.54170041010045,1.2019660788374709,99.41988454982943
2026-09-01 23:28,47.60268089374993,31.1303773917914,77.55539190642148,109.07369119403404,1.1876608314001746,99.54891549950102
2026-09-01 23:29,47.56453062823576,30.81370015034474,77.6640293995163,109.34516337653562,1.2114494240216365,99.61141697570012
2026-09-01 23:30,47.47008642257334,31.517345451776404,77.40603774806718,109.2369417613511,1.19552022890065,99.5321693661809
2026-09-01 23:31,47.5349546025904,31.435962578545823,77.28171192627498,109.35646617850522,1.1936129398256967,99.6249587957298
2026-09-01 23:32,47.4929927971739,31.67061908283389,77.45613300970216,109.13207412898076,1.189062785576403,99.5833498253092
2026-09-01 23:33,47.480845279489365,31.418319505263764,77.38660903313348,109.4944408552223,1.2049142933703438,99.598005664502
2026-09-01 23:34,47.47964318834215,31.18573345034528,77.63924101197425,109.37584966436545,1.2089821320622394,99.39898046636353
2026-09-01 23:35,47.4844926276212,31.63699089752944,77.32752018518609,109.3537872689824,1.1853187194326418,99.55202811257196
2026-09-01 23:36,47.47598569620335,31.164423768585213,77.52705924581788,109.6569977046857,1.210654435587756,99.46196845437235
2026-09-01 23:37,47.48937351800205,31.435383143639477,77.46187912035673,109.107849166144,1.191107648497214,99.455905884437
2026-09-01 23:38,47.50874149811384,31.401342319387005,77.41089132544829,109.24251799256768,1.1952023888426555,99.47896980368772
2026-09-01 23:39,47.55143763902473,31.605546123387555,77.39290351111963,109.40798450675702,1.1915852836281138,99.42428308396508
2026-09-01 23:40,47.53007598222976,31.63922462744016,77.4046958106488,109.4664513688918,1.2092623797650262,99.64474846656852
2026-09-01 23:41,47.492639475062006,31.378509566800947,77.48864720224026,109.26562077368928,1.218744770809213,99.74779120672513
2026-09-01 23:42,47.43946196112866,31.32331398632229,77.50228814194269,109.3672849633984,1.1922003282360218,99.61986384725786
2026-09-01 23:43,47.46909740613712,31.46707460782525,77.45568080611046,109.53634047276049,1.2096209568869674,99.6051377731158
2026-09-01 23:44,47.46678249887731,31.367804940763182,77.46928928846269,109.2053925705921,1.1968116537735438,99.36635931296956
2026-09-01 23:45,47.4944427274487,31.6812201026924,77.18786868453618,109.19990934909124,1.2169157144430096,99.76098561483155
2026-09-01 23:46,47.52135253953949,31.572973226554897,77.57321144793501,109.2729292609786,1.2022267891421472,99.44011494507848
2026-09-01 23:47,47.605646386207226,31.783632112262016,77.46982705348341,108.79038536983153,1.194124438810846,99.59452201454046
2026-09-01 23:48,47.61602164098558,32.03418446047106,77.22586702342049,109.40356403933922,1.2156672679331266,99.65233351265248
2026-09-01 23:49,47.65364020682008,31.343185551865645,77.41030386629984,109.4079351084768,1.2016444626058151,99.61258793749768
2026-09-01 23:50,47.59351071550534,31.40266000879908,77.26269634492752,109.67798358644652,1.2037863634032693,99.73073936298304
2026-09-01 23:51,47.53949563169584,31.626014622637676,77.13073759970145,108.98720371189874,1.2093068353153358,99.5737093441524
2026-09-01 23:52,47.52390874440562,31.61705911911984,77.37994996229112,109.3221064622536,1.1957329218397172,99.52812459691997
2026-09-01 23:53,47.4630728606149,31.473277620567018,77.616291166172,109.3261816159442,1.20356485629998,99.56533754661416
2026-09-01 23:54,47.49755252150446,31.2045032539715,77.52193258106043,109.39184677687552,1.204335742125948,99.63526016007086
2026-09-01 23:55,47.43089988209074,32.066106753026794,77.34991512446732,108.99175132499492,1.203773921173682,99.75036136964194
2026-09-01 23:56,47.43431903302753,31.578578406435188,77.43346511725417,108.61403743688628,1.1820470456856185,99.52226186494752
2026-09-01 23:57,47.31141425195255,31.333071593789317,77.52164857292213,109.2042983257358,1.1994962664655264,99.58766338294804
2026-09-01 23:58,47.25617526578228,31.091683484080832,77.50163785640729,109.2307796309629,1.2084851104487997,99.89860444233528
2026-09-01 23:59,47.23922349896883,31.86182692046609,77.26744983289888,109.22606881478984,1.2081757614909512,99.61571538288632
2026-09-02 00:00,47.22627151462557,31.65258857022875,77.33169356379352,109.03303776169928,1.1952845928421583,99.70939350102668
2026-09-02 00:01,47.13668922745726,31.59309530367481,77.46246966284205,108.97491306906534,1.2008059175666936,99.9163041432914
2026-09-02 00:02,47.14212268141189,31.389506063860093,77.39546690097717,109.12301915592724,1.1938597625822327,99.6390439125476
2026-09-02 00:03,47.19086588284705,31.58345729748014,77.21019140713497,108.96962978479408,1.193772334213293,99.52005043285736
2026-09-02 00:04,47.22327790310893,31.531895985299283,77.47007807701124,108.97821454021604,1.187236205515663,99.54083058238962
2026-09-02 00:05,47.19034874988703,31.11365477634201,77.518327775355,109.2120016858001,1.2011013985251688,99.74328465840068
2026-09-02 00:06,47.16098390797861,32.16022954003463,77.41738142320096,109.25979120272471,1.207330888470979,99.6596058734193
2026-09-02 00:07,47.10166889389363,31.71616058111273,77.37690930265087,108.9098854936584,1.201625228322986,99.49811552294676
2026-09-02 00:08,47.13315829362423,31.564434085261787,77.4011997519561,108.7738136588264,1.2074367609900547,99.54091841373042
2026-09-02 00:09,47.20524123551183,31.444555744240382,77.42024418678147,108.95714789499466,1.2016008179446163,99.74881427340192
2026-09-02 00:10,47.1789434617368,31.52298352639646,77.3334738858497,109.2917672776663,1.2032499104913692,99.71510414219313
2026-09-02 00:11,47.09405255838941,32.13848677484545,77.30859052326088,109.0650847768669,1.2007984778193401,99.52759252453062
2026-09-02 00:12,47.10405277051966,31.73550293194027,77.31102230355114,109.26941404248424,1.2020325602075441,99.68513977304568
2026-09-02 00:13,47.13944124172498,31.392725641020768,77.33144213818393,109.26590007746596,1.1888989269904324,99.69375793646144
2026-09-02 00:14,47.00333504923873,31.84638833805889,77.32016050676908,109.33377883671284,1.1974144658689745,99.51930248086646
2026-09-02 00:15,47.010252851220336,31.772773440484613,77.35542725615798,109.03352232780097,1.1893311164240323,99.51672897584773
2026-09-02 00:16,47.11847220020438,31.78402003120273,77.3907717558384,109.160052873741,1.188145541825015,99.68963133591744
2026-09-02 00:17,47.159504580675865,31.656696810337117,77.45132982573008,109.32112876554028,1.2191511983317036,99.71283269468262
2026-09-02 00:18,47.18702752072199,31.65444998270863,77.60642231669699,109.06981064628728,1.1916762189985077,99.5607163546426
2026-09-02 00:19,47.20713358458824,31.737079055063152,77.345761151913,108.96702907813446,1.1891279155563226,99.5825298375964
2026-09-02 00:20,47.26022852565298,31.65675687051236,77.52890051933242,109.39861568310025,1.1616213785728209,99.70134458970378
2026-09-02 00:21,47.21317016296263,31.41983321157461,77.43730380163865,109.4670854591216,1.1984422028105866,99.75300328413086
2026-09-02 00:22,47.170903272840775,31.507529833820545,77.42761982264581,108.97884636565904,1.1996608495413026,99.72528004446126
2026-09-02 00:23,47.19128173828548,31.71628163455028,77.45655836647872,109.26394850798948,1.1783500352803356,99.69652605413508
2026-09-02 00:24,47.15701527106096,31.396932664444037,77.35036226766137,109.23780725852552,1.197348559476258,99.73007988060708
2026-09-02 00:25,47.169950392071705,31.697453400396554,77.36917542099926,109.19635995198534,1.2048154656574903,99.64509876101852
2026-09-02 00:26,47.07432226789018,31.66545448164445,77.44259553997223,109.04590146792424,1.188365940581034,99.580420278089
2026-09-02 00:27,47.11222000107592,31.882446840480764,77.18950318951127,108.9669122792124,1.20885519908833,99.57603956074344
2026-09-02 00:28,47.15456857168591,31.77209379441213,77.26631702835998,108.90948229075325,1.1984031612362818,99.42497213633862
2026-09-02 00:29,47.15675246679077,31.68424077486411,77.33319618860631,109.34242716916614,1.2043944707179364,99.61079287928152
2026-09-02 00:30,47.164973613848176,31.6894745445204,77.3749547688063,109.14940124142298,1.1911705968586486,99.56790548909056
2026-09-02 00:31,47.24600616813334,31.8410939172048,77.43267403557087,109.28979229603476,1.2005367974309678,99.63858100622193
2026-09-02 00:32,47.19185143673924,31.94804540104541,77.20028302445263,108.7948834461982,1.205044937103047,99.60078681473564
2026-09-02 00:33,47.14619360392498,31.546956720168986,77.54356984314038,109.34176177407218,1.207464093237576,99.67442312424578
2026-09-02 00:34,47.0915032892292,31.458863976637986,77.48676918240619,109.31927379085802,1.193584316847718,99.72471665391532
2026-09-02 00:35,47.07026678066643,31.62228366068192,77.44234427900807,109.18045890859086,1.194318085813137,99.6987934238946
2026-09-02 00:36,47.019709284616006,31.31122029516622,77.24198507165403,109.51999744051822,1.2113909929876265,99.52128286634655
2026-09-02 00:37,47.02156170847545,31.623309988483385,77.40925362195765,109.14970748120568,1.1937452470916192,99.82507248423327
2026-09-02 00:38,46.9890248681755,31.954385897498383,77.22900603970633,109.12951572206126,1.1939983991463607,99.8357136052101
2026-09-02 00:39,46.916567412192734,31.98873114886659,77.36626285465232,108.88658572277356,1.199128714602251,99.67718305942738
2026-09-02 00:40,46.839058525384,32.105270808710145,77.25248686602318,108.92331979265336,1.189225630460893,99.71247783241324
2026-09-02 00:41,46.89964138072807,31.81301184306689,77.28311537911586,109.16493674077329,1.2105313285725345,99.67012142657906
2026-09-02 00:42,46.89619743983039,31.835376404808017,77.2292625640555,109.13358533105428,1.1842156671143922,99.80441048525964
2026-09-02 00:43,46.884830548613664,31.688847513049417,77.32603896001164,109.2992307975293,1.1922405616587446,99.49347871074046
2026-09-02 00:44,46.88615902788381,31.706933256976587,77.41315707651482,108.94762015805436,1.2046340223069472,99.5697054987253
2026-09-02 00:45,46.882040922091605,31.874688426601992,77.14824463452683,109.16389898998423,1.1991113195126724,99.54058638632758
2026-09-02 00:46,46.91984656887072,32.00455168353625,77.21451770501754,108.89161741581752,1.1889547878674311,99.74578921442313
2026-09-02 00:47,46.94795952028048,31.91129092908281,77.28573728476616,109.04830480171633,1.206288725501619,99.63819687613316
2026-09-02 00:48,46.91847413296279,31.419354132049914,77.38662867192593,108.94868909225168,1.2039166559877108,99.78049344737911
2026-09-02 00:49,46.877297780102126,31.93256983028047,77.25270792601752,108.61652521338918,1.2009035134087003,99.67982235796588
2026-09-02 00:50,46.82296174067408,31.83711671719509,77.33274780428589,109.20261337280051,1.1907124670878924,99.74342242791464
2026-09-02 00:51,46.7604051758635,31.720828470367497,77.33808719684099,108.84346656789737,1.2030206783193795,99.66735754108466
2026-09-02 00:52,46.83051245786701,31.87252531710481,77.09700403754951,108.8699697360721,1.17967273953457,99.74613095962252
2026-09-02 00:53,46.78468549613379,32.02910514506174,77.37325372302446,109.06279633778468,1.2082738008354974,99.82190009029716
2026-09-02 00:54,46.68373320645671,31.879911129615348,77.14863439157995,108.76959521312936,1.2062456664760421,99.63910755231994
2026-09-02 00:55,46.64155898336383,31.708840958776893,77.43769421048698,108.7996722733593,1.1814934606426104,99.86998379883832
2026-09-02 00:56,46.60214089864824,32.53519541287796,77.22914612696287,108.46282946132116,1.1845613832949775,99.80644537736522
2026-09-02 00:57,46.61863347935624,31.734587393068,77.13725358320558,108.97738144367972,1.1899539781038742,99.78066653665957
2026-09-02 00:58,46.57433435006697,31.95931700315803,77.27486683084406,109.09589338625965,1.198561848245295,99.70263605127812
2026-09-02 00:59,46.6010720034188,32.12340094960488,77.3704146865778,108.88660066260393,1.215304397442266,99.76487474193
2026-09-02 01:00,46.62049835214888,31.698604917796047,77.45993500739478,109.20168451637808,1.1966899600343122,99.69887913816082
2026-09-02 01:01,46.68383982805063,31.98688640061806,77.28810115304266,109.29390561047713,1.2120247115664664,99.7284243481764
2026-09-02 01:02,46.792189482004304,31.70791782335358,77.25916888215403,109.16935938014852,1.2042958839942874,99.9241380379542
2026-09-02 01:03,46.93463468826085,31.828925738584623,77.44757107469944,109.01270802821908,1.1986249987647597,99.73502251024487
2026-09-02 01:04,47.002176420404986,31.732633911984728,77.20230835269886,109.24022575310362,1.1894069331767492,99.76341124941996
2026-09-02 01:05,46.944191404341154,32.244325272019815,77.09513582255283,109.22460543696222,1.2092032024470978,99.58398700638809
2026-09-02 01:06,46.92398143469108,31.614457377094222,77.44608047293248,109.10047505439869,1.2048127624240648,99.96804618099247
2026-09-02 01:07,46.936363741841646,31.99945043409714,77.17129926183551,109.30019279057367,1.1855690458104409,99.82820713462988
2026-09-02 01:08,47.039770117041456,31.90567640233957,77.37714973744741,109.19545754761695,1.1925624092993141,99.8050696554956
2026-09-02 01:09,47.07360113367132,31.501423341862814,77.29897736064612,108.87714533142984,1.2118323487042864,99.77913581998554
2026-09-02 01:10,47.13376975390146,32.254297440448035,77.19842651031968,109.08440147511791,1.1914862249169396,99.63930631599756
2026-09-02 01:11,47.12507215982087,31.792561111222177,77.46939038154252,109.1521861349308,1.2091446989728487,99.80357443184784
2026-09-02 01:12,47.1545863846364,31.85747803288372,77.33559473522517,108.89565103843084,1.2031820196829657,99.7325265620377
2026-09-02 01:13,47.19049599743492,31.95689133901321,77.39116398136115,108.86410709490262,1.2037164634199269,99.51316468506538
2026-09-02 01:14,47.16768057266176,31.732931210935185,77.35060954083824,109.16005733000772,1.1963353626010034,99.80134664987392
2026-09-02 01:15,47.20654697084448,31.762248250052668,77.32193889914622,109.25364238038372,1.2002486634299272,99.98102793740122
2026-09-02 01:16,47.26008750053079,31.913888830133057,77.27339537848117,108.96769989562624,1.2124771779565873,99.60921827663329
2026-09-02 01:17,47.252169213793,31.746566395215886,77.28282335454557,109.27102682697792,1.2066852804726946,99.87891414939818
2026-09-02 01:18,47.303076540498935,31.946458370209527,77.38039061562904,108.99111865627876,1.1709511724950483,99.66125051184136
2026-09-02 01:19,47.38547427601495,32.184814249438986,77.34618030062211,108.96342116406642,1.190960535567371,99.67991591383812
2026-09-02 01:20,47.38878927293879,31.72707677899726,77.55963672174747,109.38964324384796,1.2109091801536398,99.85343682845856
2026-09-02 01:21,47.38880538182762,31.61472881571301,77.4442108166442,109.23933450357084,1.186282789611278,99.62975537599657
2026-09-02 01:22,47.3733245170763,31.909902387922035,77.3289222493139,108.83979104642049,1.1948772027145442,99.8492947486276
2026-09-02 01:23,47.342359044225,32.01992244726873,77.37996966164837,108.86811038331062,1.1914960383895148,99.6869195469629
2026-09-02 01:24,47.35016660155728,32.07642452754155,77.4638036944672,109.21151366372266,1.212102082020107,99.67631418552976
2026-09-02 01:25,47.32957525896592,31.722492695193058,77.24410826039716,109.01286939294718,1.1892801699812299,99.7266262596778
2026-09-02 01:26,47.31397622604591,31.47079047349549,77.60384824897686,109.01287939405935,1.2055967482779448,99.8060549552613
2026-09-02 01:27,47.275301662337895,32.12515348190696,77.22095358575304,108.89335440638376,1.2051836495035706,99.76932500027864
2026-09-02 01:28,47.19849925734001,32.093702566199035,77.22034675733023,109.09568998683912,1.217352017553388,99.69223912879984
2026-09-02 01:29,47.1516370527537,32.25696021317156,77.52094115172319,109.59642008198986,1.2054876471137732,99.70852132667706
2026-09-02 01:30,47.16808692425155,31.7597176964177,77.47403450192472,108.81299260324774,1.2014452324283007,99.5108072096831
2026-09-02 01:31,47.10893000555521,32.06967196749208,77.2423631279316,109.45364043691924,1.2033611160384508,99.6520566822289
2026-09-02 01:32,47.07653131087668,32.16111404898649,77.3612423728303,108.93497651670124,1.199544939316681,99.77775719686058
2026-09-02 01:33,47.158639317224186,31.589716979004518,77.53383562174685,108.89492731809058,1.1988492326319384,99.64619188692804
2026-09-02 01:34,47.21496510544805,32.174595030921004,77.35523439353985,109.3239939272257,1.2089283346373199,99.68062663403752
2026-09-02 01:35,47.18029430282981,32.251706423354186,77.37751415289551,109.09343083183236,1.1801432575410575,99.72674336751166
2026-09-02 01:36,47.210463274168575,32.082290139889935,77.34066407459399,109.09543348649704,1.1883063638475366,99.57288496136582
2026-09-02 01:37,47.17794897694322,32.07566607486063,77.35461299898225,109.36655873963804,1.2039464362753713,99.86066493597409
2026-09-02 01:38,47.25932843527309,32.11808672605306,77.18809503369073,109.56391065596058,1.2154375977087728,99.88167309535912
2026-09-02 01:39,47.23004375050621,31.91794677329179,77.23651986897461,109.23366745851632,1.2007367979615193,99.60830396102553
2026-09-02 01:40,47.23412958552426,31.68243024946892,77.40605104195454,108.94311982791132,1.1960127181681979,99.60570902129464
2026-09-02 01:41,47.30337001633674,31.787306510082445,77.23848681195996,108.96045827860372,1.1966960975874876,99.88917838090248
2026-09-02 01:42,47.26197617836243,31.93899735602584,77.40558749652662,109.1432334951663,1.1856826042344348,99.62499430133316
2026-09-02 01:43,47.32720288874437,31.8054659983377,77.36329885693263,109.3856535986917,1.2028615134190104,99.51419246387324
2026-09-02 01:44,47.28633032176579,32.18380100257648,77.410130993803,109.2556773174356,1.2106089675887102,99.80166487070002
2026-09-02 01:45,47.298240109009306,31.896654620549327,77.43988744374573,109.23166120694412,1.207299782938989,99.7020228863721
2026-09-02 01:46,47.28345937436703,31.957398836471956,77.2958451157022,109.39496464904184,1.2050633934812598,99.74221218949232
2026-09-02 01:47,47.27903412253685,31.625320911355853,77.13347869788923,108.72680639955176,1.2119582017782657,99.67938206939584
2026-09-02 01:48,47.287038637538295,32.06208418993239,77.17161614220768,109.35002835242804,1.1982250615660874,99.93124250355224
2026-09-02 01:49,47.28332141793537,31.84192338489242,77.36000619284381,109.1856732374135,1.2056789453603358,99.71144065540852
2026-09-02 01:50,47.23245474747919,32.287964206254166,77.47047591013576,109.15844052262744,1.2011667688921068,99.52252994560048
2026-09-02 01:51,47.275783738649615,31.639438362952173,77.40142492703619,109.2535048691535,1.1903042846852299,99.79644804212744
2026-09-02 01:52,47.31181070509705,32.05169999153625,77.37934801313523,109.12162869334593,1.1971601037916122,99.6889929159048
2026-09-02 01:53,47.37630253130871,31.905973688615624,77.35428528985838,108.98374131513658,1.1993910144016597,99.65978057503362
2026-09-02 01:54,47.445549939150176,31.91546816196102,77.0950304423078,108.81979635994963,1.2150264198448144,99.59675423373736
2026-09-02 01:55,47.37835154783642,32.33105395502926,77.33210464086076,109.26871063265745,1.2028620031769142,99.64912866393388
2026-09-02 01:56,47.44262711216385,32.18246036450699,77.2826810140594,108.97656596651228,1.2015703294631266,99.75612555019056
2026-09-02 01:57,47.50751384585287,31.81959686530994,77.23648625689533,109.22179250843502,1.214065320729757,99.8524266629016
2026-09-02 01:58,47.48090168617499,32.27138729474619,77.36340247274305,108.89042718382863,1.1849082580948622,99.83115601759098
2026-09-02 01:59,47.53277191646849,31.860978624765995,77.37615023830759,109.24013712509898,1.1841877987279388,99.66046046510353
2026-09-02 02:00,47.60618347504826,32.15230428778771,77.62518840181781,109.3664674941694,1.1997267125939208,99.70553050033207
2026-09-02 02:01,47.579241699873,31.64439978567333,77.20694672076823,109.186454487682,1.2049038488996209,99.68779565812524
2026-09-02 02:02,47.51030373241182,31.92869815484057,77.28498774990446,109.32396116615864,1.2029381332906925,99.7031417321823
2026-09-02 02:03,47.49232690610132,31.93567413808048,77.36706420160775,109.08937662259554,1.2052452585608704,99.7141469706388
2026-09-02 02:04,47.63196225932194,31.92818536525267,77.3392448304432,109.18150207905188,1.2036034271613414,99.95090958540024
2026-09-02 02:05,47.64377528196195,31.675480781742685,77.49440086075589,109.32206641966964,1.176239758820883,99.85254774423832
2026-09-02 02:06,47.583064809374726,31.61437382663805,77.52448415596385,109.26716043416798,1.1989888993033597,99.68956309166346
2026-09-02 02:07,47.57041744575438,31.99169653545461,77.40675909415984,109.35834922472344,1.1897125764230971,99.84691395424306
2026-09-02 02:08,47.52071483502454,32.11702656315052,77.33534329108953,109.27411800882405,1.2084401626378112,99.72729380882404
2026-09-02 02:09,47.50075080523371,32.00225333384948,77.2802495751113,109.44032156980346,1.2077954492980962,99.63678734190005
2026-09-02 02:10,47.50550801116155,31.927136354359064,77.38346042314961,109.57583611984516,1.1893025206086947,99.49939889868956
2026-09-02 02:11,47.377428160914455,31.69338912137938,77.48863352776412,109.33801044729412,1.195841821032966,99.81358533549889
2026-09-02 02:12,47.39544819998843,31.941535971585147,77.36348352897319,109.40781876766196,1.1893081658373832,99.74744741868264
2026-09-02 02:13,47.46618168184,31.88381534672468,77.16006723774049,109.31066160071404,1.217173880727085,99.7002037650552
2026-09-02 02:14,47.45631324157267,31.85117368753584,77.54422178557168,109.02473940802408,1.204204306405991,99.71901339019516
2026-09-02 02:15,47.43717849542743,32.03083511931483,77.28816383023431,109.40116301028876,1.2150997894156432,99.52662730951516
2026-09-02 02:16,47.49185801772317,32.02969298734734,77.43159089802167,109.4206901352758,1.2107988574589077,99.54888547111425
2026-09-02 02:17,47.42852608642019,32.07523811835768,77.27828692074043,109.0069946245054,1.1994284624790583,99.67051691495249
2026-09-02 02:18,47.366231577364765,31.94306442327173,77.45650531717843,109.17583779401843,1.20255022554803,99.74562049272448
2026-09-02 02:19,47.29670477422994,31.827087321495053,77.33177185322614,108.87919063761902,1.1879538172924748,99.80216190466828
2026-09-02 02:20,47.288835876386656,31.9540333408554,77.48770024230011,109.25094917014108,1.1996781157367273,99.70969745835184
2026-09-02 02:21,47.30853722526752,31.930790168135506,77.47589526322672,109.49129801268164,1.1975304613290603,99.57515298712109
2026-09-02 02:22,47.30400857806452,31.663579878211923,77.3336200284272,109.22263422821143,1.19127468496447,99.71910710094436
2026-09-02 02:23,47.33149738922943,31.92196176575204,77.05732480680801,109.058695791431,1.1833239292766664,99.89435054215636
2026-09-02 02:24,47.37303474922755,31.658327651678697,77.44074669017844,109.42973784736468,1.2046632550684215,99.56359380446726
2026-09-02 02:25,47.39786401259113,31.595112540209065,77.32234479193548,109.32511775034432,1.190493067384172,99.83653365349072
2026-09-02 02:26,47.35743132226406,31.824592384594244,77.4694842667242,109.24767819155431,1.1663589978738649,99.62301704107878
2026-09-02 02:27,47.34402693780724,31.85982444032238,77.40066761405363,109.36908662664766,1.1959582535530162,99.73931542955
2026-09-02 02:28,47.406439297567765,32.12716340101602,77.27834710569002,109.17815787819436,1.2104875307824823,99.53414136955156
2026-09-02 02:29,47.354104967906586,31.924868820212197,77.25602020146754,109.42420608448325,1.2103013826257782,99.75113589354191
2026-09-02 02:30,47.34143378268229,32.09188505081384,77.23117951836261,108.78161361310524,1.2033228221885925,99.58990754313898
2026-09-02 02:31,47.320570091999045,32.273783877965016,77.42461513877423,109.30233813068496,1.1936729869256313,99.59489492766716
2026-09-02 02:32,47.311565659051,32.00787947914652,77.42649103348465,109.02945764627935,1.199517949315496,99.7729754962325
2026-09-02 02:33,47.2577822344644,32.0587758643767,77.29286281224752,109.25190353075352,1.2038322247297604,99.99097934267908
2026-09-02 02:34,47.19031555933503,31.84320455797921,77.38321965638114,108.99909512256971,1.1904693951728726,99.59692676203277
2026-09-02 02:35,47.31811375832251,32.14477014979428,77.39534908385686,108.86865649537016,1.190396017930674,99.68913999713904
2026-09-02 02:36,47.365408812576895,31.99083458256725,77.32039661493745,109.31109590205232,1.1920282320163245,99.61744987835644
2026-09-02 02:37,47.32977795082802,31.99092722105976,77.15458049386207,108.92808246233086,1.1974301146426423,99.72347009728468
2026-09-02 02:38,47.32682970200595,31.75079081699321,77.54925389830953,108.70952462844345,1.197352896627639,99.7870488715161
2026-09-02 02:39,47.360665127770616,31.787790900104557,77.34676671788993,109.15848890206888,1.191113015587475,99.79505922186704
2026-09-02 02:40,47.34348207882653,31.838923104730185,77.30581434025547,109.4640344262249,1.2027614782938258,99.73644340065049
2026-09-02 02:41,47.37430825712419,31.99293949035301,77.34220725695981,109.56490103450298,1.2008251594973391,99.71147782464551
2026-09-02 02:42,47.34354402245869,32.18884332985852,77.20157356060271,109.50775553332252,1.2076284325562536,99.64930155566296
2026-09-02 02:43,47.32561756496769,31.665921800304336,77.29155182457124,108.8133673965608,1.1854173026734156,99.71740439588876
2026-09-02 02:44,47.321379127175625,31.894126139472743,77.37637521922052,109.18150576152917,1.2132091809131673,99.6003804564221
2026-09-02 02:45,47.298504351637774,31.90361049069173,77.27891896419798,108.98834024900842,1.176699509684404,99.73055251299346
2026-09-02 02:46,47.17586322710656,32.419468866477814,77.27733340530597,109.1882459295542,1.2002864254817178,99.66722039659663
2026-09-02 02:47,47.17692083130805,31.92192029960008,77.37462019929495,108.76614864502582,1.2048707681238873,99.98742070144672
2026-09-02 02:48,47.19000193209447,31.85258509091464,77.54748039864013,109.27866487098102,1.2092320839933033,99.42696021787528
2026-09-02 02:49,47.21381175551922,32.107220341117824,77.27432571364015,109.19853197500348,1.2057124364604332,99.67466249706506
2026-09-02 02:50,47.1641125051043,31.734150688497618,77.37983849498941,109.40191312592204,1.2198220283923435,99.66030840355506
2026-09-02 02:51,47.1813248733841,32.0623982908969,77.25264591293067,109.39394335121489,1.1968885741660253,99.70049615532228
2026-09-02 02:52,47.19210990272862,31.616892176807703,77.51653540546815,109.17309802723976,1.1839459963903152,99.9308807586069
2026-09-02 02:53,47.10366900915828,32.35470902084971,77.28970101824598,108.80348336884924,1.1744758003150337,99.68649414023774
2026-09-02 02:54,46.993572243885325,31.93865465772944,77.35152551090889,109.20884150069838,1.1951250940837561,99.60026189671004
2026-09-02 02:55,47.01739577311712,31.85992155387161,77.52057963716253,108.96745889428908,1.1965158450357403,99.7868463289866
2026-09-02 02:56,46.96968650630868,31.68032479271575,77.39150389133661,109.09525373702836,1.1847832065429837,99.85379480174628
2026-09-02 02:57,47.01979682270083,31.910725855003985,77.34868728668384,109.33829414301847,1.2077698871726656,99.69918960889304
2026-09-02 02:58,47.126815387517375,31.955289325725012,77.19219177877014,108.74652408170104,1.2095198241304703,99.45481702197124
2026-09-02 02:59,47.09767904221907,31.790154371056243,77.17876021098797,109.0665136677772,1.2008810049434002,99.81232903681692
2026-09-02 03:00,47.06320930439854,32.17246329665393,77.22226326459274,108.91432775617228,1.2006811130577595,99.6132896670325
2026-09-02 03:01,47.06262449814433,31.86576759935948,77.34505116254041,109.1579321275156,1.1863546697077023,99.79680179254277
2026-09-02 03:02,47.0963618319886,31.947814690460877,77.21254278129337,109.21355392515837,1.2041598654986865,99.63303933941468
2026-09-02 03:03,47.039571871308105,31.98350650130612,77.21346169296176,109.17193460146808,1.2109702276258325,99.74490222600612
2026-09-02 03:04,47.10184545443853,32.19621670194065,77.34865836410941,109.20822001881724,1.1954908976105219,99.7687768896193
2026-09-02 03:05,47.151406533319175,31.845061566473756,77.29133322786879,108.97743688465371,1.1964609926063734,99.58992176839816
2026-09-02 03:06,47.184461857236265,31.93295744108468,77.27531040746403,109.02986429408492,1.1887407091269195,99.57427713641611
2026-09-02 03:07,47.15746980822508,31.97507343468636,77.2885860505511,109.12369273900964,1.2051681873043503,99.8086360755399
2026-09-02 03:08,47.20328491301728,32.03633884190318,77.20557417327944,109.19399466561464,1.1902995546329789,99.78664244476542
2026-09-02 03:09,47.2461455560188,31.54378172919665,77.50422138577338,109.1449022128226,1.202665442610593,99.82797339701096
2026-09-02 03:10,47.18609701110456,32.138257078242376,77.43626874855217,108.96149908778804,1.1883813979809505,99.8155088839952
2026-09-02 03:11,47.29060622607165,31.88094274202353,77.45914729684986,109.11444686521963,1.1951567861594987,99.75419912347316
2026-09-02 03:12,47.27557985943509,31.758023151530285,77.53214287328153,109.2100216657216,1.2033052551790553,99.788537955732
2026-09-02 03:13,47.29403915814587,31.89348422626744,77.15556782056288,108.95223493930258,1.1965988870337563,99.76882863570256
2026-09-02 03:14,47.2678313863139,31.51210020423461,77.51735968690843,108.98653345884706,1.199927514569276,99.7988709002424
2026-09-02 03:15,47.28707622489071,31.74000843134846,77.36987096458816,109.27842639257872,1.1950112889787925,99.72770079151074
2026-09-02 03:16,47.34508034577031,31.92808820864119,77.4893787168603,109.65504455387077,1.1855789052805215,99.78662056150904
2026-09-02 03:17,47.30471191287084,32.15929540498737,77.23655280377315,109.21737000204976,1.2080598746701663,99.7855649219874
2026-09-02 03:18,47.22194061948938,31.867775051292977,77.43294629478022,108.93699087271938,1.180434579993502,99.88690615281013
2026-09-02 03:19,47.19944134515762,31.96028023302684,77.50935119178637,109.47367657953096,1.1954634763520595,99.53683084016224
2026-09-02 03:20,47.13413904451125,31.818941089157363,77.41465683527598,109.24405075407071,1.2058162233776366,99.64436139187184
2026-09-02 03:21,47.09621040814918,32.04686953839134,77.31750965257923,108.91729095768068,1.1961423179407087,99.6142575064194
2026-09-02 03:22,47.089886257887656,31.79119201220645,77.33907877324033,109.17980853352164,1.2026133634216676,99.53735582798984
2026-09-02 03:23,47.08667838775499,31.959820144765388,77.37427953220755,109.20263915431376,1.1880774262208424,99.89130157166348
2026-09-02 03:24,47.15121483590625,31.797181281020585,77.34189063540482,109.34874977531771,1.2046614998062588,99.5267903270137
2026-09-02 03:25,47.10047491834882,31.667021640177108,77.26536108497416,108.9387067290686,1.2122321606237108,99.62556806742464
2026-09-02 03:26,47.1181103385252,31.65832892843374,77.44810089045137,109.34254046882856,1.2014582257958877,99.5593898729799
2026-09-02 03:27,47.09273196588089,31.72435590386356,77.53682317453192,109.04487117448936,1.1861615726595014,99.8282891676966
2026-09-02 03:28,47.160984817639786,32.081848313457265,77.34559801132085,109.20064344054786,1.1918393094404596,99.64553802218994
2026-09-02 03:29,47.28736974242316,32.484741272365405,77.34618990588206,108.93669355913592,1.2155648675433848,99.56141731841107
2026-09-02 03:30,47.30254172921492,31.802091108379106,77.4987296400686,109.43406441414724,1.2065881227645072,99.63298756658278
2026-09-02 03:31,47.38625128178742,31.690948743399925,77.4115205303058,109.25575220997754,1.1956810751922573,99.75644810850056
2026-09-02 03:32,47.35974100221547,31.941232830956707,77.34811376256988,109.02610816131364,1.1944633958105606,99.71937922638428
2026-09-02 03:33,47.27977067677587,31.92872791883527,77.26854863872367,109.26617535665596,1.2014242897759695,99.66717480825814
2026-09-02 03:34,47.21625075097589,31.720912430436712,77.40783787324598,109.30403577251288,1.1998582788267413,99.67220752896746
2026-09-02 03:35,47.137296254102544,32.20748188441581,77.32985284960724,109.32771378842966,1.2076171277280947,99.81072811150872
2026-09-02 03:36,47.08955878799751,31.994494057827986,77.22351345612246,109.29147348072256,1.2031838892307571,99.55354054842245
2026-09-02 03:37,47.07754785278685,32.004173557762684,77.28509097488023,108.7404354578872,1.2050954405118568,99.53807390406178
2026-09-02 03:38,47.13505302504824,31.82435356244537,77.46156398115842,108.91628781569464,1.2160775924531606,99.7460286108867
2026-09-02 03:39,47.170045980663055,31.833502103079653,77.29136631371432,109.12886876782092,1.1958456345079251,99.73984578229026
2026-09-02 03:40,47.19323417270902,31.998161544978124,77.40126311273332,109.18699694652244,1.18583820519714,99.61444368474876
2026-09-02 03:41,47.17204736921733,31.52035104661386,77.45781482090123,108.89468782971508,1.1942866316572291,99.58558977985956
2026-09-02 03:42,47.13595175320626,31.633566245707872,77.36349139661498,109.34837861371416,1.211068774073091,99.7705839688301
2026-09-02 03:43,47.13761498598858,31.80829345941094,77.4488617354233,109.22630932520482,1.2001347677500134,99.81346760773296
2026-09-02 03:44,47.14449832250382,31.49309747414691,77.48504294319598,108.77443504159206,1.1962949511076324,99.63999183361898
2026-09-02 03:45,47.15730888297218,32.11075453034398,77.29534042690865,108.89156737987972,1.1967323061674364,99.77835269404068
2026-09-02 03:46,47.17588628918111,31.6526303763896,77.40450587441718,109.38113820496444,1.1799757598416614,99.7990891173475
2026-09-02 03:47,47.17000559157414,31.68687865585724,77.4265918643831,108.77419573548406,1.1993243992893126,99.80730489788888
2026-09-02 03:48,47.07377277679753,31.833147280406788,77.398107370497,109.53167066171753,1.1882836840872062,99.6633027427344
2026-09-02 03:49,47.01801082524233,32.06545603218268,77.34008984858771,109.42576777700522,1.2158221586763143,99.71471236855334
2026-09-02 03:50,46.97673010838371,31.7503339480788,77.42636749957249,108.8304697774698,1.1900430597597678,99.6972477439436
2026-09-02 03:51,47.06156674364863,31.60049623921891,77.34398625603674,109.1887595911347,1.18959550647609,99.57716507880772
2026-09-02 03:52,47.04020312005999,31.56253242889716,77.54642598969093,109.30952578843208,1.1937317046030116,99.7337669740436
2026-09-02 03:53,47.073954826546206,31.79101514774645,77.34688241598624,108.82935139345884,1.2064906402281685,99.5844246429585
2026-09-02 03:54,47.14716675037495,31.62356729523115,77.3800564677476,108.74725464991768,1.1882071199349749,99.6079026291407
2026-09-02 03:55,47.163834932925056,32.20958331806855,77.41305496123127,109.43932290807324,1.2007099437912099,99.78270632649512
2026-09-02 03:56,47.14419535469283,31.981458750675984,77.42611155421753,109.07734260558196,1.1894449600756007,99.6515735352015
2026-09-02 03:57,47.12953430427352,31.09078350989808,77.31685832869756,108.77858883656724,1.2238094226802538,99.60149940846584
2026-09-02 03:58,47.07841466997915,31.53354340723312,77.4086771144312,109.32541686677432,1.2084439072680604,99.70266185269544
2026-09-02 03:59,47.09374161468796,31.785018468060443,77.43700129578181,109.32700193477868,1.1983861499274129,99.80795643346454
2026-09-02 04:00,47.15014510461531,32.17216219059144,77.3428788188444,109.21213790152711,1.1966306446148542,99.59904070646834
2026-09-02 04:01,47.17863567518711,31.30010312090689,77.29873937369996,109.11698707331207,1.2032084223402846,99.73562840689742
2026-09-02 04:02,47.21720153356023,31.610134637585706,77.33722678346145,108.94694434647111,1.1849215835607159,99.61928569726231
2026-09-02 04:03,47.25308558112874,31.93446366240696,77.26895194162245,108.81421172234228,1.201712166222827,99.59543434999368
2026-09-02 04:04,47.35328673443503,31.54938415609508,77.49613344557893,109.33755005197952,1.215193196538777,99.72177236257409
2026-09-02 04:05,47.32159607923933,31.69698182409496,77.48751086539288,109.27204517038182,1.1847107884451764,99.70255180955108
2026-09-02 04:06,47.32947227186469,31.577178376100203,77.46164411418161,108.8797106851846,1.1865500710925763,99.63204698634894
2026-09-02 04:07,47.36474607372852,31.80612018591309,77.37977599233946,108.99732689458035,1.1864967399265929,99.59045484988263
2026-09-02 04:08,47.42710938953193,31.44645389802182,77.38039312291176,109.03528954170136,1.2021282682298728,99.60680775924682
2026-09-02 04:09,47.3057272678867,31.6653424230976,77.51265636817178,109.06990998129558,1.193823950801907,99.6253455073118
2026-09-02 04:10,47.27961018786088,31.36412954811377,77.24285570553822,109.13543268985046,1.2011757127998408,99.78493362529296
2026-09-02 04:11,47.26918550428893,31.8449401666384,77.4201694720697,109.4466966139283,1.2128612832805237,99.62015096789592
2026-09-02 04:12,47.217714488514616,31.76490084868304,77.43693987672403,109.15013322599472,1.2036680560577824,99.73570781728328
2026-09-02 04:13,47.26007120495493,31.630842529772583,77.43844494881333,109.3725053276409,1.196073687940628,99.73989675277686
2026-09-02 04:14,47.27102068076898,31.639767951155697,77.40649688406783,109.17220618130813,1.2113278655888138,99.62103880480446
2026-09-02 04:15,47.25119819913694,31.632047187723952,77.4207486659151,109.34737449563345,1.1862292749853034,99.5755477360832
2026-09-02 04:16,47.16949217435395,31.54686664727074,77.4821585380037,109.09473524729148,1.194351910225681,99.5382185542652
2026-09-02 04:17,47.10330355815412,31.64625622070116,77.32251910451585,109.29171259568425,1.208123739493668,99.67472713652806
2026-09-02 04:18,47.05403682260648,31.68230890354628,77.44980959144154,108.9394432129915,1.1993900004414393,99.60876552785514
2026-09-02 04:19,47.07677742422509,31.589213986415118,77.39771798312829,108.74716356242834,1.2200222652915549,99.61024826059318
2026-09-02 04:20,47.015814379020455,31.478064467144588,77.42306028610442,109.29182941189072,1.1840210118398815,99.7285360698911
2026-09-02 04:21,46.91234298589382,31.50962260697886,77.13065212329451,108.78698432000192,1.1892924868398107,99.61769662915196
2026-09-02 04:22,46.8397171099613,31.493150162915043,77.25936350185438,108.79282655715994,1.1997875826239093,99.6356575303792
2026-09-02 04:23,46.81011899850354,31.66956948535908,77.33173182366565,109.31917577651444,1.200483971750397,99.70172027082654
2026-09-02 04:24,46.89378277783647,31.60347517580454,77.30947033832724,108.97350432887411,1.2094708550619435,99.6242102389553
2026-09-02 04:25,47.01887930128444,31.96097420275514,77.40729213811535,109.09524517765364,1.2041226325998047,99.60510955570923
2026-09-02 04:26,46.99481035774825,31.52549280006516,77.25196212554286,109.12849883444083,1.2072775998874479,99.50403893208636
2026-09-02 04:27,47.04200327659333,31.56895206062893,77.51752686876117,109.18979694509044,1.2063276899934245,99.7532097833737
2026-09-02 04:28,47.11206382583666,31.42170201272301,77.51393933581603,109.31075486281976,1.1886600361662882,99.55510837778009
2026-09-02 04:29,47.17629092546189,31.561434442572928,77.43355514252033,109.07418524587708,1.1969604846281219,99.60927965625925
2026-09-02 04:30,47.17045164155859,31.44586778551792,77.38523592499162,108.9340996081674,1.1948492740581156,99.58671506657704
2026-09-02 04:31,47.10534767652017,31.356542640879947,77.3288819941475,109.3043115754422,1.2209078655290122,99.85979427705853
2026-09-02 04:32,47.08093245858021,31.554213765829225,77.28199665010052,109.07447691469308,1.2011110806593999,99.78437240695362
2026-09-02 04:33,46.98783334007904,31.833652382487852,77.26617828545356,108.96745281803771,1.2105056976024646,99.63947920207283
2026-09-02 04:34,46.99976512442928,31.335774102475167,77.43748706341387,109.20391343387656,1.1980663266784257,99.67319285167238
2026-09-02 04:35,47.03863982408274,31.371995312761094,77.50218263515625,109.23023502282275,1.2024698203284494,99.69617859959232
2026-09-02 04:36,46.943990300525705,31.48771582421144,77.47362690339948,109.10122677689144,1.2056371894723517,99.77889237187706
2026-09-02 04:37,46.9413993393309,31.539665127955843,77.4999074242746,108.63316006153237,1.19248193805513,99.5657045750834
2026-09-02 04:38,46.95601712360807,31.74229984545198,77.45547590748329,109.48423214970109,1.1936160828935065,99.59804970996078
2026-09-02 04:39,47.01848316802333,31.345870153463288,77.36904079247566,109.06987033690216,1.2042236119815144,99.70094462462386
2026-09-02 04:40,47.08741432383152,31.440633711716632,77.37308914272346,108.81372138128664,1.2046187339826677,99.62171626574784
2026-09-02 04:41,47.12747802089438,31.302285524301254,77.56531567249287,109.22632292720328,1.2110396782962298,99.60780370441104
2026-09-02 04:42,47.09314131754108,31.279112104350183,77.37879421233337,109.3704847311705,1.194668028850762,99.6738472898237
2026-09-02 04:43,47.07472393446776,31.35236879345884,77.54488397997041,109.33653692277149,1.2083763471715379,99.7437294662921
2026-09-02 04:44,47.13493856909097,31.21656520238112,77.48140526557688,109.19769148729834,1.2102486315495602,99.60775242068682
2026-09-02 04:45,47.10464324177735,31.521755812321445,77.27444662981813,109.20569148295267,1.1961302806921978,99.47415277790994
2026-09-02 04:46,47.10253084614416,31.635451967283885,77.43368279011266,108.74436943263656,1.1923085332262653,99.55551188543342
2026-09-02 04:47,47.18057137296318,31.314321652669573,77.48376227038976,108.57808798204697,1.1927773349567545,99.56279437374968
2026-09-02 04:48,47.18696544990424,31.269664562905508,77.39035501858149,109.38773196308642,1.2037929829314347,99.63610950600766
2026-09-02 04:49,47.11823968391639,31.66744424283891,77.14522927489767,109.15915258192584,1.1793179535200053,99.72125327731716
2026-09-02 04:50,47.10346019703831,31.35239749281307,77.47401220508829,109.1518870052408,1.21410353549929,99.74150325024164
2026-09-02 04:51,47.13542629527807,31.6850337021811,77.4270480600901,108.800863114725,1.1786310814563723,99.35687063534894
2026-09-02 04:52,47.12590974918886,30.80158417727027,77.64086597796174,109.45392476304698,1.1912241464265694,99.58440018842457
2026-09-02 04:53,47.18397535294339,31.339950129540146,77.49887284943017,109.0040611898723,1.195236006694304,99.55160374608327
2026-09-02 04:54,47.24807583086909,31.16209423856526,77.42735605857224,109.31573447796936,1.1993235876539536,99.60728371654338
2026-09-02 04:55,47.21553493368894,31.25146358856596,77.31075885718424,108.85174992946553,1.1923713501556434,99.7330374394354
2026-09-02 04:56,47.19035199845384,31.5120469997025,77.4100515662569,108.6936197097752,1.185342530626979,99.6305010862835
2026-09-02 04:57,47.18513666866594,31.559592881045063,77.50953530181307,109.17456714734044,1.1955300252698642,99.55883773577534
2026-09-02 04:58,47.12504847045322,31.30106508145948,77.44879041535091,109.21730119848642,1.2162443029173287,99.59693068565944
2026-09-02 04:59,47.143939386119655,31.51559042296379,77.29562122061475,108.8862528280572,1.197915214925219,99.89923072119218
2026-09-02 05:00,47.13492802995733,31.096711943488355,77.3329406846507,109.61165612395712,1.2095825441243973,99.49577960702156
2026-09-02 05:01,47.17418820513284,31.36747911297499,77.18718460438978,109.01930512383028,1.1896598749000549,99.57735158443808
2026-09-02 05:02,47.1441830338696,31.27471021351592,77.48472218963617,109.40163793574024,1.2048322073572264,99.43139582495542
2026-09-02 05:03,47.10019469989231,30.957866590257957,77.56965952599633,109.33650714442643,1.2162513207225039,99.54198257903892
2026-09-02 05:04,47.19208387481676,31.47086083361606,77.21473434044466,108.84325713155393,1.201976755725822,99.5184537975213
2026-09-02 05:05,47.14811756830724,31.148378245538723,77.43017011173305,109.21944656146415,1.18934500252945,99.58525718872988
2026-09-02 05:06,47.11883643176358,31.36172524157185,77.58719526367145,108.94161096313842,1.211193380413262,99.71465703848462
2026-09-02 05:07,47.0822120518921,31.114463114862943,77.27836174847732,109.14754349568304,1.2127773082271183,99.57677605685952
2026-09-02 05:08,47.06698086486248,31.294923270305087,77.60286375815,109.07686753873634,1.2108064042174935,99.51255124345572
2026-09-02 05:09,47.02117855117747,31.374886546809662,77.54941143182607,109.28952241140506,1.196643410649254,99.67300575693685
2026-09-02 05:10,47.01892924009473,31.24393400428032,77.54547184986225,108.93948505244224,1.1985550053287908,99.63109661502524
2026-09-02 05:11,46.98368542239015,31.141287136017453,77.52639326208255,109.1915531745138,1.1961419957251394,99.8316470349331
2026-09-02 05:12,46.96284166673194,31.35003536571149,77.48352168653156,109.22730232583706,1.1947208000487752,99.56998022670588
2026-09-02 05:13,46.98098256621032,31.263568715592964,77.51594643463186,109.30811542930948,1.175906045358592,99.35705791363507
2026-09-02 05:14,47.01606160735004,31.129419561774647,77.64760385115557,108.9263137896434,1.2059492212213836,99.85365185964945
2026-09-02 05:15,47.03941009461062,31.21438799712617,77.3573176323252,109.2421254973194,1.198745021741261,99.61353396133651
2026-09-02 05:16,47.00260677134646,31.18146472927841,77.2943291794333,109.23972924025212,1.1833131229796126,99.45111438729292
2026-09-02 05:17,47.02246499143408,31.12180042119339,77.28656755684695,109.31220048653344,1.2061557116906463,99.609911428722
2026-09-02 05:18,47.01644184680328,31.36233463914546,77.45887607657619,108.61398692203484,1.1830921118444004,99.4342258616768
2026-09-02 05:19,47.01112558231696,31.521709537252946,77.50610783115053,108.6985903707125,1.2042643740517067,99.53379112643448
2026-09-02 05:20,46.92500712139496,31.063925125454933,77.41476554362568,108.66205272659522,1.2068267969474529,99.43886840127772
2026-09-02 05:21,46.95857298210087,31.13442264565086,77.51855864847514,108.95973309456116,1.2139421312065737,99.53332830257769
2026-09-02 05:22,46.95159271260486,30.96207745384349,77.53124289225387,108.8063221032881,1.1842891090659966,99.57300925035874
2026-09-02 05:23,47.03690608490627,30.875736474327773,77.65228121724009,109.001566487417,1.1978735938472824,99.48949515749074
2026-09-02 05:24,47.06891118088928,31.36058029480442,77.51543962922698,109.04676585828882,1.2039942642791912,99.41949007068769
2026-09-02 05:25,47.0130853126892,30.991425869910344,77.55233986801788,109.2963667384116,1.1905850020489614,99.69855586046974
2026-09-02 05:26,46.94447563423692,31.185293507864568,77.3979615987235,109.24774703901306,1.2074284981407202,99.6966208695755
2026-09-02 05:27,47.00202455674892,30.83819480184858,77.50164462018881,108.97570174630084,1.1941045492023077,99.64230446959216
2026-09-02 05:28,46.95828099483411,30.97310092550591,77.59726361820685,109.0323538077495,1.210988430630031,99.55661777749414
2026-09-02 05:29,46.992505555206925,31.18709295707401,77.4855460660666,108.71737463649876,1.2011529471691282,99.51572493463836
2026-09-02 05:30,46.977467011022696,31.17900319346501,77.60048398514913,108.94663079274484,1.2097931361674035,99.56703369556334
2026-09-02 05:31,47.08265874775197,31.12250916459113,77.42803937974958,109.05976192744046,1.2052296942827079,99.56971774025416
2026-09-02 05:32,47.08666841934289,31.148884270431896,77.5812590279575,108.9987163815997,1.1934283628219389,99.42364694478869
2026-09-02 05:33,47.16245707923884,31.102212818152125,77.48413811750069,109.52257617360392,1.2023564344636744,99.4774483399481
2026-09-02 05:34,47.22916443779253,31.25082800825116,77.52133793062262,108.6338154992913,1.204703195287574,99.46241830438714
2026-09-02 05:35,47.20611162590333,31.381418980087272,77.27935796818086,109.0164589717458,1.2036293551592208,99.60775776829028
2026-09-02 05:36,47.18980904443458,31.14595105166008,77.56487174753538,109.12899683168231,1.209832810043853,99.66672014753826
2026-09-02 05:37,47.264284647005006,31.00231818188333,77.44236836397384,109.32725619040214,1.204846102036209,99.48321489495196
2026-09-02 05:38,47.26463855587934,30.81058161648121,77.68919877435242,109.22883602135664,1.2098850655877478,99.38388055144262
2026-09-02 05:39,47.2216045950868,30.91020370153126,77.63244294327089,108.79696918486236,1.1929887003164452,99.55244328292936
2026-09-02 05:40,47.2822874627194,30.93399909258563,77.48493391577585,108.96173025959632,1.2134339523545505,99.32216138714472
2026-09-02 05:41,47.411529787992336,31.2779760415974,77.63943677982309,109.29828196857102,1.2049809474095963,99.51775288553354
2026-09-02 05:42,47.410354818612994,30.67187625833128,77.76452204985733,109.22290434318556,1.1959283957926203,99.53827911325745
2026-09-02 05:43,47.48127544133405,30.81330481622953,77.76658829327707,109.4463266596831,1.200849757738232,99.51510425844778
2026-09-02 05:44,47.474282695151366,30.757693429898385,77.72669926563371,109.33501478647256,1.1904322134174978,99.5128115239105
2026-09-02 05:45,47.54334027229584,31.12806848390905,77.50081960851385,109.19700053024404,1.1930220493959225,99.59297377854736
2026-09-02 05:46,47.53276681413692,30.806914731768824,77.74444853783206,109.16567428499437,1.2087411181923668,99.43892208537808
2026-09-02 05:47,47.60094829481434,30.569957496937057,77.53060777077037,109.40182419110909,1.2100974136647213,99.46356980222342
2026-09-02 05:48,47.62984150449084,30.517139275679625,77.6361744374209,109.12486345843308,1.197445466642796,99.28991379858046
2026-09-02 05:49,47.62249872623072,30.98033563441914,77.60871395853191,109.20893696645946,1.1801102782982285,99.34531408931348
2026-09-02 05:50,47.63629227689449,30.58302130466248,77.49578425608065,109.5000350898217,1.18990399435908,99.45357693401162
2026-09-02 05:51,47.61125650231525,31.120214201638333,77.66591868595982,109.17404737878176,1.2069459179052473,99.49476385026335
2026-09-02 05:52,47.55712702002185,31.10362184819676,77.60632107798095,109.33750775698682,1.20400872513228,99.21258078426028
2026-09-02 05:53,47.50659507638552,30.65507276866843,77.61584057075216,108.7074235350946,1.2043366226137704,99.27570119616516
2026-09-02 05:54,47.50616454652044,30.804643981195195,77.38587454529348,109.06796077247344,1.188422500068177,99.34095102598052
2026-09-02 05:55,47.45579908719947,30.86746977722033,77.51460749734849,109.21537799995926,1.1965503433712157,99.57945811359568
2026-09-02 05:56,47.480472279844975,30.555190355281315,77.72612807581497,109.3301867950432,1.2029960859024103,99.3079375012682
2026-09-02 05:57,47.50983481913713,30.597626629338865,77.7051759388468,109.19849449312969,1.204854175193639,99.3549170952727
2026-09-02 05:58,47.53627218108014,30.708312530337903,77.53117789362456,109.24990297181073,1.1955413635654588,99.4019210398632
2026-09-02 05:59,47.51442494355016,30.818187525986875,77.46739025724816,109.06042006964746,1.1977496324141899,99.41722843053572
2026-09-02 06:00,47.52034252712732,30.871048634510963,77.58911497180716,109.21781609359375,1.2033207332509022,99.51435804971402
2026-09-02 06:01,47.52222044633865,30.43133696371809,77.55871988610882,109.39025782767588,1.1923870649787247,99.40940914679652
2026-09-02 06:02,47.59158815078788,30.845437977429288,77.43693337062525,109.0635429895864,1.1900020777591844,99.45080766887436
2026-09-02 06:03,47.55449509870076,30.765118678705644,77.75481872565868,108.96480990286489,1.2064722419644764,99.37423297711037
2026-09-02 06:04,47.53856182198218,30.725816767741424,77.61732568545615,109.44161311365856,1.2007481983740984,99.564097928226
2026-09-02 06:05,47.53021507217778,30.677327180956777,77.66200972191453,109.60472551316124,1.1871808647520918,99.39538843417762
2026-09-02 06:06,47.5264389322093,30.96569151958693,77.54266170453685,109.520340185752,1.21181332052717,99.2091850311973
2026-09-02 06:07,47.492355387373244,31.063247361351507,77.63968231400837,109.09361598361193,1.215410186219354,99.30326067720928
2026-09-02 06:08,47.464326244858746,30.649984498564702,77.72047458584349,109.16444105483866,1.2055042170811736,99.45324369171551
2026-09-02 06:09,47.518582112595325,30.698075735342176,77.60406533597941,109.15004875348164,1.1975943577515118,99.52042527440884
2026-09-02 06:10,47.49011883926463,30.4053582768426,77.63237734622078,109.33917616497776,1.2013788872611078,99.436587498872
2026-09-02 06:11,47.53948034278427,30.632879010440863,77.59463311950189,109.4037078789925,1.204473200149301,99.39011171196312
2026-09-02 06:12,47.64477479307757,30.84159421581965,77.69323343003687,109.1269433777624,1.1950870806019347,99.49872275000416
2026-09-02 06:13,47.71223724255493,30.674620198978527,77.65713150287762,109.42027782462284,1.203717510313514,99.2200140418629
2026-09-02 06:14,47.62534000852239,30.756967579366563,77.49968447741705,109.3468684396139,1.1915241821952145,99.38382344134308
2026-09-02 06:15,47.66757356643919,30.654561092117053,77.77575637198815,109.57989130161825,1.198935115606959,99.30918996454884
2026-09-02 06:16,47.69505270225002,30.68722764123036,77.64199705323567,109.2605862531048,1.1863690015421684,99.41668783564832
2026-09-02 06:17,47.72583396955205,30.79183600700038,77.67108366041897,109.36884669035048,1.1942384443429122,99.37587011731136
2026-09-02 06:18,47.6480314323157,30.80269064286509,77.75359898906197,108.92281668203148,1.1961476576117656,99.29754834355674
2026-09-02 06:19,47.68954238379344,30.251437943001008,77.77663530203385,109.2037811590214,1.1789485258377983,99.33246038888122
2026-09-02 06:20,47.638586347739846,30.588788699032747,77.73506919535723,109.40382560870646,1.200241330972799,99.3650534649659
2026-09-02 06:21,47.70681420011876,30.041430208080484,77.76145057041943,109.03997734595208,1.2028871571965105,99.48232812971284
2026-09-02 06:22,47.76388573551452,30.6170576960197,77.7200672596108,109.14578168067814,1.2067075585030882,99.31933011715228
2026-09-02 06:23,47.894815782950296,30.49613623472523,77.78756696784498,109.34266821162716,1.205275883160318,99.39427814017051
2026-09-02 06:24,47.87885401857396,30.477568694679977,77.73912257722026,109.27805004292983,1.2000071652093185,99.50634488982818
2026-09-02 06:25,47.80591516557561,30.898762147403165,77.59934646317922,109.13806153457246,1.1877675003176653,99.20857802466976
2026-09-02 06:26,47.86162937103254,30.64935409878244,77.64664051647405,109.22939223325254,1.2118557304574442,99.4616530155999
2026-09-02 06:27,47.90858572102815,30.794758509125845,77.61233085694002,109.4641450892038,1.1970081641533068,99.34072464518556
2026-09-02 06:28,47.89265520492549,30.68470208985548,77.68443610706733,109.6361755574435,1.1815008425721778,99.27947032935477
2026-09-02 06:29,47.96390025157532,30.88718033804157,77.57835700151597,109.55931527528053,1.1902958806328683,99.2060618803864
2026-09-02 06:30,48.00153592866395,30.491846546130475,77.7642686791006,109.44647424381226,1.1976044766607379,99.28273239932886
2026-09-02 06:31,47.94027336436015,30.480815654479603,77.65936738404166,109.64144735507575,1.203028276291732,99.21895082585088
2026-09-02 06:32,47.925828302671945,30.503746173896687,77.79767030228595,109.05555583855904,1.2007377897634808,99.3124461438382
2026-09-02 06:33,47.90664332055247,31.002192397762148,77.60878217666301,109.58752177397336,1.2135367586185042,99.2186909955028
2026-09-02 06:34,47.904270149610944,30.4159316722325,77.64998890744684,109.37586935872925,1.1844111734110299,99.23985394435454
2026-09-02 06:35,47.9169789919044,30.49891004844294,77.74140654454271,109.34316012426667,1.1972593777205827,99.479668691466
2026-09-02 06:36,47.88527976631598,30.75888310401926,77.53599257677665,109.22354676822624,1.1856818489116385,99.3534212566097
2026-09-02 06:37,47.878488817398726,30.65904402952313,77.95942252523552,109.3482191608076,1.1883008320801225,99.32818027598434
2026-09-02 06:38,47.91105603289159,30.365675028718645,77.65600977547534,109.450466974004,1.20961617159423,99.3157112061438
2026-09-02 06:39,47.91043666938637,30.80400417171597,77.62296228361966,109.22740561335443,1.1998484102864384,99.45169961642098
2026-09-02 06:40,47.8999750075292,30.54167516296368,77.8271928702899,109.16726093138124,1.2177902984612528,99.2579125654071
2026-09-02 06:41,47.88778683017666,30.725280369172904,77.59495856636426,109.43943270286746,1.212121339058968,99.29965464311567
2026-09-02 06:42,47.88581253984312,30.54730361775669,77.59459585547076,109.66152061448008,1.2086649581982427,99.20330717785166
2026-09-02 06:43,47.79305648018017,30.57201402364523,77.57446911950358,109.5561566755526,1.2069289542643469,99.3564004291945
2026-09-02 06:44,47.80410852837241,30.258196765169668,77.84649829403814,109.55332570113292,1.1920278012074141,99.33539944429933
2026-09-02 06:45,47.755698742776815,30.680557060759288,77.53394440787376,109.18154474916471,1.1940247313202594,99.28867087040054
2026-09-02 06:46,47.76402917095,30.24690367657269,77.89977354971276,109.21986166383324,1.1970569577742316,99.54270403341664
2026-09-02 06:47,47.69343280376946,30.392656977790324,77.75780253541801,109.21751409412413,1.193180771026376,99.05999761835402
2026-09-02 06:48,47.742569124769005,30.584904466570663,77.65071953920332,109.69301622922865,1.1986076861091954,99.32532707688247
2026-09-02 06:49,47.75743996639092,30.289741727934302,77.8355779863663,109.22439882321336,1.2178206378525236,99.38618305418493
2026-09-02 06:50,47.69289301507656,30.37165866148923,77.70039914212612,109.5333109047944,1.2036085092807878,99.08638239873748
2026-09-02 06:51,47.70777916227037,30.33958530448147,77.68067694197354,109.46559553632878,1.1967852493872606,99.46303705031772
2026-09-02 06:52,47.6728165892761,30.35941420973562,77.57609151939734,109.12083126104052,1.1950762358893547,99.43590763558365
2026-09-02 06:53,47.76592319348822,30.436262228331746,77.5528353975811,109.41082894289684,1.2014168271843295,99.42230485613592
2026-09-02 06:54,47.793518530210285,30.00869924243124,77.80658430294609,109.604239240135,1.2133959547312223,99.16757958433148
2026-09-02 06:55,47.75673001074291,30.19360643733236,77.54158103216662,109.45735998699504,1.2012706514823772,99.43178277888828
2026-09-02 06:56,47.77105447128665,30.701635744348827,77.48637114911119,109.37649088446533,1.1963487218232485,99.1228979865155
2026-09-02 06:57,47.77251850439878,29.88791209023241,77.65145767912932,109.5456947878802,1.214420085356785,99.2444505140928
2026-09-02 06:58,47.83554985128891,30.141356962280916,77.7519080238039,109.06167669982644,1.1966935065189854,99.35160030642552
2026-09-02 06:59,47.85655786694035,30.418519976292515,77.56725622879581,109.24869479424896,1.1907645680310284,99.11493079395586
2026-09-02 07:00,47.88543790441441,29.88070413520437,77.79557789133491,109.36874710982224,1.1939867620528914,99.17934513444212
2026-09-02 07:01,47.83273064780471,30.066628934795705,78.02044286009043,109.49045792845229,1.1949350664706335,99.2029138276239
2026-09-02 07:02,47.87560977987821,30.068340464103628,77.7765513849508,109.6074513134804,1.1912105876883115,99.42235459702718
2026-09-02 07:03,47.983602790128565,30.53257278246739,77.86521005961629,109.26621827566184,1.2017604743187116,99.49521411867585
2026-09-02 07:04,48.0187724278497,30.035432551017227,77.80911592372077,109.4118760874619,1.2164867486820916,99.21190742660424
2026-09-02 07:05,48.02012428597841,30.325635852377594,77.62680745141513,109.6463002952956,1.1983393129334097,99.38533282220727
2026-09-02 07:06,48.031660538153126,30.06329763208649,77.73320665889815,109.63746110652818,1.182959370278513,99.41907382850655
2026-09-02 07:07,47.9873597682448,30.18140507570537,77.69525315015079,109.2675439371626,1.2041357503214827,99.27530500892682
2026-09-02 07:08,48.00002740382265,29.94277462821764,77.85203205850269,109.20938529271832,1.2063744364994669,99.17677061478028
2026-09-02 07:09,47.94847680418023,29.865145338448976,77.88643964460614,109.30693477356282,1.1924967741723758,99.4040241990304
2026-09-02 07:10,47.95406569759525,30.055723050539765,77.79844661469365,109.45357463632068,1.191204128592691,99.1564312887523
2026-09-02 07:11,47.93805007504047,29.864207524965323,77.77815401986093,108.89199945305025,1.2076988091211822,98.92742271953398
2026-09-02 07:12,47.89990679456017,30.094175720692803,77.68986391650229,109.64823684404509,1.2210992425400962,99.22415551284176
2026-09-02 07:13,47.93234025167145,30.14314023466326,77.71992984692685,109.33213947485469,1.1952906264534442,99.1921719285575
2026-09-02 07:14,47.86127306632983,30.19125703018453,77.6558190814352,109.56012374181032,1.2201263115804215,99.20349049128453
2026-09-02 07:15,47.86268389426712,30.404938158636394,77.62261145774728,109.65015577208452,1.2161043129927847,99.33628297554166
2026-09-02 07:16,47.7998590236481,30.373187205803458,77.94633455884423,109.25096129542588,1.2042332124670283,99.19638641091888
2026-09-02 07:17,47.89482290401269,29.85869807336734,77.90151503688374,109.06737964672564,1.1963888445161637,99.3197391274168
2026-09-02 07:18,47.997039345448265,29.919548537463307,77.70736313234343,109.05322947263844,1.1814427423627694,99.11553232597636
2026-09-02 07:19,48.0428305962817,30.397386412139245,77.72150775326841,109.73888826215617,1.2026208320257876,99.11649508844368
2026-09-02 07:20,48.14116760932885,30.03848994980972,77.83458366537648,109.30345567900868,1.1901192500993028,99.16411913371692
2026-09-02 07:21,48.17429184565579,29.962248466015527,77.81566594945164,109.43754080008767,1.2122246876180527,99.11060567730308
2026-09-02 07:22,48.20486910930624,30.243602510739446,77.69920336656737,109.17921141699362,1.1963590911196311,99.23731431581064
2026-09-02 07:23,48.187043013439165,29.89444918854379,77.86954112995714,109.34409358925107,1.2105843943694339,99.17338033953814
2026-09-02 07:24,48.14569768924209,30.19609909423129,77.78281942626425,109.49139331505148,1.1936762779387364,99.24866972675105
2026-09-02 07:25,48.15550879365793,29.9389915207392,77.8700395075264,109.54341631566238,1.206398409758436,99.32091039374684
2026-09-02 07:26,48.13214288768718,30.24832016213659,77.86863505609459,109.42799316714078,1.1958798229313214,99.04941777387668
2026-09-02 07:27,48.11364528797622,29.95029674902162,77.76103363632178,109.22081860723188,1.2085637843807653,99.17757289570524
2026-09-02 07:28,48.15348933635582,30.133332545834225,77.80201920880718,109.39372116076144,1.1874938485793847,99.17978797474352
2026-09-02 07:29,48.15048578591328,30.17116410433976,77.72737345120308,109.38034585484183,1.193766004045324,99.24247042525342
2026-09-02 07:30,48.07580485373544,30.2725408691574,77.66165675596741,109.6579414597306,1.192016456341322,99.15643004417537
2026-09-02 07:31,48.06831415827245,29.78008258385422,77.79138714987363,109.29248825853618,1.1989997476875989,99.24582871907502
2026-09-02 07:32,48.033455797578654,29.85266700928228,77.8473994366652,109.15162411151412,1.2226101542266716,99.2682799015471
2026-09-02 07:33,48.02201671574305,29.63600330657147,77.81293379912323,109.4801649416726,1.2028292420035733,99.12269128946916
2026-09-02 07:34,47.97040336130976,29.56482509184294,77.7832420431291,109.19972786668656,1.1965660286269961,99.18191099451836
2026-09-02 07:35,48.03367591343137,29.80000108129995,77.76511003361608,109.66463091618262,1.1915748460105273,99.05231902862636
2026-09-02 07:36,48.13207517811849,29.921356104442083,77.83761178949132,109.69516054752326,1.2236163745147797,99.09831267745496
2026-09-02 07:37,48.0797388881366,30.13009221827546,77.91704993699425,109.34004391334663,1.221401860523165,99.23148982347486
2026-09-02 07:38,48.11540494955953,29.78626316520164,77.97660531935695,109.34685738631036,1.200148539954769,99.1663526553408
2026-09-02 07:39,48.14853131127381,30.241669462124747,77.60548955342298,109.5682612604437,1.1884532098108482,99.23667915407276
2026-09-02 07:40,48.09802637838168,29.885916243550135,77.79720166192978,109.09435867849618,1.1805294510709754,99.29646277234076
2026-09-02 07:41,48.1062914534886,30.015716213000665,77.86028787303614,109.63328277738113,1.2100161437493693,99.20766623639838
2026-09-02 07:42,48.1800476143938,29.77828917350925,77.81681886246044,109.71219823050616,1.2140675412049036,99.1865269157594
2026-09-02 07:43,48.22557643955333,29.56794846646604,77.88951341487987,109.5079967204575,1.1909733025013878,99.11561958111358
2026-09-02 07:44,48.30969318067553,30.12629743776221,77.70868394377511,109.50526421295145,1.199838128437463,99.10517205639177
2026-09-02 07:45,48.25429436407589,29.74143326066412,77.88851997721127,109.3416609531088,1.2040100608983715,99.14873653999696
2026-09-02 07:46,48.22004897237946,30.011928203351783,77.80218506335508,109.28774321583084,1.2065860485417426,99.04919675705932
2026-09-02 07:47,48.237659383667086,29.70556520823409,77.79318781604384,109.54291578597991,1.189472512595164,99.06494996819806
2026-09-02 07:48,48.2583768741946,29.88687364295556,77.89606727570852,109.53406894718096,1.1945443910040827,99.02681575720464
2026-09-02 07:49,48.2625499470087,29.727641863695197,77.97902021305181,109.35649927579648,1.1932575895279722,99.3677691836131
2026-09-02 07:50,48.24610893443751,29.68020381880121,77.93262653678447,109.6717820823901,1.1858634162406851,99.12206403449194
2026-09-02 07:51,48.228441431142926,29.709712594882205,77.76436293692976,109.39020507891122,1.2038747283504256,99.112541479226
2026-09-02 07:52,48.20086666669226,29.86599538069232,77.86985051782304,109.6515795210384,1.1939347599640568,99.10427901540652
2026-09-02 07:53,48.22618112436791,29.47792429246298,78.00063116481462,109.26498323867597,1.2147744503119393,99.04722133039134
2026-09-02 07:54,48.09091525190458,29.51480586066613,78.01263130105185,109.4891131480719,1.2041439364671949,99.29559091575813
2026-09-02 07:55,48.1735820778918,29.89632931906969,77.95339689734904,109.57373543400192,1.1958105650000677,99.07649036723686
2026-09-02 07:56,48.149829643592255,29.54268473785944,77.99605219220955,109.64070017495548,1.1983838108191036,99.12279711887568
2026-09-02 07:57,48.080899996008405,29.71634096017877,77.84366131289003,109.36103645689148,1.1954511459863184,99.11610577902276
2026-09-02 07:58,48.11067067644155,29.399877487413303,77.97873065250097,109.43825352053436,1.2262262584434558,99.03762231464702
2026-09-02 07:59,48.042909589636736,29.61639840141745,77.9468899195373,109.43451370787248,1.1976649941139217,98.99545356173417
2026-09-02 08:00,48.0646711460163,29.86941390886774,77.84101644235584,109.63901591934558,1.1910696014223643,99.0053936394797
2026-09-02 08:01,48.04699059475604,29.656513226125806,77.9028997046588,109.23362626502708,1.1964944490857166,99.09319716711802
2026-09-02 08:02,48.07888275102953,29.67136211127092,77.76981543760566,109.3773896475099,1.1945438729733946,99.0611202054
2026-09-02 08:03,48.12065705821666,29.54104340916413,77.93095816127698,109.07580328546663,1.1915153348648742,98.9818534795201
2026-09-02 08:04,48.18764739152772,29.629527930167665,77.84653092158155,109.78287290780032,1.2063089038284303,98.88539747654588
2026-09-02 08:05,48.165082470120765,29.243213490994144,77.95048950463996,109.4853242137484,1.203004643210046,98.9761484746968
2026-09-02 08:06,48.15267886332445,29.26276541048446,78.12825096694601,109.37484393643469,1.202033720401907,98.97147508736413
2026-09-02 08:07,48.15417203858832,29.661691050672708,77.90255795279604,109.42016881261704,1.2095642218541203,99.197738722226
2026-09-02 08:08,48.0854999914658,29.21635100488001,77.99324295181727,109.57765618662276,1.2104513933911252,98.97225170208232
2026-09-02 08:09,48.11718133714964,29.82122471673918,77.78294666362315,109.36785273106813,1.195912209133296,98.96230199704078
2026-09-02 08:10,48.125616753603296,29.71963213377824,77.71972918507682,109.48874049357944,1.2116450178680025,99.09808620033655
2026-09-02 08:11,48.06055062812957,29.29929263707481,77.82445243533438,109.1262536367452,1.2041146420505644,99.06711428251192
2026-09-02 08:12,48.123008681658696,29.093417299709238,77.95788814528028,109.17945600035604,1.199010044013664,99.22513793139656
2026-09-02 08:13,48.19321701337847,29.03562309094668,77.98693100457803,109.68907696262012,1.204357176292168,99.08446544126905
2026-09-02 08:14,48.12925322659202,29.5721910949496,77.71823331154202,109.4449986490006,1.2004605988998234,99.03475715320558
2026-09-02 08:15,48.15972973076631,29.48161190485024,77.85069321672196,109.12038572376336,1.1880568661747783,98.93909110382536
2026-09-02 08:16,48.2241131516011,29.760370607587213,77.86753267980187,109.48395851495373,1.198090008763788,98.81178532442686
2026-09-02 08:17,48.267937737922594,29.57535632932997,77.82828119847568,109.63225109772736,1.1828952129911452,99.0442592015168
2026-09-02 08:18,48.22068813159281,29.78313583139458,77.82519233235915,109.77469643097398,1.2053390185708608,98.95792762086036
2026-09-02 08:19,48.152593526550426,29.63695706405268,77.89628466671645,109.28490391814832,1.1887668897307706,99.17276126146318
2026-09-02 08:20,48.148560013701086,29.26263629363513,78.07925610205386,109.475687258327,1.2011366522374687,99.19060488664198
2026-09-02 08:21,48.12546521175524,29.40507823085036,77.96159766983318,109.27036429872162,1.2016246214823678,99.14488321614954
2026-09-02 08:22,48.12675051467542,29.26335622769182,78.10656916372454,109.09354248586948,1.190330234435528,98.94715994197918
2026-09-02 08:23,48.1232615910909,29.35954526349552,77.80151582963376,109.23262164726086,1.2104130189354378,98.84184653738244
2026-09-02 08:24,48.15126189097322,29.309707549383464,78.07726969097473,109.4292177562776,1.1945251197264932,99.18312675252491
2026-09-02 08:25,48.124833474098665,29.356737058250825,77.92072508125752,109.3246566579146,1.2021651604665178,99.0444064125702
2026-09-02 08:26,48.11831649729077,29.665326420207062,77.97348906712705,109.37834565661136,1.19203164892903,99.07270112791204
2026-09-02 08:27,48.26826967551576,29.27341523767723,78.16502850427432,109.3731449511017,1.2088277848899858,99.18686129169195
2026-09-02 08:28,48.26329810436378,29.13522371011728,78.09038410941022,109.51448785575158,1.2156612278088856,99.14304586410016
2026-09-02 08:29,48.301611778903705,29.23837386214185,78.02171346570617,109.93410084178636,1.2048705287899906,98.98214275176382
2026-09-02 08:30,48.31748978975212,29.259743897187647,78.13449892738652,109.6029700963787,1.2058010908681542,98.87015257407496
2026-09-02 08:31,48.32981419400115,29.22931352363534,77.93741612396221,109.69602821114913,1.1930780461215307,98.99438587468607
2026-09-02 08:32,48.28560744373631,29.30264704520896,78.06836725773591,109.876254747523,1.2033473568398463,98.819643831733
2026-09-02 08:33,48.31332183623801,29.241061412865044,78.01932209699827,109.20976720174318,1.1966960828839825,99.13782938003044
2026-09-02 08:34,48.31207723006726,29.54073063965882,77.95888345832208,109.24274175123078,1.214926634407336,98.8453055882604
2026-09-02 08:35,48.35426083344438,29.49137310652569,77.8758429494296,109.33770208230646,1.1938145712108696,99.03333141426636
2026-09-02 08:36,48.45810652483361,29.146990524414857,78.04745851046705,109.27207690941218,1.205953243722707,98.95920274249444
2026-09-02 08:37,48.4685998052063,29.487465332422563,77.9835492538375,109.75272723061984,1.2024122259429848,98.75538747525754
2026-09-02 08:38,48.50791497832362,29.561556819033022,77.93491763159557,109.3080014750077,1.2147475716396121,98.88361969594496
2026-09-02 08:39,48.45796624398749,29.27323415274375,78.02220937176727,109.3976165291572,1.2068889767926336,98.83279693599977
2026-09-02 08:40,48.46502050882366,29.094419935245305,77.88934121160628,109.72692753090745,1.1807653200256485,98.91957010507612
2026-09-02 08:41,48.5437896388714,29.34138946552862,78.07681316295964,109.38878942962744,1.2136038002873708,98.9657670686401
2026-09-02 08:42,48.541975724713474,29.2292154287085,77.9820707597376,109.609954901966,1.1905594851488734,98.7740807809159
2026-09-02 08:43,48.51129493263954,29.30347561367705,78.01294573689813,109.7147421615711,1.2082660916322434,98.84786659679096
2026-09-02 08:44,48.52277514872052,29.01466876918715,77.98557408799842,109.42018887584244,1.1831972424855202,98.94242245099362
2026-09-02 08:45,48.51469091832981,29.637491453120106,77.88796266157811,109.78948888707372,1.2003444494043762,98.93837598681336
2026-09-02 08:46,48.50380267500231,29.16960589041153,77.95144875019116,109.68044166789008,1.2058019710721795,98.95232702968292
2026-09-02 08:47,48.48630334547536,29.30612288046057,78.10931499864276,109.62868795963152,1.174897978948692,99.0938349380851
2026-09-02 08:48,48.58676163893192,29.0720328048363,77.96145276330599,109.54439329342924,1.1847460374995882,98.97346433843884
2026-09-02 08:49,48.544330729438734,29.21344421204353,77.93651423335871,109.3668125402729,1.2231574716489129,98.93399134576411
2026-09-02 08:50,48.524798667271085,28.714714642909637,78.09064301687398,109.9438099311297,1.1973217905823226,99.09846638755718
2026-09-02 08:51,48.49738664905131,28.904215575110012,77.947494393966,109.4333335212734,1.2186037021699556,98.8503142162618
2026-09-02 08:52,48.56049222405555,28.661202733631324,78.021597057785,109.51389817471454,1.2020067480304981,98.97048461671216
2026-09-02 08:53,48.54764351732121,29.344756544229394,78.00463495296633,109.5391839706718,1.1939338080629707,98.96876422498872
2026-09-02 08:54,48.613949814808414,28.860500076145318,78.11605049127594,109.54982929646246,1.1955849500612392,98.83222939691366
2026-09-02 08:55,48.62336081516006,28.817779570627625,78.17119937063072,109.699720349939,1.196565554226691,99.0687330987518
2026-09-02 08:56,48.623273540743575,29.34649771115193,78.0351421627789,109.43007373483208,1.1986665742932705,99.0115112527563
2026-09-02 08:57,48.55131291036409,29.013977189592744,77.96499532754433,109.5579295961468,1.2058173554362472,98.84943807384649
2026-09-02 08:58,48.61295447995226,29.070233181315917,77.94285206170811,109.77618936676411,1.2000459608012846,98.94800199351026
2026-09-02 08:59,48.641071188288784,29.30984333927432,78.10178814070294,109.3759980110502,1.213091467492091,99.03363958462076
2026-09-02 09:00,48.6623880944732,29.18455199238401,77.81200344510547,109.59069960890136,1.2000339397105326,98.86603107644552
2026-09-02 09:01,48.65757927638042,29.14036688933099,78.05075245134182,109.34303376093835,1.1916248638465312,98.92949245943412
2026-09-02 09:02,48.63780584167717,29.2001909198198,78.08854573572728,109.56050410563957,1.2047887770746257,98.75332540970696
2026-09-02 09:03,48.57546145582454,28.670746234785817,78.23668312547595,109.61783039602842,1.1967103879578072,98.91483775156554
2026-09-02 09:04,48.62380796479722,29.31067202982119,78.13243247990891,109.41739607788134,1.2106272198490302,98.7909688090927
2026-09-02 09:05,48.63831395159647,29.30922563290266,78.10587539702244,109.96894481621344,1.2023819211858677,98.74656460306416
2026-09-02 09:06,48.62141684239558,29.40465310352217,78.1673731980519,109.29987763626252,1.1944092336086447,98.91594696966148
2026-09-02 09:07,48.59095793132646,28.60684871985304,77.95782001658823,109.80981851790314,1.2042226846853787,98.89503677477823
2026-09-02 09:08,48.59781961353791,28.8475243847753,78.05938321933327,109.54562997148358,1.193054956022789,98.95478293843895
2026-09-02 09:09,48.59433653402328,28.89657529259383,78.11195343477257,109.6398647727896,1.1997536989592623,98.7778350506174
2026-09-02 09:10,48.677542029382046,29.34208095630395,77.77455053858846,109.40382749363788,1.1885713895017345,99.18226547629487
2026-09-02 09:11,48.71730117357373,29.105529958269383,77.97366515059589,109.73446899349106,1.2220328937248863,98.85681138887564
2026-09-02 09:12,48.68856480015954,29.33892474590508,78.11470702169278,109.68982095107604,1.197064091538839,98.82698550730956
2026-09-02 09:13,48.634355065133306,29.065955586919657,77.98317440076342,109.25938953171124,1.18923781874498,98.74638846272148
2026-09-02 09:14,48.6236322038916,28.83897603411439,78.19170994606009,109.55115374947005,1.177353602933785,98.8178022941875
2026-09-02 09:15,48.57912992275393,28.69890482103364,78.1795756433554,109.5250630455936,1.2142488675851664,98.85649119774604
2026-09-02 09:16,48.58401702615726,28.83627092157676,78.20673880994138,109.74271375042032,1.2160112313739015,98.91672406578331
2026-09-02 09:17,48.60531985753843,29.22202902267145,78.09654989485108,109.3335648239439,1.203012522571055,98.84981205801
2026-09-02 09:18,48.638251635290544,28.76324378086879,78.16353037641228,109.7374058864987,1.192287201369305,98.8394533257943
2026-09-02 09:19,48.66020631719213,28.56914686515496,78.21862223782018,109.66187576317586,1.2018548425524225,98.81738307114944
