시간,TI201_오일입구,TI202_오일출구,TI203_냉각수입구,TI204_냉각수출구,FI201_냉각수,FI101_원료유량,TI301_1층입구,TI302_1층출구,TI303_2층입구,TI304_2층출구,AI301_반응물입구,AI302_반응물출구,AI303_생성물출구,FI401_제품,FI402_부산물,FI501_스팀,JI501_전력
2026-08-01 00:00:00,180.03065375060604,120.6701903836364,35.07757996686234,94.26615168007464,60.51216105767933,100.00061507667874,319.8145025135077,344.9047520370392,334.89744527843175,349.9011635713815,0.4014114479388511,0.05805776374785065,0.30960755774862264,59.932847055739664,39.569422040515974,25.097594023471693,1001.1260098231861
2026-08-01 00:10:00,179.90736315921296,120.55136319244163,34.98941748941769,94.23155412664772,60.1905358320416,100.14937276875423,319.52479925794574,345.29716547753213,334.9817552290358,350.1727103514768,0.40357790532594534,0.05526021404359689,0.31284572331522087,60.686133729430374,38.91888418134503,24.713276546719182,1003.461045477681
2026-08-01 00:20:00,179.98080413684656,120.77207049331608,35.01084747924155,94.07736822055699,60.06064802004471,99.86293107231889,319.9108160310295,345.293379064022,335.29588032162496,349.727250322635,0.4038787565968296,0.05774438928644961,0.3137933266271133,59.98168223828431,38.85157208971337,24.861807608593374,998.721076677835
2026-08-01 00:30:00,179.98758897953525,120.52184267228421,35.12004096085611,94.09331273842373,59.72942956877507,99.55470408062136,319.91968653107335,344.72491940127856,334.88734937006643,349.82521414642537,0.39938838811572897,0.05910887136773942,0.314689439882056,59.908220776900166,38.933973817233,25.300851837703647,994.7940177624099
2026-08-01 00:40:00,180.03822385050546,120.65519343486893,35.00378554965699,94.04300297569344,59.701490773714646,99.77266460741414,319.9426817364444,345.37279607715226,334.9850771208156,349.91867699420067,0.3988957174924361,0.059013556738563386,0.3127008262183738,59.813971511101315,38.7079051625457,25.06375103239089,1005.3203043106838
2026-08-01 00:50:00,180.08027823578502,120.57891877375624,34.86512141328069,94.09808227293787,60.112166719825495,99.50417672250177,320.1164564529246,344.9028270417716,334.5893580967744,349.74888180245176,0.39823572930534923,0.06066363113489592,0.3111252856447388,59.55701330348819,38.735838555928886,24.943720943944957,999.018241597484
2026-08-01 01:00:00,179.89822192585464,120.90944487006911,34.80177351372555,94.19259570787231,60.05151983442681,100.03007180129872,320.26969017166476,344.7940037296596,335.42998281967635,350.22282030977885,0.40119103173538434,0.061161718342038186,0.3169567728123152,59.81477998982815,39.398517893907766,25.012003995153183,997.2321460491572
2026-08-01 01:10:00,179.85184531109203,120.95066769877761,34.9923411094584,94.40382789201414,59.827866106102306,100.67010762277727,320.23147298350807,344.9134983498891,335.12919366676914,350.25690975931053,0.39968420440753893,0.06114700343468952,0.31281114084030165,60.45275308081391,39.61194959967034,25.19331829488632,1002.7275129432179
2026-08-01 01:20:00,180.14949431699054,120.62174396181119,34.88183684772208,94.28197944505996,59.86798827013972,99.75389674072433,320.0849166238984,344.6423425392201,334.85530604053355,350.36066492263484,0.4021386020030222,0.05760409693354023,0.3112335209912478,59.88205769776728,39.45548302615337,24.975214213001394,996.6066022096155
2026-08-01 01:30:00,179.66068979799348,120.29541471608175,35.0259291640764,94.19621808453395,60.46821108749718,99.68976255009002,320.1759293504553,345.1050449830113,334.59784689042374,349.75022259318837,0.3976623615938738,0.06139039773368797,0.31361899436513807,60.031371022585446,39.33737519375025,24.687083584646746,1001.7529475298833
2026-08-01 01:40:00,179.87635866983456,120.43940103547428,34.87023956618031,94.28658987672449,60.298080039541325,100.2449210250926,319.7829362268407,345.35483970460325,334.99421729690783,349.8484095472931,0.40014771603798693,0.06315417760940008,0.31507981372360605,60.04359986491664,39.50261517558388,25.414337367789663,1002.5891184896295
2026-08-01 01:50:00,180.31052351921582,120.4685078153545,34.96199717084792,94.20176258067899,60.01752702799385,100.17844350408004,319.7432473681955,344.5782240403299,335.2662230854367,350.0070529569999,0.39863948527072607,0.059426725691177566,0.31208502039931785,60.504007235286,38.54092095335108,25.044646605939818,999.6964602411357
2026-08-01 02:00:00,179.4585604616233,121.1092859511016,34.85064483670725,94.43602675061172,60.06998120688026,100.05270712449895,320.1980165148342,345.1359361163363,335.6954671914457,350.21173339853647,0.4003489110726448,0.05946044917556023,0.31386387053116344,60.34158825756335,38.9865631249876,24.96339127753705,1001.676975190781
2026-08-01 02:10:00,179.86138959565088,120.19627245508862,34.96096555036676,94.24443552816449,60.383831512622265,99.5347659776459,320.17681170361476,345.1828236680435,335.58162874860113,349.6557115691509,0.39940319193338136,0.060867376888098415,0.31324266495728215,59.0273204548282,38.58486030272014,24.798887090054745,995.0986769538649
2026-08-01 02:20:00,180.1375438778674,120.87357915756536,34.952649188082816,94.40638350511396,60.1095224831261,99.98537408876837,320.6435350758778,345.2066706868283,334.89873399021695,349.94679126740573,0.39616661217867766,0.061140718502275544,0.3123778239571063,59.56785186523885,38.956664575717916,24.862788791994102,1002.3759854357384
2026-08-01 02:30:00,179.66993575911846,121.24931558485606,35.05637530165668,94.21927188176194,60.07302310689469,100.34765159722915,319.95572265590124,345.20444370188164,334.8883182791431,350.32659227735564,0.4014707276384486,0.0599666061205752,0.31215850160355246,60.084375906135044,39.23872811072591,25.079619065740363,1000.4324501942968
2026-08-01 02:40:00,180.51962842427147,120.38511926515348,35.13092619283064,94.09441435461791,59.530593219695916,99.32789272635746,319.7405174435739,345.1468669448068,334.7237677910506,350.0574546401156,0.39994175427751794,0.060741978602065996,0.3133907224078824,59.64217275591487,38.915167350951535,24.92169517255606,995.9588453838406
2026-08-01 02:50:00,179.48231928398675,121.01741879211286,34.97883003196094,94.20782059340448,59.496369379045404,99.77119211947989,320.1072864518256,344.89131499690444,335.1566728241263,349.9990438461002,0.4001653251041808,0.05800949990939114,0.3068853807957357,60.0255605553378,39.09448810578041,24.770328351029654,1000.1556886887977
2026-08-01 03:00:00,180.2873118902176,120.72225882001125,34.911227483857076,94.02895089426809,59.42988001934865,99.04938863009957,319.89817222979764,345.2815280459572,334.7942135338066,349.703714723489,0.3996691279375944,0.056324816452056656,0.31253238284922885,59.552998904676365,38.977081096679655,24.799749472736178,997.326145760976
2026-08-01 03:10:00,180.31146827316348,120.69221824837628,35.19207672460831,94.07414971565589,59.326710301151515,99.35523113010751,319.77426484288594,345.12390619531465,335.1962985530185,349.93680052211306,0.3979564385722049,0.05870191362731098,0.31030681901599977,59.532566990126774,38.98318582222614,24.69095464031571,999.409960157334
2026-08-01 03:20:00,180.18327047318326,120.85053334911211,35.03334676512759,93.90616067463725,59.99747881590152,99.07913248110414,320.41963754668376,345.2585426926563,335.12308931129706,350.23838747018885,0.3998989300310031,0.059084249603896855,0.31057976855366853,59.951503009684636,39.06015543006957,25.115952052638246,1000.5913874976967
2026-08-01 03:30:00,179.9556828855733,120.88646463089606,35.05812386720058,94.19214585339132,60.10046937883711,99.88245443446266,320.582136300299,345.1218891350098,335.15363506787173,350.33404400356716,0.4013838697018006,0.0597361475552905,0.313475634746686,59.55107451224073,38.565350035776305,25.172603598734703,1000.9545711357966
2026-08-01 03:40:00,180.0714356405265,120.37617941909186,35.057866551526075,94.04455636919468,59.740661446294276,99.36627675927815,320.1406527170472,344.9604826752795,334.7388753038845,349.5502029415556,0.4031444828340145,0.05880124663728147,0.3120282457111932,59.489161623226195,38.453081936773636,24.78797378282704,998.390580072623
2026-08-01 03:50:00,179.82055002196074,120.9949131280649,35.142220171926105,94.20065924404126,60.133689562871915,100.13563217941085,319.8503282659414,345.02395944980486,335.3784894223062,350.1568590719719,0.4002647069471305,0.05799544417833746,0.31216522527126006,59.87939496843967,39.11568678239668,25.04498107914661,999.7727507384355
2026-08-01 04:00:00,180.16186493182937,120.77949983339374,35.0978739067825,94.08635512633458,60.134149126155556,100.0783755433121,320.1118122105919,345.2129705946073,334.97599816072153,349.93582793563905,0.398778801105623,0.06029296223976249,0.31257654252025446,60.0913786763045,39.234690934424854,25.067138873799905,999.9610366885513
2026-08-01 04:10:00,179.77602701757576,120.53120334002284,35.06483007494046,93.90568279993134,59.97808083315076,99.90653452768503,320.02562415066234,345.33819314806027,334.6739395647822,349.77178415214115,0.4021683991319984,0.06087028397495709,0.3088773321914553,60.05422440776979,38.488639425343486,24.815289112514535,1002.6074245884229
2026-08-01 04:20:00,179.94522521328813,119.98691985436493,35.073740253612655,93.98659573646518,59.56021845874352,98.74162014458975,319.64662128485213,344.497428855064,335.02896844775404,350.58165403013504,0.3994320191919683,0.05934333855227521,0.3094906741638114,59.25519301011845,37.90936190765849,24.95949405893007,992.7895057817452
2026-08-01 04:30:00,180.19924985593386,121.18031963264953,34.911672960130566,94.16939088657873,60.433876280915,99.73065355207669,320.28348671645574,344.68009180701955,335.0954895731218,350.24118331074243,0.39937675748846596,0.05910090627139258,0.315627426223008,59.97987383800517,39.163943063886464,25.02113203859874,1001.1681162650649
2026-08-01 04:40:00,179.77713941873347,120.73000805022468,34.93662342867033,93.95016892211498,60.413629700880726,99.97574952729947,320.1459241669973,344.58115769789515,335.0630632800015,349.73427766538333,0.39982343889219385,0.06001430332121582,0.3107052515652988,59.98533144938877,38.89780069945373,24.82295481961624,1000.867762799971
2026-08-01 04:50:00,179.92714628872793,120.87612983767313,34.98670071234618,93.98633258780615,59.828683543492815,100.05665449300166,320.40793053199206,344.89765084708034,335.33068737961304,349.75350076129956,0.4010594946346472,0.058771647048726276,0.31192397389821436,60.41374636246475,39.21595970666506,24.936404652199357,994.6218252279284
2026-08-01 05:00:00,180.03285296510703,120.36391645516761,35.00664228882953,93.94910692409405,60.58301970911948,99.2349321172473,319.89330018566926,344.8601328896903,335.4108851491885,350.10389129998924,0.39744602728759226,0.060852162230959225,0.3137647530330041,59.377301529305925,38.96127829379845,24.821867686110984,996.8081820627447
2026-08-01 05:10:00,179.73164233202627,120.77846763744976,34.999210318916774,94.01401099065978,60.01530068668623,99.76112336198304,320.04923214916124,345.1099818643568,335.73592264233145,349.62330418595,0.4000668456665101,0.05879952155411816,0.31214349564200305,59.705515096453695,39.04079675115931,24.83348790603446,999.4978535821898
2026-08-01 05:20:00,180.23287449941665,120.58933089202435,35.02817546352198,93.8339284743655,59.76634633356774,99.51074046097168,320.023016172141,344.9684566496681,335.0263067746638,349.9954477049299,0.3997409452541323,0.05597005833992452,0.3125156495014835,59.87066197578923,38.56337544744163,24.73971628112239,1003.1847121713593
2026-08-01 05:30:00,180.06815481812444,120.5998659443037,35.00002599582608,94.18523008589437,59.87902061016826,99.5955813802872,319.5660899562321,345.4374962180199,335.4217583634615,350.2018451054103,0.3989874648324225,0.06353514226223754,0.30882813384514474,59.86554529653413,39.108362153022696,24.77846491935034,999.7949611312347
2026-08-01 05:40:00,179.6968820051219,120.8838297594882,34.95473905725441,94.21872750502283,59.44567956569598,100.53044931169303,320.77745609852434,344.88341334235423,334.28167907903645,349.67394330938004,0.40316826796360233,0.06067724284297586,0.3103326312368117,60.44790095858867,39.09260854925722,24.878381053825958,999.2619408884262
2026-08-01 05:50:00,179.9906061711872,120.40886662917944,34.835452193738156,93.93921232424286,59.89664619061198,99.59623266233405,319.46530793495657,344.85850550447117,335.6259623166215,350.11092099327635,0.3967351028335421,0.06170069789096254,0.3131878023018886,59.76309210114946,39.09123572148033,25.099721673624725,1000.2826564085691
2026-08-01 06:00:00,179.8449329657002,120.73023202439802,35.080797346645234,93.86204244620484,59.52196102981688,99.98373914752725,319.7376438495688,344.8285033416145,335.0571543999078,350.18797047865837,0.3997811078837124,0.05951849205151489,0.31307654385651007,59.5928687304788,38.55044856163112,25.0126231626607,1001.4365762584362
2026-08-01 06:10:00,179.86848840669128,121.15722527767649,35.05603118138511,94.12989240116887,60.34090919094363,100.44219493369158,319.965403989407,344.9796839859747,335.44785691285307,349.8726412299835,0.40024040040214404,0.05960710629562671,0.31484734750705246,60.35888240960011,39.31175917777533,24.803669361784813,1002.1682069713241
2026-08-01 06:20:00,180.01534895936058,121.17357350283527,34.90975877479698,94.19928605645018,60.09741360223005,99.70819978362834,319.6223169863375,345.1135363416422,334.9981046267354,350.1740581138832,0.4002585489888806,0.0600571643534781,0.31411283906713233,59.608195675981946,38.87067170109731,24.805801014584798,1007.0653753309119
2026-08-01 06:30:00,179.85806181578022,121.08486703602505,35.04706303388898,94.10775709260986,59.58531203454737,99.94414902520792,320.1916788141802,344.931085021101,335.2337739295513,350.2595059758309,0.40277447951143774,0.06017511014793348,0.31174316474717045,60.18489185063996,38.870451008098904,24.983373994461207,1000.715983474624
2026-08-01 06:40:00,180.19290232398689,121.29573294406677,35.036801434173974,94.14924957750377,60.17358354828189,100.05523207162474,319.940863131476,344.80728828252666,335.26153265822524,350.1928740299696,0.39570796281080456,0.05964216670390636,0.31293147903892543,60.13974834173814,39.217966616792225,25.05859564106153,996.1276006610116
2026-08-01 06:50:00,179.8590682955512,121.02176769194544,35.00468023727684,93.93241730339892,59.486984358194164,100.03189088712753,320.0971723443341,344.68369886170154,334.8923664314914,349.8758639359159,0.39918011753390714,0.05820574321317234,0.31141724843367574,60.044736724340716,39.11506025576254,25.160288943979037,1003.3996206632594
2026-08-01 07:00:00,180.1963419699995,120.60737637206496,34.81395345564608,93.96737794720997,60.04846568095166,99.38747208679115,320.1450447345623,345.12739491509,334.905758682249,350.32101564063197,0.3981208519734867,0.061129691245296575,0.31399184669517677,59.50315838759744,38.79348620969135,24.91490022253422,996.2760260546506
2026-08-01 07:10:00,179.99124810881477,120.67182390548756,34.877113310773154,93.86834273161796,60.14477612459667,100.0380701151885,320.10196787455163,344.9204251966969,334.21086481392575,349.9788883785489,0.397057722102074,0.06003608141769352,0.3112780232802962,60.31155292032953,39.11929507249631,25.216060400638252,1005.7639647552905
2026-08-01 07:20:00,180.17115373773052,121.24190918689241,34.93748315768864,94.2882858769102,60.02174781939843,100.67941171087077,320.110932069329,344.79820880040796,335.249644519215,350.1369964769731,0.3986600552488555,0.06383014333135202,0.31365477247170387,60.39673394980467,39.00339166578799,25.26180342041263,1003.1634226145956
2026-08-01 07:30:00,179.89173306840334,120.13313881990261,35.158517672833206,93.96804653003932,59.6641921281744,99.22642766093576,320.04206477452556,345.00378298462084,335.0372048340999,350.09655910703776,0.40064896763523583,0.05831642667332455,0.3135655821980394,59.11137693354264,38.7942930327882,24.90039828461042,998.0134049081258
2026-08-01 07:40:00,179.89894321058333,121.07405344541128,34.91176308656562,93.84122038772128,59.96819164411414,100.4296913440108,320.20963284169454,345.1776337432707,335.01865567198496,350.0791653500818,0.3992829005666866,0.05917828864553147,0.3155110735933612,60.55393391743299,38.845603751444465,25.04210433694612,1000.9880563593606
2026-08-01 07:50:00,179.76950694247063,121.29092584924676,34.96283205202485,93.81819119296529,59.9464476852478,100.0596770128483,320.32129549891016,345.6693684827871,335.45631381022787,349.4973249922123,0.4036678995148429,0.05981834149960952,0.31091314156779726,60.601662336861295,38.67881752313979,25.354882332718677,1000.8302777007636
2026-08-01 08:00:00,180.11559576460596,120.85641370610169,34.886595733058265,94.00060166731237,60.01926504158084,99.67926480294639,320.018704762363,345.5508670779331,335.1958834713029,350.3871249541549,0.3968434329816721,0.056071297227412886,0.3127245233256744,60.09324997487224,38.89470076777709,25.022949052769498,1003.0343302152571
2026-08-01 08:10:00,180.18755905070608,121.6389082178759,34.9483021543301,94.11968530729334,60.44689723712361,101.00020827317121,319.9663356667343,344.8350866133153,335.1633386674512,350.22574998832454,0.40051212276920156,0.05819889644451536,0.3099613179076813,60.708717748082776,39.47088456413297,25.20298229657876,1004.4425906582221
2026-08-01 08:20:00,180.42383771255038,121.05332786891816,35.03160878873551,93.99687850554969,60.509087778283046,100.38112985604235,319.981807826297,344.96261744264405,334.5261169593041,350.12565125436714,0.40045129229263227,0.0559437725433696,0.31468393274768625,59.99820046009568,38.9001767501337,25.11342659624269,1001.4271621674537
2026-08-01 08:30:00,180.25810550362675,120.3971204862263,34.790455651435515,93.96698144325336,60.475009302043865,99.40035554894739,320.18694033688115,344.5349733741797,335.1443728579784,350.2683839651029,0.40009835919718084,0.058616263666803364,0.31231187202729155,59.554760418259605,38.44709553206619,24.955654111770233,995.7881178413083
2026-08-01 08:40:00,180.04995613587383,120.88192047920677,34.714283183699244,94.17856631502885,59.81129843757815,100.03725811438574,319.99556038307315,344.53494395817285,335.0115075152521,349.9703955219977,0.4011257808852238,0.060210287201434405,0.3114537551253816,60.251776797499026,38.66119904531546,25.128845242010684,1000.7126367045885
2026-08-01 08:50:00,179.95780589576424,121.02073567036851,35.06351150068255,94.03999804110731,59.7768885767031,100.28834479183509,319.9938233790249,344.5695462828306,335.39698379859374,350.0516522284649,0.39938206566852164,0.06017696754272656,0.3105787253090069,60.43554229770802,38.95237148356759,25.088315401197598,1003.1530639460638
2026-08-01 09:00:00,180.07774070123858,121.16608448777767,35.00090658300883,93.7726509324375,60.00776139192243,99.90560893732463,319.6736755533636,345.3585537262007,334.95431324646097,350.2435736073306,0.4008750159120105,0.0620218571572267,0.31119029950509597,59.9863656949948,38.75576429713529,24.71119186423933,1000.4728007122592
2026-08-01 09:10:00,179.99445245790318,121.52914267679272,34.93703359229545,93.98483767078594,60.1316121988499,100.3414551335976,320.6607727551883,345.0570887342949,334.73753997620406,349.4713218610218,0.3994014548670298,0.06038070159885507,0.31210922208536906,60.517818271144556,39.62435744331867,25.140078322220027,999.966101586156
2026-08-01 09:20:00,180.29269529987042,120.81479585380414,35.0941422242842,93.82027534943659,59.38386542079801,99.96674133992529,319.7566873019647,344.6832965120909,335.0385355077468,349.8845823188167,0.39893206312862756,0.06195293483156691,0.31209459631423303,60.54150023843852,38.59648935307902,24.78633913634335,996.6427840331143
2026-08-01 09:30:00,180.1887887947818,121.06771695743542,35.0943286891787,93.91037231118017,59.81723272165817,100.33362378041717,320.59435125492655,344.9124751924633,335.66580813963697,349.92927828993766,0.3980814971861909,0.060999555977999095,0.3155398300353198,60.23471169015362,39.05546776875005,25.17116488736989,1006.6525563515706
2026-08-01 09:40:00,179.83264777341347,121.29479993753779,34.78812730636431,94.06463663783481,60.53831408608217,100.71926129582808,320.3436514478713,344.9626954814939,334.8501811929699,350.0161475031513,0.39906550454003076,0.05549550153908256,0.31223681429577993,60.64351465996834,39.58916614423954,25.29748611847773,1001.6741502285768
2026-08-01 09:50:00,179.8624738931634,120.76328072544177,34.98065983680993,93.88411276449324,59.62864290653672,99.66216887449717,320.4113732519407,344.919316521749,335.5011585436481,349.950005523282,0.4013170602190205,0.06023535558787745,0.3127583396689164,59.97331907174827,38.93324405781827,24.993064007361863,999.588230239412
2026-08-01 10:00:00,180.27345638071452,120.795732776287,35.108052731204296,93.84297346879855,59.779716741399334,100.1015693051948,320.1944223570801,345.52868102926936,335.065381551941,349.8825565151647,0.39894327264202545,0.05685819431405924,0.30872176932547485,60.27090603215319,39.03364533144276,25.04254861157078,1000.3650849855077
2026-08-01 10:10:00,180.06161602695371,120.91092393337448,34.93061981625927,93.90217483327989,59.78905230507403,99.76834621173079,320.26332620871926,344.56132275305976,334.508154694242,350.18066854738737,0.4013299678213759,0.06123739339819494,0.3115175878115088,60.262681290256644,39.34209935667761,24.8687621402393,998.2500258073205
2026-08-01 10:20:00,179.95364816486176,121.1082602160433,34.966086025738804,93.85416857978471,60.14739635460542,100.06363420561291,320.2078243635962,344.98451266943897,335.3076624958477,350.33963041750513,0.3995439655828454,0.06248887292631482,0.31668899683747603,59.8761911479487,39.377390059582034,24.876320309241375,998.1120898956942
2026-08-01 10:30:00,180.2372672324272,120.80748003899379,35.09263169292404,93.90499374858722,59.98154752124306,99.40640273607492,320.29669190286955,345.18623257512087,335.83231391170074,350.2457507113133,0.39991229749836776,0.0626722990041568,0.316186301094312,59.3435100054425,39.13030158838429,24.626464348864157,1006.0368000522454
2026-08-01 10:40:00,179.92248117656283,120.63738743366272,34.97063361896498,93.85998807123204,59.903731316669955,99.71034920174867,320.37013071143423,345.25530611224286,335.26184691488197,350.41307092371,0.4024685456604324,0.06062225830013995,0.30828872862157464,59.70542861450668,38.7492958190561,25.03919034302105,996.5953062199077
2026-08-01 10:50:00,179.94404489790276,120.95074679165589,34.87786161992092,93.94182214106877,59.5455081442906,99.90190201359775,320.56903509956805,344.4989646440523,334.8054865331023,350.2669243214843,0.39763434958481436,0.05998193968382851,0.3159520951504896,59.78103524677291,39.181164845394406,25.121125817890405,998.513343790262
2026-08-01 11:00:00,179.90776569175353,120.88661962582762,34.92883765811351,93.93686749670864,60.18384633234271,100.4493819360502,319.84871050509844,345.175298155249,335.06361480256874,350.54968367863415,0.3997684568980159,0.05719582582202486,0.3122928088855645,60.08080071981255,39.37666793545501,25.00717688209523,996.7936159480515
2026-08-01 11:10:00,179.60766549868347,121.47927702188069,34.86498394580188,94.0485284620489,60.001427655407646,100.57261100372706,320.2767653375009,344.76472276815366,334.8653227086007,350.5835234170924,0.4017042628992788,0.06143547419724272,0.310126283373172,60.57464879056429,39.03127680513877,25.228631059613015,1000.3941117427181
2026-08-01 11:20:00,180.17285139805085,120.5169155830793,35.05272474114037,93.80755134240607,59.80106731103746,99.33823610375788,320.6031608128978,344.96140023854474,335.99775650784466,349.99160780416645,0.40105556704599543,0.06040127773737448,0.3139401021372494,59.877566032775036,39.01164775891981,24.960661177511874,999.7756438497433
2026-08-01 11:30:00,179.7581831083947,120.7957707361196,34.8251700900425,93.84735522874752,60.00829971443378,99.60267881700648,320.54222739561965,344.6746982892576,335.30288707062175,349.89122604963245,0.400696220044051,0.05939533651240645,0.3142901960367221,59.50577155556487,38.92406998084486,24.928022634376934,998.0776550353215
2026-08-01 11:40:00,179.88626145611568,121.10419093880681,35.09745676302902,93.87398108881376,60.2372400387513,100.32345171128671,319.84837163936976,345.3506996467245,334.423669588717,349.9565073642734,0.4026921347588091,0.057309753615499795,0.3142162219938175,59.54090178237367,38.970667766761466,24.813558231187894,1005.5222217622627
2026-08-01 11:50:00,179.85122562345308,120.45883591824585,34.83302119683595,93.78114877098143,59.557599716205786,99.00379010791275,320.2356229131311,346.0217221937869,335.3884630730347,350.0298395873092,0.3990903242153992,0.05719996359123331,0.31366259496199206,58.82538841429845,38.66325953220008,24.879074010372626,1000.9831490020701
2026-08-01 12:00:00,180.14539812039348,120.73082192123282,35.001885215799994,93.67769122583566,59.535085844445774,99.76841506752382,320.2284544024423,345.4240351715146,335.27781849124347,350.34462554882424,0.4002076838272507,0.058959040358792375,0.3158460727942353,59.83557258951763,39.00125075100775,24.948025912548644,997.8956230200048
2026-08-01 12:10:00,179.9862834434192,120.67978352682567,34.85085682108472,94.13911148217208,59.69392668581474,99.95135653716495,320.22177377390204,345.05194202057316,334.83538057622434,350.2869822673615,0.4034323798623602,0.0615842626320976,0.3125801058430282,59.93743233083262,39.00910720478349,25.280268120821354,997.1909039071543
2026-08-01 12:20:00,180.00308331007284,121.70103729991094,34.96580465290826,93.88049609757448,59.73819290722468,100.62850748864341,319.50358532394546,344.6381726174357,334.9618667036103,350.19997680664187,0.3977078412847011,0.059883579234259264,0.31393806254850976,60.0382803759209,39.20678225842588,25.179196483409573,1006.9562982000205
2026-08-01 12:30:00,179.6641080412203,121.27786244969137,35.099509372297156,93.92024271049327,59.08547165168384,100.34470195028538,320.4044158479027,345.39027182045766,335.1264629792077,349.94548922751574,0.4010695071625466,0.058176265198838464,0.31787064427340206,60.22409117243597,38.58518956847013,24.990106652280602,999.6829650504429
2026-08-01 12:40:00,179.98251259035305,121.04603994445871,35.109510584662786,93.79768131620649,59.81934565158798,99.8363932898889,319.69355477205096,345.485748101367,335.67016649390865,350.0203738253592,0.4011648443299254,0.06150933759853805,0.31302602372736715,60.176666365345945,38.86151702465647,25.217193461449035,999.2318632237811
2026-08-01 12:50:00,179.7047333800238,121.40755410205824,35.12774011921069,93.78930063019098,60.3342475239307,99.81571205295002,320.7910060096872,344.8314746781641,334.9933347732936,350.08628772667134,0.4006360330249307,0.06208754470622376,0.3097182672856232,59.892706296180705,38.90474015084737,24.968984255412828,1003.5606872875886
2026-08-01 13:00:00,180.06143939913284,121.00005767486587,34.988481254965635,93.88089183754398,59.90119205979568,99.87490229974104,320.3517750976978,345.4170395335739,334.92584666988944,350.2106027483158,0.4008454093215113,0.06041963036192816,0.31572641477061675,60.08992468056002,38.35712434610391,24.918502118701372,1002.9439065969915
2026-08-01 13:10:00,180.07334459869952,121.54958337717188,35.008091445825144,93.89053381342637,60.305475437323175,100.76176470022808,320.136481739515,344.6378738647289,335.44552288641455,349.2726218153686,0.3983765373435456,0.059458994366789024,0.31307301165166934,59.860410754364764,39.477579074549496,25.09198204153817,1001.7238966806846
2026-08-01 13:20:00,179.99652050345296,120.9916242801999,35.02058994336284,93.77814510315721,59.13711528597848,99.78598752871356,320.35002464911736,344.78754037275763,334.9668673336835,350.22324185974486,0.4003162422386765,0.06047605027739607,0.310474868165388,60.021267809465854,38.87602512606928,24.95432184731783,1000.4263198852464
2026-08-01 13:30:00,180.40862873717128,121.2587088068293,35.05890957020865,93.6860877281403,59.9662917985298,99.84815980581763,320.2108202733132,345.1959014403991,334.8461420084408,350.2957818649415,0.3997928228700501,0.059663245415436404,0.31622041274593443,59.73425512705939,39.13582606439567,25.024481808815636,999.977635029131
2026-08-01 13:40:00,180.10554578284513,121.28016726381244,34.957469662826185,93.76622506236066,60.41671346435153,100.17629453364263,320.0179115683363,344.75849578362966,335.1212534147514,349.9444331876411,0.4007572294682229,0.061053556028123346,0.3149951881700669,60.1347489767878,39.15932458131714,24.97031044384295,1000.7197149759932
2026-08-01 13:50:00,180.11916483500673,121.13624687599801,35.10731722743074,93.70888474164109,60.472109944800586,99.93961477745677,320.1473869139128,345.37484260901385,335.4131824471794,350.57068377936434,0.40034351930787737,0.05774667093172967,0.3125401818433861,59.499605680746654,38.88457180738512,24.956850156777808,998.5676328563738
2026-08-01 14:00:00,180.02846227060988,121.0088719834677,35.029905313713755,93.99685826575788,59.85019918278488,99.90135788601714,320.2768900705482,345.56921998570056,335.21137426512325,350.38281651545657,0.4036405999463188,0.06240319678427637,0.31332971477683225,59.71225178041211,38.39277624977661,24.84808452672297,1002.6485680438374
2026-08-01 14:10:00,179.96144838469235,120.90420457556854,35.1117008566007,93.62366628463788,59.75244016633161,99.44296642842447,319.94629567299296,345.181588461808,335.056294650685,350.3640746063981,0.4019949976744096,0.060033889412854584,0.3092065767742447,59.40181443637118,38.664765379096906,24.75343371236609,999.5704574554248
2026-08-01 14:20:00,180.19318365213124,121.34539963404406,35.04511031938515,93.71142658231652,60.11564229705356,99.99423926598072,320.387456518746,345.30683622998225,335.6046428885141,349.7009266452761,0.40418705750389156,0.06457381196853339,0.31307349916679184,59.686307632667464,38.608929869169465,25.008307278431136,1001.1353205341428
2026-08-01 14:30:00,180.22028990833496,120.60027285495774,35.065128161754764,93.80765462860836,59.63457528176987,99.77820938851279,320.5061310516481,345.62601404301614,335.59287900771045,350.3959890162205,0.4020214296209469,0.05573429060761539,0.30838444504014767,59.900387220041466,38.668490724164876,24.888495736108702,998.8173880033303
2026-08-01 14:40:00,179.73976792769315,121.3709866510065,34.92438546631946,94.02246670812757,59.890707486895025,100.58306388809511,320.4961541912418,345.3191681346966,334.6920773710258,350.21201167903416,0.40090311179845045,0.058197459170178496,0.3102809346837516,60.27579665198691,39.041414712650784,25.15953795823464,998.1160164488022
2026-08-01 14:50:00,180.21089792095643,121.19822779188371,34.95576872807027,93.67540179129864,59.49822606565784,100.32654425135058,320.5290704746743,345.54756275486994,334.8280797232563,350.22670426545756,0.4015173064862225,0.056917263125728194,0.31588802572205954,60.15684954239066,38.96501723255519,25.011595296768387,1003.8628328962468
2026-08-01 15:00:00,180.10276464020544,121.06777392339737,34.86824515015228,93.6450456585487,60.024853761567925,99.98792819349504,320.56632581849345,345.5863245463976,334.90118893973374,349.50361833025704,0.40265091549416915,0.06000497366739751,0.3131820420716404,60.328698202616515,39.123395846120665,24.827950184313305,1000.9861300072597
2026-08-01 15:10:00,180.1921400145418,120.89922291485838,34.9677999612573,93.84908326855862,60.0016322141464,100.33419051163368,320.39681272398406,344.8795840989419,335.11570488613035,349.721660288591,0.3985034141169795,0.060731182059495493,0.3091204267527711,60.341022576918796,39.290268825382796,24.988964625993034,998.9216306334548
2026-08-01 15:20:00,180.09323575614937,121.20899765945539,34.97975940619087,93.80570450007518,60.48916884965347,99.83006522414342,320.57407832529987,345.80753002787293,335.2342706866664,350.08637802219937,0.39716065713322235,0.058751731352313485,0.31141110528881216,60.007094135650526,38.95626600433576,24.986421650258745,1000.2213401090257
2026-08-01 15:30:00,179.75114605540602,121.22376678533557,35.08092423265797,93.70870830564718,60.10750294247223,100.52606317921348,320.2153357853162,345.52294416044583,335.1620002504716,349.7867875528118,0.397281464119271,0.06029480280453847,0.31436978159113943,60.50651380961212,38.876509416202694,25.310688935010777,995.8402974874715
2026-08-01 15:40:00,179.7654167098335,121.10495257015096,34.871495995343636,93.6028105208419,59.80187893652023,99.99730021966418,320.3181609534764,345.231608083266,335.2097079013809,350.56063190039384,0.4015558026286034,0.0603339875293461,0.31226662888102624,60.054114616116216,38.814709726445955,25.00869662111088,999.8348528451091
2026-08-01 15:50:00,180.364918105829,121.19187576101916,35.320736750181794,93.71729787813176,59.972300922893176,100.2916911770902,320.6130446034929,345.42618859737934,335.3255185976034,349.8540834065582,0.3994052371817507,0.05834587100740794,0.31290992398097445,60.49926234182654,39.23594555668453,24.888725817225392,1003.7192404417715
2026-08-01 16:00:00,180.0504847737294,120.52242004102547,34.985168242379224,93.77141362241917,59.612898813285625,99.35455337733826,320.7660704209757,345.2841834857115,334.8045296163894,350.39984076200017,0.39950595583961035,0.059851522466783984,0.31232843466126314,59.76723011794762,39.263670529964756,24.881277113872887,1000.1031321205201
2026-08-01 16:10:00,179.71654890116824,121.15712125492489,35.123153205215246,93.78593853771802,60.01031336268419,100.17334002443921,320.10463569934046,345.26182881799593,334.5356970178833,350.291971712913,0.40029378761643386,0.05759791768750081,0.3102911407565627,59.99687601026058,38.85696904181663,24.760057283302597,999.4439420655078
2026-08-01 16:20:00,180.06962640002163,120.40288278509503,35.10130320779609,93.7381426254657,59.9356794022511,99.15589794131672,319.78786140547453,344.91332233151365,335.285262422591,351.01173293249394,0.40162005935868345,0.059025669606757813,0.3153401713047695,59.4201992773795,38.45259955944741,24.90616052972617,997.9468254309671
2026-08-01 16:30:00,179.92757527934518,120.50471442687842,34.7453674490376,93.6273574720713,60.12659355568763,98.98233552753004,320.8328419798935,345.0858971411223,335.57396486602926,350.205654339595,0.39930713610322305,0.05875117904275898,0.3092102391456645,59.5834774586904,38.391459811428035,24.488862763916895,996.9808269269666
2026-08-01 16:40:00,179.63131720883968,121.04422035280007,34.97112749015679,93.73452865309802,60.2802913120734,99.84776156114428,320.54871106783435,345.10810035655624,335.2591035420879,350.6261262058824,0.39849165485613613,0.05850100479535325,0.3120835644179547,59.68671442650853,38.88678650265835,25.197954199705563,999.1498337003279
2026-08-01 16:50:00,179.5419623656579,120.97061378388504,35.144678203806016,93.75899202762899,59.399036077386484,99.55003619620071,320.7451206800566,345.5162115993516,335.0782081058993,350.0673617906473,0.3991052673233071,0.05774219004362635,0.30991018438519624,59.736157332562136,39.01360347826134,24.981939061650458,998.7500005307056
2026-08-01 17:00:00,179.67946666115944,121.2372714057072,34.75490904822096,93.74484846533254,60.09842166241627,100.08202639785611,320.4799953208988,345.3448481447531,335.3738344230314,349.864514318773,0.401546853778638,0.06057444830731941,0.3122494861371696,60.045407979664894,38.80712142790875,25.103989770261947,996.0185150170146
2026-08-01 17:10:00,180.05435850852572,121.68647450902057,35.07422323081364,93.89838632659304,60.221714744493006,101.12237831324302,320.289841821898,345.32682497718304,335.1096242879132,350.3033977938368,0.39970270798560603,0.059835077119428925,0.3126362373010192,60.607881293167,39.26304998017522,25.305153257963045,999.5357543064745
2026-08-01 17:20:00,179.9903855563773,121.42877714861116,34.905773254432134,93.59696401079464,59.63987550199857,99.58413840929396,320.0374550404394,345.1802164610564,334.81710379063423,350.57507612955925,0.40123096421875853,0.06350216044105124,0.31228305985260635,59.716221180551436,38.66953236654208,24.82312322288699,999.2305446740371
2026-08-01 17:30:00,179.95016816187493,121.14182066110926,34.95068966089035,93.63606137109147,60.57112508148272,99.68802820677804,319.9451984185943,345.57555307434535,335.0967643797986,350.0471857842649,0.4020384874465562,0.05566301360757997,0.31308635622854747,59.94749026764577,39.335257754793545,25.003756313345658,999.6456144588577
2026-08-01 17:40:00,180.0569356307592,121.0096258187867,35.01973100190889,93.78787224381054,59.78341086488927,100.10270197303235,320.64824556039946,344.51809303401456,335.4440909871331,350.51068698989104,0.3995443580073072,0.05968179426460517,0.31413938679333403,60.372511128338374,39.02708142585468,25.194054149266858,1002.667829828906
2026-08-01 17:50:00,180.1202260853626,121.20325886114169,34.8107304362103,93.72956900542715,60.740330887167296,100.24650664570618,320.5146412835629,344.9596628454791,335.3140045249074,350.3800532533747,0.39846493225542745,0.06006208111633528,0.3087483642634922,60.68544454257271,39.42349757509288,25.096538184095877,1001.708512851776
2026-08-01 18:00:00,179.579498512093,121.04204474569507,35.01687189369669,93.63447896975855,60.235750715063595,99.91179696704712,320.3232717922,345.49320956721516,335.4242760382039,350.2161639940737,0.3976656521817439,0.06099827937457956,0.31277442753060203,60.08541320870828,39.29069095192206,24.88755331714109,1000.3134213439934
2026-08-01 18:10:00,179.939769763571,121.13564068961928,34.93268240343478,93.76869039650701,60.29086296498707,99.8970348348734,319.90914304192165,345.1058491603356,335.0705533806084,350.27507923718906,0.3990189573408971,0.060402167555622055,0.31516901371084866,60.148808009398884,38.93543684778875,25.164297034011824,996.2611910203151
2026-08-01 18:20:00,179.83441706992915,121.26741473426623,34.9223567732758,93.80700657569007,60.081229558862724,100.35123147756028,320.08283918343847,345.40961814266404,335.3904052069775,350.2566007270007,0.39802595433445154,0.06456513215385092,0.31591863223233335,60.493007043337066,39.22462773245308,25.208947879196728,1002.9398508321852
2026-08-01 18:30:00,179.75336100444216,121.17895114404436,35.06743394467555,93.7362967255398,60.30347930288171,100.25995381851695,320.0566756979347,345.68098414966823,335.65515519367074,350.0419433979077,0.40042139579060015,0.05839434234928332,0.3145376006685531,59.696324939557954,39.02276887075835,25.011965597681264,995.8830205129925
2026-08-01 18:40:00,179.8905597443882,121.31964376446635,35.348029257687074,93.56393358352203,59.688652362247126,99.48316208396315,320.1513648853055,345.45916080927594,335.12857487900243,350.26413095371123,0.39749415133876265,0.05662451157393929,0.3100040540863696,59.32518167503462,38.70395249906983,25.135647130934323,997.4501186475851
2026-08-01 18:50:00,179.97542558044114,121.2277403839605,35.03157374223372,93.78205881026682,59.75766029878676,99.96040934069208,319.4022195814165,344.81213311966644,335.08119245763197,350.3461935630279,0.400356041646871,0.06103022510854769,0.3112580939185028,60.20660510202567,38.57375466349929,25.145632589335953,1000.3674409379679
2026-08-01 19:00:00,179.94672870868808,121.1828598340315,35.052593316596884,93.9443432498898,59.410267545878156,100.01764342433074,320.3092646303491,345.1699506364537,335.60263749336076,350.0111379663535,0.39921238376606555,0.058215683943161275,0.31442986728522354,60.135210787361224,38.76295721836635,25.03551098867852,997.5141563264858
2026-08-01 19:10:00,179.70906653731285,120.94807153821395,34.99217108925822,93.54281541197194,60.16308456243843,99.47275768897545,320.70042869830473,344.90814319830395,335.2648181834782,349.46600539430375,0.40154426376709945,0.06020363869405995,0.31505047917584617,59.54196141506292,38.61083512667672,24.685620786523334,1002.0871368924228
2026-08-01 19:20:00,179.90337009707147,121.26851351860637,34.92491210514966,93.54480379363638,59.786502370247355,100.12991955033718,320.0889790582834,345.3739940234396,334.8847134505086,350.4177263436802,0.39788182208890566,0.05930286192250147,0.3118395737797852,60.29927009910996,39.251606502309656,25.18624085238911,1003.7223895305341
2026-08-01 19:30:00,180.4031665783848,121.33255050888104,35.02307657958478,93.54978665399754,60.226051406054665,99.57102176141173,320.25753513921273,345.53707565283895,335.11368332822616,350.0334968365256,0.40019283548996226,0.0640578031035175,0.31211713489793036,59.545159840199865,38.69408993855223,24.742443989026455,996.0905335132638
2026-08-01 19:40:00,179.7890890311907,121.5826479570905,35.14903484517907,93.63864008727374,60.17946966834165,100.48603335395852,320.3321764684946,345.1748610084695,335.63607991845504,350.39719083185975,0.401388243423178,0.057920770718374676,0.314166648251088,59.95507020718281,38.88969188884095,25.13444738744091,998.0188897340273
2026-08-01 19:50:00,179.66258140430043,121.53443249802105,35.01612203729046,93.55490041089676,59.59705877972263,100.09637295630253,319.9630065347431,345.3915160249368,335.3527091755706,349.98626963485475,0.3968968455958262,0.06311062238965925,0.31489923840410156,60.16565298949784,39.13387987664893,24.789049906981703,1001.0660410225516
2026-08-01 20:00:00,180.05504831388242,120.66651649215751,35.0862445506018,93.55239450332319,60.21093180832071,100.04465324288452,320.3814868936171,345.19029054371856,335.80656734804813,350.3512791923746,0.4006694435340913,0.06079927329449302,0.3117938392493371,60.14226331133123,38.82234365873759,24.810356580573192,1000.0643541761353
2026-08-01 20:10:00,180.11932563216297,121.20031867190805,34.974469486201755,93.71035639556398,60.07792599318293,99.70448582357186,320.0211851198063,345.7981388630753,335.4397698991354,350.17384250848534,0.39891473943012873,0.06028778589991956,0.3106547090435881,60.03003888650269,38.757376989614876,25.00294729340007,1005.7715195544922
2026-08-01 20:20:00,180.09280882041904,121.4624123135962,35.24916659518779,93.73515999698219,60.06048087194019,99.94069508806115,320.13215845621164,345.2896476024567,335.32822039491924,350.14872165196823,0.3981896220702827,0.06014494138618879,0.30930318211315966,60.78426086138809,38.68424234306441,24.60216426634702,1002.1756260340917
2026-08-01 20:30:00,179.7760564928307,121.20621084726102,34.83225456329537,93.68000338128961,60.13846500793267,99.00112685354647,320.33607369590277,345.3199320564581,335.56992945596465,350.22966298085606,0.3970428775977454,0.05785135560548153,0.31130145703987727,59.27332447793437,38.8411329216099,24.891143033022896,1004.9258639090878
2026-08-01 20:40:00,180.1996189850484,121.02729086594927,35.05561382716895,93.65428693831284,59.99207259658874,99.43429626473846,320.24829441008706,345.4176655684907,335.07170336566446,350.35108895207486,0.4000873120942211,0.05998987897161054,0.30950251498083564,59.9145317069159,38.641756167297196,25.187730087993145,994.8465617198696
2026-08-01 20:50:00,179.84293356229884,121.03347094333382,35.051245545545804,93.61641142948926,60.00363272274956,100.18141989959437,320.2945922388816,345.55992244407514,335.5784079422232,349.73574250521744,0.39879832886154276,0.06018602624506433,0.3111225225795649,59.946525127206286,39.14477092305876,25.100091861441097,997.059667000665
2026-08-01 21:00:00,179.77302470915188,120.91193068030628,35.023664862598736,93.61894269579462,60.31725663884307,98.93571647908892,320.00020529908295,345.4590251231732,335.23371538081676,350.6144202200552,0.3992316365756652,0.05919278924531474,0.31496546814265736,59.33347294967406,38.251191002521225,24.73620877712331,995.3709337103098
2026-08-01 21:10:00,179.878304495364,121.37882707060014,34.88535674858198,93.62248395657728,59.7007486501051,100.42330426074058,320.48316590363834,345.25499059258703,335.18662461039986,350.54975490012066,0.40139078659143046,0.057418302033996095,0.3135111553819383,60.256042205787786,38.98838396367474,24.93351313705127,997.02724554453
2026-08-01 21:20:00,179.97825989865586,120.53578530434784,34.88316384007293,93.48982081072096,59.6384474273702,99.12695176231304,319.95626918403593,345.2810470421801,335.3833045965315,350.3496982780698,0.39405367959329596,0.05882661594595118,0.3116709789799371,59.94196925417917,37.717515495667726,24.713402166692447,994.6688638479732
2026-08-01 21:30:00,180.1428182856129,121.3630521534325,34.973403896298954,93.55194901190404,59.771218959229266,100.37836925133213,320.5217447628442,345.41271521707637,335.12651241783874,349.7792260450716,0.4016791205599945,0.05943110950573203,0.3146813035490669,60.16510328921681,39.31375088699589,25.221692478997134,1005.8932966621804
2026-08-01 21:40:00,180.12476636513767,121.32741679524457,35.00682380929357,93.69223299716661,60.3112647370877,99.57725148356033,320.1364718558046,345.4380861159745,334.93045189212177,350.50602804836876,0.40436818314833467,0.05955714805536306,0.30979848058140275,59.25534454077814,39.46569208029883,24.941596922842567,1000.4526907258673
2026-08-01 21:50:00,179.9955001457883,121.74144156544888,34.87556502690055,93.76248509890438,59.903134484517125,100.38949554217123,319.9327230071044,345.16492150032406,335.001497271912,350.2624039518377,0.3998041787356961,0.057049409081460306,0.31366287222111217,59.40243171622583,38.563374301093404,25.04687964906207,1003.6956124439438
2026-08-01 22:00:00,180.1865811111358,121.49879190928841,34.890218574401345,93.57225517278172,60.57581009109032,100.0654756037924,320.255501894221,345.10936239908557,335.4289851782281,350.7443474169201,0.39916483516801526,0.06020923087264186,0.3115488154000916,60.42333425593834,39.51808387251504,25.220459342115902,1002.2020758964096
2026-08-01 22:10:00,180.01629791467974,120.75702283741313,35.05281882888951,93.48345161082695,59.073141976801224,99.23158252985425,319.97464806355987,345.20905840023545,335.36507243581445,350.1307864663836,0.3997235128620936,0.06219375114946981,0.31352902424485973,59.57845740282025,39.07135245461368,24.843520986308306,998.5840158865851
2026-08-01 22:20:00,180.1791967807601,122.12727953026373,35.09998009896062,93.6789446132342,59.785396394881865,100.62457437477923,320.1304961335925,345.4104723402453,335.30238073193345,350.2117790419648,0.40167722319047894,0.059594534078355806,0.3150373327837969,60.71031547841427,39.5139643608898,25.076478659193526,999.5395170797041
2026-08-01 22:30:00,179.71922624103817,121.43914524421143,34.94060120513918,93.70222386351165,59.865875032947564,100.7208535777613,320.2434925226435,345.15318440409703,335.49615496410274,350.55794847309994,0.4047133665407744,0.06279948072107419,0.3104016059387229,60.34365353078341,39.186567880015566,24.95396565914633,1004.341485368743
2026-08-01 22:40:00,179.68516520145658,121.31117463123294,34.92683813931255,93.67321106402639,60.081347862290315,99.9670975469999,320.5183113619133,344.9746765631809,335.0146417669072,349.6453829023447,0.3983352378286771,0.060471522278951084,0.3139335149389343,59.6404598613718,38.850791800268944,25.120625586147305,1005.0343857113544
2026-08-01 22:50:00,180.1551440893233,120.9935564237556,34.92394606649404,93.57849030609104,60.40207375931664,99.86304186391384,320.52441886763233,345.1896131774626,335.1613034119977,350.1592827470463,0.3939980454726054,0.05901794136814119,0.3124257652523059,59.68207655085564,39.324206941251504,24.781361742287135,994.8135392641694
2026-08-01 23:00:00,179.7219835107748,121.57728653414557,35.24447207302236,93.61413385692092,59.943907476947174,99.92006651701467,320.4338321565953,345.14709144162293,335.7749996675798,350.22454896995225,0.4005138016729426,0.05788782393830664,0.31214830334411875,60.28992868721428,38.82451567466029,25.002762211906344,1003.8464984963806
2026-08-01 23:10:00,179.9396961599049,121.2160652060765,35.04557123243169,93.37098645006307,59.6942002063152,99.51242383861063,320.2131254764426,345.46206259446154,335.00343593014026,349.60120202325425,0.39977228907538315,0.05747376939766695,0.3094038307790427,59.46360546712105,38.42118826256353,24.87113376632576,1000.8918784289484
2026-08-01 23:20:00,179.9803794495969,121.7939692491447,34.98998882249806,93.60909271841496,60.25184950200698,100.54929337987846,319.8525249117173,345.1447439278881,335.6746404485748,350.0034913871179,0.39960851454351565,0.058470596638832646,0.3124807941206095,60.493293049923565,39.007545237801324,25.261538032085898,998.7514636189932
2026-08-01 23:30:00,179.9024098318691,121.25583417221729,35.09718152565998,93.35840577663289,60.465891387473064,99.7285540341349,320.2345999816402,345.1771122973408,335.21285640964425,350.3509290323427,0.399490282874375,0.05953422839594593,0.31244084678005635,60.171096107424084,38.96028654795722,25.186189069395553,995.9007079351769
2026-08-01 23:40:00,179.90930210523024,121.3439950074885,35.22612478895509,93.74059391012834,59.2314047863583,99.97440479365416,320.20831741504463,345.82970807696375,335.45299117812294,350.38324518290466,0.3956669037776438,0.05776001105742039,0.31280390232261307,59.47576083094823,38.941838416452875,25.27254720860133,1000.0239608845072
2026-08-01 23:50:00,180.27852530903562,121.22298488908794,35.11362082443501,93.6531663153152,60.17424022892177,99.60335179839848,320.2662980875573,345.4252001931579,335.36861152982027,350.7711965666058,0.40052525100794356,0.05936543213851439,0.3122636264653975,60.18232786775476,38.776007501740594,24.922663101909762,998.3443743299944
2026-08-02 00:00:00,179.49407969830006,120.85435084243343,34.85365873152982,93.59065415701653,60.08906322346661,99.6869634501399,320.15210183739117,345.0364253434372,335.22350445319813,350.5676803564084,0.39850958045199464,0.06340969507690508,0.31044084136149297,59.90313166368988,38.89158212215431,24.795871980229634,1001.165489256111
2026-08-02 00:10:00,180.17677472694456,121.28192147270825,34.98788363931777,93.58672806429617,59.74942625776361,99.36113742417442,320.1552111855479,345.64459506506955,335.3355940602106,349.89883040768143,0.40048311775164874,0.05601210753848824,0.3155893774564878,59.69823702245083,39.33786830163603,24.580240920975857,998.4823660724007
2026-08-02 00:20:00,180.4590344685587,121.86317490551116,34.955961807230075,93.82153440520659,59.85687883196469,100.6285346568572,320.54587236618306,345.2001405614117,335.59123827709885,350.5240963073114,0.398972511436874,0.060437592004678124,0.3122563996067145,60.39635833133279,39.358965541417675,25.45764946812343,997.660258331456
2026-08-02 00:30:00,180.00471691211322,121.27801794381982,34.96206475311587,93.62742151250966,60.0869533745992,99.92295621339699,319.92233016913275,345.0752494768237,335.09720612791585,350.40835288481804,0.39815350631617513,0.06020987789428555,0.3149877975224935,60.24511147349585,39.102523851405984,25.117640573344275,1000.2052685570603
2026-08-02 00:40:00,179.99620504090413,121.61964900764188,34.87455833237931,93.43579553605187,60.00843521989607,100.4829608093644,320.3173389392778,345.49308759783906,335.02398537138964,350.32919462673254,0.3963550964210852,0.06065793943212943,0.31203631550322325,60.17182116697198,38.88036936052498,25.05706334298497,999.5558629540154
2026-08-02 00:50:00,180.1452741591246,121.46478742418336,34.957114771919514,93.51366941935628,59.925129415939004,100.00666229845663,320.6854065820814,344.9085732116471,335.56850781827893,349.96598260616685,0.4026248238426131,0.0605654532434553,0.31100620461321077,60.28022346964309,38.854801805923415,25.176557048344463,1003.3469399015447
2026-08-02 01:00:00,180.3657709081136,121.5575919413908,34.8877596678887,93.25239507710008,59.64890862458578,99.65279823614856,320.09337828422497,345.2941706358463,335.19405882700136,350.84892940102026,0.399757625629321,0.05988967528516255,0.31514180995844343,59.85765649618119,39.17850204037361,24.820761161883194,1002.6981090876251
2026-08-02 01:10:00,179.7623902101762,121.42085341830439,35.030218562300824,93.42362939248657,60.085721637007666,99.83665736999887,320.0322005150359,345.4750252862288,335.2639068967889,350.8196833235769,0.40060143184812846,0.05922313393566078,0.31496090828191137,60.06144332886867,39.080770905913546,25.069552433105514,1000.970126231283
2026-08-02 01:20:00,180.01753786671105,121.29280061192159,35.00073114765051,93.36225651328475,59.80006131387154,99.71988447474855,320.25737934164647,345.52972281531504,335.26122906689153,350.3950936010172,0.40292949608089257,0.05946914277939409,0.3118479926951163,59.693386461443765,39.063647276872594,24.840207234622937,1002.6750050257965
2026-08-02 01:30:00,179.96275669502518,121.32018895149068,34.854602580281714,93.51490332171609,60.025910504474645,100.00397954959246,320.22465465555933,345.16919325282913,335.1921000047768,350.0702055746257,0.4008993336829017,0.058118396723987324,0.31297740346506386,60.38557821081015,38.93041005406604,24.820798298845602,1000.1131310128847
2026-08-02 01:40:00,180.11187625536795,121.03621501744749,34.82521556750688,93.5274283835634,59.82330805909852,99.81236658016152,320.40395432197323,345.179126713451,334.78181829880384,349.97702839614567,0.4003905665954233,0.058507355992864246,0.31358998770097535,60.0979847847969,38.49096234331089,24.928139060230034,999.2218927212806
2026-08-02 01:50:00,180.03183733928591,121.23992242720276,34.9481199749649,93.39560470447333,60.05967784202352,99.8500391420291,320.7256820439721,345.2994455939569,335.29445041282025,349.9846976972006,0.3954080488653787,0.06009944277977132,0.30988760728496095,59.73088055973512,38.8580119882301,24.96805470179689,1006.0839868911308
2026-08-02 02:00:00,180.13193062315017,121.12435044193501,35.06135746843937,93.39128357096793,60.22445026153598,99.31071265793204,320.29421991255424,345.6706774131748,335.18698237528264,350.57659869428045,0.4021488740625693,0.06007235620645997,0.3116426118047835,59.61403926279722,38.61676251535734,25.024976225645055,993.4562328750274
2026-08-02 02:10:00,179.9156734636157,121.19899432392954,35.04567671391726,93.4770873840823,60.07046536484582,99.59657703618944,320.49674554287196,344.8169654816442,334.92387101997184,349.818214920787,0.4016382203454906,0.06026489288106529,0.30858144896870676,59.687894175792735,39.36188246780597,24.881506377478917,1002.2695885677825
2026-08-02 02:20:00,180.00980043111372,121.84236501594296,34.98946247743947,93.57374253168179,60.197438385711905,100.82702877440022,320.1654829305417,345.56331821584774,335.1615580606255,350.6547913715868,0.39772692736380516,0.058479940722887896,0.31454982600583614,60.630487260378054,39.00176237599359,25.451809024198898,1007.7751170735186
2026-08-02 02:30:00,179.86593152391856,121.43962300205324,34.66504749998336,93.4302372112201,59.58271991391247,99.66438339187414,320.1944659216543,345.4173321030111,335.40231738088147,350.2710491774892,0.3969298481335206,0.0575188366577087,0.3087993884772463,60.046588623707706,38.67571671349565,24.939308243684923,1003.4100389484107
2026-08-02 02:40:00,179.8671418992648,121.29219161579871,34.94652130675988,93.18036838121608,60.13921915087987,99.47295310618826,320.4254331091695,345.72354568631783,335.8511848636396,350.42808270161083,0.4006591497867679,0.06415141872982968,0.3122467449360067,59.16649355424093,39.34975868462533,24.896972617755182,997.1051613420079
2026-08-02 02:50:00,179.97169203186542,121.59077633764018,34.92188950332706,93.45452216287944,60.08686799162528,100.16866316628752,320.1452661981519,345.0173661070693,335.1738537522263,350.54998401855244,0.3995741889318446,0.06092896496415581,0.3099873207494161,60.25233154733809,38.98327977859393,24.840030488750585,1003.7043937433291
2026-08-02 03:00:00,179.9715980189841,121.91986746501654,34.96246230178278,93.63594043531042,59.811294977695056,100.70363609977827,320.6951243948468,345.6665750177547,335.7384872690953,351.0310938351678,0.4027291917184181,0.06171211607938375,0.3124410731432561,60.740970191621585,39.10648597906657,25.146018633451806,1001.9334655342174
2026-08-02 03:10:00,179.7655032515528,121.16190526399183,34.873777461948585,93.40899485864634,59.950106381303065,99.2729878487594,320.2270297657579,345.0938183131843,335.20423470476106,350.54821309869357,0.39732533172653556,0.06042054770110512,0.3121443814543639,59.7115982665891,38.97096815757837,24.99006051556154,1000.2627943786617
2026-08-02 03:20:00,180.31401167586176,121.41589091282705,34.95265826387013,93.30446949122995,59.158211699458015,99.89573907587436,320.3002676971041,345.42818913662137,335.4810032354398,350.28402057984084,0.3997704270011613,0.06142200764386584,0.311616629732687,59.92220748197414,38.75820403568657,24.876951422152718,998.510626009607
2026-08-02 03:30:00,179.9729831819561,121.4213605909997,34.92937771439984,93.39579775458564,60.02328442134674,99.68397372303255,320.0445461246284,345.23322816106895,335.2683443068294,350.44588844734955,0.40115820520005774,0.0619647844067548,0.3136103438683723,60.04648290211064,38.85590001259632,24.895881602999935,998.4706673552071
2026-08-02 03:40:00,179.7232598474173,120.72033707014342,35.26815239418282,93.37775593983898,59.87615647734413,99.1194902628363,320.224262773986,344.6480481840524,335.5701422181584,350.37874598108345,0.4007847079633126,0.0626996931439459,0.31195015757604877,59.208411077098944,38.561877825663906,24.768947007619825,1001.9772097453806
2026-08-02 03:50:00,180.2203069185242,121.90632076337002,35.06656853154322,93.39717042364134,59.31779640946151,100.3674633546292,320.0603275536428,345.3326363286917,335.39046229131935,350.35076621059113,0.3974817424288968,0.05983956767041105,0.31433301059198754,60.0678794627334,39.32914761137475,25.20708405879428,998.7032434645686
2026-08-02 04:00:00,179.85034343591778,121.22589523899138,34.976648659760016,93.51283026337319,60.15147867934612,99.98827804072258,320.21281358644444,345.46308694316883,335.2342220025288,350.3728678418201,0.3971075240275017,0.06102684824919753,0.3131834818271557,59.80363765092093,38.896605981577444,25.249069130822846,996.729360442831
2026-08-02 04:10:00,180.10165626694894,121.67789501203683,34.99118721563581,93.36630661363185,59.807203129702415,100.0357209221463,319.8373285914817,345.5990581761388,334.8923290136524,350.05219921004095,0.3989930204486809,0.061668887622492945,0.3104181456501539,59.706801337178575,39.08493668565968,24.92689236142151,997.4111468219287
2026-08-02 04:20:00,179.99659660467802,121.32482662662161,34.98408739893264,93.360052929981,60.08251826232102,99.6238442637772,320.35683186551114,345.17634902122956,335.65048421073897,350.43942167483914,0.404069844711585,0.05686816787713903,0.311984410245075,59.87489395393177,38.52438125945664,24.977233307075817,995.4638187256699
2026-08-02 04:30:00,180.0501232454098,121.83066546090633,35.014879279144296,93.44896615386247,59.92719791133304,100.22739208149846,320.8740150296935,345.02566443020385,334.90879733021245,349.9508780201243,0.3983239474366996,0.059980544668015175,0.3127167849474723,60.22532262920901,38.952301498245376,25.07768472763907,1002.0950750396729
2026-08-02 04:40:00,180.0342042172363,121.38853460053153,34.95538088604708,93.61930372680516,60.1443680510037,99.73035132525634,319.8137515755594,345.56137493301117,335.1780863261897,350.68331297524435,0.39900532916787607,0.06070686849931989,0.3142226089321262,59.96252098357365,38.90949346585344,24.709885511322387,1004.2051763618025
2026-08-02 04:50:00,179.88496644455947,121.29005033117157,34.99422163725705,93.3834939477119,60.02497591359912,99.92854839575162,320.8759864828381,345.26048289777447,335.88985584228305,350.2428661914677,0.40159487639447244,0.05815794755067434,0.3150665885199839,60.21970471416082,38.75805088028978,25.127188265904675,1005.3976753200021
2026-08-02 05:00:00,180.00818925743442,121.47173699964559,35.09892451092162,93.29668549949191,59.912454307330044,99.44586960390924,320.3325683701431,345.6620387437054,335.435591300563,350.01286958375255,0.4007916010184434,0.058770879260311965,0.31221805143979275,59.55338441635628,38.95798311372886,24.840913114991285,992.989328390718
2026-08-02 05:10:00,180.4066184107437,121.27320897657684,35.079358622392014,93.41440035972714,60.1471497060411,99.3919486198959,320.6301299332222,345.7720804671759,335.39138326340543,350.5507244630715,0.40258330269970366,0.062235318480640955,0.31324141611804446,59.65221024800141,38.738677120712765,24.918240430386597,996.8976401445497
2026-08-02 05:20:00,179.55247883103334,121.85998929385637,35.02697063070967,93.44143427353332,60.24917202691103,100.66776592765001,320.07611800615285,345.3024054412265,335.40604587005737,350.55960510683565,0.3985662451509089,0.06083951684691319,0.31258703069338756,60.05567130839454,38.614915983918586,24.98161122694028,1003.4707930352191
2026-08-02 05:30:00,180.01319142133653,121.42836066142314,35.12956277319397,93.39516549800167,59.31771243715231,99.74644764773076,320.97001258518196,345.3222526555448,335.443724112075,350.3935907818509,0.39859962593290704,0.059858280072210876,0.31324882161605877,59.560203380133494,39.4266367557668,25.059643245227466,1001.2703281373173
2026-08-02 05:40:00,180.0869962945225,121.80360468663231,35.01848460273764,93.19304458770539,60.0067180352865,100.1458401781779,320.0597950020698,345.1674130818572,335.27056664792104,349.9204723908585,0.40150744483685735,0.058908672639120765,0.31062116340556917,59.67324845964025,38.9276773746623,24.78849255070271,1000.1952762689518
2026-08-02 05:50:00,179.78954569663975,121.69561674282198,34.89754863663121,93.42448560688109,59.819831787737826,99.98310478261631,320.35562368024983,344.797791646262,335.4767506707593,349.9840153199797,0.3994515039296979,0.06032431591276302,0.31137538803722825,60.27420113855352,39.24666820167572,25.14009094285784,1003.656873004132
2026-08-02 06:00:00,179.72593039096802,121.48748967295364,34.820725078267465,93.36415960646829,59.66596761714408,99.7794273986189,320.8375608379236,345.37547736356714,335.32854315533484,350.52757981501225,0.3998749577618947,0.06667826417877427,0.31422198217384384,59.968177584089894,39.09258381554681,25.17849305941224,1002.4754197463965
2026-08-02 06:10:00,180.43178318246765,121.12024104231624,34.92621894260442,93.2285885101708,60.39068560339518,99.74601951483139,320.00690535526235,345.58657153053707,335.2799545969368,351.0333771873416,0.39790435612313574,0.06024247963162718,0.3151448365776258,59.54716687454007,38.91610188572805,24.942836848179887,998.7764119126135
2026-08-02 06:20:00,179.92569925316144,121.6196618611077,34.9896856672663,93.55567590838731,60.287156714083224,100.31504129572279,319.69750751141595,345.6837862336162,335.521383936626,350.4485733405184,0.39838814729153765,0.057989965292969486,0.3131966574241453,60.06512508439816,39.25903169386057,24.883217068976023,995.2298033732076
2026-08-02 06:30:00,180.41579903232054,121.50903762210231,35.035921493854666,93.33683535619676,59.687749150318325,99.84906619773305,320.36493818216394,345.37788733031005,335.57238489137984,350.4617483013637,0.3983664333929885,0.056686772964854824,0.31211142750364723,59.583395133740126,39.07992297365952,25.178480646936723,999.2345741240479
2026-08-02 06:40:00,180.10715266205924,121.8866706001485,35.10402491889863,93.345416092401,59.66296648898076,99.92427817591435,320.1621561214762,345.912894707862,335.49073387917963,350.5498414518658,0.3986717751539482,0.06212965835463873,0.3135949322527967,59.36512750673866,38.706122850762945,24.93086997083063,1002.1852099970312
2026-08-02 06:50:00,180.01522821207243,121.64973269930422,34.9384033277273,93.239290876027,60.2442684009178,100.01111077859724,320.1038907658838,345.23896394261817,335.67125926138806,350.1253411786297,0.3985128353225092,0.06098963418131098,0.31134703323890833,60.29453326152545,39.24390395811487,24.911278475466876,1001.9267390758148
2026-08-02 07:00:00,180.0951941024097,121.82709890135386,34.9151989859057,93.27112493987329,59.81001574335498,100.588254160126,320.12292339750917,345.383695886853,335.94744157529294,350.70809062133316,0.3992720747197937,0.058116486924238236,0.3160399663386731,60.458009378332484,38.91199816790337,25.465204097793197,1003.9940502014584
2026-08-02 07:10:00,180.1270010890912,121.97441313793041,35.073330496779,93.34333831991876,59.90025489102367,100.34025548731657,319.9626192324637,345.2376957082674,335.90511854603915,350.2002385295111,0.3992180581099584,0.06277728436317875,0.30994487061883425,60.66192928788652,39.4824752848445,24.927670650161275,1002.5254677876745
2026-08-02 07:20:00,180.23593104467543,121.64832577969047,35.114063321060506,93.2258983549882,59.406046215155456,100.19130013386399,320.8092995504884,345.26899297259894,335.42539783861093,350.3984316941655,0.4019926711962823,0.06255002577609912,0.3131606974927598,60.08837741151092,38.88159038311682,24.95921721837892,994.335629438345
2026-08-02 07:30:00,180.0871631690994,121.44874637961551,34.94807883516694,93.36695637695446,59.95764562013652,99.71821430332338,320.7578941582478,345.3179534530625,335.0712957941314,350.1501151928959,0.40334689625536996,0.05846796199101928,0.3150054426857233,59.80176759290926,38.99475951486483,24.926315190751808,995.9804790413563
2026-08-02 07:40:00,180.02892212549003,121.29805075121865,35.02983504058887,93.35172423727572,60.33944483975085,99.30901563999677,319.99808216975254,345.20283691820185,335.740934451853,350.03556528225295,0.39924734738279677,0.058538566983407134,0.3119381093949306,59.40838609924281,38.682736383951315,24.87141222121623,1003.5765572548127
2026-08-02 07:50:00,180.03525750338676,121.51635747452542,35.13394233078219,93.33412148686625,59.859762617089814,100.47476496586765,320.3710987310995,345.28148825010067,335.43623562978195,350.1673560160632,0.4029441366332287,0.06081027737084982,0.31083991376100645,60.073006735022894,39.37440563771396,24.91854265713276,1003.976854523787
2026-08-02 08:00:00,180.2703826644158,122.01592657170404,35.02815342312811,93.23311452366417,59.96283601337399,100.48322356711044,320.2687620984474,345.4838068124068,335.63470834151354,350.1221022234755,0.40085144097024905,0.059933633753492484,0.3116158489420869,60.14469529350242,39.08080895384141,25.38221275383531,1004.3509788000305
2026-08-02 08:10:00,180.16339364843043,121.65679186855861,34.99049538334565,93.28522588117238,60.52224947156222,99.92964580043834,320.7317874055876,345.4370504619145,335.3011732599903,350.278942607949,0.3955290119252567,0.06098596130680699,0.3130883323355207,59.72157048297021,38.85753959136695,24.7379284908272,1003.3974321413764
2026-08-02 08:20:00,179.7995956893355,121.67863911156635,34.78751637527564,93.25406050227114,60.2617511409075,100.27094192080176,320.16112987477925,345.10995426110196,335.66400628299647,350.8520018922688,0.4004284691108813,0.06216002386124199,0.31486644651721807,60.05689934832582,39.01468167994869,24.95146211647601,1000.1910282719009
2026-08-02 08:30:00,179.87287424054813,121.56687593876808,35.128940297703565,93.38618416821981,60.42575095551063,100.3907215269427,320.88976399527616,345.55440463681305,335.08039005113824,350.4880015362587,0.39709151574806273,0.05880705426958909,0.3126221656214467,60.30776951484505,39.23406037261432,25.1107700388549,1004.0679693648659
2026-08-02 08:40:00,180.06614976481546,121.8541491395199,35.06057497650489,93.38580924423783,60.18745886225752,100.41559222633249,320.4136582238271,345.1791615959344,335.464757457069,350.2386172717394,0.4020317626613696,0.06055560473539979,0.3135935082076735,60.08692952153532,39.51881359079154,25.125097250998387,998.778232160843
2026-08-02 08:50:00,179.87541573494008,122.11689630609567,35.008604949287324,93.32588766237009,60.3585092566384,100.46069173662323,320.18169129949655,345.5441507975233,335.0158061951146,350.52690186081827,0.3988790496122507,0.05738414118855485,0.31415560095697265,60.802408325150395,38.86118039857041,24.968639492881373,1003.0884709036682
2026-08-02 09:00:00,179.9247025961204,121.39277531632113,34.949355876531726,93.2905826695147,59.498409439337074,99.77219117466943,320.39020666541444,345.43697871300674,336.01962933214037,350.24028283492095,0.4029683818971748,0.06126027597606683,0.31329118477410905,59.76627276238935,38.05219688560009,24.795598047314897,999.7278022893753
2026-08-02 09:10:00,179.8088160836562,121.77080703639868,34.87099583182596,93.49787504296819,59.751637304996095,100.75748649133236,320.2458649588343,344.8712094851681,335.3451144958122,350.74184432137025,0.40266757422046445,0.062131535695413506,0.313894479350794,60.79070922918089,39.23490033245244,25.115821446288297,997.7031247706999
2026-08-02 09:20:00,179.94767142809565,121.42863581477921,34.98599548678561,93.39768676974657,59.501165988860585,99.37670347085715,321.08859171060885,345.1253182918234,334.801221700368,350.645783938278,0.3989431195785185,0.054438163956153696,0.31372839621174003,60.14148089306259,38.60252746481256,24.733093313052496,993.5982702706581
2026-08-02 09:30:00,180.08472552803102,121.52208794060643,34.98528139518237,93.29454436023882,60.66507536482826,100.43086153849683,320.466486854414,345.6935138203687,335.80578612334074,350.3103790909407,0.39800053760979665,0.05757078362549581,0.31401516612149233,60.127553085884735,39.232709042294246,25.105010343374772,997.5340637943458
2026-08-02 09:40:00,180.19903232327752,121.31646887386519,35.106045585538965,93.39291847698333,60.05259733263592,100.24696603951539,320.281929421106,345.24153118603016,335.7179372186532,350.40360198821224,0.4019947197215084,0.06066301794116901,0.3111118704494114,60.52799889341015,39.10288889689678,24.86392197057387,1002.1173278349279
2026-08-02 09:50:00,180.00184618965875,121.76440422412924,34.874475122783586,93.314490865583,59.960360784177624,100.43680955676226,320.4548731675218,345.23991744955794,335.83925491325846,350.4413849512904,0.3981974030473302,0.056756517026352885,0.3115217349248868,60.429049384301365,39.026185660785885,25.015576966951155,1001.6028818007237
2026-08-02 10:00:00,180.41497000592219,121.95173309040658,35.14053259662471,93.2861980191791,59.7712791025876,100.93950415354837,320.8656273985726,345.30528962792545,335.09907675462557,350.12412200813105,0.39974196662792405,0.060040055229734636,0.311305591502259,60.26673131101105,39.29007394912869,25.34625045725511,1001.5733298834189
2026-08-02 10:10:00,179.98471732252224,121.9481646703943,34.99950366731608,93.49271587577736,59.69329963354976,100.74222273668933,320.1456299926509,345.4635319046201,335.5483478351915,350.08647972990826,0.4018324562186387,0.06114024017362513,0.3164674782031594,60.342397490190756,39.242418550082846,25.192550166759347,1001.3356338295478
2026-08-02 10:20:00,180.63868463126542,121.2858842771438,35.11500801290307,93.24524509297136,59.15614628815532,99.42741154640534,319.93346054588596,345.59757170227954,335.83000678379767,350.38644705239903,0.39966525039701245,0.06021872341960253,0.3123519229106934,58.81205666130392,38.506712453764806,25.054491778706268,999.272489721809
2026-08-02 10:30:00,180.20033041782008,121.33921205915854,34.898730668725015,93.1832005904917,60.67124332585586,99.15566420986607,320.8236256386379,345.35159277457547,335.3871969057153,350.16421059313967,0.40130777203475193,0.06136864277157826,0.31188275583159725,59.286643247968506,38.33513523018261,25.00820161879664,1003.6034667723966
2026-08-02 10:40:00,180.0993444863645,121.81893481697358,35.03074983686905,93.34752150247455,59.97293462250513,100.4084445295269,320.6186657572954,345.9192726592011,335.559146588177,350.4231765067914,0.4036839008883307,0.05979730240137596,0.3150154417601028,60.344783525396636,38.831663642090525,25.205672935352585,999.9363626555792
2026-08-02 10:50:00,179.90019327118847,121.32078986698104,35.11836008349996,93.18375747759075,60.01651433632299,99.49249379206204,320.30513465081617,345.27726367418586,335.3821832881472,350.6821941292589,0.4005911773365124,0.06212854419328773,0.3137147804985668,59.50036907588464,38.357166439385786,24.896857544488686,996.2252307470472
2026-08-02 11:00:00,179.43510119595243,121.5881503186912,35.00749180544284,93.14920552998878,59.57559854749785,99.99379730567624,320.416996952708,345.30937283092715,335.35706091433576,350.37027301977787,0.40128761871142576,0.05937171440195155,0.31199839006360264,59.97898957128796,38.94923384671231,24.998795250748067,999.5685907610997
2026-08-02 11:10:00,179.96897367747027,122.00846939983582,34.84859952281204,93.47720266330276,59.979527340863214,100.4198637385026,320.77129606442156,345.3917026133629,335.85903003253605,350.6091612480661,0.3987915676523416,0.059009188737296714,0.31491208551959093,60.15937737664392,39.41955918973122,24.93774950841509,998.1274750409481
2026-08-02 11:20:00,180.03564365887252,121.49814695024833,34.962893696008706,93.23899865206778,60.11103579088483,99.17810132440721,319.6359540579145,345.49404274432413,335.22341966223195,350.9555284251108,0.394693690418731,0.05809790046868421,0.3109550034018912,59.38783715475246,39.03660346095366,25.165379502040444,1000.9373078327362
2026-08-02 11:30:00,180.384490640991,121.3817226836854,35.04966599451379,93.14303792433387,59.973245205464664,98.94500977284527,320.82488447944286,345.86556437080935,335.4661479366684,350.3153881942676,0.4002356667973338,0.05640731478336948,0.31058381317807715,59.326599616457784,38.38678568662488,25.052068187833626,998.9382706625775
2026-08-02 11:40:00,179.72405008979499,121.90074841820854,34.85572667859831,93.34864861164391,60.183203946677445,100.12964951016862,320.39652051346883,346.1208296695443,335.62870859684864,350.8656579563873,0.3999658082545801,0.059697496647290044,0.31107748500331056,59.95639501973056,39.155645535673976,24.717910751989045,1001.2084963137717
2026-08-02 11:50:00,180.38117727266396,121.05631173732989,34.8511864273179,93.36353533821631,59.745465281138706,100.02219294480665,320.6519964316912,345.35561839357695,335.47260820286306,350.2042378577759,0.4009846051764408,0.06001765879034203,0.31535017283907996,59.912740758103546,38.68717396614409,25.22684983252069,1002.8955725056527
2026-08-02 12:00:00,179.94975111888252,121.4524919092158,35.01957470749194,93.19343318125962,60.09497337923731,99.87709846430904,320.4374238346737,345.4066697904991,335.71176585346035,350.11268549188424,0.4000102382567492,0.05955198449457318,0.3127014991351618,60.11254810187537,38.92035478886607,24.851243996659175,996.3422902018169
2026-08-02 12:10:00,180.1448113757011,121.66082927874592,34.90071659599067,93.28420978913363,60.26593517297891,100.01926738188511,321.3744051775843,345.63791946480836,334.8771648926482,350.5040321060546,0.3987433945773674,0.05799142827375542,0.3150311738650718,60.648319654464515,38.90339338346818,24.832470440109024,997.7481400282549
2026-08-02 12:20:00,179.4920307168941,121.55949527269149,35.064244022366644,93.13568882796457,60.16610688627381,99.56974219631635,320.2725347366121,345.4246682332989,335.80474093672274,350.40639636014805,0.39876246724564934,0.05910228294806905,0.3104955856418913,59.55907153247109,39.31919530026081,24.855849782843713,998.3450566248205
2026-08-02 12:30:00,180.02780607630189,121.04601107079543,34.87815206278279,93.1893791141039,60.112326972584064,99.24325279636395,320.78629611372315,345.7071795200878,335.1180975736334,350.0250026639231,0.4000788648556198,0.0619055367530341,0.30918188396179314,59.54983688136184,38.552533987311016,24.744057049783528,995.3770259237715
2026-08-02 12:40:00,179.93125358921378,121.97420313246295,34.811966328909286,93.17437077047465,59.96645778618324,99.91667257455984,319.68523752064107,345.15990120114844,335.4074125829214,350.8366985371829,0.3981891696350641,0.0603443187869748,0.3132391968036339,59.85150898367511,38.771956995397424,24.881724697113263,1000.275501587958
2026-08-02 12:50:00,180.13648588203097,121.56678781668437,34.918187027231184,93.39128707079104,59.70123266835244,99.5141456544753,320.47451850294885,345.7091898083766,335.3713903375084,350.7107753730631,0.3972537854399616,0.062382676544056354,0.31210641087457797,59.54610562867467,38.49625272171961,24.70950875336871,995.767351363585
2026-08-02 13:00:00,180.01824505755135,121.22851162503397,35.145592896491294,93.0678511084367,60.16363330420378,99.17825933879445,320.6996383459247,344.84362308353076,335.6144696417349,350.17700750084117,0.4004294550600211,0.06082549460527653,0.3089464460180994,59.61844586149682,38.34455307896307,25.14114633678119,995.0894905115584
2026-08-02 13:10:00,179.77155207571758,121.89258939021784,34.90948373987919,93.27693800545369,59.88004779543431,100.25284053569663,320.00640036050277,345.619843918279,335.4224176963805,350.4060256329201,0.3998745654458985,0.059088317865709894,0.3131527455143235,60.19271256921131,39.32048228140514,25.164129632895744,997.5821280336318
2026-08-02 13:20:00,180.1893975274578,121.66341246057603,34.9954594220309,93.23401346536546,59.71398605774017,99.96930068578891,319.86373025593304,345.6629385037572,335.35344044407435,350.44293314444536,0.4010345593869578,0.06439088100485464,0.31672187626634374,60.39093369174467,39.41269094631536,25.23217473367769,1003.2288343031222
2026-08-02 13:30:00,180.13892574786033,121.69411985433031,35.02073482103264,93.17697593479284,60.227272672276115,100.2032642683164,320.49967498750044,346.18484000084413,335.6853477976861,350.10456072055604,0.39887612225897423,0.05813043041095504,0.313190345708414,60.45622941629483,38.853661054523755,25.064667097020823,1003.6048633211834
2026-08-02 13:40:00,180.11935363922586,121.62625965415,34.90085507213436,93.2176872467263,59.514920018402115,99.50535252928704,320.775059046025,345.2150593687019,336.09373014872335,350.5662609098323,0.39965751405996297,0.05663755626880147,0.3100126156225989,59.54548735896172,38.41721653044289,24.83923917607922,1002.5251916819385
2026-08-02 13:50:00,180.20178307242548,121.51649844424112,35.10541499366889,93.13066217706785,59.83012108919161,99.67097060408167,320.8285973294966,345.6765455386961,335.30564426722395,350.0756821425305,0.39813103112634807,0.05869885312031675,0.31133221936179906,59.37018849500535,38.64561221767178,24.955982582526,1001.2120390980389
2026-08-02 14:00:00,180.2201934882502,121.24965806538087,35.01380416602634,93.07318412775197,60.23032106438567,99.50047848638992,320.27259343427284,345.6655200841207,335.2919196917239,349.9670821594243,0.39915966030143907,0.060434145034926036,0.31116172084536203,59.791454781422566,38.336905985208304,24.436525969273415,1000.5896492758604
2026-08-02 14:10:00,179.9956376662188,121.43594160879371,35.040695393857916,93.11658870370702,60.281782722259514,99.55667906647098,320.58243660363195,345.2117867088185,335.3169854832854,350.9003577084319,0.40156374742939294,0.061531350293698175,0.30882236989621037,59.99216665107708,38.73718092944529,24.67032901206094,998.3525931195059
2026-08-02 14:20:00,179.7284685054463,121.79711256081313,34.82752800251721,93.10021746380923,59.88527220725227,100.0977039588747,320.0593602221024,345.5574334963801,335.13044502193213,350.29409373071667,0.40326722050603614,0.06048735965369874,0.31069094642281186,60.251185989456395,39.44773619360126,24.750369673651342,999.631831603904
2026-08-02 14:30:00,179.72300754557023,121.38051230879235,34.82074268331886,93.23307310920816,60.01672800783733,99.60851269183253,321.004394388813,345.2435500875009,335.133438442287,350.2582622476663,0.3993797849572025,0.05884552886524465,0.3105206157425458,59.801516505353035,38.535230281126665,24.833370726917526,999.6151221346789
2026-08-02 14:40:00,180.2699502467971,122.11879280429066,34.72003930500187,93.23802333218327,60.16052273642141,100.17803314441014,320.3141076800684,345.15385990275024,335.35512757590686,350.417100493602,0.40080136193387567,0.06279589106227054,0.3117750974303119,60.09415184541286,39.03749953573356,25.342665641012452,1003.4256675706903
2026-08-02 14:50:00,180.1420894878322,121.6495119784648,34.97710218674469,93.26818930436657,59.9768336741868,100.16987796270911,320.868215407142,345.0568373161962,335.70771407678905,350.27402653299015,0.3985002616083546,0.06072190926737097,0.3116986645253573,60.09145485799948,39.15169488198454,25.08997322942036,994.6354137914274
2026-08-02 15:00:00,180.0204058695086,122.61199917351705,34.973148409579075,93.12768814871873,59.76606171139122,101.01258049344005,320.4086325165333,345.42863436790105,335.34874219051216,351.11676364176753,0.39708949928802273,0.06037897110647746,0.3129414352296478,60.54023768029388,38.93202201976693,25.3238590426312,1005.3036062692217
2026-08-02 15:10:00,179.91307034896008,121.65082186634115,35.06859163532666,93.08629678727439,60.12784860156409,99.3036054770666,320.39263044454344,345.1914881418252,335.25723484815455,350.6244590302835,0.3988306169697557,0.059023665239699076,0.31363776478752586,59.63459560949297,38.643266204642906,25.021768165455843,1001.7521658349531
2026-08-02 15:20:00,180.00631141958806,121.81983911332829,35.144963671886906,93.11121171199052,60.04678618886942,100.44395118891752,320.97787372992696,344.899930233492,335.47061191003866,350.7372519534542,0.3994682222153507,0.0634078519515085,0.3135279826958059,60.418255986236254,38.75409406080083,25.102437418471524,1001.0213662944229
2026-08-02 15:30:00,180.0049588420121,121.81214950847887,34.9707703146007,93.13531635195145,60.02907880236005,99.9552560190558,320.23490138507395,345.5793163214334,335.2696920380902,350.7551504883957,0.39933168040793826,0.06254133289077451,0.3127153874205414,59.875802692346035,39.0957559900241,24.933543343346457,1005.4156335513198
2026-08-02 15:40:00,179.93264825874843,122.04471275809689,34.96926553985558,93.25390709301166,60.332006496690056,99.9929851349345,320.88400391772024,345.0069724500178,336.3060271515114,351.12086035925074,0.39837372141613175,0.05829912411361426,0.3109275254438849,59.618962180738976,39.02903558516268,24.680108718910624,1002.3131739682461
2026-08-02 15:50:00,179.86019501462914,121.43891548928438,35.041314861150404,93.06330918689875,60.0894673303103,99.2750680890467,320.3926767560734,345.7000603582499,335.9631738092768,349.8411660017686,0.4002768622532022,0.062437555000848216,0.3129254098485866,59.671692357066924,38.64993840487852,24.757766031914855,999.436170309313
2026-08-02 16:00:00,180.43286337049764,121.47506171110734,35.14935030046898,93.07373364366984,59.860102435585425,99.76990309363767,320.23851050241666,345.57251803996866,335.51933349944636,350.7283294969845,0.4021346293864836,0.06055279040300601,0.31311021560805297,59.66478088706019,38.16930450117868,24.84821306371328,1000.2646717353975
2026-08-02 16:10:00,180.04571198767044,122.02020737139148,34.9137343725349,93.26881715976305,60.04632630431713,100.37159863172198,320.2527495923351,345.2674081256046,335.01314450279335,350.55402570914157,0.3988860783268072,0.05950061938312803,0.31940645179543686,60.289337259991186,38.903602175071974,25.02085526089869,1003.4057955829674
2026-08-02 16:20:00,179.87883907845548,122.20896878309568,35.05891286544042,93.20531659539101,60.580169972505594,99.95876081399135,320.8426612561787,345.05071219298287,335.34827820243197,350.5280882937189,0.4007193585205375,0.06235465464611649,0.3120194793170073,59.85447500204006,38.99586105314008,25.093062880758648,997.4828600387489
2026-08-02 16:30:00,179.73958767282204,121.55560534444669,34.97150364455463,93.29402724152988,59.78235577962401,100.04052718520563,320.4833834355507,345.2467723785818,335.2465333026083,350.8499258502737,0.4010513223187345,0.058766245715011906,0.3133375811685017,59.52391720953734,38.79238216210997,24.883803061223375,1004.7713428935236
2026-08-02 16:40:00,179.85486126606133,121.88270512843155,34.96274013417857,92.89687998981117,59.91844193715782,99.85464165969972,320.40333517084616,345.1218661404546,335.25735532011504,350.6919798579803,0.4018743605854343,0.06023205243311669,0.3140797132538911,59.8480731610703,39.10464376483559,25.075393013559864,994.0564225099455
2026-08-02 16:50:00,180.1439452961568,122.11330757800026,35.0778757840306,93.1950127422634,59.757300077019295,100.57728487349314,320.05998495621066,345.4028587641804,334.8774090201094,350.0033222158179,0.40121198355916177,0.06254004518545014,0.31420894001255945,60.33294158723732,39.28599315566377,25.183267594644924,999.2963072687793
2026-08-02 17:00:00,180.15167674370366,121.82020889724903,34.917105948722,93.0478689445063,60.1036811153666,99.98926371647825,320.8649714942058,345.4082630580934,335.36688299342114,350.58580921070705,0.40186683501963066,0.06044215824517902,0.3087117008663695,60.21940507696323,39.12508555930981,25.111412518678957,1000.2741564277093
2026-08-02 17:10:00,179.95632929097232,121.25957794602608,34.88928067666074,92.86924134949996,59.61898480604151,98.89979216375897,320.8294175793711,346.2282471028705,335.3472407526872,350.4660076594651,0.4000866883343929,0.05729290527077976,0.31227955685297126,59.507582381309014,38.555412743281465,24.680042629027582,995.9756939894836
2026-08-02 17:20:00,180.01034213877952,121.63291284830859,35.06291700569934,93.05269086714586,60.131696452339604,99.65396372476276,320.61413654096464,344.9145181410069,335.3258579513149,350.84410597634627,0.3974695928322048,0.05872496700827249,0.3097760777784313,59.8877625164516,39.05669224737534,25.274191679202666,994.2067397266011
2026-08-02 17:30:00,179.93898950597065,121.60919042289305,34.993779681364636,92.84508170655947,60.22569398175929,99.01560169645988,320.75233848859773,345.34942040536635,335.1464514726739,349.9067783337514,0.3978459282872538,0.060517847999686354,0.31443728167777335,59.502516219856,38.44861707717807,24.819482363403186,1001.2631890713595
2026-08-02 17:40:00,179.77843274007282,121.22146251305549,34.96992711800228,92.65692080054865,59.7653476441702,98.37428079225172,319.54840687794655,345.6828521517181,335.6355170200209,350.7086982947399,0.39907970850430274,0.058613677086501344,0.30969095713619926,59.37955607444694,38.22313790204506,24.612458085918387,989.1024621910829
2026-08-02 17:50:00,180.26033724789735,121.5491365423837,34.982968983132714,92.94670742597532,59.74305686448381,99.73494232511385,320.3641801034623,345.8208489907148,335.276970952162,350.56590327755845,0.39806312261800036,0.060081200384602344,0.3088704768599642,59.55974283266445,39.07266516401969,25.199888908138956,1002.1106382901897
2026-08-02 18:00:00,180.07452706205956,122.49679635737174,35.04606854773985,93.11436524431268,59.551201150753414,100.66677992505136,320.5737930722439,345.9133878786014,334.86601447514226,350.7184768740014,0.39846970570812995,0.061438537287295855,0.31083794828903794,60.891250090346965,38.89564531127907,25.334922212653215,1000.9177405762399
2026-08-02 18:10:00,180.49527105060596,121.63288238785273,34.95929308275936,93.24812459025338,60.01049286102319,100.0235599530653,320.5589968299387,345.2444173817087,335.2296442908232,350.64260287002185,0.3995640546146304,0.058912524871616676,0.3163460901051879,60.489071875827904,38.48534187863285,25.089245370085116,1001.0887950231526
2026-08-02 18:20:00,179.84876594253174,121.74488283367839,35.07298805968877,92.91341473930204,59.66166940831127,99.4137271462975,320.3591618665016,345.76251036887015,335.77146405751273,349.91554640802076,0.3998887903998277,0.05753802381968208,0.31459874454510867,59.725077753572066,38.93879334445041,24.893381862384107,1000.6255666359556
2026-08-02 18:30:00,179.97249332632737,121.70806706905012,35.03782178734772,92.87774845781553,59.8099832907543,99.52965006589879,320.6026021481489,344.6989238741802,335.8896228252639,350.73511848165174,0.3991466874086044,0.0607247245276844,0.3147118399006211,59.510036250226975,39.10073073983638,24.877586246409432,995.1583845041675
2026-08-02 18:40:00,180.1765940436908,122.39657618506659,35.144720651034156,92.91271044365872,59.87147186769459,100.56530661512501,320.31480362694106,345.4691526041695,335.20419520141235,350.5231357710221,0.4006207727413959,0.06337468264110566,0.31148968135211685,60.769122285547205,39.385097055047744,25.135011551191734,999.2059116421849
2026-08-02 18:50:00,179.95098105448668,122.00779812513045,35.12309670557319,93.01443196661629,59.79091701081022,100.07881331169924,320.33928659945246,345.783455949758,335.49085586736595,350.3035535708268,0.40368654082388644,0.059790678416328284,0.31337474442578067,59.97306904699317,39.66111687936344,25.15496796266238,992.7695038626381
2026-08-02 19:00:00,179.72246099442077,122.12699771891361,35.08220498387771,93.01463309739555,60.247950816339916,100.02399962078103,320.1642624556193,345.7439242507742,335.7056467291191,350.8149300075052,0.39804566409211206,0.06093143797529303,0.3108137374097421,60.08760425628762,39.0185428901651,24.94550169958072,993.783715864477
2026-08-02 19:10:00,179.81022607562022,121.89198929848139,34.976111864461444,93.04298478531139,60.47649833127435,99.97326910558097,320.58092151194484,345.13176064642767,335.81402186427437,350.5268023711335,0.398888685996235,0.06116241955989472,0.3122882918475382,59.995369562273126,38.44500155517874,25.18640426273555,1000.7034890591991
2026-08-02 19:20:00,180.02015001312816,122.11741194780579,35.00825982872382,92.88432372838842,59.358757731399635,100.01920013077768,320.3253768324846,345.3015704955664,335.4085263365305,351.0283711802661,0.39770297400386356,0.060747248370723886,0.3149023493066536,60.103926532689314,38.83119502650282,24.927590870239694,1006.3959817679962
2026-08-02 19:30:00,180.06867346578144,122.17396303476326,34.93708400888198,92.99254973493375,59.753820159461654,100.4027028234719,320.3930034019095,344.9187057077241,335.6330127217519,350.8604539954821,0.4021318670499768,0.05759872163369429,0.31483103028600484,60.139941290298495,38.50837583281576,25.16271622789154,1001.7566357992257
2026-08-02 19:40:00,179.9810789346825,122.4810809683974,35.28181814897843,92.82283312979386,60.07268782952697,100.27628364867803,320.96126484928936,345.3299278509651,335.4214484388709,350.2191421429649,0.40164566568186383,0.06100680099277641,0.3124803278798496,60.32696772020993,39.0089180558673,25.176484609905067,998.7151996225484
2026-08-02 19:50:00,180.20069702457238,121.8387642788481,34.974270659531,93.04227958651711,59.68206032834884,100.10785235001225,320.5350107916998,345.148005349503,335.01890022766213,350.7782966043547,0.3973890927402939,0.0611943300240558,0.3109741781745424,60.14346700996605,39.07545811245588,25.000093948319847,1002.8501548228035
2026-08-02 20:00:00,180.19855310841058,121.92817059352764,35.05210647190247,92.79054766076207,59.83678476030071,99.478565821205,320.53929594264434,345.6290919069619,335.82283665049187,350.54942517516145,0.40087635824314566,0.05852035633803274,0.3117191096738022,59.6102166362193,39.229481337593434,25.010589111048258,1000.6424734748098
2026-08-02 20:10:00,180.06455582877595,122.14849472893202,35.13250671333619,92.75873567101677,60.06069629679954,100.25555438245486,320.09159463022615,345.33157624542656,335.5347217093726,350.544171421491,0.3972624792642509,0.06093026412481396,0.30947684317931234,60.38086153051446,39.61739611150412,25.138051134898298,1004.057372973853
2026-08-02 20:20:00,180.00537838107036,121.81776420526586,34.86012572435199,93.07535172193506,60.41532969419354,99.65787646100375,320.39712845926005,345.72763953422447,335.68000356721546,350.5104243304243,0.40070550401102323,0.05848840308643638,0.30934476213193385,59.95405098397192,38.90291686094198,24.82254371097908,1003.6947639642462
2026-08-02 20:30:00,179.94942153487807,122.08603035356747,34.91388018638645,93.10835471318002,60.35021968694349,100.54692283795023,320.85074116607603,345.52326103537723,335.4972087624428,350.856130841816,0.3999964031247823,0.05792884740325598,0.31186641136795046,60.22071549106679,39.610927474301064,24.999187951736715,1003.5377860878066
2026-08-02 20:40:00,180.11020502628514,121.74394839521955,34.957034502143635,92.95092256702786,59.91013286008999,99.36447458913794,320.72371424780306,345.4604517341122,335.3021998763139,350.32227179146423,0.400080196796533,0.058350646527047446,0.3135291142609803,59.54199572320011,38.9721330038279,24.888498867444564,999.4663196239796
2026-08-02 20:50:00,180.1839251827622,121.62896889563925,34.89703990226596,93.01250734430728,60.037070294049364,99.9311895118622,320.57636038621604,346.0725775828001,335.41814129698093,350.6887224706521,0.39654747798436135,0.06228514889570432,0.3150372345170408,60.16450518108222,38.79630873180222,25.213675446627303,995.2048749511114
2026-08-02 21:00:00,180.012120962963,121.68488193844878,34.86967560925395,92.87691160857449,59.888927236273844,99.99632085685437,320.5096749176089,345.90128027316354,335.6634770033613,350.1098496128112,0.4003335504966821,0.061885829427010576,0.3160260148310963,59.593454968381415,38.80182293550765,25.282726735697373,998.7057462559574
2026-08-02 21:10:00,180.08999964668467,121.79825457543298,34.94489709452785,93.00629187000115,59.945472840220816,99.33767722467793,320.58443159693974,345.1791686220487,335.19232901870095,350.66036773764677,0.4003328184618016,0.06040182380330355,0.3125609385437557,59.69219827340278,38.22399718680588,24.738662804813504,997.596347005312
2026-08-02 21:20:00,179.93513736354276,122.05565262060584,35.125951806725894,92.96604872877984,59.64561950191516,100.86098582192824,320.68594815161373,345.9682981176042,336.02199092563404,350.19456111035305,0.4025174776594313,0.06338527846754619,0.3140841968265275,60.58037199000283,39.23248420895904,25.215011011213193,1000.4998909277331
2026-08-02 21:30:00,179.71769008414267,122.59866737438426,35.06911211378487,93.24246049887559,59.46693490801381,100.73020338362977,320.4711786721484,345.7897622690692,336.2412595874856,350.1941340494769,0.4002184600399848,0.058587407227923265,0.3089579406230707,60.06855413199249,39.1844723164958,25.339508577332715,1002.9916264030498
2026-08-02 21:40:00,179.7998091302574,121.81618443694377,35.00016379954387,92.95817721730675,59.88771570449223,99.76820811919546,319.824672265,345.9563444413931,334.90291407222963,350.55747514142365,0.39988562005645445,0.061867618824765866,0.31382112425995506,59.743750549750835,38.63975450459034,24.984007391709856,1000.1142966641737
2026-08-02 21:50:00,180.15315320107996,122.21200127922575,34.999530004020926,92.81813017842524,60.29122047545196,100.38586058278226,321.1624938156169,345.70349547505026,335.8449963088225,350.2416576117877,0.39862183351633274,0.05916964751898217,0.3175747485418898,60.67507052498394,39.11678698391597,25.28338519909614,998.9339696469654
2026-08-02 22:00:00,180.08940060304815,122.09094520823345,34.830522489216214,93.06218828247775,60.22715486952581,100.1893380348351,320.9157585499576,345.0509471590229,335.4485670821357,350.89931096405644,0.40102009607354594,0.055914847482000984,0.3140922178788031,60.33528005825768,38.868826994866424,24.988885187481927,1002.818982556299
2026-08-02 22:10:00,180.3180427344076,121.46419371525148,35.06641486733552,92.99271924932991,59.43839209699246,98.69322026832737,320.53071266750214,345.4667254522645,335.7587446908753,350.25373125892145,0.4015619107518081,0.0617176727957383,0.3157704641571511,58.96080857629732,39.04415417027285,24.63593006824953,997.9620195577978
2026-08-02 22:20:00,180.0112196857948,121.99964543545721,35.039379911469325,92.93325741528619,59.94028537043372,100.1251990081388,321.0023411670981,344.86983497346284,335.63629361821984,351.05035435892165,0.40143710031044605,0.060647110314486684,0.3143925936040801,60.020584681533734,38.58663686437716,24.97413481074625,998.2682567405107
2026-08-02 22:30:00,180.17295474757555,121.91431729717719,34.88849269154851,93.04270850959584,59.80963602246222,99.96932796008338,320.18944130309103,345.1723200590457,335.5290992615663,350.8227485573255,0.40173370020084026,0.05719930634948346,0.31447995302507453,59.89008730834252,39.27633319146789,24.956328326692816,1001.2434785541134
2026-08-02 22:40:00,180.26460338611142,122.00078577561469,35.01747981456576,92.91866985219718,60.08446978752395,100.04160867673727,320.9701196940254,345.37906546880663,335.85066670605187,350.61191138665043,0.39967585335693256,0.05929472669401846,0.3150551973893485,59.849453579272776,38.8112305200007,25.026775077472475,999.1074387118609
2026-08-02 22:50:00,180.19889003295296,121.97030698923311,34.97752192055099,92.80496920984541,59.668787919106144,99.4615625400864,320.6426772415149,345.9546623407652,335.61567434356266,350.77171231197076,0.3972733438758038,0.06102330214500167,0.31044206604808133,59.47931014906495,38.6630647719403,24.473998741107724,1000.8760998125828
2026-08-02 23:00:00,179.87829061065938,122.18006340856134,34.94496246018742,92.65207588498984,60.27215446912315,99.86532647688979,320.8539233917401,345.59835406661443,336.0268603089545,350.648872919307,0.4001437224472823,0.05933345380038632,0.31186686676372644,59.90317596351846,39.03713644427047,24.801288235765195,1004.0850572887822
2026-08-02 23:10:00,179.9630868344481,122.23397626924432,34.897892933238744,93.03460203204028,59.93645715677696,99.91087061830885,320.4858434978774,345.6517695712167,335.68853441131847,351.285836493617,0.402806783069006,0.06160163005964964,0.3155417910169713,59.84770352464223,38.32002957349579,24.96427405905097,995.3737016676388
2026-08-02 23:20:00,180.02595454794047,122.37259461377553,34.92923594378814,92.9406533187739,60.171102229712496,100.59404710860616,320.6368491820847,345.80591309938677,335.1712406215668,350.7399486654134,0.4024017865884629,0.056971721616983495,0.3114063830673264,60.831483527393665,39.043914904298354,25.054772372401832,1001.905675358166
2026-08-02 23:30:00,179.8028262619406,122.06717787582235,34.902524764655155,92.96948109068387,60.2610168433148,100.16721353019551,320.76895532982576,345.3283492641469,335.54909233767256,350.42091652628903,0.3986850829513227,0.06441298409483905,0.31526920076918,60.64867243162161,39.23615274991291,25.294596494438164,999.6727613285908
2026-08-02 23:40:00,180.09485770302086,121.69721499763945,35.04300303744332,92.79385564159789,59.41579333068614,99.99722248489867,320.91021647154776,345.91692231130753,335.6006128622074,350.70980305520413,0.40398882576225786,0.05976961546766103,0.31130924871436916,60.07781604560986,38.54112679669693,25.004934303995032,1001.3328755767975
2026-08-02 23:50:00,180.20479769992843,122.52016445993267,35.03340110516492,92.90000676198508,59.93308595304355,100.76448499895547,320.75206861664964,345.6610660655531,335.4337923997387,350.4984610973527,0.4026735205151505,0.05856278606106061,0.31222710965382994,60.41915209611556,38.83664452613098,25.08608054442593,1005.6654294802041
2026-08-03 00:00:00,179.903829018759,122.08276570612631,35.02912357903393,92.97791950575686,60.452097112020766,99.72237603511817,320.7329076204394,345.31802306850244,335.2440248539569,350.58034542692945,0.4016326243119567,0.0589758582371445,0.3112298433066709,59.4368897981736,38.09396689755791,25.023674300959478,1005.638202929625
2026-08-03 00:10:00,180.39451084332052,121.8772279832544,34.97864115721208,92.83258606987565,60.00434607433124,99.8052848475623,320.42432773041804,345.4330843371603,336.18334386076856,350.4292794535681,0.39810890285421785,0.05869179889852521,0.31469241217163435,59.70782045256028,38.732668917912285,25.219489973019098,999.833662343303
2026-08-03 00:20:00,179.94185521019892,121.79010026905141,34.956110501215015,92.74308618305889,60.31121080121668,99.09162249433047,321.1190570347668,345.5315453091804,335.5876833015691,350.44755976252833,0.4013346283191459,0.056799313724341376,0.3134292861517868,59.281714593821654,38.15280494333284,24.56722073156661,996.1901823537189
2026-08-03 00:30:00,179.9594084048528,122.6769492121764,35.201205454864464,92.84871208476928,60.12477418018909,100.7845529231418,320.6686137391142,345.78197358833086,335.6017733399127,350.8556378102263,0.40184700427203535,0.05775857137847078,0.30848202059083857,60.546315099227805,39.16091316133272,25.115702123102686,1007.6523375273453
2026-08-03 00:40:00,179.95234423096036,122.30379602763797,34.81066807937252,92.95660543248587,59.84905754407626,100.48216618409721,320.5404889588863,346.02251315495414,335.1355166321085,350.5966734400833,0.4042821283766905,0.06038022468565718,0.3104221323012556,60.821840754352515,38.95881468617741,25.045674695761388,1003.9778366649957
2026-08-03 00:50:00,179.85834478941732,122.48993932696447,35.116614260848635,93.00619533587489,60.0829920285535,100.45842402225585,320.5130093817389,345.51867138019134,335.77942239864103,350.8375617386664,0.39918641098423585,0.06163332354758298,0.31050186058367635,60.1710090835504,39.24592726515616,25.08104030644179,1002.231857561175
2026-08-03 01:00:00,180.08357163189814,122.28759963903028,35.0323188725683,92.86339393840846,60.31400582495191,100.33444922322347,320.2515597337129,345.54547589460196,335.5835128039785,350.52309210898136,0.3994964509489983,0.057612585578128234,0.3137791169916405,60.64917133991978,39.49131172207124,25.23775895596931,1004.4563170788983
2026-08-03 01:10:00,180.00400517611914,121.75455941735169,35.003869476058895,92.8539218264708,60.38524827455569,100.05507429383182,320.39281807268503,346.13908057471525,335.94187096655725,350.5894627146418,0.40233760252582235,0.06078858820933018,0.3134675937194117,60.11419299971238,38.50281732651236,25.060150852098907,997.2758242412517
2026-08-03 01:20:00,180.33227437133786,122.03601985651174,34.94605522388966,92.75204649849961,60.432867060801186,100.10774446959117,320.1595675849479,346.5489844330894,336.11978653127176,350.4785276810447,0.4022568712413369,0.059183042156580275,0.3090668851147078,60.18296516681572,38.78128845171346,25.123298133909447,1002.9667515074707
2026-08-03 01:30:00,180.1214619859143,121.94477200346341,34.97508353792182,92.98291479276506,59.66653287662411,99.87399670486634,320.67972393284543,346.14426816208925,335.4351003504099,350.9992341876064,0.4017545071922209,0.06447025381241206,0.31379268437350816,59.93113635259075,38.67602553387629,25.10924367415398,1001.5782502146537
2026-08-03 01:40:00,180.10753789793944,122.14852288215559,34.87835624086375,92.77889867857284,60.2471392908288,99.89819978713852,320.59622476516046,345.6753797314344,335.41407972768536,351.10565847134745,0.3990582924581691,0.061279533383424574,0.3150813932942249,59.22028449049932,39.40470696435746,24.90440874394444,1000.5128081989424
2026-08-03 01:50:00,179.95569243078612,121.93438674479061,34.85821766334117,92.83556709105883,59.58579556086463,100.02715180585685,320.68834136486123,345.51609551416266,335.9699185021937,350.59846362022734,0.3988039717408512,0.06155142933156259,0.3130133613048297,59.80476933887723,38.865851977291676,24.811518605781906,997.2467513815533
2026-08-03 02:00:00,179.71715345710112,122.35963265432817,34.985825584090605,93.09876806536651,59.95969158109581,100.75591475578189,320.24979233242095,345.82298773798414,335.94828157083356,350.8907512900184,0.40054221170318954,0.060722589176242306,0.313934971997154,60.39476664504089,38.97198427721501,25.113998202006027,1003.2890709212437
2026-08-03 02:10:00,179.9820993202664,122.0397243467732,34.831376143309285,92.84817461223577,59.9361231683145,100.27784395090404,320.50024162117325,345.71422042917857,335.72588897958644,350.2047473002497,0.40095617260873334,0.060992914884808756,0.32021813737087823,60.335306544607356,38.56453995281549,25.036387125947353,1008.3325395279392
2026-08-03 02:20:00,179.82994161172056,122.08704662446479,35.0809634285291,92.67546262631008,60.186819293214086,99.97076993712056,320.43647102282466,345.39552441338367,335.8495850438406,350.25702357995556,0.4018038045919943,0.059590296679248256,0.31269044114664346,59.73196517794255,39.0492419566774,24.92137054658532,995.7727296191065
2026-08-03 02:30:00,180.19036865358305,121.99233377026404,35.108527197292155,92.7033642471617,60.093151413245096,99.7103039747783,320.92836544400814,346.0271896162757,335.54607719504327,350.850487380417,0.3986427942418818,0.05845878034511628,0.3119628621382531,59.730746490430896,38.46023903931998,24.872309180234087,1004.3524712195459
2026-08-03 02:40:00,179.99391142255772,122.16499241900391,34.652974515356895,92.7523937652027,60.37304950942948,99.68250075629417,320.1856748691718,346.3743789574096,335.63323146203555,350.1223132386558,0.3969863466664707,0.06332975281140504,0.31380572923358385,59.49104979107496,38.59284078267488,24.900436573567614,1000.7679502089754
2026-08-03 02:50:00,180.3331485706134,122.65057417376049,34.841754620891486,93.09100567329317,59.815129502703314,100.80135250558625,320.1793883198915,345.38696486848244,335.64181937911104,351.46025598010823,0.40216806006948086,0.06286619658653898,0.3125856875400878,60.41408775703097,39.49003238060899,25.188564608848548,1003.9791614067984
2026-08-03 03:00:00,180.14706206217164,122.27682806663361,35.02427181886277,92.86757408399914,60.251316795245984,100.25334365211356,321.02242159570466,345.40453380356576,335.017893138753,350.9383246234163,0.3998619642597566,0.06221141801096003,0.310483292170039,59.94243070420851,39.0966111215105,25.113540967186974,999.6180260635022
2026-08-03 03:10:00,180.16710719112962,122.19527121460978,35.01827017393278,92.79276385378935,60.115806374000016,100.03377527915532,320.7475735767007,345.4890546964192,335.86357106573905,351.15425968512454,0.3997721643849867,0.05794326254003496,0.31210465004601584,60.259203909916884,39.03011703456813,25.169009011014342,1007.3892352785933
2026-08-03 03:20:00,180.04613142948884,122.07747374438735,35.00823274396296,92.86994847558906,59.9995664398962,99.82690907892363,320.1708960222508,345.2694884228094,335.8778860026197,350.61916186787255,0.4018992662638321,0.06001767344642389,0.3104331044747387,59.65713576906878,39.034190429234904,25.00390529638824,1000.3865300764031
2026-08-03 03:30:00,180.04173446688253,121.90517621263608,35.03929758686522,92.86875430785801,59.63919482720184,99.44547329414974,321.04814540527707,345.8801947348692,335.3801132782753,350.2479842136304,0.39726169034821374,0.06143697276536705,0.316131841614043,59.39255045446059,38.50955005185814,24.848938124936826,997.6545647508776
2026-08-03 03:40:00,180.13065457343907,122.43908927903789,35.07178308593058,92.71777668785063,60.16970037106222,99.96656922126505,321.0932149693617,345.22220357885385,335.492893185199,350.38787324592033,0.40000257721372373,0.060230328194004014,0.3104018143135689,59.95814748676858,38.60115655311763,24.966672382156997,998.6638485784007
2026-08-03 03:50:00,180.18453376338277,121.85425876010183,35.083744943100015,92.98717930389819,60.09337819457297,100.4368290172351,320.9901056678964,345.84154345753893,335.7430126275351,350.3939608796611,0.3993642073310446,0.05649289287191961,0.31632207176517313,60.60474511073564,38.99682932020414,25.088058985994564,1004.3730033371684
2026-08-03 04:00:00,179.85788594754123,122.02831011940131,35.176166343840094,92.85207536072858,60.234974911172266,99.80373137658125,320.03080227587367,345.76437643964897,335.86877019532324,350.90421659058507,0.400931199658485,0.05997185367175853,0.31141544768244667,59.89609848621901,38.59781386484916,24.960686560991178,1003.5836056565693
2026-08-03 04:10:00,180.09845613546173,122.16897129078633,34.999870410429544,92.81597274356974,59.987279293996956,99.88637870849972,320.68778570151653,345.86949319359934,335.663454007467,350.35011590090943,0.3999609322318426,0.057342218411653545,0.3099601379586096,59.91957876449069,39.190503499187464,25.02594516093894,994.5865989841417
2026-08-03 04:20:00,180.52421744464922,122.3384551680028,35.08358412139193,92.52921565093668,59.922164025101296,99.8894828242805,320.3942923126491,345.2174138233266,335.52699345788636,350.4183904061643,0.40134395598176553,0.05778140992601771,0.31215427418614944,60.12761257259364,39.081220078812805,25.12435859814735,995.9392508117805
2026-08-03 04:30:00,179.98206199462092,121.97482582978367,34.83494052880134,92.80089349819559,60.11554780325472,100.05479718399909,320.57601317175175,345.6974430727808,335.78693942627865,351.12403083059854,0.3975508725307846,0.061109627849172996,0.3160289405800981,60.05540616198313,38.98965632882817,24.91620367705113,998.7409627232793
2026-08-03 04:40:00,179.94889131687918,121.87122233424398,34.984112019899634,92.81783416414814,60.13741258201123,99.20349456062719,320.183822906396,345.73706397709964,335.7019250079128,350.3030263921227,0.39920969180777405,0.05368268300855693,0.31304512791760253,59.75740680612669,38.74804161463387,24.95941165864121,991.0184083387896
2026-08-03 04:50:00,179.86150601331948,122.29539366797296,34.8753186817058,92.72466098607669,60.204799893694265,99.88230082401745,321.1801896148563,345.9185985149415,335.37598632843196,350.4772231119431,0.39835043695424427,0.062299780223964686,0.3159779010731937,60.16563392829669,38.8055153030618,24.749019954818056,997.5396961363265
2026-08-03 05:00:00,179.71028715511136,121.89465822821718,35.13663171464655,92.94381657331223,60.5663350246848,99.57280224092297,320.4542644788917,345.7711731530798,335.5752977482365,351.07145626002176,0.40212826458055395,0.057918059494330855,0.31446076913031196,59.7660470791625,38.7314753227474,25.00421326030283,997.1872598960306
2026-08-03 05:10:00,180.23777728542822,122.00908150049109,35.23082784671608,92.81475448395153,59.81385079013047,100.4422925162813,320.7472798087783,345.4919380872495,335.5633185182131,351.4102068051123,0.40250669881493173,0.059022342082942963,0.31343338750629995,59.79097640097263,39.412683576535755,25.24012210794536,1003.397281418008
2026-08-03 05:20:00,180.01219308366052,121.94054487744314,35.05150316291157,92.60531318804117,60.599559783230156,99.61470066171756,320.9075502575459,346.0005215960146,335.86880498720717,350.18411544360566,0.4002122276468576,0.05964648482549786,0.31149832368132535,59.8703803891169,38.35823723469638,24.785251814909444,1003.1516424772709
2026-08-03 05:30:00,180.0599255201283,122.08911450738975,34.86731013320001,92.8402333350768,59.11188551816702,100.28852337365035,320.85226022852345,346.0743382531877,335.29126902176546,349.9564459986094,0.40140338002973325,0.05918775614791329,0.31448179407686283,60.37246249189129,39.164108989863344,25.214300893712615,1000.1565448726003
2026-08-03 05:40:00,180.36896685397687,122.6815592778065,34.986115819916215,92.85962143990928,60.2863206899405,100.76221872636339,320.7938363205768,346.0667238461606,335.44153993263893,350.4687446705356,0.39963514249222837,0.05948256532647353,0.3130394646261841,60.79839773827579,39.61244106117096,25.18638305982914,1004.6049990859142
2026-08-03 05:50:00,180.50183784870336,121.96242477572135,35.00033817115993,92.80400338895926,59.753756504662014,99.84320186935919,320.5551359761096,345.4522817619663,335.5658261594099,350.74043918494374,0.3988206682554641,0.05845806946436536,0.3117395407843793,59.70785855633372,38.64979706572045,24.989857478352253,991.6616799576799
2026-08-03 06:00:00,179.82229081615995,122.42645702384588,35.01727514063075,92.67665699578062,60.59960915170878,99.69921187393827,320.74068671551885,345.8286992988977,335.68984086777203,350.6672856010164,0.4027059412507444,0.060256817574249034,0.3125802913348698,59.57877589062335,38.82758026888719,24.96265723592252,997.6988683473824
2026-08-03 06:10:00,180.21091170218844,122.28705522790855,35.10636091248695,92.87120765849464,59.73302629685305,100.09571612956304,320.61029125926274,345.4069018005789,336.3790938617502,350.51653976512904,0.39986702113384204,0.05781377229833108,0.31415846538666015,60.140164029148465,39.02156153891322,25.104812595165075,998.1175365731289
2026-08-03 06:20:00,180.1247690870876,122.05756525759007,35.092873874260384,92.66854476628026,60.31676208563735,99.99898548619548,319.99648945965646,345.6274207464888,335.6347239166428,350.3020705487207,0.40268878216803883,0.059806347953985206,0.31341047533932703,60.001848239701204,38.897609728029465,24.832438434210626,1001.5824680082837
2026-08-03 06:30:00,180.079918473063,121.89204471740993,34.73253087170046,92.6758334675013,59.70274059538426,99.50319182633014,320.9806828541914,345.9016134521805,335.99690046784985,350.93811973673655,0.40470560564857955,0.060002557487731534,0.3152883892722232,59.74880411551124,39.02056392841981,24.919609408667643,998.7129409476894
2026-08-03 06:40:00,180.09599574534957,122.11635999434472,35.13415577439784,92.61636664995427,59.66006953956432,100.2304597078567,320.4943685546181,345.2598109273833,335.91800841745874,350.5357648585436,0.3977963365587841,0.059470404243141206,0.31728426597062875,59.98680171082542,39.164037278174646,24.86262128365496,1004.799390260526
2026-08-03 06:50:00,179.99569242993672,122.77352603042037,34.94787055351574,92.74519023318814,60.2394721096455,101.0077580267377,320.52822455422375,346.5022210053081,336.0704949927765,350.49624016297196,0.40119673863581695,0.06239938954347969,0.31409660653371296,60.59710103098008,39.39048685091446,25.110144723000964,1001.1649133704022
2026-08-03 07:00:00,180.31825662742943,122.4760653311814,34.941623918479586,92.71185602531231,60.25919970279397,99.87094400236714,320.5630438180757,346.04691514011,336.20141618587894,350.70540020726867,0.3994389274652992,0.05965487202098399,0.31441819031887897,59.9138690848665,38.83484931896015,25.049706982121716,999.5597367292731
2026-08-03 07:10:00,180.12332967554389,122.15215088449798,35.13921784816561,92.62385250026554,59.78953627781575,99.89856190196767,320.2719792810604,345.46205602406303,335.8649951768529,351.1278340720756,0.4008443993194342,0.058877737992519934,0.31425674551514265,59.26040828656873,38.60025650233357,24.73168432793605,995.5153482888106
2026-08-03 07:20:00,180.069405956056,122.18914471123722,34.97086742644919,92.59141170996998,60.718824342791194,99.47753398821546,320.32719543102917,345.5226236405508,335.4157854849423,350.75089082167244,0.3955873051483271,0.0643122515945403,0.31389789054883654,60.00133506132994,38.96300506392998,25.01220991571006,1003.1778135226141
2026-08-03 07:30:00,180.24988484123907,122.13669241143693,34.86051925264661,92.68997598876331,59.90316376489,100.15954422584328,320.1518041068818,345.6703119365909,335.59700477970455,351.47092235026474,0.40124267846340983,0.06289970802667472,0.3125570812824568,59.96232734800267,38.97150779945179,25.11649234673349,996.7330267941087
2026-08-03 07:40:00,180.17981580625903,122.02791828309915,34.86502245584286,92.64132009593686,60.466958884988344,99.37651188764619,320.83555384181534,345.6528069600966,336.1421233136306,350.60699044603655,0.3984086991831809,0.06117228372538983,0.3115537193309886,59.111829143676935,38.53154694427512,24.742658002962408,1004.1329569708561
2026-08-03 07:50:00,180.09255865193137,122.46440650514398,35.003362113113766,92.6966035081233,59.695726341822805,99.44653448782425,321.051463052471,345.3395903190218,336.33531829440955,350.8871824925232,0.40064543677849096,0.05945492723436865,0.31187308399851654,59.1878047136762,38.67470209051226,24.787261843099316,999.3502823141638
2026-08-03 08:00:00,180.06591101613736,122.27864703850008,35.08834701410039,92.82921017706073,59.71075813358872,100.63983363592189,320.72150205032506,345.6590857563649,336.081752692298,350.06830501737664,0.4009217212334399,0.06308351563414277,0.31094418822883624,60.3640025568722,39.76672399665201,25.031802528975355,1007.4578502327814
2026-08-03 08:10:00,180.35169077711487,122.30631483762758,35.147713264062816,92.7250963181846,60.026070416150766,99.54727347030268,320.35743803104157,345.2447327275497,336.4125678922394,350.51513516231756,0.4016919213429526,0.06068816993122152,0.31422004804359066,59.24323566041926,38.58775413982702,24.88952434642124,1002.1542968336483
2026-08-03 08:20:00,180.10246051686158,122.75828207518832,34.98054691191342,92.75198982337355,59.69607116202163,100.54067878466567,321.09523703536195,345.5204304289783,335.913472545782,350.7038615976541,0.4001071022176445,0.05972829826266815,0.31017352268851195,60.20540395379047,39.4643171111093,25.319912528006398,997.1355028515296
2026-08-03 08:30:00,179.98259535353128,122.25354897319416,34.95079247026166,92.69688477993228,60.135534879537495,100.7621790018914,320.60940188063915,346.2333341846993,335.4695735188629,350.50452274658835,0.40068927335880467,0.059745047319010536,0.3125785029916959,60.12812481894953,38.95450988940978,25.447311807463493,1000.7573757859022
2026-08-03 08:40:00,179.8291302893614,122.05682996516177,35.15994634372691,92.51522465498705,59.3562793697036,100.12966322873837,320.2289665582258,345.6880093851894,335.7449961362677,350.48227768696154,0.3995157145347993,0.06188941673045861,0.3110782265255375,59.95159673654086,38.721097064040435,24.97434344577329,998.3409822452617
2026-08-03 08:50:00,179.9317591992832,122.22085947663966,34.951893325834305,92.65234091548768,60.05225969356374,100.27669570142541,320.1445709017373,345.594541087083,335.80434088076635,350.5515567430428,0.3971416776529275,0.06062098286805641,0.3111748720077904,60.00999921696048,39.561467540030925,24.949793743638722,998.3827822372529
2026-08-03 09:00:00,179.7906198338118,122.93468665556885,35.14346254224634,92.68185552006257,59.83088442759606,100.97612547184339,320.7658556720561,346.1750948954617,335.99110973232024,350.4297699938775,0.39888888148223767,0.05881749998310498,0.3141869795387545,61.103714465663614,39.02576518726499,25.097268156133275,1002.3519749481796
2026-08-03 09:10:00,180.02209156180993,122.16639390029411,35.02111760900393,92.45195887211486,59.711696723708656,99.90163579896713,321.146653026056,345.8071894803681,335.9739917317877,350.56137836789037,0.3991161006313068,0.05571517445038195,0.3131474042649888,60.04249575110227,38.96275875891841,24.9864563571512,1000.4510925947881
2026-08-03 09:20:00,180.05196736045409,122.13143585265114,35.02140240972878,92.77415536745927,60.06237811969898,99.7034971015292,320.6001472607236,345.9000362912241,335.4668377654384,350.7472914444607,0.3994350803000451,0.061537452743694904,0.3146839253441155,60.203745086414244,39.333131914548616,24.9272504455593,997.6890482582253
2026-08-03 09:30:00,179.590417151611,122.13400381911319,34.97415358385581,92.37349767394952,59.93262624556453,99.32338446760853,320.52696785239414,345.54865880658724,336.0722511833498,350.8381097111344,0.4003773101647628,0.060162812566742344,0.311008242993854,59.20424201069563,38.169965882924636,24.952881958044486,996.5575862657352
2026-08-03 09:40:00,180.00422326400496,122.34474019556347,35.027367357136086,92.67103481988784,59.86464548863586,100.02085354017318,320.6373416615798,346.0434695897665,335.56352804818584,350.40716787486855,0.4005267014333337,0.06170024839799342,0.3117128530626594,59.92954785817772,38.92415457092553,25.26225643942219,1002.3609403726856
2026-08-03 09:50:00,180.13038189743605,122.70113737294717,34.95125335922991,92.7684648937198,60.24151334623399,100.73957210545916,320.46671951876135,345.6241641832848,335.8122701140424,350.669262216631,0.40214181236825614,0.06049723732561318,0.3130203702162856,60.121917041088004,39.32047643664329,24.981202908003066,1001.1159237147672
2026-08-03 10:00:00,180.03385755576053,122.47740268089268,34.92979447359367,92.6545992209443,60.08752022439875,100.47979769070044,320.5595925976759,345.9825009257715,335.92417017977795,350.4927896056169,0.4039162904626031,0.06199964602750462,0.31415527268000437,60.4437269150779,38.98197852741534,25.119398328091634,1000.2989378700657
2026-08-03 10:10:00,179.8096104624379,122.33171431979513,34.98418031735767,92.82600559494836,60.112879988038465,99.52895437929102,320.80136209948125,345.915703897693,335.94034698189284,351.00774996876737,0.3980708458074803,0.06105573860045378,0.3138985494240359,60.153920725970686,38.98825774747636,24.566914517280438,1005.5654332085652
2026-08-03 10:20:00,180.2542850617972,121.97610212601425,34.93268582398889,92.56714326910169,60.396866293089666,99.5723123080837,320.5106188888442,346.23892809289106,335.8889693523003,351.25735400734015,0.40037382555467604,0.059961864361688655,0.3154654751437177,59.76251916087054,38.896754438959995,24.826685472955024,999.8345438878099
2026-08-03 10:30:00,179.86125249923055,122.55287970836443,35.028126097125,92.50324190518745,59.97740835847688,99.74791438532952,321.00943628532485,346.02425617402866,335.57947010276297,350.7988399831359,0.4009284143156493,0.059670432557153846,0.3102691860600053,59.344005236108984,38.8153408100201,24.85905600444276,998.4410644909813
2026-08-03 10:40:00,179.75485035003805,122.33901783722783,35.00624378163647,92.79976823211821,60.249928369918244,100.14613404124768,320.43846254822216,345.7269648453921,335.7019962318023,350.8671716742058,0.3996050510226674,0.05622021154052309,0.31244810203356455,60.02876130370394,39.17330271898279,24.810879715048106,1001.6787896259173
2026-08-03 10:50:00,179.78436531354654,122.13676340292942,34.971497674185336,92.50774191624667,59.874358769519716,99.89734428644816,320.9464042767486,345.42080312595533,336.0174158840199,350.664593489683,0.4014017999139927,0.05693577785138826,0.311456490879771,60.23357221376299,38.85466464492276,25.100710645784094,1002.5352632316054
2026-08-03 11:00:00,179.9976022776524,122.52720031020297,34.97775330240977,92.46289878270701,60.18091487762657,100.10722697272153,320.8395875804246,345.6471394906288,335.61011431267974,350.8941555965104,0.39571778021332094,0.06415047766564502,0.31614854644693396,60.496073197236974,38.48170120880271,24.896299089798543,1002.9491427786822
2026-08-03 11:10:00,180.19707697731815,122.51164037745279,34.974866977280215,92.50644421126121,60.156857472141546,100.14836968902273,320.6220046909395,345.5338728765516,335.40241891725617,350.6873561107426,0.40137972783774345,0.05826431963219666,0.30972788158726083,59.9692294306603,39.15445913655068,25.029276741980954,1000.8991006335982
2026-08-03 11:20:00,180.2335955234938,121.89244045888312,35.17160608520144,92.50445565833375,59.83573010622642,99.85061320666078,320.65071861151534,346.1935483803449,335.00167190355523,350.37249777433726,0.39967806340092116,0.058640087310778445,0.31096197770817796,59.88586183269367,39.43444459161459,24.966651607356873,995.9311889623178
2026-08-03 11:30:00,180.04241299269682,122.39714690772875,34.99679785179775,92.58422832191746,59.54614453089244,99.97991302919853,320.6444677053926,345.610666058429,335.75543881762576,351.1262795614603,0.39642463141303236,0.0641206466602548,0.3148499816627141,59.662007364739424,39.2153578556487,25.057859695297527,1000.7485163680046
2026-08-03 11:40:00,179.76171935704932,122.1444492257863,34.93832858696036,92.62325293947445,59.61650953104298,100.10329618860801,321.24773613711875,345.06577272490466,335.487711825683,351.42909927571293,0.39957580364037776,0.06056232936807247,0.31091885387966123,59.55207641454242,39.09162245636969,24.916584203669675,1006.2916363396777
2026-08-03 11:50:00,179.86906330892754,122.18607564337012,34.96813799772402,92.41387367461012,59.7174851463904,99.95801514823341,320.503200709826,345.859973266602,335.7548631697932,350.9466728584706,0.4038219620719725,0.056009302365242104,0.3091768291861437,59.836523873702376,38.54778783542502,24.724687448501875,1000.1570939776814
2026-08-03 12:00:00,179.82084562899624,122.64934132943652,35.063942978303984,92.63220590264754,60.16526533356671,100.25176043249702,321.1046594242298,345.9899751905508,335.44243926929937,350.7601402236116,0.39987326117168587,0.05488430059414008,0.31561120249787306,60.51357751874636,38.86170676534909,25.25389441926259,1000.7664264712935
2026-08-03 12:10:00,179.9646937654171,122.63691362739405,34.97765419082973,92.89563161187868,59.959063796539986,100.935437886664,321.05306461791423,345.4790808917886,335.6288857099168,350.90605878488014,0.40408273210095963,0.056554079967619415,0.31434854197240936,60.326497437360615,39.55734835774208,25.16992416348224,998.75544611358
2026-08-03 12:20:00,179.6455253291929,122.5925327519114,34.98262979633518,92.5202115839704,59.9102486309066,100.29598614238542,320.6508347902085,345.9651164956369,335.6507047011965,351.2690639606484,0.40438846623041275,0.05913257595198871,0.31159162955460384,60.30937648937058,39.16428176461657,24.97594553141554,998.8784720710851
2026-08-03 12:30:00,180.02255001577447,122.32662899586805,34.97207191253889,92.54398486739449,60.14176929567127,100.02790527320428,321.2397167261964,345.3630756932498,336.0404948606028,350.6287461629772,0.4006695194249832,0.06164495637595305,0.3108141315501029,60.077934448269424,39.3487471340375,25.226677186997815,999.3566275418881
2026-08-03 12:40:00,180.12930887985738,122.38907799883506,35.01415163900337,92.52279708457834,60.21723838625137,99.15694068831904,320.0428319565988,345.8293791646289,335.5052673755535,350.99168141399304,0.3995071738742218,0.06085250581595347,0.31233749772075553,59.346517576097995,38.54016898226588,24.564712685011727,995.5066815200242
2026-08-03 12:50:00,179.9704666624615,122.46903145276009,35.036737092853976,92.68909934859632,60.41588988873581,100.1939785430076,320.83214945543097,345.71146150168033,335.4152848186819,350.825809623742,0.4014492190830561,0.0589068558219536,0.31121296234706874,59.89747504099394,38.547066444426044,25.07773009453829,1002.3257875719185
2026-08-03 13:00:00,180.0922785252772,121.7156437309591,35.04203150675703,92.3602840154729,59.8213019235499,99.0266607941164,320.79929955255693,345.8539099371948,335.79997480628776,350.12390631124424,0.40293355836817357,0.06164128816252441,0.31139415777421414,58.91925003506141,38.15329407536501,24.522907913509055,996.4875318717008
2026-08-03 13:10:00,179.81251056642918,121.8600111716172,34.83414197355695,92.35703018334952,60.163512033948834,99.29548295692194,320.7686833808053,345.8885492507845,336.0115617021718,350.6705478770585,0.40360745085367267,0.057124143844653655,0.3142465712372056,59.47148182606077,38.80347343536197,24.917820318289806,994.6708508387883
2026-08-03 13:20:00,179.70926811788692,122.4279157335764,34.890968921305365,92.47739235434264,60.210597437369124,100.42731962623438,321.01595033202756,345.56546408927494,335.5029811618607,350.95018863018055,0.4007862190979138,0.05924146101388988,0.3111373323874283,60.38787682914264,39.35980075705999,25.147898272634162,997.307370718726
2026-08-03 13:30:00,179.87279674388654,122.60501228904344,34.73491246851055,92.67771643075069,59.71509860434739,100.35311753006833,320.6467825552821,346.0066911331796,335.92308178967556,350.88868176181444,0.3984223705197227,0.062205990884166805,0.31226652239582525,60.41360017653546,39.07616994400101,24.90612481586641,1000.259636374483
2026-08-03 13:40:00,180.2316117305178,122.38630918291703,35.07775043269851,92.6044026802087,60.036352379543935,99.92503050082556,320.71301083715736,345.620782565194,335.7787931212264,350.74934098157735,0.40308841970288534,0.06551415893337541,0.3113221643877106,59.98772253442419,39.05963094223081,24.82728849005752,991.6894862478014
2026-08-03 13:50:00,180.2061809287378,122.22270754245754,35.10841280689043,92.19915648566204,59.72562505163892,99.14499444692389,321.116011809479,345.80672873350824,335.92409377718985,350.41204025645806,0.3965767964216048,0.05860694365679445,0.3142605073802175,59.50441875021468,38.717870228769925,24.819462910802763,1003.3973887519837
2026-08-03 14:00:00,179.90880763189608,122.37822806057908,35.12759914530678,92.27426680116596,59.93204989224689,99.81432574155457,320.738268682401,346.19518265844465,335.2315723981127,350.8650766566488,0.3996845561909264,0.05787419437007482,0.31245411594761857,59.41720039660376,39.144120630969056,24.985362371778972,1002.4942363563036
2026-08-03 14:10:00,180.24092541551317,122.30385380400689,35.01197458096102,92.34344928237914,60.1249712821595,99.66063084089198,320.464939227366,345.50193727803435,335.80853687480436,350.84463108484294,0.4002533500617551,0.06041544884662788,0.3149837689451842,59.40796102636836,38.59341738181612,24.971785476916462,1000.0615699176095
2026-08-03 14:20:00,179.93518294194277,122.65101881108085,35.112454042470404,92.38728392129978,59.491437263552015,100.31842037306511,320.9481818348484,345.7997689642629,335.7077565464173,350.95675250751253,0.40110808203382164,0.060489649609661314,0.3102339242835374,59.98166053804306,38.8295539533976,25.030874067208078,997.960030937451
2026-08-03 14:30:00,180.30253417736813,122.93464374637107,34.99389838109667,92.66762815535033,59.73871296079288,101.12886526621377,320.75442989779634,346.2549702614449,335.8458272388717,351.33362449093147,0.39895635773970844,0.06153870146650868,0.31145912504426604,60.534780367535646,39.17203494560754,25.19919481244639,999.5272060109468
2026-08-03 14:40:00,180.09667173843152,122.55723720816903,34.985525946061124,92.52855306786695,59.7583334476203,100.10846524397732,320.61207231715446,346.15601094304174,335.5864615044176,350.8116112398898,0.40042166250324596,0.06114404826759605,0.31220257571388,59.6329233786827,39.04183115534571,25.044328102820785,998.8635106938968
2026-08-03 14:50:00,179.90974859279174,122.42965660886334,34.843598076796475,92.64338709249529,60.026951779127074,99.61034443598395,320.9491119726153,345.58167155746605,335.75377409270885,351.13034218189955,0.4018964213003191,0.0632942369269946,0.3129097687108857,59.557109796875466,38.86591108612827,25.025559794656818,1004.3863567053899
2026-08-03 15:00:00,180.15918845049782,122.34335572550236,34.919401723420656,92.49805082550579,59.77934701359453,99.41472423484839,320.554107599987,345.60180113802505,335.1474702585343,350.94968753704813,0.4002131416776839,0.06387380160491474,0.3118367726218633,59.54859746099797,38.322635215887,25.206081182860952,1000.4385632239113
2026-08-03 15:10:00,179.84518346255084,122.34050357266547,34.9384454847196,92.48917233940577,60.11071344644498,99.97195285961587,320.4932429641494,345.95115339270455,335.7868614437613,351.6348804987458,0.3984953380507061,0.06140649746326389,0.31685545831191136,60.005362556830114,39.00568446204729,24.972722562718307,1002.8348602829459
2026-08-03 15:20:00,179.81295001491605,122.07265839360925,35.0893783300543,92.58501551820356,59.74332734085164,99.9116034032432,320.71123982988604,345.5955331237783,336.1957461547445,350.96013982197553,0.40166027773326624,0.0580598908356917,0.31157984758246526,59.9358580749596,39.10548410095471,25.0873546576729,1003.4591489097593
2026-08-03 15:30:00,179.7098888962941,122.04322364926088,35.16336575614073,92.31416724377088,59.84522946628799,99.42424042023626,320.73457758901077,345.8140493264787,335.8538654967258,351.6051274462069,0.40045437947592216,0.05952059060120536,0.31199229496049524,59.24866002147912,38.531936410300084,24.833710143037173,995.7287113700368
2026-08-03 15:40:00,180.0517169418283,122.55934020838224,34.95074401364726,92.33088706426072,60.17987448086473,100.0581776178461,320.8096031165103,345.3879714448462,335.8191872503984,350.5136292220298,0.39822036832848656,0.06040486656604941,0.31003792391609813,59.754628703702096,39.08584292529113,24.944639720350885,995.1159332427212
2026-08-03 15:50:00,179.98936819084525,121.71644079931929,35.03482173128367,92.39881654546166,60.09420785257192,99.42454323934457,320.4345345281381,345.9851221403421,335.9018146467236,350.4513311440415,0.39873427244160164,0.05961215618193874,0.31190827688199224,59.9169268480424,38.44152654886438,25.171273507162624,998.1603745382824
2026-08-03 16:00:00,179.98457734785052,122.64546688441459,35.02516271626886,92.61517389340783,60.044516030600235,100.55605363586466,321.313889487087,345.3205939959135,336.2186534512388,350.9634143256416,0.4037938655761958,0.062483782880131705,0.31710663878315926,60.03491539558217,39.257122540520605,25.078378566282076,997.3667625903161
2026-08-03 16:10:00,179.91802957380614,122.82365522578208,34.92027805641459,92.3480867688078,59.98792221096104,100.53132530289407,321.0027112268048,345.84015772325847,335.60451990058857,350.77960286087546,0.3997928050850007,0.061425802848336805,0.31330614680672475,60.37742984701115,38.84410702989972,25.37183038998961,1002.4055558520262
2026-08-03 16:20:00,180.28757693581645,122.63064397184847,34.82556946313903,92.59984998668963,60.298540936872726,100.54237563264822,320.8448934503006,346.01107847555306,335.3727721813638,351.2166713614333,0.40118402501350137,0.060625399461555915,0.31093138177060164,60.73706243533701,39.23032018246745,25.229879764156966,1000.9279555046217
2026-08-03 16:30:00,179.91527880891468,122.16584375930879,34.922323313351576,92.5030384631669,60.409405621956004,99.76297476469574,320.87313411779695,345.60536323580044,335.4809056529954,351.0699257948107,0.399193373593216,0.06013641476858425,0.31470418213524276,60.29229598237834,38.447930841785805,25.14427164488086,999.9662553714584
2026-08-03 16:40:00,179.85531751184251,122.97264502133302,34.85396345931749,92.41663553317429,59.88854534394054,100.25726028165904,320.05563705384594,345.3389331555506,335.6117817009567,351.0775344559995,0.39983314834277,0.06198599439224625,0.3120419041138069,59.72988319821645,38.59507618107937,24.88600554903258,999.4524918688753
2026-08-03 16:50:00,180.2492224625471,122.75458279724336,34.96598526561972,92.44324833134705,59.78282978312685,99.93396524739032,321.0857165255603,345.4300970304589,335.8399427908262,350.5973672211034,0.40004342196804166,0.058552245942120065,0.31384513008245984,59.927307999373056,39.20273735731918,24.770760972842893,997.0344964506221
2026-08-03 17:00:00,180.2842567533939,122.37122193266148,34.983372903054445,92.37896833190531,59.688937767469675,99.80559396929876,320.5035369835196,345.24016728734927,336.0570936664359,350.8267229285337,0.39915082624793674,0.05764112836844795,0.3103678370848471,59.733552987783526,38.90365657929631,25.247747489519245,1001.2912818018086
2026-08-03 17:10:00,180.067771756636,122.70345948786783,34.97943090996956,92.4132101102786,60.516642856885646,99.83042717142897,320.9635370092271,346.3462275618815,335.5991991044752,351.0930539293634,0.4016249971465171,0.05917229223657324,0.3115277679604156,59.654426029100165,38.69220914331444,24.91839456417727,997.0129239264934
2026-08-03 17:20:00,179.65199443997224,122.48044076253204,34.98068792383009,92.42720805362003,59.732148706312294,99.35014236348293,320.4561330278104,345.2409113566332,335.5185297880313,350.6707805071139,0.40221160967503794,0.058008304562211704,0.3156621003302345,59.845927766770096,39.01736026490652,24.803224051956935,999.4780262746424
2026-08-03 17:30:00,179.88005780195022,121.96577403210856,35.04576183533248,92.2507160164048,59.604673501432046,99.27806815205244,321.11224401696796,345.4328154559162,336.08337642785443,350.8479440259522,0.40173484395035414,0.05900589677255394,0.3128641897485768,59.59700662591908,38.06153628315001,24.842937356028216,994.1884763342757
2026-08-03 17:40:00,180.1225806298438,123.2494344145683,34.904397568833225,92.56101058226605,60.0790919805639,100.39715739543803,320.65818066678617,345.9167057100526,336.13868753898095,351.2114604399141,0.39935407428772535,0.05510593175363854,0.3131658017088724,60.60242981878543,39.35925125129956,25.084529667396193,998.007175016022
2026-08-03 17:50:00,180.00354470184095,122.30397339771415,35.086155401584136,92.48321127114012,60.312871843704265,99.90438229804025,320.7570891219024,345.8358957609772,335.59630698743,350.8368837758203,0.3988973034623608,0.05990115518591638,0.3136380093875096,59.55575521133448,39.04811021625958,24.731183912489172,998.0207146619979
2026-08-03 18:00:00,180.31081511562445,122.5372342573103,34.83045572774375,92.50551846912501,59.63088588531544,100.1082124255638,321.2815365904157,346.1298719076238,336.0504389520495,350.92318100906317,0.3962214008865175,0.05866625531005959,0.3146181634074567,59.347737045778366,38.88249269322209,25.244970580556917,1003.5053572034124
2026-08-03 18:10:00,179.72661709414177,122.55537226883895,35.00363957140293,92.25310826487063,59.962267370421245,100.50085519422706,321.12195139991235,346.21778874527433,335.7737535925596,351.2202713795057,0.4022412838072649,0.06152840346140695,0.3115359242300819,60.226436731653095,39.218423160203294,25.083016043366662,1006.1909630678085
2026-08-03 18:20:00,180.13567619506554,122.16271569173936,35.03621112997363,92.10332780305254,59.57126904051246,99.13343375249197,320.4143890656424,345.96147981153837,335.685381448038,350.99181770241256,0.3995239909508372,0.06200876985299958,0.3106076530862215,59.4563663215647,38.98583311582469,24.963704998194608,999.0986046918348
2026-08-03 18:30:00,179.87459334806482,122.10955323887812,34.9183164593215,92.41266564084438,59.79184842068539,99.60793496309205,320.6196559933071,345.8102184447788,335.7936301009557,350.4192196544377,0.3977573986663611,0.06123533484581735,0.3124392678352211,60.12881707491122,39.0058878309885,25.202078096827577,1002.5528431101861
2026-08-03 18:40:00,180.2646082836542,122.59718633136069,34.838115785784744,92.3328907637153,60.48477058338681,100.08766742173253,320.8894759048931,345.6632632117288,335.5799753020312,350.8976082575386,0.39788606383944813,0.05685682891928194,0.31459708436102896,59.92602444691841,39.032490912748834,25.097225316855244,1001.0300741598849
2026-08-03 18:50:00,179.98497660745105,122.86947140414391,35.06109207721378,92.32992471859953,60.04938959965881,100.19604739333279,320.7632204799892,345.77883960587144,335.33180009692467,350.8715896345291,0.4016915592660188,0.06043533152380034,0.31198594380649614,60.24642765523836,39.16456624917347,24.897279279705106,1005.5270804993353
2026-08-03 19:00:00,180.20612915994545,122.52309659030797,34.930071072089156,92.27405041347993,59.92168000924258,99.81146277479945,321.0778057925671,346.1181423803602,335.4180223977167,350.9681868176819,0.39957348080699284,0.06062528534137448,0.31485782169023185,60.23165322560162,39.281072034563955,25.06764414987481,995.186454193958
2026-08-03 19:10:00,179.87049418278326,122.75513710740653,35.07536790392339,92.29040424926718,60.020574731510386,100.51458961634893,320.63214060081197,346.0203335811442,335.61515713242716,351.5566084784439,0.40160838039953417,0.057812927075208374,0.3094649396901132,59.53251161939153,38.94921361645095,25.05214406343567,1000.643333040149
2026-08-03 19:20:00,179.7181002376922,122.93403008789514,35.07402119778415,92.34667248725701,60.08362038903654,100.10519746941482,320.27663365389157,346.02667307107964,335.9288406057688,351.21417002739014,0.40049494572788574,0.060998180507989046,0.31137755311207793,60.00155091227741,39.226013947724226,25.048403706620974,1001.9391274019794
2026-08-03 19:30:00,179.77792338280707,122.12106010953049,34.99671002848914,92.21649026450427,59.968659384912726,99.39330893058607,320.5679970492051,345.34073153871407,335.95924653386953,350.916990331772,0.40196903851681864,0.05835856907283699,0.31063718717956834,59.455440593116805,38.33899276142365,24.90357160017725,1002.5796276830479
2026-08-03 19:40:00,179.87866019157886,122.56417105773168,34.99713285529951,92.23484585646347,59.64517959100459,99.53461811200468,320.7882280567249,345.61527634290474,336.0985879753346,350.67579396138365,0.40063451883431117,0.056978677952650256,0.3087347431667564,59.37404630807558,39.25402500842257,24.923342862597263,997.4581568578847
2026-08-03 19:50:00,179.79503727199278,122.71464606263214,35.095839379203476,92.44409985969875,59.64707327788961,100.40273553024731,321.01021054325383,345.6406431935844,335.61224562739835,351.13232081358245,0.3945376697317655,0.060885135471029236,0.316969170477439,60.05503857819031,39.32062577381212,24.91874935683533,998.1654975351704
2026-08-03 20:00:00,180.24009226699044,122.7445214546874,35.0348477297312,92.25140998670813,60.5986001535611,100.23191572822803,321.07106506962015,345.6858235771336,335.8394721942776,350.9363430366104,0.4027869180073351,0.05900942845640012,0.3125347161435912,60.05536947631461,38.89437754208486,24.777999429196782,1000.2113924848899
2026-08-03 20:10:00,180.26778209124035,122.16518411201093,34.904135554209034,92.3460642524588,59.77147272431471,99.0504693804967,321.22385467086815,345.5335529410984,335.42249680159574,351.27560046458706,0.3976096763863966,0.0642832574019126,0.3168906797818357,60.0296316310057,38.776868219760615,24.89305982973619,995.8086161402995
2026-08-03 20:20:00,180.0546092958512,122.93811334877299,35.01401379234108,92.1861017498421,60.35647639365207,100.6738561519312,320.92268912316734,346.0560547436036,335.560355445684,350.9799475885458,0.4030869944048566,0.060459375302099286,0.3137809319441302,60.09531328577937,39.11571812595309,25.017666006862104,997.5192730518972
2026-08-03 20:30:00,179.79316098296715,122.73513240654192,35.052529084605304,92.61988548837937,59.78530379741562,100.29901351554695,320.7932911425656,346.1714244143026,336.1581712959579,351.1869111671387,0.4004093080224872,0.058979155412067406,0.3105530001632091,60.03893624346297,39.18409025334156,25.130398739439055,996.2673599627522
2026-08-03 20:40:00,179.97632584936736,122.76418439899417,35.017479781198205,92.2641457802753,60.387285325350746,100.67167149384825,321.07552027701206,346.40039105761895,335.81569697745385,350.6463782380167,0.3986085138805193,0.06032920921522387,0.31541018373521307,60.69013414931596,38.92880258910524,25.039213160350346,999.3176472730729
2026-08-03 20:50:00,179.86280491779843,122.41539702250094,35.016161829410144,92.35938286574849,60.20708440305039,99.80814955946246,320.82837735637577,345.7015994391242,336.4162654700301,350.83664498490435,0.3991184616312153,0.06005804074228672,0.31400861181526707,60.6045606155521,39.11761464330319,24.905680830609604,1001.8674275340493
2026-08-03 21:00:00,180.29081489236486,122.64222805616066,34.98256637714539,92.39325688175552,59.936605052949126,99.85214688933384,320.7197273545448,345.8306691104426,336.06184556712736,350.9075732277017,0.39851360948180903,0.059736398045700016,0.3168216618158923,59.49780839787329,39.01851604608388,25.140854709507373,1001.1403679562153
2026-08-03 21:10:00,180.06318870294163,122.34464419999925,34.985451360158486,92.24799466854628,60.59878308964933,99.43677145762435,320.72211449534547,345.89092581569196,335.7217097662748,350.6462037919165,0.40085270602374395,0.05820601356693388,0.3143435747257575,59.819782280852785,38.804159542147694,24.655129897472477,999.7444008975049
2026-08-03 21:20:00,180.09788730802794,122.9766467361893,34.90402185948365,92.52585210085347,59.7209187367007,101.26846478506594,321.1431475104929,345.86271104663973,335.65711661303345,351.0131398926248,0.4011356529471188,0.05844158139687761,0.31235161828281477,60.53751661840065,39.609020911047566,25.170664831811006,1003.9987100109458
2026-08-03 21:30:00,179.92006337625537,122.4542040965572,34.85462837936381,92.2823370177444,59.92965819463198,99.91227288729642,321.31234918387474,345.61618150745295,335.25114401287607,350.7840667478937,0.397521846090751,0.0631478625168023,0.31370901999971995,60.392856813004244,38.82484540943978,25.016571827373717,998.3526086812916
2026-08-03 21:40:00,179.59773567891634,122.86467394273215,35.109460051815034,92.20884777518795,59.74373454878834,100.79376659604097,321.2635849779771,346.1082442786884,336.257017769524,350.78965445388314,0.3965133884643751,0.05843018899811967,0.31231801890919425,60.68171681227297,39.36342743978093,25.1940326729195,1005.4585587083991
2026-08-03 21:50:00,179.8457731300467,122.48439067238085,34.933819041458676,92.29223595176506,59.76790328993239,99.67635377430636,320.39114324355234,345.26624356341307,336.1647572303917,350.69138708241843,0.40264093935521195,0.06333980329254411,0.31059767266418353,59.897531710741276,39.00964250438975,24.830109616001778,995.9264421817668
2026-08-03 22:00:00,179.77667356424115,122.72253641335054,35.01940634836454,92.4149645842896,59.891280755955044,100.08192059616655,321.20082534799843,345.72938252856625,336.93975191472606,350.8758509040045,0.4008741107359017,0.05843143843224764,0.3119836376018038,60.372062613047966,38.803585248709304,24.97751101047368,998.2219123444927
2026-08-03 22:10:00,180.07405096069363,122.2849066445466,34.847712317250924,92.13311715897265,59.7142440059914,99.16432375671496,320.5387886314298,345.305360506798,336.49008624978666,350.4127753189536,0.3975263719088987,0.06167282778053585,0.3148701414910902,59.54425491493012,38.48998926236325,24.58413005156508,998.2861485475664
2026-08-03 22:20:00,180.01930805515642,122.43926920526694,35.013034024201644,92.08558529043245,59.90247618305251,99.80856642561662,320.7746227130401,346.0656709032879,335.9754367699241,351.1765905763672,0.4021091848487938,0.06003605174352303,0.3107249726487358,59.85667176263128,39.443849887804916,25.212958415705458,993.7967555610999
2026-08-03 22:30:00,179.8396745403785,122.89169104856352,34.91483055986015,92.26952460488002,60.470491692475065,100.49187745420001,321.05506423560536,345.4627595960996,335.5685336386867,351.0317250100028,0.4024613927394265,0.06282984514405184,0.3147649840144369,60.417408303212085,39.00672608505184,24.959771994948973,1001.1998361898893
2026-08-03 22:40:00,179.92227822049793,122.10423834570472,35.292828088428344,92.2324369354511,59.48105619842473,99.37412809221276,320.48110899068246,345.5354386362185,335.35534456638027,351.08225558506484,0.4010646594865826,0.06027545750534786,0.31533827116117596,59.14519662786553,38.78135737050059,24.95422573507749,1003.9505419035838
2026-08-03 22:50:00,180.3132953504378,122.34064653558019,34.89582856346731,92.35714598204406,59.62521678890641,100.5361137724673,320.51524452320655,345.8797572892857,335.76856384606026,351.28930701049387,0.40113884706446656,0.06014053391894605,0.31306091678027725,60.29892568422129,38.90714252299258,24.9173540622871,1001.1822109577837
2026-08-03 23:00:00,179.80813138812763,122.7427506469801,34.90111822079617,92.39285979535026,59.71555632268186,100.16861890792423,320.6603291349397,345.5737201421215,335.87617388399747,350.99755405807815,0.3990733799594891,0.0590070095491878,0.3120274053755103,60.40516898136302,38.64386814769193,24.94179867153804,1002.9269744908611
2026-08-03 23:10:00,179.81640915927417,122.10903272688084,35.09110965120269,92.254059717858,59.860604984149205,99.47802453750788,321.39404802915675,345.96277861742954,335.4494571059299,350.8263500197186,0.3943570107559931,0.060526343114295174,0.3143665965792116,58.873192809657034,39.13870805420792,24.777632528182775,996.9266275282355
2026-08-03 23:20:00,179.9543315428226,122.38038566688489,35.110453936420406,92.27516481260504,60.30086118226277,99.74920136428716,321.2126500710811,345.77387381534555,336.09623309260314,351.3183498100504,0.4015446256753532,0.06127328544256309,0.3117009691137527,59.31122517424107,39.210535346540844,24.812420127205964,999.149083146969
2026-08-03 23:30:00,179.86017261417422,122.34287769984965,34.78754978936306,92.01755470712409,60.2143391493423,99.77046716164729,320.62218101022,346.47995334786344,336.18042898891343,350.8048610470389,0.3985540390226811,0.061847986838991675,0.3143697870835672,60.03776595089589,38.56262634652361,24.810073213330803,996.8815085571804
2026-08-03 23:40:00,179.91425052871682,122.8085705381134,35.02258544661095,92.46670019733236,60.142108644503416,99.97524033102874,320.93530362774084,345.52883957180586,335.60085839530217,350.9694683436441,0.4040524100413133,0.059668072455009234,0.3139663224742727,60.15099602151206,38.32641290047548,25.083127851807053,998.0816292816502
2026-08-03 23:50:00,180.10628974079282,122.3332222149631,35.08464727949358,92.21263396874221,60.06029553017091,99.73192801702845,320.9366037448817,345.6514654974222,335.8197007216461,350.27381265528845,0.39931210687322816,0.059977528331442403,0.3125961792197397,59.83853838882969,38.62729545816533,24.876273484931666,992.8246290191521
2026-08-04 00:00:00,180.3464448289798,122.5674605322092,34.87544486207764,92.27424292255584,60.713500502767275,99.58635604959773,320.9918555194293,346.0696442051674,335.4778768535282,350.7615486560575,0.4012404529215993,0.05975299647064487,0.3117543371680433,59.922990342670815,39.49819157536769,24.695271676697114,1002.6944691383245
2026-08-04 00:10:00,179.6441012185428,122.53966813321345,35.06522471417062,92.17620392579046,59.66361729908869,99.84770614874259,320.6869909171056,345.936236567014,336.20094217930114,350.9189651463568,0.39861374108847397,0.05589315635080142,0.3108517961385783,59.83760074829053,39.085628585194634,25.121727688563396,1003.1926015247606
2026-08-04 00:20:00,179.99635112981477,122.2277455162837,34.94474087816146,92.15026776051626,59.656216418283,99.48655513069548,321.33456198421993,346.0367726913899,335.63475977713733,351.1236349147984,0.3972583116699979,0.06047995020556987,0.31245855326597866,60.076148201607985,38.80690980687655,25.013681105492495,999.8957536598837
2026-08-04 00:30:00,180.00828770459307,122.1036042169678,34.897892690244014,92.15214823342586,59.992133479172075,99.35523671367847,320.7905243321813,345.81769001550697,335.5647074895553,351.08652482952533,0.39908491148067743,0.05760262536295547,0.3104787649573868,59.27603185351043,38.65156213414315,24.893571190222662,999.8751361599096
2026-08-04 00:40:00,179.9832135784855,122.80207008865777,34.962294376555356,92.37247078361875,60.060857072185144,99.97591175874632,321.1522685847618,346.1916092211289,335.3183851989971,351.2203897094286,0.404279703612245,0.06009262304788766,0.31248430926392085,60.43940597008781,38.992046584391275,25.04744373105588,1000.6797780588983
2026-08-04 00:50:00,179.9625778089652,123.00468802434557,34.95126168023544,92.41429276163761,59.92884599333866,100.44143711277728,320.40329465595187,346.0133868986741,335.6011621905098,350.76390024100755,0.4001598676243651,0.05888581645119074,0.3131150645815464,60.218873764449796,39.12317176331147,25.11176738428228,1002.6411580734818
2026-08-04 01:00:00,179.93192590881898,122.53093117849565,34.85894631381084,92.18143075011241,59.74894579752498,99.23531414744131,321.0281721337739,346.3078198596137,335.39140060290555,350.76497922052715,0.3962182051310234,0.05902236223154912,0.3120495613117051,59.29866528663292,38.99860204485638,24.6977076901837,1001.2169612886271
2026-08-04 01:10:00,180.20083856328398,123.10121782809523,35.219645375545284,92.40331057230686,59.60948345201083,100.00175407573198,320.95617318145605,345.50679026962786,336.22739143754154,350.9982856065314,0.40216496685762393,0.05988451943260668,0.3136995450316119,60.20123030140365,39.077919196641254,25.120111043133694,1003.8092641790704
2026-08-04 01:20:00,179.90697247439553,122.6432741736682,34.951890657154074,92.11916570355143,59.9171595803564,99.67502190259935,321.32215806575147,345.9917232083487,336.10195043746467,350.6974294778463,0.40245703530524235,0.05751090961469722,0.3147429460799255,59.67372203212005,39.21631388809251,24.97860790458451,998.7607296287135
2026-08-04 01:30:00,179.9745368135352,122.57397709214676,34.92292488069463,92.1889465931369,59.78858376923672,99.51142728143266,320.13775958435576,345.8507815625853,335.5474743199729,350.8180475392145,0.3985004735659424,0.060040938619694575,0.3100739650798952,60.22741984981058,38.701418301782894,24.91146606353814,998.9317624052741
2026-08-04 01:40:00,179.99997726681377,122.9183072077438,35.082053430441334,92.18852672359712,59.85609416132626,100.42671882635732,321.08555255867816,346.03986754555433,335.65032420259706,350.9565270085224,0.40032618709011664,0.06318692375156008,0.3126456948389693,60.11768230022297,39.631095660437175,25.16286342532215,1004.0749912769337
2026-08-04 01:50:00,180.02149911614438,122.65389063152881,34.98993175388219,92.2850338309085,59.67722797987276,99.74091515545467,321.16512311786187,345.63962558698427,335.89581937990306,350.3416279545868,0.4001017326645184,0.06323030964375062,0.3109738637497153,59.46400305027143,38.95579386524671,24.968088683977996,1000.3905802149352
2026-08-04 02:00:00,179.9658272446494,123.02868277534141,35.12970096196454,92.26546423062828,60.39893628388064,100.74915084153244,320.84360253178806,346.16733143872943,335.95340676769246,350.4653883720989,0.3985748766083682,0.06365516979667085,0.3113477460141609,59.83436452323456,39.15869144567813,25.020643959024998,1003.9689014432978
2026-08-04 02:10:00,180.19984918321987,122.4024893388206,34.97057672084275,92.22865821932525,60.134096081652494,99.6100803179268,321.3199981273487,345.5260951938843,335.60540103444254,351.0657252669336,0.4002819033773914,0.06240144343507384,0.3122188464829293,59.81793400795532,38.537156242704626,25.03657279442181,1000.6935400258213
2026-08-04 02:20:00,179.99826424059464,123.25287130417107,35.03205045386857,92.3659951209736,60.551759539531275,100.19325099681292,321.55833172627143,346.1946274415217,336.3281497176311,350.72818062231056,0.39696257753549924,0.06095019161963047,0.31482705090246776,60.76894246409617,38.85008124889959,24.908148525156417,1002.8330848878959
2026-08-04 02:30:00,180.03481217705388,122.34537565161637,35.00638120492237,91.93966413161348,59.84595486758563,99.8863584967214,321.1937640879592,346.0948827846633,336.1168409401396,351.1708591824105,0.40081434586144415,0.06396911235541447,0.31509254467866515,60.15439855417814,39.07774538033303,24.752869158198287,998.2940474151235
2026-08-04 02:40:00,179.98970936931153,122.65156164809508,35.01367581590855,92.33791025342477,60.017158882279695,99.62298909543682,321.1745339721892,345.3918239266069,336.533084015245,350.80073120579794,0.40208281975293036,0.06002918743129052,0.31149042141812044,59.755771875107676,39.10400942691481,25.078947304799843,998.6164998568885
2026-08-04 02:50:00,179.7993951157126,123.00215003503332,34.97642622485723,92.22016959383417,59.925535247990105,100.29383752128888,321.3385611782335,346.05421235114125,335.0994667335257,350.6371422406869,0.39840463879963267,0.06191982771699929,0.3126202244220557,59.457992799551484,38.91534378300138,24.944673071389523,999.9707359374828
2026-08-04 03:00:00,179.83400655278516,122.77791205950332,34.986748795594416,92.10865176499462,60.00583229316998,99.92250871346259,321.0677276684587,345.3545952914993,335.4587551292256,351.1348384316555,0.40142259686016923,0.06125639751709891,0.31227417660868156,59.534518798098404,38.76917449493426,24.97589766055844,999.6682822932397
2026-08-04 03:10:00,179.78999857618828,122.73382136932288,35.163616422714384,91.98369956636773,59.923342273268446,100.30160529035682,321.3064964263163,346.10852994770477,336.15073944510016,350.8734380724685,0.40162636817948727,0.06047804848094041,0.31224456978082105,60.302725129359956,39.67642435514027,25.242877560346933,1004.2831106051467
2026-08-04 03:20:00,180.03852971598633,122.74326735714463,34.929523441375466,92.1071093200433,59.95054502775312,99.97635424639151,321.12002341426256,345.4594133573684,336.003675927437,351.06308654726195,0.4012215440325319,0.058400753875121295,0.3160248330140752,59.815672897134306,39.011855789898604,24.99914939020779,1000.3723943462023
2026-08-04 03:30:00,179.85730132103342,122.45431241295329,34.94284577902348,91.83974894829014,59.41211913894613,99.45709187234928,320.73681354429937,345.9219754019552,335.85430745169515,350.7521400025526,0.40297094127107214,0.06072187093686295,0.3145847429036956,59.65642621174103,39.014446554615226,24.94631394202525,1001.0965832534354
2026-08-04 03:40:00,179.78772242194162,122.56303255639507,34.96297539197692,92.13462033711401,59.918487810514144,99.94896537840555,320.62900842182734,345.864204799476,335.59497256098706,350.7149002251263,0.40009467227364887,0.06386598513663888,0.3090270252074877,59.95282090420755,38.95292625403984,24.848806181489177,1001.7210577969543
2026-08-04 03:50:00,180.0476211796079,122.80846627631077,35.05375292155351,92.11227746286023,60.20579550890613,100.02597758475807,321.29914792734394,345.45904060736694,336.0947079638178,350.8587484670257,0.39858074562416873,0.06081084654140785,0.31354475955199484,60.181753634593754,38.685119450873316,24.8501608547199,1002.8063363191623
2026-08-04 04:00:00,180.10500634420546,122.9479531397572,35.0369355405092,92.36207502274836,59.41902436621751,100.4792314769406,321.1282624768626,345.39231950995594,335.7908417555242,350.72275378960006,0.40166154489434613,0.05947882819091559,0.31409717021337524,60.09047837228742,39.0396750089901,24.911563308572298,1008.1038659215916
2026-08-04 04:10:00,179.64783816366653,122.49554582988506,35.08995057749945,92.03274933150303,59.89582461106844,99.54686549633242,320.74965283617564,346.1019328956249,336.3556476264794,350.90477040935303,0.4011310086637256,0.06054909654659769,0.31039751741643684,59.90721337122,38.34233186818363,24.955196455369233,999.0632084753228
2026-08-04 04:20:00,180.33793456502704,122.9467545889425,34.86406835598781,92.22011994006684,60.170263227035754,99.98033507336635,320.9608244262185,345.80869834778184,336.2821154302821,350.6590284855693,0.3958066508515042,0.05939267232675196,0.31574103560621536,60.31285099430762,38.7993204161191,24.917577987781687,997.4456193131872
2026-08-04 04:30:00,180.00645622683834,122.213964546204,35.02284536104395,92.12954499753516,60.376934469433444,99.13906063488498,321.39452710615427,346.2825055267012,336.22783564209846,351.0671061192987,0.4002245242856848,0.059981526451785186,0.3144556370884077,59.43373766719233,38.40294812270257,24.724558167353848,996.1622962923327
2026-08-04 04:40:00,179.97896653033638,123.06526373170928,34.97960966402626,92.35092918476248,59.974403366727515,100.32574653017166,320.44259875674965,345.9437036290344,335.4002512530456,351.1985627669139,0.39857518207028914,0.05848309799007096,0.3160547570277326,60.35968361643602,38.924412742709556,25.111089510607094,1000.5704128782387
2026-08-04 04:50:00,180.21335503832492,122.4612412028172,34.968679987187976,92.01232171833283,60.13559797426463,99.45925851267968,320.6883771167737,346.7878683614318,336.0530379382144,351.10698187259186,0.39933075419256303,0.061615528077262186,0.3101198484905839,59.61181575447716,38.488592550574396,24.69021510063792,1002.1731349433098
2026-08-04 05:00:00,180.01396247742633,122.5050423938486,35.01336282523457,92.06945929611479,60.5222048180663,99.0968202394582,321.1708075017945,346.01524475994694,336.4871679526769,350.58882832685026,0.40026581925470744,0.05941859238919344,0.312109733180252,59.28473453421555,38.159347605585275,24.883752270280855,996.3871098454365
2026-08-04 05:10:00,179.8792282080345,122.84185504237256,34.80173073479166,91.93082440189474,60.386209834041026,99.97039158286263,321.21062545831273,346.4952154674896,336.5143796746958,351.3394731600419,0.40312570395733466,0.0597897460012809,0.31120260346474193,60.0348461818923,38.99327012613902,25.14089596390708,1000.8437199000289
2026-08-04 05:20:00,180.43891487248519,123.14683784660143,35.024198294361206,92.03337045776125,59.86521493934558,100.55284247933142,320.61382265119926,346.0723388567096,336.33820365562883,350.4497251198169,0.4009027032281153,0.059980778395142396,0.3112903541398404,60.23278737695518,39.31361501801251,25.23297877907528,1000.57834236734
2026-08-04 05:30:00,179.78512084125404,122.30298667113476,35.011439546056366,91.96590654899596,59.81951136966168,99.23777652589406,320.66867611062594,345.99487237013403,336.3087457589881,351.03737154275854,0.3987300949930065,0.05689982081047171,0.31134397743071185,59.301660011715015,38.726317659067995,25.04460424960145,994.8346943633452
2026-08-04 05:40:00,179.98047582518856,122.44956434167375,34.855401514468404,92.01168568643098,60.30327959528465,99.45598220730578,321.01931088767935,346.1343281000948,335.7375119179005,351.00677661601344,0.39894800702841354,0.06301894816068396,0.31001321539676624,59.60836005883083,39.170393911233745,24.88414288147351,994.7459409382401
2026-08-04 05:50:00,180.169438951057,122.51757064653177,34.98766929007931,91.90466098234504,60.06605311937069,99.62836255447336,321.39354771586324,345.74666636159725,336.41182585071647,351.20668986390575,0.4004895903089024,0.06355318434529461,0.3128638368482625,59.68669458944785,39.181407663791,24.79713453085838,995.7183269316338
2026-08-04 06:00:00,179.78607090379137,122.6386894695568,35.1507833572651,91.96022831370449,59.83814332569885,99.435251676829,320.9773861945602,345.78216949260144,336.5384110148258,350.7786563401762,0.40087627239183815,0.05878905474205259,0.3096169177536045,59.9222361714599,38.71397712279423,24.87894551476158,997.9117070805944
2026-08-04 06:10:00,179.97959440514222,123.10487704893677,34.9586256559113,92.15463896709967,59.930898120013936,100.1897139441673,320.2787642141752,346.47611895467,336.10308347847024,350.83168478444236,0.4054948350690555,0.06525666386214592,0.31473402622387825,60.47480462927802,39.17458428511282,24.951068939900868,1001.8398250206085
2026-08-04 06:20:00,180.07731298193383,122.90312665155957,35.05591108362666,91.96469212203368,60.093962677664,99.59631627747775,321.2869782312697,345.92356880421875,336.1320622551099,351.3308960979873,0.39818034428896,0.060264148696172075,0.3141753829698734,59.240882441190976,38.94871375979338,24.71864624897637,997.8885990903175
2026-08-04 06:30:00,180.48032946646165,122.6118917539989,34.974748118150885,91.99578365325159,59.94013392862575,99.6392426317699,320.9735892785117,345.63739622464914,335.93555629979994,351.32622549124267,0.39894937357020827,0.05923381021000599,0.3080924895677167,59.21295233862556,39.12944121820051,25.042016439179978,1004.4896356848885
2026-08-04 06:40:00,179.82144056388753,123.03285063184578,34.91664069221009,91.98920889587805,59.923992410455,100.29165269934116,320.84443774494764,346.1395980804836,336.0384825602275,350.6838394891459,0.40200189821052645,0.06070467776762667,0.311049842807424,59.93143806986473,38.958845699524936,25.006699189241573,999.8888331548525
2026-08-04 06:50:00,179.99046767433362,122.39016589536554,34.90583916945479,92.14190187547302,59.92929774706258,99.62224268451565,320.63571794315874,345.7363049179332,335.89136130698546,350.90635160171445,0.3993783936833218,0.06099077840117246,0.31324442060659224,60.090440979560846,39.39878041090027,25.015672467029297,998.1888248852047
2026-08-04 07:00:00,180.1317414261273,122.54773859434356,34.95771861211757,92.24484235874077,59.555319890384624,100.21639004889036,321.3449756550828,346.01438608897854,336.1293850142455,350.75725597808105,0.4004339671653895,0.05901622650552369,0.3178915865183743,59.74771397748225,39.102797011568065,25.19467262582628,997.3003656893965
2026-08-04 07:10:00,180.01620907088198,122.49958063422774,35.1260021967949,91.99988080678592,60.51681841057626,99.51430741405898,321.0686983867757,346.3348927911383,335.935699921186,350.2168469165908,0.39684979056214564,0.06093483173593539,0.3119961556153347,59.34441761616494,39.187259008719316,24.482409556278178,999.2556941755671
2026-08-04 07:20:00,179.75943054266656,122.48848347259822,35.078025793709614,91.94885643615834,60.36334143340738,99.39393074289235,321.1118761869219,346.384709496106,335.53176616102263,351.335673318745,0.3968181305066459,0.057520743843486835,0.3155579033478437,59.036845079349845,38.51145011536961,24.707121419644082,1000.0198943477292
2026-08-04 07:30:00,180.08162579374311,122.17133366842305,34.92714273663304,92.09103297877435,60.450746249570095,99.08227535540453,321.09776668940276,346.54619967969325,335.8053629546294,350.8016339477131,0.40143340337570677,0.06161998896360123,0.3170156276115824,59.18319476437416,38.54738724547539,24.70941753858045,1000.9088390005514
2026-08-04 07:40:00,180.02150998909033,122.9783163630045,35.09607939765106,92.1723668714479,59.95968893354297,100.93060139345586,321.12559132624784,346.3534316759509,336.1172317616489,351.0184143750904,0.39805353002985555,0.05882387374490268,0.31295513695767546,60.453646243237415,39.00817926929994,25.204755646795196,1002.4684731330947
2026-08-04 07:50:00,180.0891262413092,122.94728845232453,34.98445825737699,91.92842447878942,60.037112963874904,99.8398704839345,321.24801372848196,346.20095407440493,336.0589546691593,351.0774939380188,0.4015949471093694,0.05712009100833611,0.3103434918701618,60.18476493440777,38.92879809098293,24.826801887349387,999.8717547480019
2026-08-04 08:00:00,180.22629322435395,122.81432136474133,34.9286518633701,91.88584580295914,60.17124051257867,100.12196668397421,321.5134359544477,346.17075274690563,336.43710241777165,350.6186677409245,0.39911471802197396,0.059999304751836235,0.31022914524722867,60.613550447913155,38.908627734923186,25.074184977415108,1000.1658711726775
2026-08-04 08:10:00,180.20263927453288,122.5807662482301,35.03977705335684,91.94357411199584,60.24416236977964,99.9844752455096,320.68175996318905,346.0982153426801,336.2903633289358,351.2772867516371,0.4006942007140087,0.05753593679572678,0.3091551918460086,59.99198778014887,38.81016131875455,25.009342018903602,1003.4117094875779
2026-08-04 08:20:00,180.08155247523626,123.42783164702519,34.90679994262841,92.23497275536928,59.45519671733013,100.07998087850363,320.9803876157595,345.99988259118885,336.39278603538236,350.80892968825725,0.4024403539903301,0.061945630339563545,0.31308891838308606,60.165734891277445,39.264546519847265,24.947232799736753,997.4547645817115
2026-08-04 08:30:00,180.06211723631486,122.97808522325191,34.841621081800284,91.93834854601968,60.105218648080985,100.02484323968719,320.8689485750185,346.69783509038683,335.9897174589043,350.5745832621247,0.3984808457422014,0.06316131705364561,0.31309063896683104,60.17418189303533,38.8678243106003,25.004472988785515,996.3300764664029
2026-08-04 08:40:00,179.78030565692154,123.30748706857752,35.12533024321921,92.39397472945946,59.70237082052914,100.95410851960135,321.51234798279967,345.99339157901954,336.3294469794758,351.11274621599506,0.39850218028661266,0.05777772791937256,0.31123560929844546,60.60399937431037,39.45213387183144,24.97188566601243,998.4419441467918
2026-08-04 08:50:00,179.97313703516514,122.83756028878969,34.816203572899134,91.92828246590847,59.97827595296609,99.48053670452143,320.9227021260703,346.5226298424113,335.79539656886703,351.0643302030229,0.40235241140881056,0.059049934747779274,0.3157346294096684,59.81126584044165,38.47170692576714,24.719248913593614,997.14380724515
2026-08-04 09:00:00,180.04406431947137,122.43529479951806,35.05080295882401,91.87225256135866,59.80232917438856,99.22126894695091,320.52750165844355,345.9859250304929,335.80802026972157,350.85443556572625,0.4001032093452269,0.05768656215021044,0.31151476620327945,59.019103367023284,38.251335371754344,24.90156094320511,1002.0360934960443
2026-08-04 09:10:00,179.91979694993137,123.03438058328581,34.84620144512713,92.0563463940706,60.50733738010617,99.49402016575782,321.0051700573398,346.38899356218246,336.28222539012233,351.0021385023915,0.3997736543172115,0.05766160966749108,0.313021475621653,59.861668116417285,39.414422522762266,24.69665797022112,1000.3871814226048
2026-08-04 09:20:00,180.0195217446889,122.34052353090746,34.99427534252039,91.87259803207898,60.16001779040555,99.33264549512073,320.7953841459812,345.1704668848208,336.0876773892807,351.52682320213296,0.40184607690212515,0.058241225512637274,0.31465678864964713,59.82893683475298,38.92356165207584,24.881233829969258,1001.308363856975
2026-08-04 09:30:00,179.834936016269,122.86936037305144,34.97759029464069,92.04889947329615,59.99152340165856,100.37348102624097,320.7952639433,346.074996371652,335.7782892258495,351.2313636017052,0.3981114135182502,0.059838549484681106,0.31450845074222844,59.74267842412792,39.273457347310696,25.112871317060236,1003.0103852972046
2026-08-04 09:40:00,180.30686527995763,123.12386861016921,34.953688543747276,91.90282398056215,60.414940786414896,100.41018910476888,320.88538977718565,345.8434310870037,336.3065845753233,351.0278624345858,0.3999978931342387,0.05714286513361324,0.31392897803045333,59.940366037681606,38.876095889897655,24.934119198613473,1000.6076463724021
2026-08-04 09:50:00,180.4304158414095,122.59481903748629,34.780854941067574,91.7772639596872,59.978614370635626,99.51934222742484,320.6289921887539,346.5078364036625,336.4604752705003,350.91884294421783,0.39755585951759187,0.06160826144319824,0.31388242819579315,59.77610822463537,38.9417961495273,24.68159474628189,1003.6144357305551
2026-08-04 10:00:00,179.92209076756893,122.93407674355197,34.98643120898368,91.80025594515853,59.783916035956395,99.3047821117685,320.443091376767,346.4890950669365,336.2550337520944,351.57985886325827,0.39742045000391296,0.06453506713201858,0.31339390334560446,59.69585584723262,38.741905013389875,24.988715201170006,995.6296395475034
2026-08-04 10:10:00,180.0800717023798,122.57643825118832,34.99355987259265,91.95256052132294,59.94452042533699,99.82260167342945,321.6114120623189,345.85090925218447,336.42152836327057,350.90098439341335,0.4013693824691058,0.0580371993720709,0.31518201142811053,60.06028599174618,38.93502808402141,25.14899331656781,999.797880083143
2026-08-04 10:20:00,179.95316814353038,123.15307627181635,34.9084211316858,91.95418629873518,59.89099507995759,100.6955619389382,320.98979270304153,346.0189593507342,336.3074356210453,350.4487706776732,0.4024732858044964,0.060079459011172814,0.31484839224485694,60.86548519836753,39.61020007666581,25.439738296849587,1000.5657604900706
2026-08-04 10:30:00,180.2525722101881,122.38115283102186,34.990531400498234,91.57896857572185,60.014000008375604,98.59021529110085,320.7489031580393,346.3237839201945,336.30821610275973,351.4014768694757,0.4004363261776644,0.05893081172127877,0.31088141891162485,59.363026912647136,38.91255451228174,24.782759621579697,994.604686681474
2026-08-04 10:40:00,180.08699937825043,123.22352273042283,35.095460889056355,92.01382933824829,60.25004914160102,100.26331338450794,321.2190685585342,346.1389539671376,335.78919211731557,350.8884801082978,0.3971489701701988,0.05491121254828364,0.31375065352808096,60.851442328472004,39.31378071802741,25.172339579534068,999.5293560636607
2026-08-04 10:50:00,180.01546670158132,122.9480334988484,34.92624057984161,91.85350009179217,59.96467866816422,99.46212238627571,321.4345859587265,346.08013673665073,335.47075729067905,350.38859230561644,0.3998053761642866,0.05607575467150766,0.312833416004286,59.559469111789014,38.54552054754179,24.699251732610254,999.9389450386866
2026-08-04 11:00:00,179.9552673993582,123.30575460697361,35.02270765999993,91.95548083633037,59.980382882164164,100.52018357327064,320.51118747305367,346.34750321841017,335.93249293113576,350.6219898222129,0.40070583980001456,0.06360560298033074,0.3121953634360503,60.025316267120196,38.9809502685293,25.000149116475257,1002.7119238292568
2026-08-04 11:10:00,180.02522546950968,123.19617284358308,34.883602540815,91.79803622226197,60.301424129396494,99.46103802956162,320.90392722746475,345.662141627877,335.0597345933497,350.6362234191507,0.399998336274858,0.0599148313674388,0.3157331377992631,59.250888360903396,38.83261787999088,24.957622625978495,1003.0291663874287
2026-08-04 11:20:00,179.799925890959,122.84918319838197,35.035087607681554,91.66983148959753,60.08568603507356,99.85729208639208,321.1246583831562,346.5444015216529,335.87151103493915,350.3868153306531,0.4023706424465613,0.06325274094427766,0.31309434420215704,60.14002875526412,38.57991324933804,24.854693936970712,996.4886958112231
2026-08-04 11:30:00,180.13510649829894,122.70181373794281,35.060538203961904,91.99037678512013,60.28230606692521,99.24686044968021,320.788779565466,346.1974336546702,335.704160772709,350.8204199062654,0.3984181810887919,0.06019734483526036,0.3134143149963772,59.94589055824782,38.5298239365304,24.86419995296946,997.190359355185
2026-08-04 11:40:00,179.8572010186766,122.96440318467359,35.24246166448879,91.80331026380439,60.03990342235163,99.51137107475095,321.1797397695226,345.1972055595902,336.0775284231288,350.8702688360067,0.40067836565303794,0.06180074882938395,0.3150975948614046,59.46763036645961,38.53212542131043,25.09706133914775,1001.1965209251582
2026-08-04 11:50:00,180.1069763758384,123.27521986376037,35.086826975297996,92.03386210202167,59.61197048207321,100.69291958152306,320.6748257162013,345.79273312825785,335.82955571364636,351.54114380954485,0.39935783573758543,0.06228236605181852,0.31082383133516367,60.40844563155483,39.42273225497301,25.07830144315444,1001.4542284196999
2026-08-04 12:00:00,180.02592702766367,123.15605787660864,35.040156175467224,92.08669274687857,59.66591374193533,100.41028934294503,320.8484143628236,346.0464536751503,336.0466138715688,351.02723316251473,0.39988010263557255,0.059052194637693546,0.31166568413867374,59.84213877615131,39.48638854377916,25.046031340030314,1003.4404913894602
2026-08-04 12:10:00,180.21898862524955,122.84720867089636,35.136570840002186,91.98678304751655,59.50605758148401,99.79916592392466,321.01410251402893,346.75702111699496,335.77851461174964,350.88052863221964,0.399366741966198,0.06286856453222067,0.3121935449700549,60.35210409943054,38.97889304853321,24.897747304747913,994.8887400233405
2026-08-04 12:20:00,179.996601434462,122.70819711042522,34.89922292539761,91.86068274043784,60.33868142208201,99.56491381489788,321.1813265232599,346.07356094579563,335.97335847351303,351.00679174455524,0.4010263694355508,0.06272901770020337,0.3107238651292672,59.79767267977201,39.120268332241714,24.97228854870195,1000.8544557657601
2026-08-04 12:30:00,180.20461419723324,122.37930623843049,35.10328832709561,91.77826132889503,60.12332248379743,99.0530964317441,321.06640864467784,345.62581723807807,336.50316444649144,351.11742220729724,0.39763997469833645,0.05953385114571756,0.3132845176038496,59.7166964778125,38.566699308133515,24.901085968741867,997.9049331113756
2026-08-04 12:40:00,179.8155294536444,122.84466541217112,34.94365373068376,91.88875787741138,59.85857093630972,99.80317164404951,320.8521195574905,346.4925159459179,335.74333352433297,351.35832080406306,0.39944647041673637,0.060216742459945086,0.31086575660710236,59.6077310192473,38.95711174633372,25.012417027772884,999.8666365785784
2026-08-04 12:50:00,180.1218889433357,122.73416199018513,34.93634075629958,91.96601351103438,59.70516217979756,99.98454837370686,320.94805362274167,346.2048473752691,335.53034937351816,351.4562977563146,0.40073381164038036,0.05775058886169583,0.31333774134571,60.063476321452136,39.11221073977872,24.858414499581674,1002.3551546807287
2026-08-04 13:00:00,179.95518069533233,123.11102833892942,35.10563798184995,91.92469791401389,60.107284383907434,99.95797282108276,320.4256054425654,346.08602691537345,336.4844846478574,350.4789828421514,0.4017641929431032,0.06330641676154031,0.3128738833357932,60.33817866354991,38.83950237758413,24.827096661278684,999.2007944015295
2026-08-04 13:10:00,180.03884358054302,122.720259364741,35.02062614979021,91.8141717718701,59.960432447842706,99.95310403601191,321.70405074156844,346.4063218174182,336.2935495190207,350.62539161787276,0.4021839626339647,0.05819174981905876,0.312873078433009,60.04904657636487,39.15473513965287,25.140161071174266,995.8522888805113
2026-08-04 13:20:00,180.0143499061051,123.21742649129804,35.12838309091061,91.84382626407506,60.095090672405654,99.43909518638654,320.94205634757793,345.976695566363,336.051705590592,351.06394019910005,0.40041788371887294,0.06020477836901687,0.31379578683056675,59.18686326070269,38.60359561950074,25.21548935004985,997.4129537154627
2026-08-04 13:30:00,180.18725822435496,123.39185369147356,34.85462355561757,91.89095244657709,59.74887526642001,99.96686305731718,320.9784364404656,346.0621611329642,335.94226137806544,351.64725337519445,0.40231823806008954,0.058966237241679105,0.31212815842598146,59.73210711392605,38.647720898489,25.149689067119844,996.6249525077013
2026-08-04 13:40:00,179.596077499679,123.28417324927486,35.024491250317276,91.92033498839523,59.66997197205555,99.98066331023244,321.14876860011236,346.4009262781806,336.1590641641066,350.925528398434,0.4025797383213925,0.05922236392762315,0.31422897969718006,59.88525324247171,39.10000117677704,25.355149357395277,1006.0091249639853
2026-08-04 13:50:00,180.06461634835586,123.32891974976992,34.94578942208169,91.93911783955353,60.46704636683604,100.64528101890158,321.24274104194564,346.2350082683703,335.95777358454194,351.4015984945244,0.39980463793314847,0.06197079273830734,0.3120783944408449,60.54875851524458,39.499692257642245,25.029518128600486,995.7729270746948
2026-08-04 14:00:00,179.70110027183753,123.38874995772414,34.971015250622976,92.08564865804067,59.71654724022803,100.93336672717618,321.17628989024837,346.3974144057907,336.36238078413805,350.9102867716563,0.4039621734467336,0.06045800163128388,0.31281844665549596,60.65850451191218,39.8140801715493,25.246931947639204,1003.1930554155973
2026-08-04 14:10:00,180.24136336691103,123.29913057521394,34.80965729447663,91.8501121879529,59.99304468885977,99.9315054865411,320.8716603854592,345.9968985068342,335.9818108658449,350.91194050175574,0.40309448390703806,0.062401888573926784,0.3126401559892203,60.24481592441128,38.45940666410109,24.705893509990037,995.9715262903335
2026-08-04 14:20:00,179.60545136108783,122.95141154318456,35.09013803905092,91.8806977106734,60.397682003867104,99.61684702441205,320.5793187278337,346.61697731290195,335.8848976403239,351.0046851532787,0.39947680259928836,0.06009531833429718,0.3143759607078267,59.73667825898669,39.016070949185696,25.086848905526825,1000.8872427566776
2026-08-04 14:30:00,179.79924364322721,123.19233376407784,35.01848853454079,91.82854589657423,59.454524562743345,99.96750893511901,321.0269391730614,345.68504528599505,336.2434034672837,351.5009586757221,0.3998105388556896,0.062368788112451966,0.3132249093343466,59.59517551505894,39.43701886811963,25.050378867121896,997.7403337232406
2026-08-04 14:40:00,179.66522416705865,122.81757897028186,34.90064134740478,91.73007277139628,60.208125735195345,99.69618936237278,320.8416282973932,345.7017439618363,335.8362350773768,350.94293569699715,0.39911709209312546,0.05795088899116826,0.31102743979061925,60.1297500973324,39.08716824352647,24.811587550941784,994.5322496103408
2026-08-04 14:50:00,180.32784721981758,123.14714031853286,34.86515155585602,91.67966332883773,60.02038344414019,99.62878309212688,320.91736433595963,346.2693528034097,336.24793270695454,351.1113099158348,0.3998179860676553,0.05860807067007521,0.31664521106836,59.89778223524944,38.753175701424084,24.755194963945428,997.7384425561355
2026-08-04 15:00:00,179.74220029544222,122.93674427498549,34.91219655917069,91.79398644551941,59.95715108047371,99.97067492403893,321.08486594461294,346.0276964928851,335.72652228116715,351.1907205794742,0.40074834787027613,0.05317162583285684,0.31526738231694845,59.5025644105258,38.41957480643586,24.888922572400702,1002.3570164037595
2026-08-04 15:10:00,180.0227829008148,122.8959548815798,35.135593038252715,91.80544826425074,60.08023705653373,99.47834778442385,321.15985685597616,346.18373328978055,335.92117855937784,351.36900732731687,0.4005913260674683,0.0625144609610621,0.31302417499077784,59.64854868567675,39.00470756138187,24.944027912406906,1003.7701896769604
2026-08-04 15:20:00,179.89284146919286,122.91215495709639,34.98807998349118,91.96792708171725,59.647059559976306,100.3030533755775,321.4776841139531,346.13711141183484,336.1418092514877,351.11415162714104,0.39925900294897876,0.06214512598663263,0.3141568598253178,59.81437460697138,38.60842463021255,25.007609604029003,1006.0764045080572
2026-08-04 15:30:00,179.6400475191324,122.96904369940556,34.96513106097638,91.78446409796057,59.338781222119366,99.94804222540796,321.0473394144943,346.08155556121693,335.87738567063104,351.3661390881154,0.40101621100244833,0.057361887483359915,0.3110918271921362,60.683750623255065,39.25855537214386,24.92368433906066,1006.4898667269047
2026-08-04 15:40:00,179.93254240099648,123.28489835202515,35.046607758574126,91.75531267083993,60.56163026822601,100.12500415342997,320.5749348015304,345.8110727108911,336.3880814561721,351.60927387464636,0.40244475835099774,0.058124227750852395,0.314467905533482,60.00700873350236,38.696890694557894,24.88728999437307,1001.0105598668811
2026-08-04 15:50:00,180.1325470501719,123.00101983038746,34.99925847436133,91.72769052254162,59.914788819753454,99.90852998201467,321.2713842443768,346.2250919026485,336.0659886836149,351.3418475843904,0.4018421879552021,0.059867909986438796,0.31167811400784073,59.955315847845895,38.921629716658316,25.001082676580268,1001.6373269580122
2026-08-04 16:00:00,179.96314633615785,122.88155052637808,35.02097679403399,91.87713270754547,60.26469261309824,99.63637277637379,321.3762288214904,346.52947709585925,336.1585762474072,350.99349054030006,0.40136048274508257,0.05796371436882714,0.31421002421328487,60.079591852367486,38.36575791926634,24.927908305896707,1000.3215440428065
2026-08-04 16:10:00,180.18821599868494,123.08162002466305,35.07137354159687,91.73850133880252,60.329125690995674,99.52602022012557,320.6056341491294,345.8854977895851,335.5040799090141,351.0669164901372,0.3993903490459227,0.06269737158847785,0.31305741160396877,59.329772757901836,38.821699743822144,24.880287511032066,999.2040714504961
2026-08-04 16:20:00,179.92761504664944,123.07765746306329,35.03084381111707,91.71133258497235,60.08558106363283,99.88136199783773,321.2838931441335,346.7088737817486,336.2688623358676,351.1940893756523,0.39945135790950714,0.06360184268887849,0.310676209857805,60.13567622337156,39.37623708680732,24.74389951870068,997.9446531041998
2026-08-04 16:30:00,180.00137169214952,123.27290819836108,35.08472574116694,91.81652870269566,60.13551949647185,99.7256198312861,321.1600173928186,346.61424861104575,336.12721004609665,351.0330620793523,0.4033473369279096,0.06058367856280913,0.313701045912886,59.79823054792018,38.95313233917753,25.118891437967388,998.9768266327075
2026-08-04 16:40:00,179.92304024919608,122.72769266260318,34.881023864393505,91.64395875354695,60.21171657408045,100.1169506666048,320.94267504540926,345.8909925937456,335.505148159771,350.77893730127255,0.40014311908867684,0.06068402420422716,0.3126931643868977,60.19958092136853,39.032976609982754,24.84095216127792,1000.8432970899788
2026-08-04 16:50:00,180.06871366168667,123.27263988487738,35.004596573878445,91.77348964065644,60.4686610573722,99.99778414840118,321.1593446587695,346.38958432405366,336.180700680032,350.83662332489587,0.3985511562801501,0.059595631802497634,0.3119022885405497,59.56654072949783,38.93917380786633,25.00801211432784,997.1031474624758
2026-08-04 17:00:00,180.37978235999037,122.95323263007197,34.96358906626097,91.67641692310741,60.14622063533231,99.31884662603863,321.2268736272237,345.8200833380262,336.2078096884509,350.9519142168559,0.40184390022246863,0.05738441490499869,0.3126076728985155,59.74209960617292,38.506043563529346,24.888941240689658,996.8410295886652
2026-08-04 17:10:00,180.07244811794354,122.87746417918707,35.00901187738458,91.74230543645722,60.374965819980545,100.03356064971418,321.2898564295213,346.1144527260552,335.8945391966551,350.5317965019814,0.40331616793140884,0.056957209057713315,0.3145160681529736,59.571228057435434,39.28010836458212,24.956599601752014,997.4491244702729
2026-08-04 17:20:00,180.03888825281604,122.60746946621892,34.99465134584065,91.55411696920538,59.91354714180157,99.32856979142962,321.4589336088317,345.82515532104657,335.78179711814136,351.9966693591096,0.39707974116409617,0.058562087637830794,0.31326024298997124,59.622496000875486,38.25468796185844,24.792966475437286,999.6482885361846
2026-08-04 17:30:00,179.87631706791296,123.21288774237449,34.93619254619057,91.80926038453373,59.87438277851107,99.69176118724036,321.11227641282323,345.99534261777654,335.6880367998566,351.38273479160716,0.4033183286754895,0.059808137338524914,0.3118993341133751,59.935505173827735,38.59118646350903,25.083487204214133,999.6008844691279
2026-08-04 17:40:00,179.84890392388706,122.90388131082783,34.96440389510062,91.89441347707306,60.0252593272233,99.85282319539108,321.11632960113764,345.6006607051283,336.1229593949367,350.95809305513137,0.3981140435411886,0.06243353756917867,0.3118968186760544,60.08277766192403,38.890648568859845,24.786360432375304,1000.7535895244359
2026-08-04 17:50:00,180.29281386031928,122.58388442155386,35.091821416151305,91.48122984723295,60.119112117946436,98.96236336104434,321.84596339132935,346.11346102548436,336.1269295865492,350.90615846752627,0.4017558789582346,0.05863369588197309,0.3124563369239547,59.650476272839036,38.14577619830179,24.96221908575432,998.7724238956714
2026-08-04 18:00:00,179.77755230957416,123.33317895559192,34.94454518165023,91.74617037325946,60.15956308456497,100.04575372392999,320.8009984201209,345.8477881012901,336.0550624338811,351.5000584505879,0.4002056436392337,0.060867236645349314,0.3096386502402599,59.53120562972102,38.481069521592296,24.74651900592285,1002.1568400324766
2026-08-04 18:10:00,179.81737163054947,123.16612834518342,34.87663922855802,91.79861349847585,60.5785523548502,100.07549167485716,321.0420400014155,345.89610567302924,336.73059319043625,350.71108272839325,0.3988423852104643,0.06397175350622272,0.31121239118409666,60.574460836353744,38.958387891811384,24.894803306937725,996.3761963396236
2026-08-04 18:20:00,179.980509768331,123.26139883924542,35.057287164928795,91.94213520364195,60.24961659608734,99.92098790328767,321.01994533152333,345.5742719589145,336.1163577581009,350.8285272662016,0.39817011159991167,0.06384579058671509,0.31184344103387074,59.9039584032114,38.446113494150055,25.0308399835024,998.5356864199317
2026-08-04 18:30:00,179.91473791356083,122.93725749241693,35.09443552705212,91.64831000118996,60.019423744765334,99.7878413637642,321.3593719150443,346.18069447614664,336.1729491882031,351.4496261386125,0.39803165902506077,0.06211508377952922,0.3088582973269545,59.90779194674097,39.394495512973975,25.178462540279988,999.7495668610794
2026-08-04 18:40:00,180.39123781049696,123.18563700281605,34.97254447909027,91.59185429596843,60.59075849060865,99.81319816994593,321.46334798417877,346.7425579573765,335.64885337465813,351.1169565294537,0.3975817821863558,0.061982200877665636,0.3165500209806797,60.19442400017811,39.17775256585954,25.39513984231423,1005.3654982439217
2026-08-04 18:50:00,179.52675361465214,123.20839190977554,35.011624611954296,91.65027651479139,60.098154334156845,99.51173026569447,320.73569963000267,346.0635270999288,336.2215346744603,351.37578856525516,0.39931133905447486,0.055225488636302104,0.31256582380810244,60.25471634186484,39.24197118145083,24.625088275265085,994.48926410221
2026-08-04 19:00:00,180.07227242522555,123.22441751571712,34.916923525530215,91.89200494377278,60.10677867470192,99.8651498151356,321.5048391493943,346.12948786704715,336.41147027383147,351.1772010516326,0.4020444083091461,0.0591326536085743,0.31556696303063747,59.680448199319656,39.365473129622764,24.829246483306175,999.5158933623426
2026-08-04 19:10:00,180.1425420906206,122.6625015685902,34.97931032211166,91.67213667249433,60.1466827846697,99.72369409824258,320.779747986716,345.8351546030504,335.864686716294,351.1466643867123,0.3995397724595627,0.060611431196006295,0.31233219162030706,59.8456786904989,39.17942072907748,25.014335961506667,994.3706538057552
2026-08-04 19:20:00,179.77590128353768,123.38133946701694,35.107846551541655,91.72327028065999,59.90189751969425,100.0458426963437,321.9231276427365,346.03769941841347,336.7669516999044,350.95558907401755,0.4038728572774605,0.06007844325468869,0.31275672910934277,60.09183652536928,38.75266136640927,25.16655641560454,1003.8424987556419
2026-08-04 19:30:00,179.87108457458538,122.97088502356844,35.077968226063994,91.80116923991336,59.676656790823834,99.39793195522758,320.9396688878301,345.92401473601103,335.96761877942834,351.2957820320029,0.3995578644144748,0.06164167731288529,0.3126308372839978,60.05713793187962,38.9690975904849,24.90352465373011,997.6400664399243
2026-08-04 19:40:00,180.08652199300056,123.11341609787038,35.013892597287786,91.47565000561485,60.03986077180144,100.11779495450557,321.47532898856934,345.71423846011197,336.18304250497295,351.225257984663,0.398671304213946,0.0621202248310619,0.3094090520889995,60.189633315449285,39.23865359993134,25.320638128967914,1000.5176028105451
2026-08-04 19:50:00,180.3259026200106,123.55493157596739,34.97243943449568,91.46262678581392,59.908574517287484,100.07160944673883,321.0649828245156,345.91694832087325,336.0294333058583,351.2250196884841,0.4000297128539239,0.06116338613909137,0.31053787941445127,60.71775068991161,39.108062589516656,25.083325078527274,1000.7193109133472
2026-08-04 20:00:00,179.8158973254431,122.86995714609058,34.83969232011207,91.75734128306472,59.7440338630101,99.92921858391064,321.36073063347374,346.0314309347025,336.02600493756313,351.02924202005295,0.40330846123189124,0.05796917372025204,0.3137678094885552,60.19653827506822,38.77161405168572,24.880015871413704,1000.2306418979356
2026-08-04 20:10:00,179.68415554796206,123.52715188735637,35.03040704714114,91.72246669462268,60.036145654648635,99.78039758845685,320.92474069473343,346.28202267481936,335.27912025819955,351.5204263472421,0.3985876366824582,0.05911126466928758,0.3119901923570018,59.701234510974054,38.15046483525925,24.73985301328279,1001.8057029947411
2026-08-04 20:20:00,180.1944939159802,123.25869875927198,35.04445179738707,91.55108390757155,59.941591806191155,100.27616994623506,321.1915866668351,346.08833042930746,336.406471761121,351.1829723529036,0.40002636122007607,0.058171183623118586,0.31342201987304785,59.98828065860862,39.27639518802195,24.93033287789114,1003.6633473754282
2026-08-04 20:30:00,180.30474865173343,123.19494355856506,35.1029373194918,91.61809356016589,59.82489179879495,99.16769914660307,321.16076584114813,346.2757892399174,335.48861370333685,351.34500480800216,0.4020347766650396,0.062261385250813886,0.31327805191938973,59.46383403095688,38.622654728856304,24.907838782631018,1001.6393127038021
2026-08-04 20:40:00,179.9329936817289,123.36439060673924,35.19712683327267,91.6829392054275,59.473141424378014,100.23022666907256,321.18383277220096,346.5820771269212,336.5263693303447,350.815231721707,0.3990535398158891,0.06084959672229736,0.3100935621954194,60.14049552506649,39.33207820554101,25.093856298034655,996.4512486757928
2026-08-04 20:50:00,179.55724264498235,123.06355181380047,35.03657520928311,91.68425521059571,59.95064826428815,100.12151873309519,321.3968611199826,346.47285825089483,335.81906972708987,350.6713773016317,0.4010517741854007,0.06264536335715305,0.31046707311556465,59.881991859346215,38.599900378678825,24.570613440830602,996.526083633
2026-08-04 21:00:00,180.2903728938273,123.36132292114614,35.09347284291795,91.57699765482255,60.52249484151578,100.14168814626731,321.0277208289134,346.070995300927,335.99641259244476,351.39079008220983,0.3997028369208304,0.06038773368375573,0.3108327575489042,60.17017407883225,38.743689842624114,25.003294079672884,1000.6296979677153
2026-08-04 21:10:00,179.9602939221958,123.43592387338501,34.89036554360553,91.61379776747589,60.264209380083884,100.19165629621634,321.06491762316347,345.66756263690763,336.91414579861026,350.97624648494696,0.3996385459141566,0.05793331090758042,0.3092833888434293,60.40534122892698,38.65780464375301,25.02262429051991,1000.916688370439
2026-08-04 21:20:00,180.2247796554352,123.2457122948864,35.1178301164714,91.5081122616755,60.32160570751808,99.67317779670357,320.7690150792501,346.14363216940404,335.8671606886762,350.92177002890907,0.39977598124966063,0.05979672829058665,0.3103607061372811,59.71553318204198,38.843601469556894,24.86888389409959,1001.4037736430165
2026-08-04 21:30:00,179.99130362655566,123.44405749415887,35.084820988833194,91.62046490414396,59.99432864071659,99.87026997084928,321.1247300019444,346.2266330348276,336.09478754713297,351.2862017149445,0.39954215726880343,0.05804932729143073,0.3127094206283797,60.243152178012465,39.11603588419069,24.95033895443912,996.763704233274
2026-08-04 21:40:00,179.92487069075386,123.26295791289438,35.13334818066826,91.63635048074241,60.31400959750679,100.31852916560817,321.02088628604986,346.50289786740086,335.7864835755899,351.5791467726,0.4015239677574014,0.057128991506280896,0.3149077029428289,60.41016354506218,39.09154255722693,24.78727783067094,1000.2826343329751
2026-08-04 21:50:00,179.90961746258205,123.49751437911114,35.06600001583434,91.8164751540798,59.800963812971816,100.21531962204155,321.4362789837843,346.24760419663704,336.1089976086138,351.09781441384916,0.39692978265772944,0.05676234481814788,0.3153631146237726,60.258837488846716,39.54138739501672,25.092686770453362,998.7633951961446
2026-08-04 22:00:00,180.29468900358634,123.49998459822663,35.04425189806709,91.69125363872,59.86511091592316,100.10335638272133,321.37430084966616,347.0437381174654,336.2911882812149,351.0944520352017,0.39750145944559245,0.06193118128031904,0.3139742145804207,60.515644472839675,39.38442846738401,24.683823126630735,1001.5252540424061
2026-08-04 22:10:00,180.2868902555997,122.909474063992,35.144693705278705,91.36493936827164,60.1546135079861,99.24283987744019,320.9574417459532,346.11200143896065,336.6421747560739,351.31800060840055,0.39908788705285786,0.05940703278806184,0.3114751763044259,59.99047316940617,38.89200836718218,24.710526520345166,997.1402796038028
2026-08-04 22:20:00,179.57243007624422,123.25150754907573,34.93505698721695,91.67828146393518,59.57759233240722,100.2689435574416,321.30992650616264,346.4089903412352,335.3826308002913,351.3522167535014,0.39699301769049855,0.05785160315732325,0.31077291647459226,59.82311695579025,39.44125764386426,25.346761779510672,1006.2198460659895
2026-08-04 22:30:00,179.81274900377034,123.39529776257407,35.06310450384443,91.81243500971746,60.01762436357701,100.58473549599655,321.57393098005684,345.9383535402401,336.1516841015804,351.20912269243144,0.3981370588798252,0.058770286848202055,0.3159111395151579,60.44225080829853,39.046159633361405,24.968461502714085,1001.7914544469103
2026-08-04 22:40:00,180.3554157656076,123.70357941097733,35.10609596020897,91.68095580385393,60.089980036668216,100.50483574652142,321.1181770755376,345.912953503161,336.35578153230756,350.64814460875067,0.3976150551569177,0.05994669898758037,0.3132441726428047,60.48363574027551,39.27012544240814,24.914096490990605,1000.2698581309426
2026-08-04 22:50:00,179.9265413092058,123.54217768660357,34.923404475728184,91.71605797528777,60.501371278499406,100.11693902438455,320.8308756837507,346.1267867373388,336.4479870161598,351.42425477719337,0.3997551446564187,0.059664394273450674,0.31112610856166445,59.748091710296336,39.46833476473923,25.08002911916961,1000.9913291360269
2026-08-04 23:00:00,179.72790531927248,122.81221441790395,34.887603405193666,91.49679203563245,59.79330540892332,99.2211606981979,321.9249708105428,346.27900572306373,335.94717649414275,350.96262091150544,0.3966523974962929,0.05939085433493228,0.31066099613922166,59.08173252153671,38.48914146454294,24.917462421424947,1002.6793033016569
2026-08-04 23:10:00,180.00089314746387,123.28663444286073,35.042701839790865,91.70643177688822,60.125747009013594,100.47127240711401,321.3538879655127,346.42675760125906,336.2075640929175,351.8244729908877,0.39940535912959346,0.058850893063797614,0.31720642275560595,60.2547988579512,39.46595848949729,25.42521621934936,999.685210948734
2026-08-04 23:20:00,179.97832664055767,123.55707871499659,35.012507968979,91.47353934473925,59.80747889633992,99.92637268164012,321.4010375764603,345.27589612893473,336.7479354406715,350.99216142307574,0.39869014248923157,0.06157104802561683,0.3140904958957563,59.675924026056094,39.48978294738631,24.87509534755922,996.4930194580771
2026-08-04 23:30:00,179.98053099294125,122.4564972916499,35.059902175549645,91.51188897713027,59.83900876159648,98.73374017596652,321.94422718976097,346.5610652296252,336.2986095432396,351.268249966072,0.4019986982800447,0.05922702103524813,0.3132594040623963,59.18651840012967,38.786139270351114,24.810909356429377,998.6697335111483
2026-08-04 23:40:00,179.90408742337274,123.4709668040218,35.06344851237297,91.44753525759191,59.20033949354712,100.1886037015536,320.9539513202677,346.6747136132765,336.82693403766797,351.18774648391184,0.39681116794689986,0.06363622005769706,0.31304767766791675,59.74754422060288,39.81616644184855,24.82256305494806,1001.3210413058408
2026-08-04 23:50:00,179.93798460105214,122.85573699202222,34.92571915611619,91.6128660026425,59.722232925755414,99.25391410846024,321.28778032003703,346.6333313874343,335.827336422891,351.2664405143131,0.3967052427210361,0.05822186056723519,0.3123330144552025,59.765142515001244,38.59376952579695,24.913346704511337,997.6366388559503
2026-08-05 00:00:00,179.9088184488898,122.71644478587307,35.033630499897484,91.33140507659253,60.342280424692326,99.35177970990247,320.6286430208333,346.4841469815844,335.97882083701177,351.9608581076851,0.3968496494091554,0.05440389935480598,0.3146022332053745,59.27321500582122,38.753233984398314,24.91723614471069,1000.5672763838978
2026-08-05 00:10:00,180.06678132929574,123.24725824662764,35.11078730725177,91.30181012529627,60.15464968593968,99.68252055381308,321.34815922943403,346.1934947285955,336.20563581664834,351.13456568751144,0.39772380126274054,0.058220415265296276,0.31414332663539263,59.392225052766804,38.633780691266665,24.846381310939325,1002.410506121401
2026-08-05 00:20:00,179.83745202651085,123.62287351892057,34.96611089502766,91.67339482156669,60.04768391428485,100.63629558894144,321.3210854700221,346.400193747924,335.8885808684105,351.52056923461265,0.398139307511359,0.061104377442150117,0.3156769165665542,60.29507427473764,39.624962155708054,25.31464172054622,1001.7942509906546
2026-08-05 00:30:00,179.94207114024988,123.57899799000387,34.97302659026136,91.50620041522401,60.73235793879775,99.81457732291081,320.96909515699036,346.62159456945074,336.39512359014356,351.21743991398336,0.4010962902988555,0.06062207106811248,0.30928764191907043,59.914640747154046,39.01474477050784,25.018805222428092,1007.1298519264712
2026-08-05 00:40:00,179.971185220888,123.89570939709441,34.89086635258454,91.56628872432896,60.161456050309965,100.13549579386836,320.95039011831796,345.94436381041976,335.864184720195,351.1120337788045,0.39830574752615805,0.061365115418421726,0.314153844789905,59.76632958813187,39.08007707480433,25.15527134966966,999.0610139628909
2026-08-05 00:50:00,180.2611481812708,123.74444436479077,35.080614956069326,91.6744776685794,59.633925497017195,100.87398398187611,321.1556950800208,346.4394077274492,336.3062337361968,351.449061605132,0.3994880297428762,0.06157768143031111,0.3132418331410474,60.63837545225923,39.77638471267695,25.19521702161405,1001.2136655876079
2026-08-05 01:00:00,180.07468222681803,123.95615646005571,35.191354735244225,91.61471123446151,59.940905522557365,100.7970148813279,321.1413218616659,346.39173428428944,335.75265186696527,351.3237782596929,0.39962912533091377,0.06356373094069681,0.3145394498669604,60.128022604409786,39.10356224180046,25.184542739257168,997.0567900876644
2026-08-05 01:10:00,179.97805994397106,123.58043827455629,34.867468291829894,91.42899082352487,59.98397712685156,99.94832329208631,321.6883038283821,346.20014387349977,335.9513323429429,351.1695115834265,0.4009714247855398,0.058955618896915106,0.31391544372446734,60.499451106702054,39.10119196679519,24.972005694658478,1004.8620402882196
2026-08-05 01:20:00,180.1072375941309,123.24145691712307,35.075384447981,91.52901915498133,60.47759752021788,99.87923948896974,321.14137056720625,346.78216941314884,336.2868586610318,350.93415498878716,0.3971239854758352,0.06231253960366919,0.30882161122121327,60.05714237546958,39.29595344217417,25.02623135473723,1002.7665426590493
2026-08-05 01:30:00,180.0812236573752,122.94434666894482,35.08915505669958,91.4816533142421,59.73426273613353,99.36956468295523,321.16920597674175,346.03652613061166,336.3925288515746,351.3558896978748,0.39826117620751333,0.060459328711230886,0.3127402922897951,59.770623412358496,38.222558680524024,25.03031693178177,1001.3982503167099
2026-08-05 01:40:00,180.2175669713181,123.57220939954637,34.946538696578266,91.52332743225058,60.12667955059288,99.6527709629092,321.16594200068454,345.9529125573638,335.92430357885263,352.2543109592677,0.39982637759605083,0.05964022634724741,0.31578047875208665,59.827556919659294,39.03221180806265,24.75589115249923,996.804820111477
2026-08-05 01:50:00,180.10130264248662,123.43888000680829,34.96487747029502,91.73358531857141,60.29115402884786,100.21267917380638,320.7405270990644,346.2352426964954,335.76146523949654,351.1927595663823,0.4025420225174986,0.0632687554061531,0.31424120819474555,60.16246772878223,39.33554081171362,25.065051743547563,1006.7194965642644
2026-08-05 02:00:00,180.35878213911025,123.50448641725029,34.89930572516066,91.44813438169571,59.76099918759879,100.19786538090483,321.0766490118373,346.0621530584945,336.3865821698809,351.4253547667225,0.3985407811783745,0.06304292693242212,0.3109480581948163,59.653798648756464,38.65762752478419,25.06395990526274,1007.648107454617
2026-08-05 02:10:00,180.26892340926662,123.39153194184622,34.92489317000995,91.50994511045542,60.027374336836004,100.05511911558698,320.8189108961642,346.65476817715387,335.91836482311896,351.0624195270451,0.39840513967820823,0.056924346655342406,0.30914440130263127,60.133213901020326,39.49209290312065,24.876404563549556,1000.1629622036035
2026-08-05 02:20:00,179.99179971816872,123.62819051645073,35.01746756054486,91.60422185500903,59.40492101349311,100.49740082878196,321.2652449377044,345.7555012499235,336.343108841817,352.2826967791802,0.4012980224133469,0.06199481085090112,0.3151821070587269,60.50738611680994,39.32797831985277,24.993126641248338,995.7987171834058
2026-08-05 02:30:00,179.9170980716256,123.13731752145421,35.0649455146507,91.3989525904766,60.030769698117325,99.61381599348341,320.5701775109343,345.8627041507444,336.6170645161305,350.81282404878664,0.40003153851708273,0.06179165674186625,0.3129798749991589,59.51186205619166,38.7179439777181,25.284071613175225,1000.8411536211984
2026-08-05 02:40:00,180.17651115068497,123.57487415497103,35.01278059586618,91.35675400477695,59.347828364859055,99.97196173990827,320.8932984912635,346.3514616349188,336.42252951078723,351.06833130356983,0.39986563925573765,0.057577117852987844,0.3137356214453096,60.0456231632058,39.01311309838205,24.999927335427365,997.0363942334831
2026-08-05 02:50:00,180.10332580647784,123.85930765068485,35.08480767719844,91.45995323285442,59.88691568177729,100.3656214942474,321.3097151848166,346.48384863221924,335.7710957303442,350.68079648408076,0.40343921407539235,0.0585950073287341,0.3111069629952326,59.887976424627695,39.03649526751719,25.028034909423667,1000.0326332009583
2026-08-05 03:00:00,179.98108620681276,123.50647898314877,35.02142938622098,91.61450145430587,60.511662349899204,100.29207295311396,320.60425819870005,345.9055201281274,336.605623722998,351.45615923471956,0.3984265675361587,0.05961375531413629,0.3148958123183723,60.44879713829232,39.36394119905722,25.085195015363695,1004.6484697979655
2026-08-05 03:10:00,179.70460969369014,123.42085230303623,34.887558660667686,91.49955768207134,60.12282996075005,100.5354728878662,320.7691082747324,346.6537230036284,336.5712349203689,351.2970313207046,0.40135361682045245,0.059688556562583886,0.312315593250223,60.345055134381404,39.61168497746265,25.275403708590204,1000.0556741289021
2026-08-05 03:20:00,179.63352523153193,123.55790267401206,35.14304760344376,91.54833919499596,60.01647947819353,100.19851020338253,321.5381967256649,345.6892667902621,336.05728744521633,351.3813712697422,0.4036136774407413,0.06212966842176208,0.3123446980672925,60.59982500879953,39.16563114833369,24.691847053578954,1002.7663311920876
2026-08-05 03:30:00,180.06965171013903,123.09583093459024,35.117062724675186,91.3666542076146,60.04632998142476,99.84529872220159,320.8413875057475,346.57589164496676,336.110227021881,351.25099497046074,0.39900257702800956,0.062474860788982886,0.31035294375194206,60.173524747533115,38.787478364772404,24.773138131435577,1001.2686574338745
2026-08-05 03:40:00,180.1541684530924,123.42212822066341,34.932402572611544,91.51991697151982,60.64113621200274,100.1810961301312,321.2407141766616,346.00158641939555,336.67124719871555,351.72636007617126,0.4043688403939465,0.057397670791395676,0.3130233039582756,59.95847397419493,38.944309385871804,24.99388195107709,1002.8141074512085
2026-08-05 03:50:00,180.16068709641843,123.48784832306205,35.17444715644818,91.32481015600034,60.165714106443666,99.49870240180795,321.33784836046965,346.127962881341,336.3393363523994,351.6726271893239,0.401331848177966,0.05462862599682128,0.31343721110627726,59.7761989758664,38.825891473182125,25.007408227512446,1001.3455725774678
2026-08-05 04:00:00,179.74256564730723,123.5632738311472,35.047479488443265,91.26750523618577,60.310263388481445,99.18027033422844,320.928872258701,346.81186623325766,336.3747423205863,351.6135956877159,0.4005620669239259,0.058376227083078096,0.3108197433879414,60.082835380059656,38.71202317232241,24.86816005605205,998.7325689061447
2026-08-05 04:10:00,180.20746876848864,123.68803128056331,35.0146766169713,91.48339644240345,59.87209070046901,100.29033589044859,320.742228305216,346.2548799999716,336.5776222214319,350.4540207766962,0.4027885409805906,0.06081950908054556,0.31166947481440077,60.586937441952124,38.94536352832661,25.008123075700656,1000.08676180582
2026-08-05 04:20:00,179.89316853688635,123.26159305757604,35.188745195326675,91.43757814626998,59.87295070288583,99.9724298335895,321.7104951115057,346.081795862688,336.41328609276076,350.9914453861816,0.40036745812539565,0.060746260088465176,0.3137168214525383,59.846404129881336,39.439957543060125,24.893882345396133,999.7218745937945
2026-08-05 04:30:00,180.07768430435476,123.71622538148058,34.75836592618218,91.59858790366773,59.691724556397794,100.15420481320851,321.0861779876712,346.3491706119983,337.1034712655705,351.30001950459484,0.39501961665683,0.0628666902256939,0.3102548286443399,59.79940453853462,38.447101181817104,24.908642809976257,995.2531234197935
2026-08-05 04:40:00,180.08333827493365,122.65987870674334,34.845414181623376,91.16509411811674,59.949519575792706,99.1511578180793,321.4110675762844,346.8454539989006,336.6747380035018,351.5362526415776,0.40045847672864376,0.06270992771445513,0.3134682931548627,59.317626156625,38.827225942066136,24.912700613745187,1001.1124686371085
2026-08-05 04:50:00,179.83950271288606,123.27901545430365,35.07123928811703,91.45311220339745,59.794523656182236,99.81744298763728,321.0295836167584,346.30095232378363,336.3054012537849,350.44529991482574,0.39961841348337374,0.06246994632328498,0.31456097906816377,59.63743182882485,39.41757943702528,24.74025554180133,997.5140672039876
2026-08-05 05:00:00,179.8817349902033,123.67164833465759,34.97806220864043,91.54850979309693,60.294107893309175,99.70007144313423,321.3694397667299,346.0510521318803,336.29806204245796,351.7522836315889,0.39708385094479026,0.057891890499766785,0.312755172784457,59.67626573960432,38.70417275942939,24.605132290609372,997.8540554136646
2026-08-05 05:10:00,179.5853894513553,123.46107037729868,34.90979398683646,91.5035098215012,60.19195919659821,99.56789394263167,320.8675717593339,346.34660598814037,336.1744850197486,351.37772476637616,0.4013474355695995,0.06289332483675616,0.3099701188577907,60.632049298906736,39.41388372001729,24.703198888963563,995.1677560012688
2026-08-05 05:20:00,179.8166518908508,122.72270215332983,35.14909490085811,91.24221363954675,59.966688194477875,98.87249249676877,320.85105271016374,345.91425858709704,336.6331929378519,351.759319229364,0.39887446951279887,0.0582778491896214,0.31258558443586026,59.46961964441853,38.457758425057044,24.775249268731642,997.3102299371632
2026-08-05 05:30:00,179.63949158816925,123.11218691998212,35.04966123248622,91.31367855845086,59.84048060958543,99.83256325893147,320.95191352402827,346.0816635453876,335.9091296377018,350.92815226518087,0.3982240987856924,0.06348394175839643,0.31500652652973227,60.35907779378038,39.16771304219701,25.168982204694736,997.1383764272096
2026-08-05 05:40:00,180.08747142629358,123.89770546813048,34.87779568384538,91.39555915481759,59.143603320192526,100.4486521440831,321.0795401039441,346.11919108558715,336.53921328434546,351.0509488526442,0.4042639620595104,0.06211824416910704,0.3128483626191899,59.97532054943257,39.31395186014866,24.943374896506082,1002.2062625713037
2026-08-05 05:50:00,180.01228338321232,123.60599235612328,34.93788664367749,91.44422708314086,59.8260817434237,100.19049886093187,321.0816021335485,346.4853591258699,336.095146602735,350.96920561306945,0.40222698679727575,0.06129140545687836,0.3101229824284264,60.26105724082639,38.79353780202581,24.972749599480256,998.3679340052201
2026-08-05 06:00:00,180.18281041381454,123.27869103648536,35.08471254509039,91.37407310712467,60.09189930924452,99.6995266951671,321.17312069990527,346.146938352563,335.7186881924372,351.0975239324132,0.40298879949916516,0.06167619690400712,0.31437451061375254,60.09821603742648,39.0037799784408,24.738484772573173,1000.9998481011188
2026-08-05 06:10:00,180.07130844623785,123.61719809715719,35.17640907184786,91.41801198293113,60.197477788039265,99.99256201417485,321.4045584812248,346.43938405171275,336.57465619987414,351.05346307989555,0.40347046700413436,0.0613487314921262,0.3134855055474936,59.477251325574514,39.05924398065704,25.00028590346762,999.4724442104186
2026-08-05 06:20:00,179.87304845627685,123.60049818836207,34.80711853381797,91.48100595612628,59.08672340422328,100.378400040119,321.1153847433,346.64221192244275,336.4104055519603,350.7636547027346,0.3974382977886026,0.05984887928618022,0.31553855799055225,60.01912046329153,39.49188502600259,25.03838461521195,1001.5654396787195
2026-08-05 06:30:00,180.06924021314967,122.5314045491862,35.026819334747316,91.11031862441452,59.28941341167915,98.61979106867291,321.55935845119114,346.7721259075999,336.3688446696938,351.68264854504594,0.4036426439894316,0.0574340277893169,0.31566722832942323,58.69112850021116,38.62400770030239,24.832423388628055,993.6300751815243
2026-08-05 06:40:00,179.92191497725003,123.68539519917158,34.965291612573765,91.24617323735417,60.048460830262904,99.93773172659668,321.08146625852004,345.7942216495422,336.1908767828244,351.4566503735511,0.39795566449239667,0.06194558528152502,0.31424192663302397,59.54064906334298,38.91366963505348,24.849644760502517,1000.4372529156884
2026-08-05 06:50:00,180.12181233812694,123.55176644241965,34.83221396397689,91.26785906716051,59.69535083907407,100.27160007359072,321.48176816246917,346.2865276272196,336.2804642031314,351.0471838391597,0.39794324109730345,0.06131992972352937,0.31227663808206846,59.909392770266074,39.36248050172115,24.94595829683139,996.5006104772609
2026-08-05 07:00:00,180.0630745931579,123.51727204854441,34.98637060895791,91.25881318845903,59.93706799258368,100.34106431261709,321.67882238069507,345.95926109586145,336.0978828689725,350.6769830053548,0.40066555159026207,0.061373526984662696,0.3086795915145368,60.43231589082078,39.8099385918723,25.125473659762125,1000.8313300501867
2026-08-05 07:10:00,179.80228535431448,123.6855771551313,34.84633227463453,91.4367913853766,59.861139641162374,100.85036510350501,321.8098843045508,346.4986336130899,336.69626790215034,351.6485003968109,0.3993072067156351,0.05959425873794845,0.30870683907572233,60.805518002338786,39.568801093403906,25.05157079553504,996.3743022993203
2026-08-05 07:20:00,180.00043981593262,123.87834147305722,34.950305391652094,91.44351572848812,60.17566282504727,100.56752283954825,320.6918430914027,346.3834925979245,336.7077570497827,350.6123626432372,0.40335882711270055,0.06210636217917775,0.31241940622684783,60.19043762257014,39.20358836322872,24.993888592686073,1001.0881551480315
2026-08-05 07:30:00,180.01106680935018,123.48736814476257,35.160470703186824,91.62174202579224,59.45056901035883,100.15628141737312,321.8094200387231,346.3073842742671,336.28283208785746,350.96829762615187,0.39928750826467835,0.058915818837599984,0.3114444449595921,59.79165322196567,39.13690533355043,25.18178211175189,1000.3139493807088
2026-08-05 07:40:00,179.9384578095487,123.77413799831774,35.05285303758313,91.41138608386768,59.832519231042376,100.15098800305772,320.7629978559532,346.1532803545405,336.30277495292125,350.92097465713226,0.4012705215576982,0.05749427351344229,0.3126913629847896,60.55297391632413,39.115288038393196,24.954383198253108,1002.5672605994604
2026-08-05 07:50:00,180.17898131519956,123.7111640102758,35.07897186173221,91.38010517261327,60.28098943507129,100.3934726739973,321.72155876702743,346.02492272439,336.3885273227349,351.08313429436294,0.39996324526813265,0.06235495949652344,0.31071873335964806,60.23418355967429,39.027297340225836,25.209133016379933,1001.2322884059511
2026-08-05 08:00:00,180.34261018014067,123.68324435239938,35.06128561516709,91.44655781555696,60.0629977744441,99.73033650262883,321.29357896329543,345.80922651629544,336.5775315838535,351.44566036550725,0.39852468016674963,0.05963723394250207,0.31074067382858384,59.767529977818704,38.44890361232161,24.735166067881913,1001.4309708395317
2026-08-05 08:10:00,179.92645325739005,123.50968207771028,35.037445300906896,91.24833688425186,59.75575251992517,99.97990597252841,321.4051782729036,346.60779940623587,336.3752375808434,351.5681850805784,0.3994675891723428,0.05885478399266781,0.3147538058664325,60.53379966070894,38.79597355594661,25.045607822805085,1001.8253685466036
2026-08-05 08:20:00,179.92986030338662,123.67545544181849,35.09776259408026,91.40535185687698,60.136055438603165,100.45311950153926,321.0176321367034,346.2604466213899,336.1711310803846,351.4052823792783,0.39915269970385653,0.05923813907582774,0.31325083124949604,60.20592382126937,39.688064046742014,25.185725871208955,998.3828228073367
2026-08-05 08:30:00,179.55038736442418,123.65446584152804,34.88929817338471,91.52245544184946,60.08606581651409,100.97872260744755,321.5846923830045,346.33179107883825,336.24073906599267,350.9609360726042,0.4003221980271893,0.06326082895677215,0.3128413878051227,60.201913742258775,39.77510788831492,24.99068182710264,1000.655269860383
2026-08-05 08:40:00,179.97421611863322,123.35519837753276,34.967936927324,91.38351595060846,59.73803550553241,99.92036634713413,321.5120296303907,346.420252022921,336.3984184646994,351.70713461998105,0.39971513376007817,0.06084185211497789,0.31596951998276585,60.268772763055765,39.141075232628154,24.944851550597324,992.1713070642471
2026-08-05 08:50:00,179.91276345996508,123.74713830332173,35.086273573895475,91.34558182144289,60.20635299583458,99.97579965533507,321.1418075181422,346.56338751575925,336.2723269658548,351.6760038513685,0.40167281097736723,0.059220415098205116,0.3112878083464425,59.83324829739065,39.15015108495477,24.69313370408604,1002.2250272367552
2026-08-05 09:00:00,179.56776417049036,124.2726270208734,34.932101604116696,91.27712470379704,60.20168719652932,100.09924009689384,321.1249322127939,346.8932725468586,336.20094268299755,351.55478566341947,0.3994516231884198,0.058094485187379766,0.3136129058664167,59.60628341750543,39.59228858320348,25.255080000893393,1004.7074712680829
2026-08-05 09:10:00,180.05769873384224,123.67863746071896,34.960463127634824,91.24297761983505,59.96243815803065,100.67160184700403,321.56969196037824,346.2769412213249,336.6924888037439,352.0363436325043,0.4005627891896064,0.058399824642792184,0.3108193165159618,60.70270263907138,39.69895433835322,25.081368278349284,997.2680128193808
2026-08-05 09:20:00,180.118202640957,123.41576948269147,35.12096673094243,91.27512806006978,60.28071582403091,99.98484334820543,321.6244398659014,346.5282885638736,336.44977721367025,351.0002149856181,0.4032207893085314,0.05985750592719821,0.311853060826887,59.72111828365757,38.966366845989995,24.869481623068726,999.6481142645897
2026-08-05 09:30:00,179.85317865256218,124.03281389122492,35.152932002341075,91.30651547680733,59.65422127087331,100.73467951823557,321.54739706036395,345.84484857666945,336.60157258302826,351.0930661489293,0.4009654055854469,0.057125420603879005,0.3128980863252287,60.26375187292666,39.337080899808235,24.993259880582375,1001.3576509587544
2026-08-05 09:40:00,179.925477534148,123.51343772400647,34.944253273482026,91.30052401033736,60.22849662384718,99.51667139128563,321.2042657301078,346.21883448983033,336.0605692592702,351.0901538749547,0.40547739574206276,0.05941179827986122,0.31227782243815844,59.89963375098205,39.046799641123656,25.129393644319535,996.4473800844169
2026-08-05 09:50:00,179.80670323744556,123.46650666976333,34.923817113723395,91.25404200630504,59.944507142282774,99.90698185213151,321.3217513548898,346.1263225367328,336.582264035526,351.1407460604431,0.40025095012906864,0.0594572176549636,0.31125898975238536,60.304061979733135,38.80842959962561,25.026714650717896,997.7484550896265
2026-08-05 10:00:00,180.15250842502894,123.61893160796345,35.06042300393578,91.32019881610512,59.72348303347906,99.90091742165724,321.6047646487101,346.15273829694246,336.3403903428852,351.52492164463047,0.4006439447516819,0.05764381686781021,0.31207262150080584,59.329610824743064,39.1142677989533,25.12643734579754,1002.6622875325455
2026-08-05 10:10:00,179.69651120170852,123.51110161706,35.029939428528316,91.1464932614208,59.82494342353632,100.39325286204812,321.5765329361811,346.689228218742,336.25813899673534,351.39446143164474,0.4012173970378843,0.05927684885020233,0.31459742866176577,60.34886377043028,39.30911685793964,25.12851174612067,999.5575034671858
2026-08-05 10:20:00,179.93734774191236,123.83481570857644,34.937887090556934,91.42055113293767,60.34773259281961,100.52263018848915,321.66606270274843,346.37712933577956,336.13132419828503,351.211789186704,0.4023102008079627,0.05825659274130342,0.31104256051282275,60.60582609875409,39.32002239361648,25.080807143444623,1002.0728879117974
2026-08-05 10:30:00,180.39021443355745,123.49733025808082,35.06181004027905,91.08865111308018,59.83702518412869,99.24527782094088,321.37203097824334,346.36646492690016,336.1467772505254,351.68445499912167,0.4015513820584152,0.06025116740140178,0.31012887388218585,59.95445762253775,38.82903241228382,24.891670019882014,996.5427272499913
2026-08-05 10:40:00,180.01031758680236,123.78423038179503,35.057695376720254,91.04395516016818,59.89865670902838,99.54244118709438,321.12005998908114,346.37232230620157,336.19948466097776,351.3126526524997,0.3999699852691749,0.06320999006345901,0.31576655182627106,59.71010716195104,38.96625992056591,24.874173829874106,996.798085066566
2026-08-05 10:50:00,180.09358637032216,123.71519690537517,35.01159882739424,91.12684245642315,59.80743226039366,100.16842623938822,321.4203528509517,346.2840281508022,336.37900152328035,351.1702674619744,0.3996473889324482,0.06372668095945128,0.3100014065751589,59.85944633379197,39.158614408168155,25.07562470617244,1004.0509385475029
2026-08-05 11:00:00,179.9706691746116,123.47559431267574,35.290511140125815,91.14432736123965,59.76671463186508,99.67065317705709,321.47159160505726,346.2871971264896,336.3208279678092,351.1511045438513,0.39925408268827156,0.05801094919897125,0.31207438841573926,59.942414780521645,38.941661450613715,24.672214274198176,996.148982515022
2026-08-05 11:10:00,179.76511482665327,123.42439763421665,35.13640801284125,91.27152986276697,60.28682649339124,99.23878611217617,321.17792208969945,346.1618505097947,336.95380528529387,350.94893374809146,0.40003688084980915,0.059805025876298226,0.31015389025236145,59.092897825367224,38.76403529036405,24.850338870915063,998.5957480746307
2026-08-05 11:20:00,179.99346574255608,124.14149548723749,35.083325464691896,91.36485287468325,60.65805769796904,100.51923998601174,321.4744747813624,346.1968439326127,336.49545234841435,351.27489113751,0.39704005774440815,0.06120916984355181,0.31082805903193944,60.7354913339844,39.1669563077976,25.18204067875504,1001.9136051593456
2026-08-05 11:30:00,180.08129473524198,123.9001613229005,35.10374060193798,91.1370857940904,60.3986123392675,100.24698504207683,321.0903358476854,346.23106723151216,336.4263634842393,351.0842072757429,0.3976251615070979,0.05935867275157069,0.3147242528824606,60.01094150908393,39.208597369490136,25.00340415323257,1000.3016247946018
2026-08-05 11:40:00,179.79547167204012,123.65842442088238,35.29291159192465,91.26146221817093,60.15198554645433,100.24658874843037,321.42123399949975,346.3067974411947,336.3276649906618,351.31402344896816,0.39776549443826453,0.05704980722903842,0.3141264561661564,59.719613877907314,38.99648967821666,25.095572932415827,1008.314117583383
2026-08-05 11:50:00,180.06832278322665,123.66389170067836,35.11104532963168,91.18418637289373,60.22582174107549,99.76227714177695,321.1644922159675,345.80348666415574,336.11687918503577,351.46274368600643,0.40281986965243377,0.058621856775583306,0.3120629834462448,59.95403072481563,38.92393356999216,25.01139399585636,997.3164006493776
2026-08-05 12:00:00,180.24898200580085,124.13075814886945,34.93375323994275,91.11131492836112,59.89928458291856,100.51446922608366,321.9835944499437,346.3853398148148,336.11497826735206,351.49043217303387,0.40053326746496704,0.058131833865440866,0.31569546220006534,60.65466502773883,39.17099231843824,24.925441932520954,1001.525467550695
2026-08-05 12:10:00,180.213937880208,123.51426255972629,35.03529798371325,91.096715351055,59.854646276612634,99.88002000178643,321.7078735601134,346.35622109663865,336.4689481609922,351.2164823231978,0.4020422476032865,0.057791838467471796,0.3117236397363714,60.1098725349206,39.05832231447419,24.904015746145813,996.5307048016375
2026-08-05 12:20:00,179.68345094400618,123.69708438531845,35.01114859656935,91.05725365833896,59.65368440774147,100.54821763891148,321.4311117524406,346.4936216717953,335.9046880989146,351.9278113692737,0.3995672087729299,0.06037504782776528,0.3148616563669813,59.96740622059506,39.272630721639,25.251302506055907,1001.5375695033656
2026-08-05 12:30:00,179.80494408218905,123.6140367551791,34.94857856634833,91.06274594319979,60.428676230561415,99.5441674245287,320.96003415123806,346.0381037336267,336.8551248531656,351.00924486407143,0.40067020388157193,0.05991721434915072,0.3134816025297341,60.183963504715216,38.596724724569114,24.452541457647193,992.1631557860028
2026-08-05 12:40:00,179.67726413555678,123.60353444755916,35.02941124225871,90.87861334220163,59.90135118158582,99.5729322761581,320.9875978628842,346.0945346594153,336.8408936958695,351.57235671412326,0.3984018199610565,0.058290143428470984,0.31479935005360377,59.882651185587946,39.22725242425844,24.997397525389204,995.9596480614084
2026-08-05 12:50:00,180.2142310412476,123.968466113382,35.02857976182876,91.12190883317692,59.78940274303455,100.10233160529884,321.5681842559352,346.61415389627564,335.9235009692534,351.36858293072765,0.39620421515766063,0.06319448667428683,0.3126992927105495,60.065461108327455,38.6482555983696,25.199295824459686,996.4358982468913
2026-08-05 13:00:00,180.1220658701552,123.59259164247106,34.99860628001542,91.05315397232737,59.812880724671935,99.64883392710146,321.3153225852993,346.1623557904299,336.7378295169523,351.448446935627,0.3995171088262402,0.059548505598341496,0.3135131516217843,59.752594297649395,38.820465619238874,24.969979687795504,1001.0296553495419
2026-08-05 13:10:00,180.14062811213415,123.76390899824229,34.95656402592219,91.13774835811498,60.05834685841305,100.33772553268442,321.4552374399635,346.5221386831311,336.7077037031949,351.1598488742523,0.3990252519190784,0.06342927356628518,0.3125316088983572,60.53145009341177,39.21021243250444,25.3240685341193,999.0269038265878
2026-08-05 13:20:00,179.82432993888463,123.71617584002297,35.085036336004336,91.10772923743946,59.83907200026223,100.13004387206453,320.8917416922359,346.1800990830844,336.71793235055515,351.1313312589205,0.39879293940657434,0.05934191129308583,0.307671308441494,60.22354780388777,39.03781429696232,25.091547741878355,1003.6817629084934
2026-08-05 13:30:00,179.76666680807992,123.33441597689995,34.84821421141791,91.2412075045873,60.00727419664649,99.53851439106845,320.915127486049,346.0254836069003,336.58359971350956,351.5610280862893,0.39728095910828176,0.06048029006925249,0.3171282295539002,59.73862596036809,39.08763239865795,25.02900666929198,990.2885429949768
2026-08-05 13:40:00,180.01538154639346,123.58202884339165,35.08463247668949,91.13668082144672,60.05130002821084,100.03643280047255,321.4034572019041,345.9507444300029,336.87714666288565,350.84999539712993,0.4011588360676663,0.059258375346579475,0.31384193418234885,60.08682431268596,39.1493034773325,25.180657360005153,1000.2012349838935
2026-08-05 13:50:00,180.02019673097982,123.56733974977601,35.00508141250597,91.16918671887272,60.39848690529775,99.82436115590632,321.3084953712779,346.2054957181398,336.14045518869483,351.41283307666583,0.4015377096722778,0.05951616608986964,0.31285066817062485,59.96312147754364,39.37944319972641,24.950152358988998,996.5685322473583
2026-08-05 14:00:00,179.8291493178006,123.87416584016995,35.03099683499832,91.28586316080111,59.634079714812636,100.45791641458852,320.9730389208809,346.24874972507615,336.2477174998702,350.93268247271374,0.4010669825487993,0.05798676446024413,0.3125014689051967,60.3056339234327,38.7067587678781,24.810796725730313,999.8368207189627
2026-08-05 14:10:00,180.02843517707316,123.84639053443422,34.77203191492962,91.21180918833917,60.089744765936665,99.68372350841089,321.13499338218384,346.02624896705976,336.5714529070198,350.8226879965214,0.40212322251651633,0.057401925353658394,0.31138592694512657,59.80217189871431,39.00139234558838,24.910598670165346,1001.5178166726406
2026-08-05 14:20:00,180.12891361014354,123.4294830012018,35.168383796590376,91.19502889936925,59.795879795452336,99.78041345226356,321.6127298911753,346.8163627934184,336.4059680345838,351.39981047919713,0.39838736146836856,0.05804653389558712,0.31147768982104274,59.92807539971658,39.15959076923058,25.11594545920632,1000.1500427466971
2026-08-05 14:30:00,180.045603155718,124.0416932717476,34.835052554411604,91.15333729123395,59.87481768968719,100.60561845268816,321.2488113549595,346.40186982764214,335.9608856081652,351.20860635973986,0.4011659017076005,0.061424139892655175,0.31276656022722343,60.79486038436495,39.31820027939971,25.0135608047799,1002.29527980068
2026-08-05 14:40:00,179.79212409266347,124.16847164797667,34.91969165783438,91.14788887041345,60.48220408714646,101.11929669462126,321.5539990029275,346.1332697323166,336.6416686593357,351.96657279722587,0.3998788914683125,0.06162920881089738,0.31449598388367805,60.3581662975464,38.942043209977236,25.062610906372296,999.7575666511566
2026-08-05 14:50:00,179.57746756769734,124.5331419575105,35.06712104637302,91.16299181014149,60.187505212785894,100.99950433211397,321.87939050166074,346.8444685888509,336.70619707741446,350.8533651858117,0.3990566890683051,0.06168089330561185,0.31326915857962095,60.069170838893534,39.6846094493668,25.033508143686866,1000.0447906189173
2026-08-05 15:00:00,179.9482240105887,123.85909275888305,34.944957166071546,91.08518338945113,59.88725318776987,100.0316115058303,321.48682481164576,346.6475382827315,336.3344107542926,351.43063935622115,0.4000385608732174,0.05735799503767371,0.3131008189119941,59.78087810533906,39.242132888012435,25.259113466314954,1001.2010867504725
2026-08-05 15:10:00,180.0328709821979,123.77272501734768,34.96438075278326,91.13776512551863,60.14770928963173,100.10942735353412,321.4262658098305,346.1783158396291,336.515816233368,351.41963946081876,0.39813984693777016,0.06291535117426748,0.31427386037849875,60.1874635183342,38.68200865596787,24.953564466804412,997.2645798622032
2026-08-05 15:20:00,179.94798323995786,124.30965091689117,34.78583914139684,91.19460369805083,59.99627977350328,100.76672933114133,321.2111076242769,346.10081979513626,336.69156458515766,351.4410709203267,0.399355244763063,0.06084734695156128,0.3113034833867884,60.33319856511027,39.49141200943899,25.00911248742889,1000.9991700283557
2026-08-05 15:30:00,179.914329972689,123.79225246850275,34.96156036348235,91.2212698553511,60.33141477322077,99.93778259687768,321.75723706727257,346.35297296034463,335.76964968374,351.25029288546756,0.3999628452717048,0.05803741425430389,0.31473558267527335,59.966773638462506,38.47384328485653,24.883208131993797,1001.137510643601
2026-08-05 15:40:00,179.86171096072243,123.49539634430602,35.025002380251735,91.04713877128071,59.857994287349,99.51182543143132,320.9603358229051,346.62680577956723,336.2393378745401,350.90638494646464,0.3965345665713792,0.05943827276425159,0.3119013487965097,59.914481643861095,39.011244591790906,24.939217386812757,999.922226514133
2026-08-05 15:50:00,180.1431276023298,124.14868373067179,35.07066216942825,91.29613482620117,60.147081296445734,100.05843779871815,321.0663459020161,345.99519889415444,336.1465667969868,351.617457122761,0.40294278068461276,0.05974139842091305,0.31390983567937886,60.14133205722668,39.052601130474244,24.945973417416436,997.6296457448436
2026-08-05 16:00:00,179.9895250643579,124.06518262400225,34.97621140499082,91.23138606791511,59.9410191023557,100.22575839026607,321.3926300983447,346.757070355482,336.36733833681143,351.62350136668556,0.4019085736984876,0.06040927045176701,0.31148111080185137,60.277582909814505,39.0724426544828,25.118826220440642,1000.2281644302425
2026-08-05 16:10:00,180.0246441150752,123.98224780951922,35.02573047850177,91.00207559181746,60.005569467147765,99.58542519109088,320.9579728919007,346.3025517631115,336.03991387869695,351.517469435342,0.4015615177058082,0.0559232272734812,0.3145759682657912,59.991253119541135,38.83446717241515,24.854778023598225,997.5314293708186
2026-08-05 16:20:00,179.80569527604254,123.68643401966271,35.04717734917309,91.08985828509596,59.95715468278895,99.17688442925042,321.6964913886702,346.6674212573763,336.0320659862282,351.4853744553831,0.403370485206703,0.056921611750029466,0.31045299024396733,59.6610088515305,38.503801889195955,24.793642919322156,995.9650487166825
2026-08-05 16:30:00,179.87591566533038,123.66340629998604,34.93837762548775,90.71420795611851,59.81850808260973,99.28163524272296,321.21676323170607,346.3797319466367,336.4833038761481,351.7668190273312,0.40131624819511896,0.06120982994257931,0.31636102687024564,59.43322534673403,38.55652771655714,24.889344218635625,1000.2991574633305
2026-08-05 16:40:00,180.03275957892959,124.01770322206146,34.93089953769686,91.25932996978891,60.0339748797819,100.33271464208616,321.56522979447186,346.56825937826545,336.97046512281156,351.7026752749072,0.40118030456326564,0.061025199276699305,0.3118061371451217,60.070666975465436,39.32898124759562,25.301369886193225,1000.7016834388187
2026-08-05 16:50:00,179.79891643276903,123.4581464737067,35.196233216855525,91.07830583285416,60.29307739807878,99.62081174184408,321.3155782186402,346.61646050479226,336.049409638867,351.61868293764536,0.4032264464836988,0.05805936675717745,0.3118307053394471,59.73431629338966,38.322993444326336,24.79548964564829,1001.3548014423563
2026-08-05 17:00:00,179.74814020490436,123.95996037671536,34.92110522802834,91.10567591278186,59.82296481091861,99.92932645381444,321.33484079983947,346.81195494646977,336.9084234019533,351.22195750455614,0.39907036077678165,0.05980351209714886,0.31119653432252187,59.635960721653376,39.16270647503067,24.73537018205347,1005.3656409053859
2026-08-05 17:10:00,179.93416979966094,123.91825120463015,35.125035167476625,90.90709772005741,59.88784451530491,100.10627934216892,321.41670952691237,346.2187363074687,336.7154445774883,351.7191679495419,0.3973939783067155,0.061785920361176666,0.31061332626323757,59.937271131213265,39.09352339501099,25.25710728150043,1000.2230116566084
2026-08-05 17:20:00,180.2401941545066,124.134758202615,35.011344449328504,91.35459897346016,60.11168223002361,100.30957043954736,320.8255711337033,346.9952636555894,336.73122558763095,351.1533207590245,0.40184965453571125,0.06005672045475758,0.3121653481154627,59.86440026305497,39.529412231606884,25.263711537084315,1005.006356489272
2026-08-05 17:30:00,180.03819035565218,123.78798780805809,35.1485861988857,91.0140823979742,59.7792564467676,99.83254860064326,321.0900817755715,346.0563747410762,336.82774803916277,351.535187593994,0.3995405680608341,0.05935157625332898,0.30974452764024923,59.69239831536285,39.10775484175684,24.909738634394554,1000.0739689963735
2026-08-05 17:40:00,180.29191990164554,123.84583881103049,34.94188755894562,91.06586455808666,60.2603159519497,100.2493578502403,321.27677689286884,346.53002667788957,336.30585862996196,351.1187210942438,0.4020257013313002,0.056509325736854445,0.31466162470405395,59.618658170167336,39.745381855860934,25.16053587368628,999.485724280496
2026-08-05 17:50:00,179.97369546924023,123.47305868600222,35.05510385851376,91.11545542886192,60.21192651746416,99.55496985393958,322.08723155473876,346.64057020861713,336.7744266016223,351.37348943099255,0.40129620080984013,0.0577214949717091,0.312435491614852,59.30629360949175,39.39162307399454,24.928141002589708,1001.5671024805887
2026-08-05 18:00:00,179.93798692782835,123.93720599942411,35.03686677805335,91.00445805034241,59.32267803779523,99.81914298716099,321.66718908178063,346.44925009039065,335.9823034913887,351.6625955021931,0.3986482492587817,0.06085927147732665,0.3085286575181255,60.26726779706729,38.868004177270066,25.064683298345468,999.830704943827
2026-08-05 18:10:00,179.7215525230623,123.90913553252275,34.98222764756726,90.89629122613917,59.80879837015172,99.48779220610606,321.642129914604,346.70721919372636,336.1990570813138,351.3329975233107,0.3998886870159616,0.06002884891188059,0.31274885296600696,59.23769337818063,39.03755537088939,24.67225687005862,997.9487557803537
2026-08-05 18:20:00,179.88475509072757,124.08746595791091,35.03487374214996,91.16277770715908,59.6828205367064,100.56588360818095,321.1156480340712,345.96622378675045,336.5412766106778,351.71495338397386,0.3978589542806287,0.0607634013942928,0.3137160551938574,60.44539029215337,39.02423709283768,25.144098668542195,1003.828405293341
2026-08-05 18:30:00,180.28703674743306,123.97886965071905,34.92923054765858,90.92436010063089,60.24779605116136,99.9864583859665,321.6970002995997,346.43505688315855,336.67638916766947,351.28745161133185,0.40010041324337836,0.05778924180774425,0.313089866720714,60.146860559071186,39.16973040180153,25.275887654243157,998.7042779586734
2026-08-05 18:40:00,180.0655100545003,124.00685324655721,34.996611049245175,91.06055347679427,60.280601288260236,99.63034625618485,321.80490516561656,346.74675861301665,336.03115347944265,351.93543308088135,0.39968353923093547,0.055098564102342734,0.31155021550421613,60.067329038839766,38.98622400452726,24.864958186876216,999.8869112848838
2026-08-05 18:50:00,180.14662422044793,123.65862885414751,34.965374763222705,91.01492713638244,59.647913036568625,99.82381410096743,321.6590712810981,346.4564080010839,335.8748549234669,351.38774537973217,0.401595374161792,0.05867632202910397,0.3123462933761339,59.76686343009415,38.86535120351925,24.819116717782695,1001.956327856428
2026-08-05 19:00:00,180.14101956643054,123.79135779111249,35.07904702139368,91.11845026180761,59.7995285545802,99.88913575963836,322.2228713089765,346.1273043645186,336.57422744553133,352.22192487742666,0.4037039059437557,0.05902903599800041,0.3076256835616999,60.0014352109516,39.311102224889524,25.01711597837006,997.746730023934
2026-08-05 19:10:00,179.99809091200615,123.84952957100508,34.99558934669657,90.92431348435552,59.978911354755574,100.3502598956625,321.0330742505297,346.5043867102698,336.5405143179624,351.6555865971549,0.4005495936105522,0.05932710080365404,0.3099894296230226,60.15229325553271,39.01616937281732,24.94331168558247,1000.1678042290075
2026-08-05 19:20:00,179.95903880268727,123.7901495299907,34.86806876599834,91.04593748158186,59.893394634440845,99.20218191090738,321.1166349336903,346.5157380652425,336.6640851919141,351.429813321075,0.39947747085084395,0.0627363488084497,0.30825438946928735,59.58250078433829,38.81598062645967,25.017475332068564,996.9736842430307
2026-08-05 19:30:00,180.0238367146364,123.74039371189839,34.96807553498001,90.97440559251082,60.21579794869826,99.48139707918729,321.3625182172538,346.1683097380691,336.43379309764595,351.10545420412944,0.4002519821996006,0.06260674575638955,0.30988089427049537,59.77967563530526,39.0915474510979,24.72276852672938,994.4363548034853
2026-08-05 19:40:00,180.13426041811337,123.75122263551054,34.99488489425103,91.17741553946271,60.29272864747468,99.81094637422125,321.1509279779125,346.8565097770689,336.0647425579471,351.3191891193842,0.3998513533459465,0.060606089277159735,0.31397346297249906,60.140356346688854,38.85821338777125,24.600689459832978,998.754693223893
2026-08-05 19:50:00,180.09157324270157,124.17132538208129,34.91601715487769,91.06006549163497,60.17796661850426,101.2661529163839,321.46121375509176,346.30703951632836,336.8015160048412,352.04172709237514,0.399131728512473,0.06008707548868757,0.3150547007855821,60.739397780920896,39.30414616138124,25.37506628708866,998.9201755687375
2026-08-05 20:00:00,180.0983944423534,124.11784108813262,35.13490179199193,91.22782476923928,60.3259792222867,100.477839446266,321.6039235242334,346.1636555411259,336.69696540981994,351.07360464568586,0.40049332191472226,0.06056901105730244,0.31557766427297407,60.1158281855063,39.18202119278943,25.171866415881315,995.9442376753094
2026-08-05 20:10:00,180.03082883508404,124.11623887890836,35.04415612591452,91.04752895635816,60.2800746424011,99.94427416043453,321.4458983961752,346.5023697502363,336.51648910778886,350.98001864553635,0.3978283478638647,0.059592409976538925,0.3113903411578714,59.738566633648034,38.77279104930291,25.180860882529405,999.7702849138518
2026-08-05 20:20:00,179.84601321626184,124.04979611480863,35.0870993049111,91.09589300231563,59.981949579625606,100.35599979120542,321.4821733354592,346.27934113222966,337.12347828985213,351.5440232133956,0.3983855713638054,0.062141540306174296,0.3134590950446506,59.88177383820469,39.57857087835228,24.95193528712591,998.9458361643311
2026-08-05 20:30:00,179.94768091584234,124.32993439965331,34.92962160904101,91.00785070110817,59.874456996086295,101.02871808481517,321.5755080665393,346.4180707863956,336.54127428341735,351.83509412195207,0.40050309844757387,0.05672062086397665,0.311975318976394,60.61023956321994,39.554007389348044,25.103513368121483,1001.7072081766099
2026-08-05 20:40:00,179.81170938476154,124.03221783815573,34.96544118143278,91.0116283006993,59.784517057932376,99.8831280366123,321.68839912421095,346.54661912626517,336.9273996263274,351.3444863039191,0.40187198278724107,0.061558412804773116,0.31338158318790266,60.105441808997284,39.221308951639784,24.92099206727182,999.2947063677616
2026-08-05 20:50:00,180.20093157311234,123.6347317037793,35.10334111238493,91.01106190299807,60.24549015909823,99.81679332795122,321.25995650792026,346.35597453578333,336.4327362825843,351.2009251208171,0.4010351689283968,0.060643302051255385,0.31299418824277436,59.768761477961924,38.85613200709177,25.190746752406355,1002.1378476884125
2026-08-05 21:00:00,179.5795912164857,124.25044811286301,34.86410661746093,90.93777093604703,60.26662468972436,100.60597177161095,321.25922839933884,346.65654969662666,335.59954763581607,351.39522623308375,0.3994840242290411,0.05938029510352441,0.31098552823243464,60.504597666769854,38.967558555871015,25.01336439763396,1005.1003733638703
2026-08-05 21:10:00,179.9564272169198,124.20263140095228,35.04054465745998,90.86110148205881,60.303780599214555,100.24708774906647,321.81995488677177,346.5708534349781,336.1282973808592,351.39938811243206,0.40221305164006516,0.056816873864780626,0.3148862681922731,60.50385240585759,39.25840089350967,25.055469379262426,1002.6175428712678
2026-08-05 21:20:00,180.47744230704762,123.97364796164015,35.01329346285039,90.90509311448882,59.90636892702271,100.33566657766127,321.36223619724353,346.8454140013755,335.6516569175335,351.80507473931175,0.40065241227427556,0.06057079317541995,0.3116907014707096,59.98007783283543,38.93867073652832,25.139738241760288,1001.1964763962409
2026-08-05 21:30:00,179.93169308995246,123.70225731556089,34.95548191709904,91.06521492345492,59.887697620805305,99.74588880035971,321.21632492337517,346.1923227978825,336.41140453083455,352.03517294200464,0.40340874811904215,0.0577296580805929,0.31142798557222573,60.17236039319217,38.97798058856735,24.884392564668765,1001.1092890607439
2026-08-05 21:40:00,179.77304307563878,124.46762352070095,35.013384623760075,91.05744964125783,60.08177520914383,100.96210156617137,321.5533281393506,346.509625627421,336.83879469235194,351.42609690446585,0.4010182720880696,0.0575354497050936,0.312087166704513,60.64145605140595,39.127581030621904,25.31268684986589,996.939893579754
2026-08-05 21:50:00,179.9964090180577,124.35566366466026,34.89900782602382,91.12101247331476,60.37393972977408,100.85479540079683,321.36461368558054,346.56838924340036,335.97174378512636,351.2239645209375,0.40001076866726587,0.05965103994393886,0.311338579082031,60.227785442315366,39.01383759383084,25.326413884211274,1003.2685825179817
2026-08-05 22:00:00,180.2578752728291,124.07731444352098,35.02654303792374,90.98881038893998,60.10900067815012,100.28297389443638,321.50800381778697,346.5791912882265,336.7065256011348,351.11345596839783,0.3976739219598281,0.059484157460788736,0.3092062365855453,59.90967920993019,39.351536468909416,24.759982040342134,1001.6810333231957
2026-08-05 22:10:00,179.96790991644812,124.19677032854999,34.88517548510975,90.9726926212372,60.06994600527582,100.34214491907362,321.45509764839824,345.87456787180815,336.40684262938015,350.95410348664956,0.4025159866761905,0.05986482384977649,0.31238515280248225,60.27808221249665,39.086653691401715,25.33158466650158,1001.3853412548527
2026-08-05 22:20:00,180.12266976013964,123.58892517504157,34.87930038080707,90.83139406162734,59.759340685584775,98.98636956387848,321.6659426297687,346.1834319589219,336.76647322573035,351.45653077181333,0.4019578819348618,0.05841214382887207,0.3134377508542467,59.35593210908556,38.50786495624569,24.806259682699604,996.1433414232611
2026-08-05 22:30:00,180.0199905977893,123.97101026990292,35.1417295076061,90.90666361099987,60.13468863592602,100.3188548967486,321.7528089165753,346.5975484028631,336.6080953178416,351.01034738960533,0.4027137510934152,0.05978010636937624,0.3141053364540302,60.379737649254686,39.43847216885515,25.105983150332655,1002.3361244960876
2026-08-05 22:40:00,179.92542538761984,123.83976028060914,34.935694354482095,91.02391857600338,60.162686623514745,99.90294570638734,321.2315587679069,346.672644489072,336.196561995671,351.696816669431,0.3989585435130816,0.06332907893523813,0.3120243835686654,59.36645286758038,38.3213395211968,25.19116113614005,1003.32155913828
2026-08-05 22:50:00,180.63005757231426,124.20782610402888,34.797077793292274,90.94580412570879,59.72276087446065,100.2169528529141,321.1179093916993,346.5148527637504,336.6738191188997,351.4136715463277,0.3979165777974826,0.05989104031610501,0.3159252006207769,60.46224838624465,39.40707689400509,25.008841457209787,996.751293119345
2026-08-05 23:00:00,180.01423012752772,124.4021152956269,35.100135942288915,90.95962612205663,60.523079316833446,100.34122970592306,321.963395392892,346.5617138237362,336.4905759063603,351.2737893354054,0.4027084128739394,0.05805288378636482,0.31145185478093107,60.53834208384817,39.13287143764576,25.246529915362068,1001.3126018649805
2026-08-05 23:10:00,179.89256845214186,124.22229750195412,34.92872031191029,90.73512623895736,59.7319104548299,99.82935411594586,321.2809453702967,346.8719026771963,336.7746765445682,351.9217580962814,0.4000237273218989,0.058262242166250346,0.31153672785779973,59.55218097962583,38.538626467222905,25.15514819848972,996.3973574071631
2026-08-05 23:20:00,179.9020033340451,123.48311625694,34.65876884723873,90.8300113544368,60.27848477336108,99.15475909990646,321.02308666834256,346.40758051049664,337.0916873659375,350.9664248576592,0.3952478098129504,0.05864897601401736,0.3079514393603826,59.28154895589615,38.272096089016785,24.74844292588989,992.5628612538843
2026-08-05 23:30:00,180.0761148996876,124.34051194562836,34.99888362267365,90.8362577764699,59.94353391968931,100.18393728253712,320.92144631484297,346.28814195510313,336.44906258388045,351.764858518406,0.40129735280798545,0.06284643128803298,0.315953985012264,60.68655591010862,38.875695898572154,25.23509156189122,999.919404316477
2026-08-05 23:40:00,180.08184348011744,124.02792934650968,35.09559147031816,90.78933995502486,60.05142016200706,99.6293081737798,321.4816857338263,346.95869360783325,337.0048295533696,351.5263575523549,0.397538185208737,0.060928406308524224,0.3149302525818585,60.012052733871286,38.95057216728637,25.126871241230106,999.8482325982765
2026-08-05 23:50:00,180.15440232261636,123.96946715180208,35.0390845166524,90.96404489873672,59.771224003732144,99.83490295363784,321.3013170055115,346.6995294385565,336.48375223985107,351.5741003206315,0.4027780309562512,0.06281288350553688,0.3153472090549127,59.842530115771154,38.47712786797406,24.91718487280055,999.923790715265
2026-08-06 00:00:00,180.02822880660358,124.01511024757333,35.1734371738791,90.72671063741915,59.83708242241925,99.6977450779529,320.9472051369172,346.4718813085366,336.69907629951376,351.4942355784349,0.40215916928096485,0.06073430276945821,0.3095758045141569,59.71408061279008,39.11597946892032,25.035483422306783,998.9317558727257
2026-08-06 00:10:00,179.71367636600937,124.35612424943812,34.99224917406596,90.8772043527674,60.21108248140541,100.29217583533539,321.2143269749568,346.3114057254492,336.574434014602,351.15717000157366,0.39615954527155095,0.06327557929400691,0.31408409219449296,60.17653340228287,39.0839023782229,25.151047646676243,1001.5804842464796
2026-08-06 00:20:00,180.10638439159277,124.31602614343362,35.063365403485825,90.90100399825509,59.946419813696565,99.77116544729299,321.18284111289665,346.9998894032643,336.31726385227734,351.68458057148945,0.40068337004360605,0.056322736647649516,0.30941713321318637,60.088146582591556,38.96948273197908,24.640174661397523,1001.6735189025225
2026-08-06 00:30:00,179.93820733221426,124.7479217174852,34.90559887747821,91.18573732567512,59.902926827032466,101.99736245250463,321.8014452178408,346.4455943334556,336.5610627098309,351.86428447198966,0.3999942710667342,0.05673867100523557,0.3150454913121399,61.10506166211154,39.610289242551815,25.256932667059147,1000.4697435018652
2026-08-06 00:40:00,179.94277996726663,125.07313745376132,35.02062592412693,91.0081536410796,60.266517576020654,101.97852490301509,321.57509173390974,346.2890912713188,336.38932870074234,350.8957196121629,0.4012235311688551,0.060333483809023744,0.31240899274888195,61.32188477108048,39.67896827500909,25.40068771093244,999.8015583620329
2026-08-06 00:50:00,179.70341791037225,125.31869293997812,35.1550173679619,91.1809253465756,60.21463467719617,102.87051444627426,321.5029520987781,346.9068007394809,336.69702291005063,351.538366108768,0.3976483127248664,0.06093448521681942,0.31186632584388047,61.54268731529941,40.30073673283363,25.451798259427964,1005.5734154287363
2026-08-06 01:00:00,179.88529505185076,125.69476823915242,35.054123306331235,91.26363452457586,60.05292099908621,103.76769869268277,321.1272612576051,346.0983132783109,336.2096928450603,351.4738649582082,0.3972263968104891,0.05760215354530599,0.31278181287438095,61.65394349898518,40.65069101544557,25.8717611450257,1010.2916636614685
2026-08-06 01:10:00,179.85463235714087,125.74770707301087,35.02058211144657,91.06198440359823,60.07263465433853,103.25203730202209,321.4562126683712,346.4911578632845,336.23996831671417,351.4223687266209,0.40178239525057413,0.0591397935043883,0.3122049017052423,61.982379341996854,39.979787118306824,25.483699039900085,1009.946174214675
2026-08-06 01:20:00,179.9927072313893,125.49371724238978,34.8103446532473,90.90791374912648,60.51290447130398,102.80248557578341,321.71121904896404,346.7231779179661,336.7952821593576,351.63688136082385,0.3961518143488085,0.05895937005931855,0.3158150617452503,61.51239958754322,39.82416272642771,25.53188099048135,1003.3459223704164
2026-08-06 01:30:00,179.70931619076427,125.52833714762794,34.96756782771657,91.01785515012803,59.95452368924259,103.71972324147688,321.56218981613415,346.45568546308556,336.6969803487729,351.4556105520873,0.39981831982500465,0.061238671260917935,0.3149567287453096,62.586093711074874,40.29708974145599,25.617400709469116,1005.4320953274752
2026-08-06 01:40:00,180.01013125852347,125.8084870318683,34.87794627417898,91.30212862911172,60.119188897566914,104.0261773891813,321.8333646585776,346.389202629256,336.70835092245505,351.39540670325056,0.4008687714514676,0.0582105593432632,0.30976377758583423,62.49821246532375,41.068616722585226,25.909870161709097,1012.3961629853958
2026-08-06 01:50:00,180.02486719815653,126.25811573896394,35.08101579065096,91.32743614744662,60.130108758636425,104.84165527102013,321.5418783519284,346.6731070387422,336.7103995789188,351.8794049048211,0.4014632990909154,0.057745273171894165,0.3144618070598745,63.10267540005113,40.735276132301195,26.074334469734904,1012.4692125187812
2026-08-06 02:00:00,179.7760464296594,126.25139709961064,34.93198754185365,91.2489366278017,59.590516684990924,105.59537954458852,321.72825503690586,346.1869177426435,336.85625403116427,351.2289469188609,0.40069324580008103,0.05871957191570635,0.3078291176150579,62.96623515845284,41.56375269271344,26.0971622985174,1011.798772685231
2026-08-06 02:10:00,179.87506872674038,126.46719983916212,35.040180632883036,91.25904088184323,59.43302421605628,105.01742488500689,321.65969905097654,346.4845963596903,336.68740479621005,351.4000438523481,0.4045125583177046,0.058214916580208706,0.3163891632349597,63.23870331604627,40.94426192305124,26.066117290513116,1009.6913454395549
2026-08-06 02:20:00,179.82848928729175,126.96025919163041,34.90614374092382,91.4372026981283,60.04186629354111,106.65271922815226,321.3545563750153,346.76310432843707,336.82362956734187,351.3968907431738,0.4023756698595242,0.06012829831661287,0.3116691042641994,63.46522391938721,42.11824273454366,26.53273634439506,1013.5446742045575
2026-08-06 02:30:00,180.18152289847956,126.82253772140892,35.19014027977006,91.39208284192374,60.26060774235136,106.18926611780152,321.9278264282122,346.22850892448804,336.31457219953313,351.2839551768682,0.39971114673579416,0.059755013821478076,0.312136825731707,63.991197341048014,41.68081930754071,26.223788468426708,1010.1556414524553
2026-08-06 02:40:00,179.49434722023196,127.4164622609218,34.88931129723818,91.55075196942593,60.063907521187176,107.55609003880738,321.63732124762413,346.9640653492207,336.70595553191794,351.3697868373727,0.3997434873788941,0.06155060249383617,0.31258191389430245,64.59233310609486,42.0606648208021,26.636308779944287,1023.3938435404827
2026-08-06 02:50:00,179.9313350254945,127.81678133527113,35.01818948678693,91.79883745389334,59.8467190538194,107.81562479778187,321.7781327341185,346.4944985795016,336.33022066134436,351.95314404297625,0.398581467247369,0.058741222563574266,0.3172554335429254,64.97244657266621,42.045778676903105,26.740387482899614,1014.2383842649313
2026-08-06 03:00:00,179.66789464955158,127.61463919133149,35.26327623943429,91.52205618591869,59.8107367465127,108.17651771373704,321.2135620064887,346.53621279243293,336.18188110081184,351.27975445530507,0.40040218818888446,0.05911599499114489,0.3141282963477712,65.37245613710438,42.4585853333625,26.496759180356843,1013.5314263051101
2026-08-06 03:10:00,179.91366568039507,127.77245515212236,35.02581342567678,91.66564016666715,60.244409596300635,108.75977476832564,321.20924359533143,346.4201532098111,336.48909609585064,352.2895367533436,0.4041746981979493,0.05817044923319821,0.3126174313117342,65.60249422606624,42.8094976728953,26.58525418043605,1017.071510839449
2026-08-06 03:20:00,180.16934816728073,128.28286384688684,34.918800838747934,91.58843234114657,59.91637995961166,108.98937025139344,321.4830590718902,346.7332131109341,336.75463137764586,351.05818719752335,0.4014085872782482,0.06411710933411975,0.31386094417952415,65.1087879109384,42.36700083394453,26.577282974767652,1020.8579590256929
2026-08-06 03:30:00,179.87387774412025,128.01082047207416,35.06515228733245,91.63689790900007,59.52884243088539,109.41598650052012,321.2975282921045,346.42450477544867,336.5676593301359,350.8041991320614,0.3998346023017523,0.05833784109286193,0.3119395785565581,65.32649677157934,42.80379429830413,26.942436527021595,1018.1293467050165
2026-08-06 03:40:00,180.02767772176477,127.98258035275047,35.102283792147844,91.59960347270632,60.20549273160812,109.34380698975073,321.7270167246757,346.6339399829063,337.1012594729968,351.3272706400381,0.39767589943043175,0.06114193891815931,0.31462439625081673,65.6894727702692,42.258084660322105,26.868596902974875,1013.8081436827961
2026-08-06 03:50:00,179.83104503794996,128.31615492719598,35.09038164326397,91.77731834110163,60.07479620157689,110.63333449072348,321.66596783232694,346.94068210379095,336.7704699963529,351.1565683192232,0.39512433513756784,0.061001686163302954,0.3115045295018974,66.45468747175174,42.815488897003746,27.391012343060503,1024.020308053987
2026-08-06 04:00:00,180.387896521449,129.34170638714605,34.810825024884984,91.86284007665367,60.11689274511518,112.03387796642279,321.91308878110374,346.94094168725996,336.6967842099701,351.91854050779466,0.3998634496505647,0.057887346823759435,0.3119056770464105,67.32029597787033,43.54471216668256,27.35412992632075,1023.3154891742603
2026-08-06 04:10:00,180.18263926581716,129.38478535707804,35.02600320798146,91.9960186853542,60.31176368544577,112.56432160551635,321.72400724168426,346.1244457356696,336.6047305193538,351.6822679986626,0.39851035941607604,0.06148242284455021,0.31205380182184034,67.24366487041414,44.33741125801477,27.622615487975764,1027.7327550498
2026-08-06 04:20:00,180.22543827729703,129.47855888443138,34.79527655267608,91.98856181350429,60.395463542296646,112.6979458353095,321.21064385360967,346.9732906133828,336.1677676884353,351.22171914854164,0.4007482238821642,0.06078541637880356,0.31503255934343094,67.27450775610511,44.07479940122083,27.554138841724924,1023.4457529387017
2026-08-06 04:30:00,179.73436371293184,129.48029080268864,35.191628725619836,91.8838427637451,60.16973362895339,112.85290080042579,321.8359762471971,346.4319558112829,336.5906845043791,351.48659358092965,0.39781933705739464,0.058412779968048716,0.31302650665011855,67.7223133712044,43.919029819646504,27.424884977083373,1026.565955935785
2026-08-06 04:40:00,179.77978422584823,129.3402094929231,35.01176526120292,92.14638302162815,59.95281786262494,112.62472290092298,321.3586759811308,346.66868232464884,336.58436868173663,351.45468073660965,0.40147874202012007,0.05684575589341258,0.3122179048133988,68.03322739717926,44.48131549871735,27.482443485881152,1029.2838908812741
2026-08-06 04:50:00,180.21595150951802,129.77756834307033,34.95932312931755,91.95554658591942,59.37927088616157,114.14730132003409,321.33565819393823,346.61195141789904,337.10556396866696,352.34593072968227,0.39956021687071747,0.059122119524068796,0.3096688617472855,68.19113480083668,44.24538646531596,28.054044496572104,1030.3668139065467
2026-08-06 05:00:00,179.961126363841,129.67822847831428,35.071030876417495,92.0821727331873,60.091626036965295,113.86082511166839,321.57641558765897,346.6660698430486,336.3433276944998,351.596988622039,0.39879995490671555,0.05888266384435082,0.3145796309215812,68.4261082071464,44.249198869785225,27.474798655372172,1031.1985949426276
2026-08-06 05:10:00,179.94841558974764,130.08942361800874,35.05281071988911,92.30080710213757,59.96019987764046,114.31741409697031,321.5572180024162,346.40794993158204,336.5456878379889,351.63682966880657,0.400615001160959,0.057864447059284986,0.31192532197820516,68.72126970352045,44.49390741697777,28.061398556557904,1028.0508026324771
2026-08-06 05:20:00,180.06675666246053,130.16056808335784,34.88795432583552,92.03067211849371,60.39381057978579,114.66920124889519,321.8730218257749,346.7602253163513,336.36768607838275,351.71912861234756,0.3990776278727098,0.05811715095194046,0.3132410663506783,68.69946183710071,44.65923049157795,27.887821510987795,1030.9012349046898
2026-08-06 05:30:00,179.7489645964103,130.69929143065966,35.164915353870555,92.28821936487087,60.381308678763475,115.32375872728694,322.4119178449674,346.8888026152096,336.63271459651736,351.62903658418776,0.3999250565957221,0.060828314086926974,0.31215209337193445,68.36556547790705,45.00061876526078,28.063933910140364,1031.1638317356485
2026-08-06 05:40:00,180.15457337125568,130.30180709028664,34.98083881251832,92.30912521408456,60.14476621461563,115.52313328994668,321.6931570820623,346.42105605941595,336.0687861574391,351.5614893884633,0.39854986429457084,0.058331585954099145,0.3133034515535909,69.47987300054038,44.943070410209494,28.01741250371954,1029.322873212886
2026-08-06 05:50:00,180.00366479253648,130.5876179303335,34.8313916295185,92.24580962480749,60.408744382534266,116.16181261901714,322.00444312967517,346.5887817033543,336.68120380748485,351.3032678427912,0.4009242107497292,0.057737518619016416,0.3131550429943866,69.08199739049351,45.48967194979666,28.299952238011514,1035.559235816462
2026-08-06 06:00:00,180.09584802911138,130.47319726045077,35.14288301809467,92.01420172093283,59.98216233902821,116.12436711230303,321.50692062649824,346.83582189559604,336.5980080158674,351.5933088542363,0.39669031433817603,0.06014812466479069,0.30937623314867285,69.62411619570888,45.261597536740595,28.260286502565652,1033.1845925310504
2026-08-06 06:10:00,179.86587719642336,131.24082676563555,35.15608032978655,92.40925523794903,59.9912475237061,116.94279777725939,321.67338545434956,346.9151764129088,336.65073176006865,351.63068713800084,0.39980389714559783,0.06259518404789735,0.3092161748956412,69.70283996403246,45.598854877923024,28.393125579661486,1029.5899310948892
2026-08-06 06:20:00,180.10264597237585,131.34810638761385,35.12866422282935,92.41019258171427,59.754293345360196,118.73287082756754,321.4193222017762,346.69838629416927,337.3907313850853,351.1644512887212,0.4011114823764157,0.05778972677425705,0.3121913762200126,70.99492394408401,46.11302883524061,28.704628534735818,1033.9479587245564
2026-08-06 06:30:00,179.8590236741102,131.50447350667835,35.0589778755557,92.28384070249801,59.91234698132578,118.02075854157457,321.44973017827004,346.6813744556908,336.5751409155648,351.5958287308994,0.40171190352130737,0.057556162180981404,0.3093086353996458,71.09084945079681,45.84310163398211,28.13887486088313,1039.1270995127127
2026-08-06 06:40:00,180.19087611938093,131.77100458400488,34.916795944555226,92.49477299761476,60.066594397875754,118.39918823613263,321.98138456437476,346.74672707773726,336.7482497486492,351.1939994895202,0.4010758064072636,0.06259517289832034,0.3140061885000785,70.4094514666848,46.35213739121214,28.697198353421243,1037.8987361447985
2026-08-06 06:50:00,180.22592923742087,131.75268897428674,35.097409266435996,92.35130812365676,60.316627126594724,119.24766862103402,321.7165371742668,346.5063362374378,336.59847285962513,351.06854010597067,0.40256203240589067,0.05572432836450085,0.3127426511890385,71.1346514646911,46.45334723668461,28.849360520093057,1036.7191198632775
2026-08-06 07:00:00,180.18237712365297,132.1143870037086,35.1884913899472,92.57144573908674,59.78720325968458,119.79850535529619,321.71646660126873,346.7069015790303,336.9341532223945,351.5552076886734,0.40049273294732135,0.0592647262757779,0.31489680296248834,71.65102675665695,46.736326023796785,29.0332408791907,1041.8750863577227
2026-08-06 07:10:00,180.10329273317598,131.40313234211936,35.08535714670277,92.36700978869278,60.24065380151513,119.35052297782136,321.3448102196396,346.52834516875055,337.2838493911508,351.73646449891845,0.4050757261789282,0.062483213315087,0.31410190499535745,71.32664782706678,46.40150686006831,29.049672883983717,1037.4553370657525
2026-08-06 07:20:00,180.12676325092028,131.93610216467667,35.16306220363342,92.51463006190917,60.69517605696518,119.89642060859838,322.0992778058936,346.5105251988587,337.1220772355248,351.86479447145626,0.39898614086045175,0.05964580397070934,0.31393044738019954,71.93503424220485,46.26227779590749,28.973274699294677,1039.037183523654
2026-08-06 07:30:00,179.4588145209827,131.8773219733529,34.92830031958389,92.38764872679755,59.60690743159943,120.45913792046738,321.5358267568538,345.9199644977386,336.7133660251077,351.41408504942035,0.3960239198453175,0.058664293141762046,0.311369597655163,72.21074139350311,46.850830968317744,29.179462973473935,1042.4019034532619
2026-08-06 07:40:00,180.16697684115323,132.13527920947158,35.10568159369023,92.42733929035268,59.92776209208866,120.13491881453605,321.396180456272,346.08568066452443,336.2313128935721,351.14199344596875,0.3957065301786245,0.05994522452831837,0.3132374451795791,72.11347256063988,46.05629024529138,29.10611083333195,1042.5784050333116
2026-08-06 07:50:00,179.94519202791315,132.0825934467784,35.09757807969306,92.36344740733803,60.010208932473,120.06097702175089,321.5874847692554,346.7269506549503,336.7475360766734,351.3161131034844,0.3962761385218011,0.061233137112428206,0.31446682722879715,72.0294302423094,46.85573688338503,29.146782103439758,1045.9835089576206
2026-08-06 08:00:00,180.01898899862317,132.1720153466925,34.85765240134874,92.43348506420224,60.30081864485396,120.77700883430437,321.7972727449844,346.8388943218811,336.11963541714965,351.5105874554911,0.3999392772220941,0.05845472606519121,0.3146822754068182,72.4637741768194,47.39923134022379,29.373519236869267,1046.1450625704438
2026-08-06 08:10:00,179.94325877153614,132.1418272445142,34.84417179568447,92.43516890878801,60.59108081039943,119.66111362018017,321.82192581141146,346.75344590710586,336.35547253783994,351.55666961783794,0.3966214296479445,0.059823541804354737,0.31319427411218065,72.28850103468416,46.363700049953785,29.125765875461912,1040.3062700714436
2026-08-06 08:20:00,179.7217725972797,132.1575156148528,34.93382982547343,92.42257715415363,60.368372774075944,120.04137294755381,322.04009626423067,346.6538268258731,336.44439866514074,351.7351701077768,0.3970882355294151,0.05888836412824899,0.3124289048314488,71.71092554594321,46.40795766022157,29.075834046576585,1038.2836892690384
2026-08-06 08:30:00,179.89227332660116,131.88674741815,35.013096914162496,92.43105484574507,59.99318609264807,119.73997066737246,321.2838913185322,346.53607234187467,336.28951293408795,351.5395555453876,0.4013453650007279,0.0607907565588337,0.31128902506624756,71.90746986944923,46.41293203301628,28.84373189577531,1040.8663753476967
2026-08-06 08:40:00,180.13170696436444,132.22936665336363,35.04988389139885,92.6141803831043,59.75298160233629,120.74515411453812,321.4749085453389,346.7937137956089,336.6269102794405,351.9167024916343,0.3964498146202133,0.06046317668667476,0.3120110222036484,72.40016631113524,47.15330923770112,29.40640998594804,1041.9458743604112
2026-08-06 08:50:00,180.2834739183298,131.46591077666972,34.98276417577465,92.3346518086185,59.98736998333124,119.02406980036173,322.07332777541654,346.51079233147624,336.51878580294687,351.4060124514444,0.4001040919144026,0.05854145220211336,0.31169512734354454,71.62713007548655,46.37318136833375,28.94592276184829,1043.5627057624165
2026-08-06 09:00:00,179.87541554809897,131.94125310651512,34.99865118803662,92.20063389616796,59.99252501489681,119.66492915225813,322.2890980482979,346.6294750444512,336.40693156491295,351.7432580731663,0.40168628860876354,0.05970071309346097,0.3148726289178669,70.92501644692285,46.626543669977416,29.165635948604805,1042.1779984945133
2026-08-06 09:10:00,179.81920570305928,132.4250706867955,34.993942233246884,92.36145977916956,60.07588303592728,119.73542151698604,321.42198112445766,347.0751672770458,336.74553223656693,351.79794577624364,0.4022897689772114,0.06027843408112613,0.3150121711108565,71.57686789486776,46.14911797360856,28.813785724321026,1037.856590175258
2026-08-06 09:20:00,180.29035245730162,132.06979435774198,35.01383485721765,92.43938970778848,59.73990062545888,120.3317698115858,321.58350757261667,346.22531093875125,336.4128360378635,351.72369234581765,0.40043402143432505,0.0623937315593051,0.31231043805915953,72.30577522072102,46.960218002256035,28.930079454567053,1038.0225680104331
2026-08-06 09:30:00,179.823486141119,132.2882787460097,35.06298708226369,92.5279107673706,60.454422389964094,120.30313773805476,321.1516228742215,346.45997420047365,337.02475360064284,351.7698424609217,0.3972245785079521,0.05984580180764567,0.311499965820205,72.14626142169192,46.82662655414667,28.84911828293129,1043.6984725430077
2026-08-06 09:40:00,180.41472719221235,132.2323486634115,35.054278978194766,92.55415394618633,59.79041240487412,120.69759713011936,321.3699454885779,346.5664578569123,336.83017604987356,351.28036023541637,0.39801838755892194,0.058300990590422416,0.3142065590460729,72.77943889642494,47.08509725155682,29.218589787953288,1045.5198330598876
2026-08-06 09:50:00,180.01012972855767,132.00574148854142,34.9997516393427,92.42717363136832,60.20509581407462,119.21298357883134,321.3540299177973,346.0745302066936,336.509225529991,351.8793075025729,0.40279998161238784,0.060108970601658075,0.3151904168363943,71.0234815726081,46.6543009969474,28.79542923029413,1038.8240543238965
2026-08-06 10:00:00,179.82331819302067,132.32908375153093,35.03085733317801,92.39061957511356,60.067040715132144,120.37523750451524,321.5899369780538,346.29155892055184,336.7753781550103,351.45996289639385,0.40310143776220775,0.06397852552474637,0.31395180083064317,72.91721893796563,47.161329194863434,29.325596148472474,1037.4244289973885
2026-08-06 10:10:00,180.19686752141632,132.02557122220512,34.96050351542128,92.43489975718971,59.680137518771964,119.85336006785585,321.26623978787796,346.9572586067782,336.4383204530367,351.5618694797426,0.3991294930628221,0.06253029453843711,0.3102508865430086,72.03551721064383,46.75024624914607,28.892094235433404,1038.4812447320126
2026-08-06 10:20:00,180.33866977325692,131.6608337763568,35.08414914641138,92.20225952606837,60.02329450115025,119.66718738137091,321.90371169610194,346.79786884235375,336.4561586864821,351.31222766938544,0.40169159956584805,0.06272184231952393,0.3095000954490271,71.68148635284874,46.33271543757587,29.02036015675649,1039.535095009815
2026-08-06 10:30:00,179.71305048092523,132.11824757525494,34.95523739027883,92.52239878153293,60.00955076740198,120.26978426668626,321.60999102497567,346.60707067277605,336.9576918879691,351.732930703862,0.4014605901840319,0.05721062065398402,0.3158748081782132,71.90967232444088,47.08778332893418,29.18685850762177,1038.7332531395
2026-08-06 10:40:00,180.31179241771704,132.21637394212473,35.16790862882543,92.37428363448726,59.94809775344165,119.53993020863217,321.5534635267768,347.0355479131944,336.16694252143276,351.48967987864586,0.39928955813539013,0.06389844802360024,0.314506771376436,71.41517859402622,46.74916597059374,28.91496457545301,1035.2328654235098
2026-08-06 10:50:00,179.9437189618593,131.73932056347695,35.00288028743531,92.33165770792324,60.24218234544399,118.96154335234284,321.90731035647485,346.3607761682801,336.7917173685989,351.4186902691523,0.4020385230143162,0.06096656075404675,0.3117605687405455,71.16408717836107,46.418657574513,28.89010172899257,1034.5294804087987
2026-08-06 11:00:00,180.29726591258617,132.2047292400949,35.032443570900796,92.30153898383801,59.86340524764506,119.81489075553868,321.55361215303935,347.2185197801592,337.2349821422279,351.83492588565457,0.3982137243426838,0.06058620787286149,0.3126103692529035,71.89013148818664,47.04882294601022,29.021221250317115,1042.8877460586189
2026-08-06 11:10:00,179.9239071135043,131.79953272156092,34.92988845192953,92.29756086087525,60.756098860493225,119.25111457417904,321.26425794680057,346.6363098121584,335.9835058453835,351.3991721883283,0.40113496245451885,0.06012462270024061,0.3124905618900213,71.26965314715724,46.153104301858406,28.852999208293102,1034.692662191146
2026-08-06 11:20:00,179.6845613683062,131.6732198000198,34.971071269400305,92.25098636293193,60.33736000953312,119.67554208946466,321.6459562267063,346.4796769734032,337.3841598465753,351.7421333359525,0.40116816204415034,0.061042479572165007,0.3127917335112138,71.91227061986278,46.67566112338645,29.032669999027302,1041.0072972095086
2026-08-06 11:30:00,180.10039342234106,132.301949711824,35.02161996748675,92.41087702658237,59.732835602286144,120.18577738187555,322.28970225563444,346.9803628652263,336.07587780759206,351.6905577045073,0.399679336302104,0.05599665498993288,0.31076937631170676,71.95383338022245,47.10577354952015,28.909085866617588,1036.6807347536676
2026-08-06 11:40:00,180.18531561967563,132.2752965206269,35.00717394689649,92.20993329743713,59.26703550122308,120.15599987280707,321.67188015440024,346.81595711530036,335.98123976731443,351.7983884490129,0.39886341359892424,0.06196060560860467,0.3144581980074718,72.2626973264156,46.67875919264283,29.202647184323546,1034.9325780302133
2026-08-06 11:50:00,180.41919257168908,132.3142188030346,34.943652199129204,92.48780497551802,60.374735446076116,120.79344972448928,321.8007774915286,346.72272802052134,336.02318355503553,351.65452893436253,0.4030364303179697,0.057206687734710306,0.3113586492408659,72.20533095040734,47.13409706738639,29.245561182664826,1038.267355247491
2026-08-06 12:00:00,180.34471954600582,132.06172314922281,34.89011657498637,92.37135848149526,60.07766538781169,119.90017262652826,321.5872500998669,346.63023373525095,336.31150680391033,351.27473815850203,0.398407234502481,0.06335766637379908,0.3104608906013583,71.96799768301966,46.72283038343825,29.171948835350715,1041.5993218063984
2026-08-06 12:10:00,180.1390484118917,131.97184795025228,35.00929117328718,92.46642057684427,60.027448840843945,119.23333420472608,321.5825814571246,346.13247715443725,336.4860921012381,351.68852003038296,0.39822065747451896,0.06057504838706696,0.31498303120132654,71.28313291127624,46.613737706823436,28.60390477896685,1042.8597145171182
2026-08-06 12:20:00,179.95245854027513,131.93297746397124,35.02058392549792,92.28030774984664,59.71449360485638,119.62195157168216,321.8014396516899,346.0549848327305,336.0896020459368,351.7582614230044,0.3972127040134246,0.05864173930833545,0.31284630863232576,72.10025731277698,46.404651136792836,28.95901670570042,1037.094880541498
2026-08-06 12:30:00,179.89586967386455,132.09534342792935,35.059808857922995,92.26334873094675,59.57697160697962,119.54030788768686,320.86075891673005,346.670435437062,336.6085703837619,352.215529320105,0.39953559381641646,0.057953411633816274,0.31506462029225935,71.70116477272396,47.1638728614361,28.866499484452593,1033.0232002909893
2026-08-06 12:40:00,179.94102541089163,131.94070270844273,35.129057350090484,92.27599998075307,59.45163173710644,119.39108742077087,321.28332757621763,346.9563956215058,336.9180243146668,352.21488743394417,0.39961009255336216,0.0594546240316203,0.31329985894614315,71.70780371353182,46.14457243864052,28.8685801871893,1044.6220535537057
2026-08-06 12:50:00,179.83381355463948,131.79688235236904,34.97433158813143,92.31787117088594,60.76278373606015,120.21768359750772,321.478528003705,346.4399886485067,336.4370103587292,351.919768429094,0.39837322669151304,0.06302882594888,0.3145592078091414,72.64177584395189,46.90503364843691,28.818926667389736,1042.6299232716508
2026-08-06 13:00:00,179.94508959387895,132.05764192533815,34.80734225159755,92.256891665071,60.47791030557156,119.67738383101738,321.57818422979705,346.7028294238162,336.7112042505872,351.9530768524384,0.40219846930785996,0.059932331028427106,0.31598359811243704,71.86110949249579,46.475262689380216,28.83277726123714,1043.3782455863281
2026-08-06 13:10:00,179.49109451522477,131.74737809738468,34.99114989606783,92.09891354177903,59.83964060703284,119.0113135916565,322.0957959624106,346.21595259415164,336.86436242465527,350.8814436966969,0.40023270746054623,0.06018088275070564,0.31326007410743945,71.17454430789263,46.70226814801289,28.774506323609145,1034.3681452703738
2026-08-06 13:20:00,180.0357736131919,132.15407403680862,34.822116734333974,92.19557011985859,60.55864648681469,120.3484614015596,322.39715880988035,346.23823975677334,337.2056722923612,351.4995605331444,0.40114593906564633,0.058329389725166395,0.3148154470379128,72.14989482779447,46.49261778852504,29.1529747275516,1043.0060891187154
2026-08-06 13:30:00,179.99421298012248,132.2683340524247,34.877687533163915,92.21482602050038,59.45405038917183,119.94428671564664,321.85370649108955,346.6646812688709,336.6539607545828,351.33291745383497,0.3972479908995648,0.06307936670484977,0.3115747383815872,71.81813405701998,46.43782295293309,28.914330019323373,1036.832538522368
2026-08-06 13:40:00,180.51317487777192,132.17487567622214,35.107662369302616,92.25560889366166,60.20981686750757,120.17841863917627,321.78623654076335,346.8893812510976,336.90148299708653,351.8480502251995,0.39935643431620077,0.059395523238304215,0.3135577797723977,72.30295511577341,46.97678344427791,28.84277491674998,1044.4106848484819
2026-08-06 13:50:00,180.1517481981671,132.34050640572943,35.06165585503585,92.14940687589731,60.211743862583226,120.05286077234999,321.8733320861678,346.90432651416114,336.8410688325162,351.8306506896146,0.4030951167456221,0.05862105289997397,0.3079131387268321,72.58338825693247,46.44107581502059,28.988579587446342,1039.2166688524073
2026-08-06 14:00:00,179.9039559528869,132.54210472559495,34.94139276403861,92.16676207738719,59.747835684659556,120.31582736707419,322.12217199376516,347.04220947431753,336.70290868307876,351.83541064936117,0.4020976979540096,0.06065521137537541,0.3124571136858928,72.71784802358331,46.688991485022164,28.987051775923877,1038.4694557459572
2026-08-06 14:10:00,180.11294687818827,132.25946211440828,34.94230322806872,92.22870177573452,59.86763782971752,120.01900937350777,321.37892012752957,346.4541721871494,336.5850218237121,351.8500984818802,0.40093134627496324,0.05871630631315104,0.31102889972027614,71.9707449316286,46.63550844745363,28.945069575620593,1036.7411649343217
2026-08-06 14:20:00,179.75484677654313,132.12914923128588,34.99656547082164,92.37348953258815,59.69342064784731,120.61810124173911,321.528141356033,346.6418961032023,336.8012826735416,351.7846878302817,0.40229292248057974,0.05947485776273012,0.30930307002344976,72.37948579067204,47.12881612794085,29.148009160405717,1044.042721165224
2026-08-06 14:30:00,179.87946161854768,132.15990186732853,34.831036184649854,92.24251401939742,60.01484455609662,120.21249139498862,321.72393672831845,346.92458120365234,336.9040084044839,351.64395117666095,0.4014790115814693,0.05659694681003001,0.3139799403231577,72.46312462103658,47.037906093866546,29.141937501684616,1037.7752654521303
2026-08-06 14:40:00,179.62648105736693,132.48382103839407,35.05315283461683,92.32485029099938,60.39218237331947,120.1960338116942,321.76868195381957,346.39272167843006,336.293069326328,351.5019219721094,0.40064569771915604,0.05669536813763098,0.31273643029814524,72.334665226993,46.32055412629149,28.9143694376457,1037.2406173534769
2026-08-06 14:50:00,180.28725190457376,132.25955347049364,34.97076490819392,92.35038278169779,60.297377048913035,120.20493345884128,321.1134052830972,346.606230764966,336.58324103255865,351.89673964954676,0.40084304013357397,0.06101017090609321,0.31359579144875227,71.41302626145514,46.9037631858962,29.12482944101819,1039.5085190438488
2026-08-06 15:00:00,180.11866799404174,131.84208457602315,35.18833294954531,92.25330578327521,60.12589078114709,119.27168112871564,321.81230061114223,346.69795921718406,336.80237256526794,351.68571126048516,0.4009999040105323,0.05831131397949479,0.3098803736534517,71.30135822814351,46.994857387879755,29.026110602100403,1037.703323555805
2026-08-06 15:10:00,179.76488314457316,132.2055114797348,34.900144787171676,92.17595449251903,60.33376641125595,119.91768212409814,321.2101967645039,346.6948992806455,336.79200512859705,352.00792381021523,0.3992567478624583,0.06097409990028231,0.31324005463326204,71.80790593315938,47.151391450650955,28.967886973503308,1037.0928432430628
2026-08-06 15:20:00,179.98790248386842,132.31131471908995,35.10521158381514,92.16889276590476,59.47226048098249,119.87034175522525,321.91690862059556,346.9617846704124,336.80420010917646,351.5540667777837,0.4035399791850117,0.06080555295286107,0.3169542859199736,71.71098234633563,46.901517634833155,29.089487538531152,1044.4058348438055
2026-08-06 15:30:00,180.18995363960755,132.3455085165825,34.93774285559103,92.0323150816747,60.60211542886202,120.10377336058025,321.94305501037314,346.8298582717274,337.20407593190606,351.6078229232984,0.40485491949174357,0.061320202279918724,0.3139783237630683,72.07919936035803,46.43945792185907,28.944455418067164,1043.499900721972
2026-08-06 15:40:00,180.0990217163095,132.1632740337198,35.106942993887806,92.0881651635686,59.986883658115715,119.32065291785186,321.01526968170884,346.57608619435337,337.02763431353145,351.454409840843,0.4004035974218486,0.061247541821605814,0.31017124622833653,71.74061706592259,46.80763008709057,28.79207847598555,1041.691111456947
2026-08-06 15:50:00,180.07645540737212,132.37704009317116,34.908164728112645,92.31385957343123,59.61098845532016,120.81705738844646,321.84444883254594,346.0220057616073,336.32590960851684,351.8939215994079,0.4000222617704451,0.0620995465757017,0.3140752978139353,72.12812338999878,46.89768610107448,29.14457761720025,1035.6419658190161
2026-08-06 16:00:00,179.82843156311847,132.2358096830509,35.07851953858211,92.09224096731758,59.88817858133372,120.05219433207826,321.7547669883255,346.94418096097183,337.194510240367,351.4474372543059,0.40475788625341486,0.05963196837047996,0.31303948936558945,72.28587042398406,46.87210326486955,28.848703231023435,1034.798713048405
2026-08-06 16:10:00,179.87255097926356,132.0237770892647,34.96175934536849,92.28633515174519,59.80874919816125,119.39434122967467,321.5131870294046,347.0062604469934,336.4981182290071,350.9825556414151,0.4009965568911456,0.05923643987203487,0.3113868180243502,71.63513618053211,46.696996201823445,28.792928820710152,1034.0764370160448
2026-08-06 16:20:00,180.01903046977,131.9896001199958,34.92348922262908,92.27028775029942,60.02969196532815,119.14555651821058,321.9848076501152,346.86485236052624,336.46168014983886,351.45561239759803,0.4012668982112674,0.06206216102562987,0.311065986525012,71.69269795864687,46.42226933837537,28.689649059446715,1037.9322995567263
2026-08-06 16:30:00,180.18405110253946,131.82434828838436,34.99059726309821,92.13548946374921,60.09466415362438,119.85935635313966,322.30145491498524,346.8213245884979,337.0470248042541,351.4926159178226,0.4010479116988403,0.05766211073676587,0.313063466481218,72.47109405953655,46.990842516377384,28.935931035920493,1039.5292849612963
2026-08-06 16:40:00,179.8342266225464,132.22832934061188,35.05293282642741,92.26944018357692,59.307611667666166,119.95516229353677,321.85284646698926,346.84932352740384,336.6185606826896,351.70229517474803,0.40030748666500854,0.05806362224163783,0.30848600535305104,71.82512384220225,46.816492277643476,29.000352016680594,1043.0274086374538
2026-08-06 16:50:00,179.77571999325858,131.90882077916277,35.045803462255165,92.00145917911613,60.37643094773521,119.64085395701281,321.37925509378937,347.07780179427436,336.204554229515,351.59889686862925,0.39945475975561573,0.05738559295366995,0.31477144376293476,71.20953274996829,46.57901058355158,29.083445700408586,1038.7457305946843
2026-08-06 17:00:00,180.22880598408145,132.58895121781688,35.162643903706126,92.06468070901992,60.51555878355044,120.04605691396196,321.27696424702066,346.57118916659016,336.91249541807923,352.0932384038915,0.40170592783227216,0.058333327811257545,0.31414571104572847,71.88234535604519,46.631832333365296,28.971359531416322,1046.6100664151309
2026-08-06 17:10:00,179.81393753351176,132.5033382922341,35.087330216543705,92.10077001144374,59.6934194064528,119.67941211638022,321.36050162593136,346.704281303028,336.8620952681745,351.80908236425984,0.3972260403479173,0.06241036454138334,0.31375383023141584,71.78984800554832,46.573188530206636,28.888470155196813,1038.9458763607508
2026-08-06 17:20:00,180.21543234060397,132.73179459346858,34.743246921862344,92.17965084991928,60.44052741866431,120.27582912585315,321.4080039051531,346.4317693065791,336.8913852921019,352.0082688239445,0.4022357542577848,0.06264713774040141,0.3141737432221127,72.02410855261726,46.68691510461885,29.193804689276206,1045.0857223849493
2026-08-06 17:30:00,180.04861097239387,132.35053963850226,34.96571855149076,92.10629054729853,60.375889943801255,119.63772909080556,322.05046189024637,346.6631056989192,336.29834499144624,352.1395631724218,0.40312754520906724,0.059032886648027805,0.315195640262285,71.71269291201924,46.31540093710561,29.04758200183302,1037.2697492533773
2026-08-06 17:40:00,180.17620946473613,132.2137561351834,34.80727900332788,92.0580583976295,60.30302362892887,119.98074988744754,321.80256015691623,346.4869344936069,336.9764982818724,352.03649576743754,0.39969680723156936,0.05701802576343688,0.30988822616080103,71.67941278958406,47.08882286365103,28.896865156995432,1036.1253265666767
2026-08-06 17:50:00,180.34887603869484,132.6732583664093,34.96737527080067,92.38003113467637,60.487177541195436,120.48941958668107,321.71042715907817,346.4893717210169,336.54320315163386,352.001004519314,0.3993962420946967,0.05839821614817879,0.31307541806761613,72.44936073536783,47.413521311408346,28.983184234370835,1041.536383308166
2026-08-06 18:00:00,180.13773270830788,132.7111941932469,35.06769463401157,92.26319482616765,59.587610930629324,121.28583444145515,321.9816795805093,346.14698161473694,337.01026736139454,351.58012673109107,0.40405372154582764,0.06031943355836798,0.31385280308266045,73.20014939862727,47.32722286317137,29.186690953684952,1043.9175397569652
2026-08-06 18:10:00,180.1552063787935,132.28123793064677,34.87248665607991,92.12304613041228,60.21732009650285,119.4961784036847,321.72821226152536,346.70668247308816,336.3556709959186,351.8603221628338,0.3998158887703056,0.06307313036820188,0.3141299529954573,71.92605509259333,46.236239296070224,28.92811476124577,1039.4204968518807
2026-08-06 18:20:00,179.81643297501267,132.07751438173284,34.8880725545438,92.17881103749036,59.69986237672303,119.76774611495645,321.73513767875403,347.03585283856324,336.44404408535155,351.6985127900708,0.3990559394991143,0.0595028716634178,0.31189666692211016,71.57516455620159,46.536069646820565,28.994247465023125,1041.2328568269074
2026-08-06 18:30:00,179.86096286375195,132.08119087722383,35.01998327793364,92.10774811174414,60.70701474900686,119.58008215110003,321.47513877662703,345.85097634148815,336.1380416850788,351.96565258816486,0.40201804375874445,0.0618284182960708,0.3125717828720788,71.76290792096114,46.6105364930556,28.647240218105303,1041.296605846729
2026-08-06 18:40:00,180.1287893046616,132.56496238584413,34.9769182551846,92.12239961109688,59.71171165558458,120.39216416088463,321.5425706774538,347.11640509478053,336.50394059145304,351.5574202101879,0.39797577512984444,0.06153133368113658,0.3141217699362093,72.36579234945934,46.635510314079454,29.07748631136518,1041.3746062615903
2026-08-06 18:50:00,180.3068521650724,132.5046285679431,35.16330561511996,92.01089267483594,59.636001469879325,119.42595034714122,321.7400488905635,346.7311315158824,337.0700450817875,351.9361049857986,0.39602913968705705,0.05704694983180225,0.31393230652530163,71.3551899934883,46.539878574139806,28.831321409696063,1037.928064100654
2026-08-06 19:00:00,180.2784204145095,132.2651348583803,35.03775411178546,91.9205736526852,60.3358682957379,119.75782147720345,321.38333388831137,346.54272981607187,336.81820056228037,351.5864513685469,0.40016636192604726,0.0622550598368241,0.3162843881020881,71.82660365984898,46.79353371481777,29.08440247486104,1043.146601710455
2026-08-06 19:10:00,180.46333308872883,132.79609784717192,35.05867181028647,92.2523854467067,60.186482881723094,119.98519935838125,322.23172053217985,346.8357881818742,336.574169415469,351.9664919375788,0.39912770206174636,0.06256106021069632,0.3092411709648252,71.7419334715615,46.40728539668703,28.91831192357366,1038.5867469326724
2026-08-06 19:20:00,180.0621781545274,132.740685652042,35.1799341654324,91.96459760833169,60.009487978580154,119.51066073026013,321.7740976872232,346.67362994834133,337.1697070342229,352.11422710524045,0.3986045284429359,0.06109826397264995,0.31282889217020654,72.19925240094531,46.12005274801676,28.68767076888443,1038.7241524526821
2026-08-06 19:30:00,180.04055675159148,131.95033822739214,34.955745861675354,91.88444111947487,60.04192608143769,119.52133747884541,321.57513660343227,346.72621124857454,336.8157501653335,352.1177915326312,0.3986874990853256,0.059786793981412255,0.31221708234806067,71.97735435423024,46.83006024098213,29.015847260827364,1038.5287434893983
2026-08-06 19:40:00,180.20124037089903,132.28361014614524,35.005537079426844,91.98488408774627,60.18415236093766,119.76218855593906,322.03301515385806,347.1705452257627,336.989967964565,351.62443115163336,0.39892375452127116,0.06239524281630759,0.31328753737702664,71.91873197514788,46.799418534698106,29.16279267857403,1034.6362192745587
2026-08-06 19:50:00,180.00378274125418,131.8314710194402,34.90682933703721,91.83668031789739,60.51659611174278,118.94977987983133,321.4267837020436,346.80283130709074,336.8596429256349,352.15142446066136,0.3995538935401416,0.06111268112687861,0.3128584582211763,70.76474575961367,46.610931178825744,29.060372470440207,1038.0883337903736
2026-08-06 20:00:00,179.98750632743574,132.10726024014073,35.031415227945324,92.22374112721099,59.78832518006448,119.27726089146333,322.0618597463358,346.8625414198441,336.72689386690195,351.23197028844015,0.3956215638230366,0.06032938959591443,0.311451838545979,71.7685994142491,46.35971353744153,28.80563726156726,1035.92013439111
2026-08-06 20:10:00,179.79052701960748,132.206975808898,35.10883049420106,92.09146357902578,59.83371553592654,119.79348295610342,321.7728714237844,346.6779015279148,336.8021305096887,351.8056334773904,0.40169945987869315,0.060883763319240544,0.3132393010869435,71.5295985107419,46.57994152985285,28.977138888473718,1038.7238560365367
2026-08-06 20:20:00,180.19824402861627,132.397478081947,35.14209570220505,92.21401755525791,59.82853462557062,120.074115318171,322.3123896784614,346.706938520752,336.8958570261476,351.3263238070342,0.3994771907224868,0.06291799580465973,0.31016015954176684,72.32587115039094,47.36506368718459,28.979703932624638,1039.172915547489
2026-08-06 20:30:00,179.7856004457206,132.55004745666943,35.002128127044884,92.20087439165074,59.97899344247451,119.90712000702321,321.5872692892181,346.4916697712754,337.1110613069763,351.7641468277276,0.39939541404877776,0.058050037701400145,0.31062673950135694,72.31505147369529,46.990628977904294,28.796033406371894,1040.615341193777
2026-08-06 20:40:00,180.1024520183617,132.28251652411677,34.93490389211784,92.04492891216995,60.00450894382682,119.1130156525803,321.6349704561065,346.72633436964315,336.9509868903602,351.4020657814765,0.3995206930545841,0.059576082699457654,0.3106568018388243,71.83378582091377,46.776054224158564,28.960362749495047,1042.4821754492964
2026-08-06 20:50:00,179.71616515140875,132.37296711673062,34.929427454502516,92.0899848256542,59.61641956935433,119.76810685412,321.5033356008224,346.5342529072201,337.03917467341546,351.7506787103309,0.4017683769313986,0.05902661968308508,0.31312382855554466,71.87448403990591,46.9878646353253,29.32272535921699,1042.4220456646278
2026-08-06 21:00:00,180.2192673226135,132.5368848259579,34.866796408464275,92.00003436650123,60.09130978695238,120.39921882025308,321.38474372531294,347.1036728022863,336.4292641719757,351.5503274265865,0.4007382249800814,0.060505899202744,0.3142431197466511,71.96615506186265,46.74983603975203,29.21320271417768,1041.6548802486807
2026-08-06 21:10:00,179.79423843534647,132.52383675482247,35.017922125567544,92.05092831489428,59.6229677659484,120.27793275599566,321.83485536082657,346.6999210125022,336.1957713028291,352.1531143371377,0.4045470749216374,0.060303116222560474,0.31511409680480895,72.26217273791212,46.96582549799479,28.946597929252267,1044.266735217488
2026-08-06 21:20:00,180.16869643578067,132.42415762195287,35.14134485124501,91.96879369090807,59.90789448377763,119.96062606923608,321.4453289590356,346.98764100717995,336.8709473381486,352.4258496289567,0.3958342787589214,0.05923525051675632,0.3100722214170748,72.08951550347538,46.13558335377997,29.10127469324734,1035.8455559150075
2026-08-06 21:30:00,179.68213290624317,132.38151320797866,34.769496898222506,91.99906300556863,59.926256571086974,119.55631506245089,321.85933457835785,347.15369244305407,336.8233484537308,352.0346669983985,0.40177229240914836,0.06050050626633339,0.31219056607630696,70.78577618523508,46.99920633789697,28.936180369179663,1041.631088683714
2026-08-06 21:40:00,179.91203679157923,132.52703014689837,34.788930050725924,91.97535276148115,59.928077751121144,120.31560818547611,321.5747524378283,347.0751200784739,336.9125274137087,352.08792754535375,0.40206888090983983,0.05974567147401109,0.31495662547943976,71.97076549913074,46.28712904474462,29.207651962608626,1045.4033716007093
2026-08-06 21:50:00,180.23566908066078,132.42794179637391,35.1456786838626,92.12531979604191,60.44405753667309,119.71053550939503,322.0832588209323,346.5745281087209,336.4715802044895,351.9204512210598,0.3943544852721101,0.06254775448126297,0.31275096466622276,72.0326976016775,46.82029875651418,28.83712200265456,1036.4385226576906
2026-08-06 22:00:00,179.8389308760773,131.97492906184684,34.84537900037865,92.0464720659976,60.490506556505935,119.415375798763,321.00697274166833,347.2717638275562,336.82521078965397,351.7547697414407,0.40124963243834744,0.062205196571605365,0.31544503279898733,71.53988306330984,46.44648963859759,28.726605697779572,1041.096874043133
2026-08-06 22:10:00,180.01343820218307,132.45666152525519,35.03896428417457,91.96631045490108,60.3232002171439,119.5989068824191,321.8966371079327,346.2201348743543,336.45788470207594,351.7158355428472,0.399883930018134,0.059907095713774894,0.31565617594408274,72.15278173053704,46.94521319688947,28.78801400292618,1036.5547578378566
2026-08-06 22:20:00,179.90431380075586,133.02422004061435,34.880394721035266,91.8858677864119,60.474437234292424,120.72417264588708,321.7882367254089,347.20311346167983,336.8115797219014,351.43308967931176,0.39984538349323184,0.06018310931861066,0.3117261872976003,72.46275360633605,47.27329704747986,29.21788050876347,1040.297970957644
2026-08-06 22:30:00,179.53811394066142,132.51570654897904,35.08404758447043,92.07523492319554,59.91501732797131,120.11009001910085,321.77642587553817,346.0385425294548,336.7646303108591,351.54923592651375,0.40008793126956677,0.05936179981311365,0.3118164857425089,72.22316362734098,46.868765935718734,28.721481580328383,1040.4749510426652
2026-08-06 22:40:00,180.06161181577357,132.36010671539248,35.08412509465532,92.12553651169742,60.422043489154184,120.57962352652385,321.5888361959327,346.5186203738069,336.73571073109423,352.03150064162367,0.4008979311685283,0.05829796838163953,0.3129050115387882,72.49898503866797,47.006151703813224,28.796584843671333,1041.365801127409
2026-08-06 22:50:00,180.08645169991198,132.63855511408377,35.022943243627424,91.9616339991308,59.9848729562821,119.76033184334531,322.302749066139,346.76576452501376,336.8864438993546,351.6678078649201,0.39934117533797214,0.06086600866593263,0.31129023646704146,72.00780955955058,46.76733719185572,28.867165086086295,1039.023552305543
2026-08-06 23:00:00,179.77844555148314,132.54661242140313,35.088479625709375,91.88791235198335,60.068776837683544,120.46907466959257,321.65954015000904,346.5793630171226,336.6403588604298,351.9114830178105,0.3986621411244675,0.06196042627885411,0.3126685744955621,72.68450309999982,47.092819268773056,29.124267847118407,1036.5351040327243
2026-08-06 23:10:00,180.11473725933791,131.7686069492007,35.01118692901155,91.99774786046581,60.08219350303013,119.69924797819097,321.91158858629365,346.16781708928266,336.78868713963817,351.5264365750959,0.4020298732108813,0.05620618616405831,0.31218012493442154,71.7334952401027,46.7531800485148,29.01354808210209,1037.8662465291134
2026-08-06 23:20:00,179.84086097919493,132.39514173908316,35.06247166379268,92.07235535393296,59.60044341410703,119.92128631548358,321.7077037899276,346.35190621213013,337.0114592198788,352.49498396389595,0.400100515544111,0.057996764348588165,0.3163231109715588,71.66001806055486,47.01654808283196,28.927128851311558,1042.015834496229
2026-08-06 23:30:00,179.79932062573863,132.99962354093557,35.18829064464616,91.86275826209167,59.817880213859986,121.24317512997784,321.6806835904605,346.8699978166669,337.26252547027394,352.21421641293466,0.4017724008074904,0.06216651246439293,0.31275052354509597,72.32018659531477,47.659622903294654,29.115939659209214,1042.4312590155437
2026-08-06 23:40:00,180.00137071001646,132.67677701864997,35.11589522009698,92.04719602183454,59.95282208937571,120.3835743161498,321.81672917643294,346.2917337086184,336.9263210549038,351.77819875645275,0.4054191374427719,0.06278907435731539,0.31154094798425547,72.27384695456402,46.71371374156721,29.191463608742207,1041.6210729366076
2026-08-06 23:50:00,179.86371701118424,132.63938819744294,34.94060183578605,91.75132561184569,60.109835001056105,119.74941481233616,321.99440371799585,346.9865835975123,337.05406045236293,352.37458540710315,0.3973888020682399,0.05813659462800026,0.3127423964701509,71.47977410858586,47.130835948687896,28.947752278933073,1033.6706961653642
2026-08-07 00:00:00,180.45848672098276,132.59070928240146,34.92616081078193,91.95512216408754,59.96255362628154,119.95759048048664,321.4607446001952,347.140560033228,336.9844362846269,351.9653927714973,0.39830359720820985,0.05773381293988744,0.3131964053738681,71.65224981447135,46.44503137477657,28.749683942701612,1037.6305198886075
2026-08-07 00:10:00,179.6890156736795,132.56535143913283,34.98255415582211,92.13550435512262,59.74521967843213,120.16311171044282,321.6558876931059,347.2014797274438,337.31876561151864,352.14454824076597,0.39867206592087373,0.05710718414942536,0.3085126706791586,72.17386520929261,47.0909994530375,29.03433778026035,1045.0536171603912
2026-08-07 00:20:00,180.14768800244622,132.30077084746534,34.98354844183894,91.99444691373587,59.65364312953912,120.60522879475795,321.37735152492513,346.8794191759196,337.452111254597,351.7675964769826,0.39988066195500294,0.06207435928262976,0.3105121837791829,72.25939846595371,46.78851946209934,28.996403252783793,1045.7784439645036
2026-08-07 00:30:00,180.19778146142573,132.1931249759376,35.013592116562535,91.96523766665554,60.00324786545419,119.75543345416493,321.9197348294017,346.79359938868885,336.61656402019133,351.68120842517607,0.40342829685203735,0.06029449440711036,0.3099081454098431,71.7974866732896,47.28328688965545,28.755275157404352,1039.5468653415567
2026-08-07 00:40:00,179.60414577497514,132.24314519765267,34.946154329435785,91.83083219399053,59.64617640958579,119.12934045769777,321.54747200363335,346.69122626217876,337.02623613625724,352.2498510012613,0.4009773225759748,0.05973025053944832,0.3123237722238703,72.00448635899697,46.56693947223871,28.83530341309841,1034.166367609423
2026-08-07 00:50:00,179.65350317379796,132.59120071494985,35.071671550013285,91.91304217502892,59.64749704170016,119.86017909343684,321.58185769540614,347.62365091960277,336.9086804419325,352.0458322294226,0.4022710800245785,0.05830887911365458,0.3136605994342537,72.0291100072505,47.00467017955479,29.09005922534172,1039.097590908108
2026-08-07 01:00:00,180.1124781786355,132.3075596728151,35.010336146956234,92.15933079288077,59.96936670489585,120.00769272858187,322.0013443384285,347.1695285589027,337.30381278511146,352.07545166179665,0.403868562952815,0.06143410117082373,0.3109469802525746,71.84400069925164,47.4219085149658,28.742799936147936,1043.5711633940698
2026-08-07 01:10:00,179.9036976464622,132.4097411868778,35.04270724885703,92.05398434930056,60.05362209452746,120.05476898436763,321.80514816821096,347.00279573427406,336.07087530719946,352.1316589340942,0.39611175523090353,0.05905594525098498,0.30950922034321554,72.02976428241604,47.1798043397368,28.956355102624762,1040.1442639776178
2026-08-07 01:20:00,180.07671257050578,132.8282091911699,35.007333713593916,91.92569706480583,59.751649205947835,120.65834506809134,321.93178475299703,346.9171055386445,336.6248709196574,351.86881004266786,0.39937497593523136,0.06271181752753456,0.314047393159401,72.06882237034715,47.55864991186257,29.167799384971275,1043.740626134382
2026-08-07 01:30:00,180.2278894138022,132.1961115213899,35.068086550557936,91.87641403024162,59.46654123755322,120.15834353915297,321.770797257459,347.1422806657977,336.29289996895596,351.69395802664053,0.3987159732193258,0.059551989831815776,0.31178871675107783,72.13544656159704,46.490798087006596,29.274723272427842,1036.3224406550996
2026-08-07 01:40:00,179.92557035893282,132.27548927351816,34.88720841325796,91.93043585144312,60.08609520677056,120.40645848581799,321.93721841901686,346.2563415059628,337.24933119139604,351.94967873319047,0.4009215918541995,0.061625010897989226,0.3125506335506629,72.4023557131016,46.78921295013836,28.93375619937081,1041.7490917919272
2026-08-07 01:50:00,179.78720686182407,132.30044561358991,35.164632013780455,92.0753031282863,60.24527250683997,119.44944315303759,321.84288650796833,347.0781813268874,336.9145052409317,351.30606169213866,0.39801608841823355,0.061022146703829855,0.3137272786164461,72.09918702992778,46.66860782954253,28.927020253505315,1040.6234845280078
2026-08-07 02:00:00,179.45411179374076,132.72831800267073,35.041411189372496,91.94149987441475,59.87780799595025,120.43395074421227,321.4854478488416,346.6566068598405,337.0350985138602,351.8656255408552,0.4033237897161573,0.060239226059753376,0.31456058594932695,72.38924972189238,46.88295223102032,29.04101313280601,1039.3388347355472
2026-08-07 02:10:00,180.04091994017912,132.7904034486045,35.051755798974675,92.07394580642297,59.88757468173029,121.04810991582814,321.8844520970885,346.1449583426303,336.9594837066913,352.181066542241,0.3990708602038393,0.059357107392279916,0.3116847620717363,72.6702956189614,47.08908258021944,29.448267402840425,1040.0857590991875
2026-08-07 02:20:00,179.81427687211624,132.2174678110163,35.06795808585234,91.86910783944072,59.30353298638283,120.38645464512508,321.7201884055465,347.15620546225927,336.92185942596006,351.77448489339287,0.3985350189126325,0.06341410225600468,0.3107195219300525,72.33418214272126,46.83206566972348,29.234506575749876,1044.7024994454212
2026-08-07 02:30:00,180.06267705817507,132.5941755082192,35.11502019619407,91.75188252729366,60.27065281862331,120.12677785997036,321.7534483071952,346.6067436345661,336.9637043479713,352.4088782084814,0.3979764622916458,0.06252345638740131,0.31032607659629563,72.14973822801697,46.56305424403839,29.159218013875588,1039.7713991595558
2026-08-07 02:40:00,180.0463244747958,132.31449829561132,35.08054754797178,92.00769303528426,59.67175669513046,120.07699409420387,321.9108661806886,346.96356279889864,336.71224331949855,351.7427085702356,0.39744386866937925,0.058012690762704086,0.3108341523721286,71.93013474996395,47.29718295941904,28.940307419476905,1039.3608856303285
2026-08-07 02:50:00,179.72310644073085,132.98116249667368,35.03072979529381,91.92040653858551,60.21579178378471,120.893571119513,321.66469630953816,346.618158463856,336.21609881020026,351.53619967457905,0.39997615737960673,0.0633355275505742,0.3129580934671302,71.9610167836844,47.516325974213785,29.441329595772626,1040.8347100301737
2026-08-07 03:00:00,180.3447751769478,132.38572168193082,34.988944435400164,91.74175322477505,59.82338832373516,119.53640925830457,321.51442915773373,346.72026388376474,336.9439292739754,352.0279726946847,0.3988780113644961,0.057394409997492346,0.31801705108181605,71.57154785120814,46.661961450672315,28.946403164197715,1039.200610301754
2026-08-07 03:10:00,180.216651659093,132.5986860902868,34.84282364815322,91.7765362826364,59.957507894144165,119.94444882102297,322.1872503157956,347.3165892132855,336.82735000247095,351.80152646880356,0.40068808313011983,0.061115039317354854,0.31361673314935695,72.09885722067564,47.16960834994949,28.855053023494264,1036.1770111619574
2026-08-07 03:20:00,180.1696542761108,132.77260562217984,35.02857175233941,91.79487205219074,59.943808344113336,120.23010379646911,322.3858319738213,346.94090842180395,336.6744312824198,352.04200904983696,0.3990972856196784,0.061378805270535144,0.3115226728442381,72.32090599686356,46.608022913698626,28.807030542264414,1039.1386013110784
2026-08-07 03:30:00,179.76310541680627,132.5928326973442,34.97598679041635,91.80678547088742,59.46087551960224,120.3720005539066,321.7345651355273,346.96111036849,336.6641929049885,351.6631040160117,0.4009729441059366,0.06000105404225991,0.31235451742569,72.27731726611698,47.931189666845164,29.092425187531624,1045.5056402240368
2026-08-07 03:40:00,179.91851394328685,132.66880525908257,34.97590559395462,91.66232406607502,60.8249823840931,119.78133604714581,322.182946274975,346.38303134118587,337.2528278191179,352.0261318970767,0.40047743114632045,0.057985483895476066,0.3119602945852465,71.81271389887715,46.621379277612114,28.87867666138553,1038.5959035787166
2026-08-07 03:50:00,179.89061409536174,132.87947293879463,35.24755459358869,91.96432282997243,59.531130637187594,120.15366069736362,321.9570560769684,347.1161337413305,336.6269768844564,351.8963485200142,0.4022357166787897,0.0581421149098515,0.30983904643137405,71.92701257736248,47.270661080055625,29.135269696287313,1043.066674979856
2026-08-07 04:00:00,179.91704790295555,132.61890024546554,34.82149569011311,91.8537708084829,60.033023293820314,119.86103925932444,321.6517450557371,346.66046827291694,336.53199200399996,351.9402287960128,0.40151443513580953,0.06176324767046602,0.31264825026656123,71.81639467084,46.60281597253942,29.076160260935076,1040.7113820217987
2026-08-07 04:10:00,179.77517845270964,132.87426865520288,35.01293384158674,91.92386009637299,59.75630272180988,120.06023556640064,321.59597414241443,346.99209126100754,337.06098873852255,352.15292457223194,0.39898159926462873,0.05845913003295147,0.3134028221360841,71.64408720804158,46.985176956529585,29.139616752066463,1040.0080880017442
2026-08-07 04:20:00,180.0869294015658,132.4493600365315,35.12855149476456,91.77479664717374,59.92910632841725,119.93395422981305,321.7640867600019,346.5545900198436,337.30915084626406,351.63649651443495,0.402530197525698,0.0600069123911455,0.3130110317094357,72.57167394499659,47.10698789473787,29.232259677027358,1042.1467467211644
2026-08-07 04:30:00,180.0458467053602,132.59047217635398,35.1034702788017,91.8020485304859,60.41301120889675,119.42920316107222,321.7216265961228,346.9659955747122,336.4653758669209,351.8198405751527,0.39891814418571037,0.0604133116825386,0.31114754802060895,71.56155940718476,46.986225937718174,28.77730204636874,1041.2809233524208
2026-08-07 04:40:00,180.07307443690465,132.6538803341565,35.131380652231755,91.82058595364997,59.44124244920523,119.98944320748828,321.7526888386371,347.02191439694434,336.56040795097005,352.20651395167323,0.39824858874951496,0.058689399974933366,0.31265562823417176,72.03457246140039,46.63200224794963,28.92473127050888,1042.376425554809
2026-08-07 04:50:00,179.89881004431447,132.55856862257747,34.88078106218799,91.95142910867204,59.95736271558266,120.43857576103092,321.8171529428115,346.42974977670843,336.54370073051626,352.2433117801545,0.4018069585635665,0.057844968743278484,0.31132562631650995,72.39594713635823,46.95206667074158,28.88558470289185,1039.3744018833481
2026-08-07 05:00:00,180.25820365204277,132.4360123944291,34.9114785180725,91.840644374143,60.14777347518028,119.51649085422916,321.5180606380823,346.957794347956,336.98514874868715,352.0926541005545,0.39753742800493863,0.05746057287314429,0.3120286567463278,71.4270912538359,46.562374518252184,28.74917071152633,1039.2183898618912
2026-08-07 05:10:00,180.03754829309807,132.47216700983887,35.06945354816083,91.81620101137224,60.03618774665435,119.87945412561258,322.11699714306883,346.6025568932249,337.0411311449342,351.5433657022617,0.39868285692251393,0.05917066547917184,0.3091247943027447,71.60410083057957,47.2877351485265,28.873955860096626,1042.103330012561
2026-08-07 05:20:00,179.4524359804921,132.6224934004999,34.97802460711792,91.74213040799668,60.11907299447237,120.33239003222857,321.5225000697639,347.2369996913686,337.3041651703662,351.9415625490356,0.3969987789352887,0.06204494317883498,0.31414841585146264,71.9927938615384,46.89030074026126,28.834421513359157,1039.3642524017894
2026-08-07 05:30:00,179.8719772370664,132.46462182305075,35.17875857927494,91.61583111201641,59.77500261804598,119.4650674466264,321.5427892812584,346.97933914340877,336.85688028076896,351.7609795180903,0.39704973475913813,0.059748417076687564,0.3120967328222305,71.67450397775977,46.366974443556245,29.135995469161994,1045.2825064349834
2026-08-07 05:40:00,179.98859961279734,132.8708765631668,35.030544254778896,91.6984303941024,59.50808231001806,120.09131916875408,322.14105726737125,346.88814690970736,336.79965045059,351.7886875992653,0.400619207696061,0.05942605425380078,0.307481809702324,72.27063143978403,46.33882212370686,28.876900390192084,1035.4962617202748
2026-08-07 05:50:00,180.1930651762043,132.39497620598112,35.02735956755306,91.6635647972908,59.60663051909047,119.46993509052328,322.09424713903024,347.774965015629,336.69352502124536,351.4224594670747,0.39818022774037104,0.06342062244327143,0.3122307484747182,71.47856461113082,45.89499774717331,28.951881652338095,1035.8937679119044
2026-08-07 06:00:00,179.9398562125064,132.8515834588426,35.05188634326549,91.74991077504731,59.87725210879507,120.56731525041688,322.3041153467715,347.1239046612402,337.2254988047968,351.25933302276536,0.4033681429745402,0.0627605515430006,0.31400075297402164,72.1711891579096,46.53803327695087,29.042257557303227,1038.052251254521
2026-08-07 06:10:00,179.9499828860785,132.734069866347,34.98070477364739,91.71705512577307,60.222662233349986,121.15641069093994,321.91165746026,346.76666536655813,336.6987399709355,352.18616179003465,0.4029210517445396,0.06169837893571738,0.3185882986868458,72.42986652857545,47.434283669616875,29.07661143387391,1043.912452824624
2026-08-07 06:20:00,179.86743674763673,133.0026334580837,35.01983326713568,91.9959921318594,60.024192422958805,121.01112764212289,321.68039615240514,347.14006163256556,336.6296436185983,352.1349586381913,0.40072439157018347,0.060855380669185985,0.31094426543486237,72.67003273852558,46.85558356533508,29.379270924778115,1040.7345479277099
2026-08-07 06:30:00,180.13311066625937,132.8441493061051,34.94052030453972,91.76619417439284,60.48116965987463,119.89040966111344,322.21781684366886,346.9677335417367,336.8153667770065,351.45679108214404,0.398693752934105,0.06113669804464265,0.3158113095009074,71.9828241172179,46.61772750524387,28.93510986877507,1042.547572677164
2026-08-07 06:40:00,179.9104825592683,132.93957388197637,35.00431022420766,91.56406560094288,60.03020965320062,120.3700995643703,321.84867140647134,347.2856777414834,336.8790439364955,351.78847280269673,0.399976018322278,0.06198590790922867,0.3107993737668841,72.4593975901724,46.73521316942786,29.120309643601978,1039.7516925636237
2026-08-07 06:50:00,179.87930995176873,132.77496939918714,34.959751402060036,91.62987703801134,60.05807705544066,120.06049886425008,321.842109330055,346.5921788428637,337.01154319860865,351.91465805588905,0.3995078036101315,0.06057706988500754,0.3146977478176823,72.40177405202552,46.48576199439464,29.098943954333237,1038.3948216499837
2026-08-07 07:00:00,179.8515688153496,132.5779373522856,35.033726686972315,91.59871311952902,60.06009069608636,120.05105294803464,321.6277318682685,347.47082447655265,336.69884953072517,351.72399352834583,0.40226612153535024,0.06192588355954617,0.3141618147303456,72.17490784258085,46.57200040056737,28.951308060271987,1038.3764068645137
2026-08-07 07:10:00,180.11131629490762,132.73231351604815,34.866523031130605,91.80763488278592,59.48059783528803,120.77387853046892,322.0040454256266,346.7422390106096,337.42882653987624,352.0516800872937,0.3962223271388857,0.06047840569854418,0.31231985387658057,72.39032587549787,47.247225040522636,29.294800046093552,1042.2085757669713
2026-08-07 07:20:00,179.89340506808182,132.43529950425548,34.8590440612716,91.7798553712089,60.17286981396677,119.34041021190792,321.17751579299266,346.78286267846,337.482849924868,351.785376040061,0.3996780129214923,0.06200688465234282,0.3105105705200823,71.44545113567003,46.42892945061465,28.759222249455743,1043.0931442364895
2026-08-07 07:30:00,179.66482051128762,132.58798954122196,35.05417912123523,91.65442255735742,59.666863147436615,120.52764729873306,322.04506486637644,346.6799890019454,336.5531577397106,351.486587100726,0.4001688453316816,0.057285709892938394,0.31068173537998056,72.39483335535172,47.225642827510526,29.163152548760877,1040.2140258697302
2026-08-07 07:40:00,180.12453135143582,132.43022138054383,35.03092405614063,91.77146412858195,59.886131591994186,119.97551200242214,321.2906639389909,346.80993155819283,336.9432981540724,351.7803946185951,0.400814442441353,0.05786877764889614,0.3148599986260462,71.92987822072016,46.83167123238256,28.917163523076013,1040.9666344461195
2026-08-07 07:50:00,179.85973276508454,133.10645347639462,34.91194656818345,91.72919932096967,60.70309292296076,120.70427031030206,322.15301008535886,347.4676087491817,336.5928226204034,352.04302354314217,0.4013985571971197,0.06296534436406734,0.31570267923177786,72.53635231828292,46.63581710268957,29.225920928175363,1039.5796803648946
2026-08-07 08:00:00,180.0714005457571,132.54083672777458,34.98567328935949,91.82369274873905,59.629177270792944,120.09361668444973,321.42787878075995,346.9575219130172,336.81792306139346,351.6332524669247,0.39922259309953795,0.06261822304641126,0.31223528514199994,72.30737505553304,46.72706808616019,28.951235936111132,1039.2344096952133
2026-08-07 08:10:00,180.07475703085836,132.9395141512727,34.90351831161778,91.8083488916323,60.03554832979954,119.66366400273691,322.09962454061997,346.5885610416841,336.5279197480745,352.1376461606983,0.401236088841063,0.058340372778962604,0.3123121763666409,71.60571378355445,46.94586012813638,28.961863447841193,1041.0668431271233
2026-08-07 08:20:00,180.24072139507697,132.46313656008127,35.212396257075284,91.73134492394918,60.08758793590473,120.1385701883757,322.6382079292768,346.86253012409765,336.8207557159269,352.2294314863805,0.39764882317624095,0.057874532950918704,0.3114170266479234,72.25875771701932,47.353807102470746,28.997684670837398,1042.6403037375799
2026-08-07 08:30:00,180.20890608384343,132.9115645700125,34.85218729823233,91.78449103782832,60.03872836681443,120.36798354751484,321.81685176583443,346.98310593789125,336.9922563314829,352.0983756512558,0.402244352460805,0.06209715567453378,0.31291254119852335,72.25033571574915,46.547726067049496,29.210058086312774,1038.3785042128386
2026-08-07 08:40:00,179.88499407982806,132.48278003108283,35.179749353282965,91.67998641091916,60.001109593506655,120.0178818370556,321.5529462974293,347.1954806539141,336.96350220709394,352.0866259171968,0.40075680477678005,0.05952224153283721,0.31174816380285547,71.5669965381275,46.96046882637067,28.887319981791734,1038.2444272434839
2026-08-07 08:50:00,179.96672308298116,132.82868218412162,34.92620092659898,91.65390252681189,59.83254927673056,120.2440191382783,322.48624915789526,346.8187850710015,336.50232823966843,351.89211196487645,0.39975904974490417,0.06016165893305629,0.31484549911555026,72.40819479939636,47.25008397479802,29.125919179243425,1044.85227800992
2026-08-07 09:00:00,179.74191878514262,132.42486276202735,35.05063168905526,91.53091561637655,60.59766679154253,119.73916241214901,321.77423208921795,346.9734284294251,336.3015301596193,352.08544715264054,0.4022328334619301,0.06270842737225382,0.31447245883818253,71.82038171043465,47.4069801785525,28.844936861120367,1035.4337069637272
2026-08-07 09:10:00,180.33546653142756,132.37331228866972,34.98230711383741,91.61645421724472,59.39813463940111,118.93305804957747,321.57492471116143,347.7889221299684,336.35078584837845,351.70444351881554,0.3985770651909225,0.06113459466085749,0.31366771073285693,71.16113818965184,46.32335847525352,28.7469510575439,1039.3507968233062
2026-08-07 09:20:00,180.08832544295845,132.84428368253407,34.970517479353276,91.68425616425549,59.69215912767326,120.45001179188667,322.28645841090315,346.8809819247318,337.2931776412945,351.22158446401073,0.39662710767698406,0.06018479585536406,0.3108025504844327,72.45744192403936,47.278497262142366,29.088556136612592,1038.5151514959362
2026-08-07 09:30:00,180.27888374445263,132.75701091768084,35.10219306237843,91.63974135262292,60.44514979096289,120.34957986809215,321.0606160374703,346.9569681897906,336.86661900644276,351.71628744466193,0.4010007970935701,0.06260430714642454,0.3098742007613597,72.49783505491664,46.654979747712034,28.940835948239712,1042.6993140720767
2026-08-07 09:40:00,179.93620076336668,132.86102648449497,35.09019332899851,91.64532582524505,60.164689974402364,120.07408919230717,321.47033735074,346.5708165820324,336.94581325330785,352.36497683033076,0.40017885897121463,0.05666927681306582,0.3116746030984248,71.74153585705228,47.17627839413629,29.103653673866834,1045.318068349013
2026-08-07 09:50:00,179.59017111460744,133.04967181262023,34.97973126332747,91.62605207633935,59.7704584497473,120.03420528110516,321.5226167411093,347.20916106669887,337.37093528663627,352.24109037894686,0.39932304639075245,0.05876165848350293,0.3154115186421943,71.95928889084061,47.057588929714264,28.760282453165008,1037.9877349485184
2026-08-07 10:00:00,180.3063425314795,132.79798628135507,34.917796847557895,91.57008256024083,59.73052052071889,120.51814788467738,321.71068718702605,346.79153444967767,336.62116692684907,351.6121481606866,0.3986382588478867,0.06604972392473567,0.31423643217436315,71.90874629966814,46.55843713311694,29.2017117914787,1042.6704336786017
2026-08-07 10:10:00,180.01862352175417,132.8474185022261,35.215941436314694,91.56125904451483,59.92526030219843,119.77144663726172,321.3142130471702,347.478137142306,337.0575256708124,351.86660838808655,0.40091830672004264,0.0615027841244006,0.3124576606401679,71.76877526108136,46.53377011240069,29.051953975730612,1036.3799862760693
2026-08-07 10:20:00,180.0266370207106,132.6518149641647,35.14910273880143,91.71621937960009,60.79192555071657,119.64673296732074,322.1696679344642,347.2915382237794,336.725358101001,351.7191485480205,0.40175195898984967,0.06317833460963615,0.3145475907274971,71.84648353591167,46.593931103607,29.330092932306968,1040.7369261338365
2026-08-07 10:30:00,180.0110926329994,132.7196502455908,35.02287175094603,91.59073144336475,60.14803775985577,119.90572506525201,322.2317092666541,347.1747600795918,336.99177118409284,351.5811402909345,0.39817342639225184,0.05833417806631444,0.31390209696636,71.98881105277452,46.873713324635006,28.90257803642867,1041.2716834561709
2026-08-07 10:40:00,180.12893482469573,133.39204131697957,34.979070915013345,91.80172822623868,59.690653848690424,120.59454859427576,321.91036751694304,346.78847330483154,336.3595960721493,351.8394954019053,0.3972105479515168,0.06397959681357226,0.31098040486821527,72.34380973651133,47.08184076942265,28.998609258378185,1041.5429279368898
2026-08-07 10:50:00,180.10662665687514,132.1045401112569,35.038095849132446,91.44210898686141,60.071475782852225,119.30644354786776,321.8051251907503,346.8392824829691,336.8146784435594,352.17712109585574,0.40135542127362756,0.05745582161316507,0.3157386575531814,72.02226776538701,46.64479781651929,28.91927402218547,1040.7490692051283
2026-08-07 11:00:00,179.6818926897668,132.83196020609572,35.0170242113378,91.51234786644274,59.81212894953746,120.595914996307,321.4625119122581,346.82851389294206,336.91792958599535,351.95842514203315,0.39784046826663233,0.06118431699980148,0.3149430787299436,72.59956917634749,47.18072093752555,29.130585772967258,1041.9673448124317
2026-08-07 11:10:00,180.21737869102648,132.30949903507624,35.128432586088906,91.58957097309641,60.449511401137116,119.68037357289724,322.07366532543614,346.9692418542312,336.9753546873048,351.86886872969825,0.4025298018297054,0.060673378226518304,0.31041135960051874,71.89982570638014,46.363004960732134,28.964991802942325,1040.7469440201787
2026-08-07 11:20:00,179.89420925166172,132.53345713696808,34.91231679448271,91.63285540936161,60.08818501657999,119.44962825013799,321.7253416774499,346.842486236369,336.5044078979751,351.2951371752602,0.4028275957811766,0.05818589953258085,0.31211828615489345,71.75362060342144,46.20818257046121,28.793375489593252,1038.8432319326116
2026-08-07 11:30:00,179.90659039075928,132.94570069543911,35.01094131429823,91.56993333807739,60.37812880058316,120.63003091807116,322.1220486301904,346.78848870605225,336.8702151161178,352.6039374551553,0.3988547915805965,0.061175385084358234,0.3144082896902522,72.37709328010276,47.163500269844825,29.228881735030942,1033.4197467725028
2026-08-07 11:40:00,180.34548574861742,133.52635827997108,34.930476564960365,91.64450129626223,60.048376368357495,119.9515549526019,322.245412709469,346.9796549394296,337.2192866873769,351.6006150130769,0.4046172297816569,0.0538767981616201,0.31603494666220044,71.79646949878855,46.453682751338484,29.156570261634396,1035.6368050372373
2026-08-07 11:50:00,180.18411172157613,132.6439936454861,35.139544751254974,91.62563240876572,60.61165051847911,119.34988281780754,321.95556963922826,346.94485838179617,336.9219140296545,351.9569410154984,0.39948470915583556,0.06158247653973592,0.31536984980239574,71.35206951911769,46.40094278768556,28.98107447505134,1039.449839972228
2026-08-07 12:00:00,179.93236288941142,133.09237469549183,35.18918468996021,91.66969719946492,60.123558155297026,119.82063347047179,321.31000584377415,346.8423825930939,337.2145132113607,352.1977826416886,0.3998312558335451,0.059951010215229944,0.31084574016256455,71.84230458809705,46.702681976098575,28.97529672802212,1041.0170496939834
2026-08-07 12:10:00,179.6287215718519,133.2116294926594,34.999764075202854,91.5921310915573,60.08424099609066,120.46552621544352,321.66503307247,347.22660790532154,337.1568354276596,352.008461581341,0.3997963986797307,0.05868778681286988,0.31174563953350737,72.4551282987364,47.492435191190424,29.097135668065594,1041.1311504451326
2026-08-07 12:20:00,180.03232745411924,132.91444307325963,35.06287779182859,91.6025156085467,59.69416016123661,120.59603709631088,322.35735334956655,347.2678949968279,337.0309532007835,352.206777383619,0.400892975747782,0.05706959642544815,0.3152434007260097,72.17560798358016,47.09076979210072,29.309794265685643,1045.290655478091
2026-08-07 12:30:00,180.10773116437107,132.83339775774132,35.149543688256706,91.37535437812846,59.87357793047483,119.78645065903947,322.032715477376,346.79560578082135,336.84537532321025,351.2611517079974,0.4016698902210122,0.05732999427266928,0.31135951221439184,71.27897708653317,47.17071582045638,29.28311935992265,1038.8806132027014
2026-08-07 12:40:00,179.98389289823075,133.21161768628497,34.97900627817514,91.57061845211243,60.117038022042095,120.20316037954863,322.3784320506043,347.5982781087932,336.98362116940956,351.69620430523145,0.400702563743952,0.05767710551481662,0.3133234736514481,72.31356136400488,47.13330508421669,29.2372276957866,1038.8710478867854
2026-08-07 12:50:00,179.75079218810862,132.9704292550886,34.9156115122192,91.60283764317231,59.85106128755126,120.35704231619721,321.2840977923455,347.07778197179437,336.6764910914997,351.7583739864326,0.39861857871795425,0.05786468837469765,0.31210972720993196,72.1373743457964,46.67308651080031,29.092983748415342,1039.4786506873586
2026-08-07 13:00:00,179.8418624069295,132.7568193692658,35.11298245501354,91.66198077803611,60.74631240409535,119.67768675314183,321.9228167215243,347.3304720011645,337.1683984541313,351.5596090732223,0.3993665787061838,0.059918073978053855,0.31391788683161176,72.0233725577287,47.20221684442923,29.061993246596817,1042.9429786633088
2026-08-07 13:10:00,179.7489557788002,132.98519081182926,35.05963037496129,91.42185352792325,59.996653696352396,120.17751803758323,321.905914918642,347.52599079415955,337.06596708967305,351.49107732559236,0.3969244582592967,0.056950552683230064,0.3100640782560613,72.17808251898688,46.759000173753705,29.013004189350312,1042.620709963916
2026-08-07 13:20:00,180.0430793065586,132.5278741129861,34.9882664638626,91.44535382584947,59.771565092539745,119.98406104262222,321.4734016606262,346.5508333134096,337.3329989556653,352.22983453004497,0.3979759958906092,0.05849399476507558,0.3101661788057346,71.66532500257351,47.16861555928672,29.227780957390518,1046.5372812161786
2026-08-07 13:30:00,180.16388339064187,132.58570062006723,35.155083808869506,91.40571155522079,60.29630461703056,119.73198779476346,321.76960372571483,347.12288171020043,337.66169130521985,351.58618564731864,0.4003484048412547,0.05633530001218751,0.3108194270267791,71.52446220873416,46.82020657049362,28.815122315559986,1042.2381132885944
2026-08-07 13:40:00,180.20507979561717,132.824995936188,35.03265164903672,91.59451050574211,59.84115149866168,119.75392603231053,322.2583981011368,347.24734030181725,337.23271674246183,352.299310019197,0.40001134575689884,0.06402097241379963,0.3167035077745324,71.70614450300714,46.56629105694581,28.747259845867987,1044.0015371716595
2026-08-07 13:50:00,179.85355442205685,132.96351523868182,34.83102459562817,91.26287234268776,60.122108664234624,120.0335172409336,322.12959697256235,347.3341407675322,337.1489859742067,352.24197590004167,0.3988775653132814,0.060903589188665896,0.3166703732057153,71.35936830441264,46.318120265886655,29.27699367029554,1038.050861053006
2026-08-07 14:00:00,180.0470050566409,132.67157945393234,35.043690483882514,91.40278934079889,59.972032169431905,120.01492674347932,321.8086786175269,347.21457368638204,337.0359275360788,351.87015062092235,0.40045566996218385,0.05468012899292656,0.316364325438773,72.61159191186225,46.9756496589739,28.992376447368414,1044.1837480251024
2026-08-07 14:10:00,180.1108139587595,132.69515427155798,35.00313553210446,91.69377866074619,59.783973704141076,119.71725502333783,322.0693134035734,347.2813862003144,337.24038370461113,351.5597384112147,0.39851949814980026,0.06125501422900218,0.31158090939007155,71.67351713480035,46.669418414426794,29.240031711945115,1038.5692575780904
2026-08-07 14:20:00,179.89777017232953,132.7624290995127,35.19713094444687,91.55147061868695,60.4165200393818,119.78702744579992,322.3311259441766,346.53792246732013,337.40477305495676,351.80136367363554,0.39992811236295334,0.06529259148821152,0.31088969384212056,71.7527904677354,47.438512287624725,28.984316224121443,1040.6705441978743
2026-08-07 14:30:00,179.97029852300994,133.01534644687231,35.00743217554453,91.40201090745202,60.02749419346857,120.55666861917017,321.65180098627474,346.70317913981586,336.89737884280237,351.76503642277237,0.4001171646946023,0.06050913926788865,0.3135560884296824,71.93326265804615,46.87007713372455,28.914336743035243,1041.6639499132152
2026-08-07 14:40:00,180.4247732763475,133.0388767838374,34.988469107976115,91.49211969462885,60.32642939868404,120.10691356758849,322.06560162399336,347.1586625359609,336.5971317417854,351.7858492319995,0.4019760628431404,0.06092929082378538,0.3121228229152574,72.09416460458331,46.86590226274177,29.10567431309911,1041.1838651824855
2026-08-07 14:50:00,180.041024602696,133.0375925629271,35.052791762357025,91.60329500400516,59.89827346347174,120.44254718329414,322.29303071735865,346.38602722254285,336.5700670710308,351.75124821375385,0.4020364052416866,0.06101624903556039,0.3104895447887577,72.49322447230564,46.82781006336699,29.082148134692776,1040.9552465229442
2026-08-07 15:00:00,180.17659178480181,133.10577765730673,35.033618215680164,91.57971653325771,59.57194148192574,120.60091111596871,321.7753367711737,346.8299916656666,337.29547736138414,352.0012706949544,0.39799821498108634,0.06377682108859889,0.3138080404817994,72.83469800947574,46.84512315978773,29.231167792488293,1040.792501390936
2026-08-07 15:10:00,179.9130331428507,132.6959964178619,34.868330978937735,91.47384344437536,59.626985143171126,120.29442112981977,322.3748024757002,346.9393781952937,337.13512713413155,351.9012848421199,0.3992245522645844,0.06434197654521316,0.3106758507170637,72.03241913925757,47.31858403115669,29.010064767877566,1038.4112668878004
2026-08-07 15:20:00,180.00835148828125,133.04758778815494,35.02110075700719,91.47228060833511,59.84448769738214,121.13544315669121,321.9592733005675,347.1080154353244,337.1585969937101,351.9733614007131,0.39649867121309346,0.060546706195959255,0.3150285420005447,73.14025784928725,47.63506628514262,29.228025539863197,1042.5080901195768
2026-08-07 15:30:00,179.6571342182005,132.81465204020833,34.97637767286531,91.51763359201607,59.94490268072961,119.58734798411805,322.3213501415066,347.2665484092417,336.4807197514019,351.9842989553481,0.40397096958833073,0.055972298593934836,0.3132579584332607,71.86178389791553,46.3072774133212,28.892689241129403,1043.1672960402248
2026-08-07 15:40:00,179.99498603648308,132.70953674997764,35.14960990205514,91.48789304576407,60.01658630081206,120.40420479654115,322.26767989982795,347.0726218103807,336.8253997751908,352.3601567870613,0.39576690143834786,0.05977594353951367,0.31204821025002144,71.82741226734947,46.808263793188345,28.919857826123813,1043.3746627075143
2026-08-07 15:50:00,180.23845559320486,132.8972761602854,35.249169547835,91.52365295175377,60.153960595129234,119.84092801348446,322.07204976386873,346.75676098983206,336.52256349921646,352.5988115701926,0.399845426514364,0.056597021299423816,0.31009370376570744,72.26394701657908,46.644507406430606,29.1220267208798,1037.7528563210242
2026-08-07 16:00:00,180.4197797156898,133.07488250165727,34.89742235257201,91.55647787786017,59.62717536555496,120.92789163168564,321.9073662534502,346.7206867123491,336.6512209276514,352.0036144073025,0.3968912846818865,0.057063234744925063,0.3126511034822603,72.39359227282067,46.91801112756598,29.21916512380097,1047.207438370964
2026-08-07 16:10:00,180.23932820554936,133.0238265005159,34.91262117234108,91.45816963678004,60.06884935839322,120.85022006069622,321.8002879020137,347.1291532902083,336.8296307927817,351.9766064412144,0.40008207801431234,0.061988659826313304,0.3127263905552156,72.69149250547467,47.42155286814535,29.364436471609082,1041.4059779964655
2026-08-07 16:20:00,180.13737118976695,132.7125218381776,34.92496824256968,91.51084709406317,59.63458238726844,119.02289440899663,322.05013309397117,347.1827254396067,336.796081857728,351.95485548656285,0.40041188931554944,0.05956617964192807,0.3140072077601977,71.55710171097638,46.44435394747538,28.78710162698456,1033.461039190788
2026-08-07 16:30:00,180.01059286691046,132.61889138833294,34.94352420741885,91.34618619451487,59.79485877287525,119.51556687874405,322.06454735916884,347.12336653947904,337.4943997426595,352.2926079651582,0.4011941704292716,0.0592001528038733,0.3129323065288098,71.63765848320152,46.501957920503884,29.049090216989967,1035.9772215046446
2026-08-07 16:40:00,179.88000617452772,132.8576229811819,34.940174786203826,91.49524906668839,60.76959040545302,120.33215645539717,322.42473164620435,347.0553843917564,336.62063452946063,352.2151763931155,0.39874871180068266,0.0609932087377985,0.31267636301869106,72.09230583792393,47.00177358315329,29.22440573761681,1034.703493517315
2026-08-07 16:50:00,179.96794569536831,132.91884182703183,35.014619014610965,91.3870799266815,60.38216776404091,120.39493360494224,321.9797510357414,347.0484210260456,336.82189490734476,352.0425305912588,0.401383145236958,0.06161741873606672,0.3101014889540599,72.46125678378334,47.080427163205876,28.994260618439636,1043.1557823303297
2026-08-07 17:00:00,180.12256720573583,133.05973464694856,35.11813200682486,91.42052853143953,59.8911669500902,120.36828210807964,322.1136361916602,346.6045281427445,336.7840128317963,351.9684021381606,0.3985967696958326,0.05826834035896459,0.3115256198773374,72.02295594166308,46.88344304500633,29.049297609864492,1041.0737754005233
2026-08-07 17:10:00,179.84297141353696,133.46447767828613,34.87913733102836,91.38361122095687,60.537744868802,119.96456733591333,322.51555524576094,347.0119006591512,337.0388009448331,352.185492002628,0.39809618241070593,0.0629994945997592,0.3127931638410378,71.70486741195258,46.75157938979607,29.202955366997895,1038.8642205618407
2026-08-07 17:20:00,180.18662500269528,132.59018041015466,34.85539012422889,91.3561340473392,60.42570208981417,120.22756041228173,322.10912499148395,347.2478458054895,337.2427754586529,352.3287531441462,0.39838036754711564,0.058237170498138674,0.3136159379788369,72.50447813361376,47.07480144391322,28.7660994284186,1041.144673629716
2026-08-07 17:30:00,179.8031767950518,133.04360165017258,34.825012488038915,91.44898552651098,60.26677174345854,120.32651071789316,322.1513023031358,346.68939231793945,336.7741553801008,351.88781920524536,0.3984360639472606,0.06134220244154482,0.3121878580413196,72.16019003718874,47.128300333529836,29.11576927599815,1041.0029450118295
2026-08-07 17:40:00,179.64415121857732,132.88327034728755,35.11977648007898,91.52519066042805,60.44028103181658,119.96106436523134,322.4990156921756,347.153483918045,336.51049003995234,352.1484264226089,0.4033159276598918,0.05941247253252764,0.3098173511064071,72.46111711729395,46.592073390558326,28.922604531072125,1045.1587675170774
2026-08-07 17:50:00,179.7975801952297,133.3065012334181,35.14196672055272,91.61596192789527,59.92565865139988,120.51365098418081,322.04582057714816,347.23477084089905,336.8932570630277,351.48018455569115,0.4017485191224668,0.05966564315496415,0.31050941333334964,71.88813460376409,47.20377963582481,29.02285924602597,1038.6875739552781
2026-08-07 18:00:00,179.66692387345122,132.5028146153886,34.85582543677577,91.44621414845801,59.962542468194016,118.87025137544548,322.1403745596529,347.72349945240217,337.14891496819536,351.8245243094234,0.4012310218932057,0.059332906921502476,0.31175100869965927,71.30904258322987,45.837485944058315,28.920781347116737,1037.930793947888
2026-08-07 18:10:00,179.7255328479026,132.57111760772548,34.84617254336823,91.3857844573044,59.74212322293182,120.316896759785,322.2493176095425,347.0135949279681,336.6949502585864,352.1695442735198,0.39595970030976185,0.06204622942937534,0.3138699584898302,72.21148214021662,46.87200396466532,29.223219967017,1040.2143187442898
2026-08-07 18:20:00,180.22642668192822,133.05294613319666,35.02233344215589,91.48356447231944,60.17504986754297,119.48297369385713,321.98958044251503,346.9609078175211,337.32906087938534,351.55567078163836,0.39979053840133993,0.06173081218398907,0.31208533352476997,71.42173382504656,46.9330059507878,29.020928270073693,1043.5762913720669
2026-08-07 18:30:00,179.9599696232177,132.9070448703168,35.11860129865721,91.44685721054893,59.6238653735103,120.4793389039847,321.6927817816472,346.67821212187926,336.7199575821174,351.57876013788933,0.4012442500271321,0.060021562284079656,0.3105150987323601,72.70845144507207,47.64805767002288,29.24140281956417,1038.021646196553
2026-08-07 18:40:00,180.04371605359435,132.92015599622889,35.11081147655476,91.5371486442063,59.84894879342553,119.8856577875544,321.59002172103817,346.71466381520565,336.8367581044809,352.1075842252742,0.3964612732163383,0.062358141971805746,0.31246142996959114,71.92263001026731,46.980775642043135,28.772514343824533,1040.6183624761954
2026-08-07 18:50:00,180.2316227120846,132.55526602282407,35.02869782958164,91.19888679347086,60.13759485942652,119.55560636445799,321.9702025870371,346.560010246012,336.89825946022006,351.44456941354713,0.4019097023434546,0.05724567791789466,0.31237298370457,71.19787446431764,46.774844808931135,28.969385875263967,1041.0100063631444
2026-08-07 19:00:00,180.25182033638177,132.8227562759059,35.077558493790214,91.51697226201672,59.848589090649135,120.18695107837212,322.3704965060989,346.51169175866636,337.62630105637396,351.9401358892019,0.3978140863765893,0.06087193484516089,0.31545116027639936,72.28669369613388,47.629998463582055,28.855627034017946,1038.4439103405427
2026-08-07 19:10:00,179.89908086754713,132.7332227507573,35.04208760499334,91.25425748849185,60.10411048103184,119.54433325107712,322.33390554779925,347.2531608013002,337.28122368715304,352.66084239247476,0.39993703971899197,0.05726199557304857,0.312671997131346,71.29346904835931,47.10570859961303,29.044497865512792,1039.000770146869
2026-08-07 19:20:00,180.26571292847706,133.00617723129167,34.953936118365895,91.42616015075839,60.5474950102036,119.5436160512223,322.5261260198235,347.04462411419524,337.15175062123353,352.1457378333368,0.4004680791259093,0.0544028871723874,0.31158396737841665,71.76942030840625,46.710037851325744,29.022705967522718,1037.5984792201564
2026-08-07 19:30:00,180.0769195517501,132.898590417935,35.20024902829583,91.23276457014407,59.704519577854974,119.21635282202345,322.3111693266195,347.1400895674537,336.7345469229123,352.56800058377866,0.39974326510928476,0.05669651314373414,0.3126269804254047,71.67418814220065,46.495129084237064,28.896809145815503,1042.7219646853046
2026-08-07 19:40:00,180.00066531551428,132.87260747871684,35.0092703612484,91.42363430885138,60.42108999466039,119.98664612260094,321.84682880216815,346.5790074909061,336.7043408732998,352.51197928391696,0.3999311170943777,0.06163360023808243,0.31365748077634453,72.70443420308918,46.181493069046674,29.128397964887334,1038.051974043224
2026-08-07 19:50:00,180.0884197840889,133.18171101911483,34.89817710472231,91.31708269982177,59.79510610450802,120.24841176084541,321.60694820169095,346.45187657773073,336.83434994126804,351.8207290481372,0.4009056214677044,0.059718548456811,0.30896021983426925,72.01024749228219,47.16509823260084,28.752535528532725,1044.3733835896846
2026-08-07 20:00:00,179.71487467614682,133.09877327480936,34.96260614222506,91.16981364603244,59.71974352521847,120.51151299306562,321.8906338040036,346.5289957742584,337.5428294564555,351.9900657451948,0.40229695171543034,0.06019561954758237,0.31189198950128594,72.33757895951008,46.7917665223634,29.19969500841396,1040.3330777085919
2026-08-07 20:10:00,179.8427797690488,133.0075924628306,34.85519932725822,91.21386664976167,60.06763084147855,119.9291360691055,321.96807213130575,347.5378979916386,337.4537677545565,352.1641192075314,0.4030164859451539,0.05819394302487752,0.310595026030815,71.80092446272543,46.89522811760858,29.1603132570821,1036.148889765042
2026-08-07 20:20:00,179.97837151085935,133.2161667334933,35.011092433745,91.32549414449798,60.308553595414274,120.52392760422383,321.8268484390977,347.39436620007785,337.10018182540676,352.3839478324303,0.40269825793316133,0.05849215860029173,0.3114452739114081,72.1310989421576,46.617754694572135,28.545511121662397,1041.565590528918
2026-08-07 20:30:00,180.12194152625332,133.14353399900008,35.119082777439594,91.30927307692845,59.785884249176114,120.0089804875674,322.3283583223664,346.6633822945301,336.84080505109915,352.48543091071633,0.4002547158286151,0.05756585245176364,0.31191683612541005,72.21932531727889,46.59281385786329,29.052332864821743,1036.801073608852
2026-08-07 20:40:00,179.92559379006605,132.88407543197926,34.882895390093985,91.07166630847361,59.78138328316261,119.95335575951022,321.8161422093115,347.0939934693915,336.51836039629126,352.2910076212291,0.3959826585248254,0.05969332701153685,0.31543028960517977,72.3169316757097,47.092600409572405,29.11124330949595,1036.9367984942699
2026-08-07 20:50:00,179.97453624838954,133.0942828625495,35.12217649203466,91.19583614493737,59.86816138154702,120.2867814739289,322.22993462223656,347.1164346981446,336.92176949228275,352.1612680114968,0.39776193493038764,0.060319158651718795,0.3141442169126364,72.41778825607841,47.12819127105655,29.16348541750698,1042.8612514912195
2026-08-07 21:00:00,180.19388691879465,133.24770036952972,35.218820635797705,91.25534236633814,59.78396804524626,120.52919638806289,322.2924752123901,346.7767027079241,337.2236733501673,351.7476592970347,0.39902113193925526,0.05992738252256891,0.31326472075764417,71.55391594923394,47.906344041212414,29.019587215201685,1043.048376805904
2026-08-07 21:10:00,180.28234032471656,132.99621668008544,35.04730229270705,91.25120715583145,60.056589548748036,119.82928277277071,321.53801482855914,346.8794055588193,337.2367649213485,352.37950684096177,0.4012448779431682,0.05982433518743705,0.3105905969007053,72.14880288651806,47.027071156012454,28.8690204176593,1045.2443434317695
2026-08-07 21:20:00,180.15342660947195,132.8403781518413,34.89363947316424,91.29312347007938,59.78629266401093,119.87811918902202,321.93519592126785,347.3555084937977,337.18801610090395,351.8942760459327,0.40234090657836136,0.05952436980520907,0.31327549369316116,71.88624115508358,47.32787606804785,29.029133000226782,1039.708324204647
2026-08-07 21:30:00,180.25368441409114,133.35893081109907,34.92411781044492,91.18589363910304,59.92367260552072,119.91958429765008,322.44092305586616,347.2870108802318,336.8538288948794,352.3650381921918,0.39922236003131484,0.060146467955545256,0.31379474602983554,71.60430576618717,46.92725600327952,28.936044370763714,1039.2116132607437
2026-08-07 21:40:00,179.9191280321902,132.9697712156441,34.97598690784829,91.11937132449778,60.10623763167996,120.04138456349592,322.31928029653267,347.34472104525554,337.2288483127457,352.4719037553721,0.39864774247586826,0.06132271030567417,0.309559189998064,71.77297198861113,46.803705037386024,28.719868152957254,1038.165202918448
2026-08-07 21:50:00,179.93871298410144,133.05353159079408,34.88123698890579,91.26134642143708,59.87478172879344,119.54979589519742,322.1048305206083,347.1766056332613,337.0250897699976,351.6413058734806,0.4001722100689377,0.05826667660857887,0.3093101814741495,71.08158191606698,46.57644373904939,28.894438319610366,1042.2592940617048
2026-08-07 22:00:00,180.06367072813418,133.26591007010612,34.88442161882361,91.26282472948478,60.34620078692981,120.51400303003314,321.73811941553305,347.1175861900911,337.3457587944318,352.6798346840073,0.4003897697624526,0.060979748218670124,0.31525527812650894,72.46669487462246,47.042659249320664,29.202886697925546,1039.5100596304308
2026-08-07 22:10:00,179.9397855462641,133.23734032513596,34.9834900717831,91.32825070490254,59.796987506541214,119.79979518411083,321.86172682046913,347.23350141469865,337.15627680921205,352.02101396956084,0.4013639792241016,0.062177360605309026,0.31478010742279716,71.83708505721619,46.95588133461496,29.09193976214457,1039.2922476768476
2026-08-07 22:20:00,179.89857407545938,132.70730761785708,34.9914259455501,91.21211156309568,59.768501583578974,120.23122172838893,322.10064593537334,347.040933290398,337.31747788766216,352.40413721389655,0.40151501203941437,0.05722743921555372,0.31282928796123066,72.18528391980445,47.60282375079797,29.04971000550615,1041.132698267361
2026-08-07 22:30:00,180.33042886673542,133.34048810994213,35.07005681720769,91.2775526637703,60.61141056937391,119.58726371388803,322.45481822554365,347.59194938840983,337.1846762329987,352.36603028094254,0.3995659433471819,0.05841324400965579,0.3147278073549429,71.51738394818605,46.69813556805811,28.948432773776762,1033.8246516076574
2026-08-07 22:40:00,179.95976381505602,133.09058531708646,34.88945614783713,91.16101847118452,60.45175740326561,120.17940197640445,322.2263907959181,347.1588610249693,336.9396105822524,352.64238274113995,0.39504459886628046,0.059235798456071125,0.3145561658779669,71.8297925179261,46.59937551944012,28.92471963211402,1039.9402543038473
2026-08-07 22:50:00,179.80679717425943,132.89796363448596,35.19677941666036,91.27369148815309,60.02139309130799,120.19579650787517,322.05461156554145,347.25444346601915,337.44823824609693,352.442796590814,0.399149156871941,0.05783998122843576,0.31744733380392565,72.29937704300444,46.93137225667991,29.13459467315028,1041.0318574758462
2026-08-07 23:00:00,180.0974795104031,133.03874800567235,35.1156696352314,91.22071381791801,60.24908521030948,119.78965929660133,322.15277794832195,347.0712811542563,336.77026122223293,352.5800929037822,0.39405779491769655,0.058988897169539,0.30722453497858404,72.11126666748062,46.22682735089863,29.076325058497307,1041.149276455979
2026-08-07 23:10:00,180.36715897200855,133.8663773523899,35.09858515208478,91.3405547468242,60.10212194712287,121.01044471649857,322.31816863195604,346.90047584878266,337.29649997544067,352.3442346012466,0.3996489309637246,0.05872375017202934,0.31339887614538037,72.58847061230368,47.349026321902485,29.17560495347157,1039.7374356418563
2026-08-07 23:20:00,180.01616182879982,133.2529011247188,34.944354287150745,91.1360064959317,59.84692480742999,120.18551998062095,321.56116407996086,347.08638642716636,336.9575645528584,351.85894047546486,0.4053546776317463,0.06321992504684985,0.3150456592910017,72.07332406694638,46.127152467541954,29.12886022110376,1041.741591776539
2026-08-07 23:30:00,180.24627459059266,133.14212399817993,35.18351428386258,91.26359478799387,60.202759278790126,120.8884644614887,321.7920323327718,347.00594610211016,336.9827810505339,352.0414267738585,0.40244858311007603,0.06056245173716453,0.3133667069970111,72.73489208953691,46.5000432581298,29.147786712099563,1034.3570685208742
2026-08-07 23:40:00,179.91243046405495,133.16565658436434,34.97517661927135,91.15548183702076,60.09132660202819,120.47956946194907,322.100217904579,346.86789128912966,337.18092547946776,352.3060561248094,0.40071554022813416,0.06306487895305862,0.31136363801993966,72.84613799222393,47.139446364609704,28.94487730973576,1039.7182924890699
2026-08-07 23:50:00,179.9017371800088,133.26037712142906,35.19114937665732,91.16019352583878,60.38455572297637,119.66886259647197,322.4556409350431,347.34911714720346,336.9397471332977,352.3869378441459,0.40443727939196206,0.05964735491358926,0.31006243170025494,71.89655829618124,46.87302874635744,29.06606064258696,1040.2278225238647
2026-08-08 00:00:00,179.86203578937915,132.76674351888988,35.116677531160875,91.24405288743327,59.44710784296569,119.80890659217106,322.4187710361763,347.7028555581078,336.788720487962,352.1481545220083,0.39790249537327715,0.05997481167535001,0.3153673476224013,71.8724399131305,46.51708311478398,29.06935708673283,1042.3292366515434
2026-08-08 00:10:00,179.97131790858495,133.14910409635186,34.919770617547265,91.50666130709303,60.24209105946997,120.21805103367862,321.8633231363221,347.19774237270013,336.8196078795513,351.89109726435476,0.4008048071413583,0.05968614647056057,0.3167926155389106,72.0488162807243,46.87870306080508,28.89303142757439,1045.3343341833063
2026-08-08 00:20:00,180.36726940080328,133.06912024095965,34.964054815918644,91.19060774659337,60.05002927700797,120.03058626591938,322.106440623023,347.0838026465258,336.76068440591695,351.731938408689,0.4010640817287959,0.05953144563268875,0.3087884438180619,72.17900692062761,46.95955311050943,29.044112749596156,1042.198607713808
2026-08-08 00:30:00,179.768900964543,133.56071774842067,35.196705537585494,91.2533762912304,59.79388985383496,120.02473057087947,321.8790636295129,346.90398242077816,337.11608884117373,352.13631444910254,0.39861845486315406,0.06534355860777337,0.3105210772220214,71.95302706609571,46.98681620906319,28.880087864900617,1039.8490019621356
2026-08-08 00:40:00,180.3274477660352,133.02110797023437,35.109716351146446,91.17519996559469,59.87135741846144,119.85689752281273,321.98614004647703,346.683592982813,337.20662026792223,353.0140426263763,0.3988532353739442,0.06249132847794439,0.31397651519964465,71.99275246828614,46.44125902650222,29.04188282429424,1041.8704193354772
2026-08-08 00:50:00,179.79831048330846,133.09191857935858,34.99397041920599,91.21663566261637,59.8785412174956,119.0957618221295,322.1484977115233,347.3025796852775,337.0861457534298,352.0781477661954,0.40138703914986806,0.06030807858164364,0.31438107186978453,71.63565476612929,46.43990473763682,28.824235563812355,1043.2590331053657
2026-08-08 01:00:00,179.95323771329848,132.96328161770782,35.02993714136204,91.20203158029953,59.60322170083499,119.88728367828965,321.9987854394272,347.294033210808,336.63815226769367,351.96976756855685,0.4005048556880659,0.05579619768153711,0.3115707933003009,71.75275285099072,46.20319081181813,28.67499054786341,1040.8148050637112
2026-08-08 01:10:00,180.1671582880905,132.61160800388896,35.02938957274188,91.18189617293577,59.82785743609895,118.89093926803862,321.9419647224321,346.8899404098611,337.1571912970107,352.3006094261703,0.39886016996448526,0.059087500715572776,0.309840548286883,71.70928112038987,46.03262894026388,28.770323759048384,1040.6433200733406
2026-08-08 01:20:00,180.12605315662628,133.4045948516533,34.932186985940675,91.20255007839742,60.23479240658061,120.18590978439246,321.7621662390741,347.15255224129885,337.40794609099873,352.34044474373127,0.3997479038534784,0.061909508397552125,0.31489133396057756,72.75331883652193,46.66619634141194,28.764629644622232,1043.9382008016428
2026-08-08 01:30:00,180.05640603207235,133.15210372204206,34.98949314344191,91.36291439922528,59.54481994435704,119.63697110628615,321.63828509689995,346.8777666375484,336.77167675639873,352.1621101188419,0.4013350584165263,0.06063094246211985,0.31539017477535414,71.58525222334946,46.66034656270352,28.796948546618573,1036.1036624963208
2026-08-08 01:40:00,179.67012679146015,132.69113876023377,34.94348374770647,91.25509607757921,59.88721737195318,119.64229163691392,322.05773501982577,347.5536748076199,336.84695573774593,351.52439677598477,0.39959268221310695,0.05941371088357276,0.3089578074500962,72.05303020649757,46.90623592885846,28.903393499602327,1038.28980351795
2026-08-08 01:50:00,180.07244682502852,133.2480363054208,34.966628912835304,90.95802447177978,59.29050707282574,119.89034810218502,322.1749218056105,347.16957968263335,337.4045966506589,351.92319578469306,0.3985344390175576,0.061651087541911134,0.3127761873912256,71.43776176895824,46.70685673522345,28.864036752598242,1040.114966810951
2026-08-08 02:00:00,179.79552705955385,133.33404759273247,35.05623136947348,91.172228289383,59.8273635083063,120.13633617314794,322.30450940581693,347.26862965674155,337.0752141749954,351.9406900181535,0.4007797275633733,0.060570693636779,0.31366462512563525,72.33120829761748,46.75712687191681,28.77280590098512,1037.0742142255044
2026-08-08 02:10:00,180.51378182532926,132.80691518280324,34.91370072388361,91.08213336470997,60.11741741057174,119.28399691113202,321.87642907568954,347.6459452033387,337.4592457570712,352.3191678807774,0.39974926252004617,0.05848311797422919,0.31255581919353864,71.0438645146126,46.56388436402504,28.699894188656376,1037.9185437078356
2026-08-08 02:20:00,179.95731429309944,132.92433371197797,35.08223853206505,90.83539335007723,59.98498704568434,119.1256994052233,321.906838351852,346.481303103515,337.0282129209749,351.945411510394,0.40026040231155985,0.06038608114341191,0.31539223821916007,71.89594814761506,46.40241692904079,28.860268348073255,1042.397783798514
2026-08-08 02:30:00,180.03774397330022,133.05193771481635,35.020525939187024,90.99059913062739,60.013239889281266,119.4669670642501,322.5039410984164,347.2660137368522,336.69445064275004,352.06602040537035,0.39765515971617954,0.06149751952508845,0.31333114423018565,71.98214623287723,46.47048496008325,29.01661312192659,1039.7093669225383
2026-08-08 02:40:00,179.77065972190093,132.74392350260808,35.08587679146066,90.98960313322999,59.664540895267734,118.97913623790063,322.2522570564793,347.2259273467797,337.1229654916123,351.805733695707,0.3999005694836565,0.06152151256117085,0.31375446647287186,70.8836710006385,46.75671027299721,28.621275494066115,1037.792055301446
2026-08-08 02:50:00,179.90422397700442,132.90750466684636,35.0985650341958,90.99645382876088,60.170998353566254,119.51657519505535,322.39481104814195,347.06299770403496,337.12083432227496,351.97402622399187,0.3992646668437259,0.059658473652746284,0.31322620549151725,71.55299625589936,46.693883682600486,28.941499254743757,1038.0912414383672
2026-08-08 03:00:00,179.7417915677707,133.3148598688689,35.134328390230664,91.17118158284372,59.729042661754995,120.79544151526149,321.9614465453753,347.1576814074101,337.2294837386219,352.8047713127856,0.3971098410882374,0.058834005489610146,0.3098893137004559,71.90582136772235,47.372507633836015,29.15653057688053,1042.916485919358
2026-08-08 03:10:00,180.1963065468585,132.96366713092448,35.07244227018015,90.87604245110043,60.27261349668995,119.47170704175147,321.91962551486995,347.52341855568125,336.8819532088893,352.39356349474485,0.40307730937103897,0.05985078031807945,0.31718716540272296,72.27082451537838,46.152062480193514,28.71312676097015,1038.784170472128
2026-08-08 03:20:00,179.94760551365445,133.03942651681453,35.080348088209085,91.18869179262887,60.063584611737774,120.3257025874501,321.7909445717735,346.96124959714604,337.00267096960147,352.2749782036566,0.40029255045332485,0.061201388833666076,0.3115799900174165,72.67779887477396,46.659901816383865,28.92201547077953,1037.7260965684998
2026-08-08 03:30:00,180.11253216185247,132.96567896227603,34.99150579402771,91.11226861407617,59.884899678259536,119.31418259586744,322.4347824103259,346.96673255589593,337.7677647825118,351.896150355364,0.4005007749753352,0.06059864490708079,0.3127085866952402,71.66757053976221,46.40285486115146,28.663040941928703,1039.982725579821
2026-08-08 03:40:00,179.86308255363122,132.95752794235446,35.066530418548346,91.1257410718075,60.445798225875215,120.14956007628625,321.7997553495354,347.6735160880415,336.97768746961225,351.78465971211045,0.40174131285661746,0.06229258425771162,0.3153278396104486,71.76754859541957,46.639170132908035,29.157500418370525,1036.2827188917622
2026-08-08 03:50:00,179.89977150578412,133.17188785506943,34.91933081430185,91.02927471628801,59.88154002412874,119.84013309389366,321.62363892653093,347.46634261800386,337.63405628743715,352.4607710302185,0.40279194700893434,0.05928614415560778,0.31413030694572225,71.97563217165803,46.74290712717492,28.542350375306683,1037.003110051835
2026-08-08 04:00:00,180.25763612939278,133.18741385815562,34.984865540707425,91.06712601429268,60.30732753026337,119.97009360723287,321.91989177445413,347.310682546192,336.80822385455104,352.1523244708512,0.402050588627598,0.05990189018894905,0.3123726419598117,72.0516360251884,46.744257285575955,28.93498644083748,1043.5870965567133
2026-08-08 04:10:00,179.80566134445374,133.10613016443364,35.08454392376657,91.0374687854775,60.03152151934071,120.28438879718377,322.52528833532523,347.4086836644571,337.224195657091,352.3364714590046,0.39865232468743733,0.059628033922561816,0.308389190092747,72.52845145143458,47.085138097014045,28.989932274667325,1040.6289737426594
2026-08-08 04:20:00,179.63971119611608,133.6793175257502,35.00431135002789,91.23691747315627,60.00021330404563,120.87812006265808,322.1565299972302,347.1983856362346,337.269830176466,352.24958467089095,0.4004609923559619,0.060797298242489806,0.31276873320424975,73.17620641761167,47.63759717314996,29.028572133434523,1043.832155562559
2026-08-08 04:30:00,180.08124803199175,133.64387068233373,35.05418736841733,91.11088908412779,60.30037859534902,120.09735317491663,322.2204307799713,347.0870701100872,337.4245912409676,352.19981789123176,0.39882242154555947,0.05780308409317262,0.3149895893055266,72.39535242167493,46.68142884623718,28.94054423701322,1039.7994026401939
2026-08-08 04:40:00,179.77173335813276,133.51525583671346,34.90369206783228,91.25256821384787,60.13150545431488,120.06217947569804,322.1873526272536,347.1334274337628,337.15910578835206,351.4202395483152,0.3995564973264045,0.06258391720764349,0.3124016893092777,72.37815148388307,46.88615438756912,28.95702946504993,1036.1125197008955
2026-08-08 04:50:00,179.91210672103944,132.80411832283588,35.146540069815295,90.96991293726758,59.99786571044374,119.51331614125884,322.14083851819055,347.2723389040543,336.96465031922435,352.4379896882897,0.4007890066975844,0.05944988563592985,0.3098262741119359,71.730058244942,46.78040225720829,29.026914037253995,1039.14585579815
2026-08-08 05:00:00,180.18231667638722,133.58906610257182,34.95172272630768,91.20411564018427,59.96458300484824,120.29166982766617,322.1064025315444,347.044515496189,337.196834374036,352.6968788106119,0.40239674435885664,0.06283361526023602,0.31519772025447124,72.13240828641078,47.33759682757733,29.15201171793516,1035.4579415327992
2026-08-08 05:10:00,179.83628071503728,133.24776547329634,35.0491441918671,90.96498140921692,60.06373302265617,119.87696383472736,321.7385306546367,346.7119927818977,336.7145397502447,352.1938380397356,0.3978842727301632,0.06293121943787292,0.31714816292060083,72.2263121471935,46.432687100299745,28.939050943402847,1046.9461580350803
2026-08-08 05:20:00,180.17569001483648,133.37516695330572,35.007227406829266,91.03960489164278,60.02585264784434,120.41600352145421,322.6588069786621,347.137871230158,336.40695280126346,352.1217192918857,0.4015606259912197,0.057261356650481904,0.31476247437235455,72.27055450203976,47.023230462308526,29.200315649019334,1036.6102399317017
2026-08-08 05:30:00,179.86375491184307,133.12821561789295,35.102963284553155,90.91482813518529,59.90223914487694,119.97814677475752,322.11713125869426,347.2718896111115,336.6993497618406,352.24103618725866,0.4007861207248132,0.06051274745852873,0.31492413316701,71.87846202398015,46.74374276233231,28.789753541519786,1041.5758586514887
2026-08-08 05:40:00,180.2981357622404,133.54116135536987,34.97117968927979,91.1314951639984,59.68922825259831,120.87042785190492,322.52788945305474,347.1512186189452,337.6522685693985,352.1016347389831,0.39796321884258246,0.061159400230645866,0.30927966772539345,72.20357065527209,47.33795024637066,29.385386756711846,1041.238084399187
2026-08-08 05:50:00,180.26502059983426,133.2099897569176,34.90929727615825,90.93206646687261,59.22295923315011,119.00854174843127,321.6991328779371,347.39189145409875,337.43010712394266,351.6308771391941,0.4058323094951351,0.05993791404820087,0.311624583181378,71.06841822496253,46.82528924073566,28.864769048489112,1034.3595035941391
2026-08-08 06:00:00,179.90572091787317,133.32612928059154,34.819328907708226,91.05701292981347,59.96667428454931,119.85170031992246,322.3310384194409,347.281915814498,337.7407331091652,352.0743791713843,0.3998038857332544,0.06118341211372187,0.3080432122565182,71.71952538753742,46.53902694439407,28.84753833935719,1042.3897643177816
2026-08-08 06:10:00,179.95735436831012,133.33348873993148,34.97878868051643,91.18177104807317,59.927341848166975,120.44074081940063,321.81774538105157,347.4829791417867,337.32977773496305,352.1813216026228,0.4024250907416633,0.058283068190666004,0.3147739834930079,71.93544816673673,46.881600665992856,28.82692763460875,1040.2191848378504
2026-08-08 06:20:00,179.83361289380235,133.08499066502634,34.8898364220738,90.97645528928012,60.364292127615556,119.82465390145751,321.786327521567,347.23729858282894,336.7339646008567,352.50496483278874,0.39991984124519575,0.06196281174481725,0.31389798605577796,71.52729083612125,46.869462536247696,29.069142313873325,1036.9369137273359
2026-08-08 06:30:00,180.04000039653522,133.06693847712194,35.063082718473794,90.99884915130433,60.13494580549297,119.60391346549727,322.2549169620193,347.15139505106475,336.8807917004101,351.89412611004644,0.4007733168394457,0.06054155934432327,0.30766002379683083,71.71386949307818,46.829853356372226,28.843672019391185,1032.031179032896
2026-08-08 06:40:00,180.2298340985173,133.35720358530526,35.15397660038479,91.06488790212644,60.342526475439456,119.8670596971302,322.485771440907,347.3744443252366,337.2806581053451,352.09659936068584,0.40181049980205685,0.059570009472499526,0.3140342775723362,71.5948650171898,46.219266681260855,29.318019832386632,1038.8818685297406
2026-08-08 06:50:00,179.71064863626285,133.43161510896985,34.78646085477949,90.92264494245971,60.52115026371485,119.31003562619634,322.5887498629394,347.46785689040786,336.9333131300112,352.1989981942843,0.4001404685494733,0.05498621435956698,0.3148212316065181,71.62841285775215,47.42142113791134,29.031011043646203,1044.196897573632
2026-08-08 07:00:00,180.18348968896197,133.10291816484778,34.880232432428905,90.92300965154448,59.968022435879625,120.05947688584489,322.57983638993755,347.0784031204395,336.8999596371642,352.3355085772411,0.4000574028025148,0.061618065027965054,0.31106445868721944,72.07013325113692,46.72687114005671,28.813518772432875,1044.354348969773
2026-08-08 07:10:00,179.73521266710506,133.6948854800196,35.04046624912909,91.09202955738046,59.74788905631741,121.2202309200866,322.1022341661107,346.95760495521864,336.86110465813204,352.7801042794082,0.4025431817765998,0.05713276750522699,0.3122392153346644,72.81077783733764,47.161813678714516,29.234695540135807,1038.0695785549547
2026-08-08 07:20:00,179.82805587874756,133.4130595479944,35.133238207269194,91.05498890244989,60.2454367286218,120.57251574911336,322.4205284563985,347.608128888336,336.9612254171731,352.391878563211,0.402252854330501,0.06287360871308009,0.3157586070321333,71.95422274941318,47.05837625906818,29.016111960568725,1044.7776285922505
2026-08-08 07:30:00,179.64245924782125,132.97429206463815,35.040127875433576,90.99565991804167,59.821515568059574,119.44549544674237,322.0087308454048,347.0603799355315,336.61436418094564,352.3993631027047,0.4049801487477306,0.062129092880555285,0.30991435997540645,71.87197598445438,46.772172669679385,28.960153956749643,1039.6715804238677
2026-08-08 07:40:00,180.42098911141798,133.24611216732254,35.04197913509946,91.00421894428808,59.92397495022248,119.56332945883585,322.02803672013187,347.3274125743532,337.3265543239349,351.8452048733687,0.40065163582745494,0.05734040735616089,0.313618268596658,71.38760065321512,46.64208890944222,28.86657918610493,1040.5989936964454
2026-08-08 07:50:00,180.011740340899,133.35824565220446,35.06020811190693,90.86536158090748,60.43206789775517,119.79763609548877,322.2647913406053,347.08117124918766,336.9800387192481,352.68693643113176,0.39648813057898785,0.05701193888818691,0.31478444636283154,71.71611442126184,47.07694243546818,28.91831986826508,1043.1055118708534
2026-08-08 08:00:00,180.04895053300913,133.2029595508494,35.067159841505024,91.02281075748039,60.16612469623522,120.50220806386697,322.15865283913894,347.28643661548296,337.58658079463146,351.69270398393115,0.39716852920604756,0.060859407346165795,0.31328864004407453,72.40507888794816,47.02939006347839,29.11684593893836,1037.4622531531527
2026-08-08 08:10:00,179.8647768883311,132.9835135732002,35.17431533575071,91.03023406780198,60.32952983211346,119.58925649541541,322.4501036634887,347.6345316309235,337.7081288148854,352.6167746747399,0.40110020739442964,0.06259537499806078,0.3120390439058881,71.5008169070033,46.63417042097649,29.190262323556002,1037.246059448051
2026-08-08 08:20:00,180.21339333339876,133.4520895762807,35.070908851799196,90.85960043972001,59.59574644900685,119.65488429052623,321.6498877403968,347.7226604469827,337.1849991333186,352.4752760989638,0.39803364290894805,0.060486285303828366,0.3131804755053958,72.48044493443783,46.53474828512635,28.949448585338043,1044.8273762786687
2026-08-08 08:30:00,179.57936464976606,133.5408610539509,34.88502594646041,90.99435253954476,60.01108295842445,120.44237471675746,322.540315449638,346.84191670616707,337.5264112517057,352.24664976709687,0.3971668214020819,0.06058161677524088,0.31373971969710546,72.38109302854402,47.09342916913603,29.287215522722242,1039.9031359551243
2026-08-08 08:40:00,180.00533308612867,133.58254218906393,34.9620787784262,90.88977831512717,60.336241099228914,120.43232628523758,322.02837853450666,346.8037410815687,337.54490106279474,351.90178095583155,0.4023462069445174,0.06033508117612408,0.3143638320148923,72.32381776020074,47.44969905308267,29.02760195455571,1040.0712029916297
2026-08-08 08:50:00,180.4413449491601,133.18110103484898,35.03052124832712,90.91855349194921,59.61612591286199,119.81309266980527,322.64652677700224,346.2431566819607,337.27567835300107,352.3817149644399,0.3967847049850627,0.06340886546963583,0.316043932555332,72.26844817323257,46.79087085895834,28.993820286591472,1035.8066884335883
2026-08-08 09:00:00,179.92358919744476,133.08680916182212,34.92805486952536,91.04357991788164,60.06003888962932,119.4411182928136,322.5490239561514,347.4083667727237,337.16005814796387,352.08111823328903,0.3967672082470651,0.06108803421064598,0.30980018476606114,71.06439272114987,46.93510907937033,28.789902713872383,1038.7052335867236
2026-08-08 09:10:00,180.00342950881318,133.1860988314709,34.98328612735719,90.86562670261334,60.12182688360523,119.22512758836865,321.8642060092838,347.6957082022122,337.60603946793987,352.6309488345526,0.4003827805777903,0.057540100994778624,0.31266126731548943,71.89163058215432,46.519562100135786,28.8307246131198,1041.0139829952327
2026-08-08 09:20:00,180.13444659866522,133.14170874728669,34.95671150313933,90.77715249396606,59.30894315743494,119.65050493654495,322.19597749411497,347.31464542741446,337.4195634498203,351.34777242808576,0.4024419217646275,0.0627981117672303,0.31251268460605447,71.50738438666703,47.13946425546977,28.852882512182493,1044.8603752981278
2026-08-08 09:30:00,179.8377098651158,132.77081539436813,34.93911663716159,90.84730408878937,60.479633150699335,118.88473554886424,322.4159440186398,347.1536117435818,337.1653667447853,352.25439332970564,0.40166546502038697,0.06208788683222255,0.31597453807821907,71.08508371441668,46.31066328986668,28.792478766489182,1040.1846608198546
2026-08-08 09:40:00,180.0045690325409,133.48688736013415,35.07910889597956,90.93751219805434,59.78670774132751,120.37490994095496,321.9781643276777,347.4852621302215,337.06992005053,351.44444493770106,0.39773854796750424,0.05998853384682121,0.3104069466749558,71.60477134329471,46.30056103665253,28.79794440462135,1040.8410023088952
2026-08-08 09:50:00,180.19219903831748,133.44440866180148,34.970378887274634,90.97256485540434,59.95923529541393,119.68498465009772,321.9955874232149,346.968009657849,337.22576628919063,352.25531792791924,0.4015658226081732,0.0596936490986603,0.3162574747843119,72.11963384416855,46.48956450436511,28.956694503248915,1038.7298571606502
2026-08-08 10:00:00,180.0388783064754,133.24754147464728,34.89978510706885,90.7579440561736,60.50441285771693,120.24064683212256,322.12832415531057,347.44006254261876,337.5116413382451,352.14151308634297,0.39800460345466665,0.0629753203636008,0.31109935892749824,72.12743513538864,46.84195903810449,29.20483625987267,1043.394030639839
2026-08-08 10:10:00,180.07419741188832,133.89146818760773,34.93761944959339,90.84812809877182,59.4638409837995,120.93416244380067,322.4444755731202,347.6455614058229,337.43813383999856,352.4895738800551,0.4006448235319765,0.06127828507107553,0.3111595017347737,72.09162649095063,47.145590606055244,29.018512099244095,1041.9293182162937
2026-08-08 10:20:00,179.93011311796525,133.71258736794627,35.01322196349769,90.90200619265612,60.140059267421144,120.58649785356643,322.4952716956208,347.6147789671029,337.05128912685126,351.89519793352656,0.3938741126063522,0.05959486146876639,0.30999987868420353,72.31741764402908,47.21075254222048,29.072291195276655,1040.4606850211262
2026-08-08 10:30:00,180.06312021179093,133.025712801766,35.22157498111168,90.66463755186633,59.866663535467325,119.42443258102651,322.0996573426041,347.46086450285543,337.18704761309476,351.9440208856788,0.397480251811243,0.06251935827822992,0.3123954667417739,72.01594440215,46.476708310955,28.953028686755225,1033.2533603971888
2026-08-08 10:40:00,180.01115313181324,133.53433008802335,35.03541795903763,91.00223526867634,60.01388275068723,120.43462449323835,322.47579619042443,347.1052914246291,337.28541273916125,351.59343143467817,0.40075802652018,0.05935163921567808,0.3118228910338796,72.00264027978223,46.65332713430558,29.080569022133155,1038.7114477322918
2026-08-08 10:50:00,180.29101297887195,133.57601155511557,35.15853431148044,90.69024798506372,59.75502243496705,120.57892851375821,322.6707474230705,347.1594642581858,337.1126196313413,352.1086264404859,0.3997097091780318,0.05963839170870279,0.3129740497606471,72.41985916106304,47.19178572547929,29.217393986627727,1040.6930313853948
2026-08-08 11:00:00,180.14487890184841,133.40247951159486,35.05913408475557,90.7359751129815,60.410105953101215,119.62682174095195,322.5074503984623,346.98893618172866,337.21295816280997,352.29659686425055,0.4008249876984721,0.05652339242990968,0.31240519145771106,71.47692845693405,46.57637040864326,28.96886966407154,1038.6991018490644
2026-08-08 11:10:00,179.95126363602594,133.3792810866239,34.793514031732805,90.65830107406458,59.6647164087269,119.523351538464,322.01555591277196,347.8080997145345,336.9449752007997,352.1722694254132,0.39221901442191803,0.05929133488354214,0.3141369642793987,71.65469251269059,47.06558232369092,28.863163655287426,1038.8697295210118
2026-08-08 11:20:00,179.51063750619457,133.1324305535331,35.04750223797268,90.76597047210124,60.109440680309774,119.94515405133073,321.9852812605681,347.62925708798673,336.99848079435054,351.9565221913121,0.40281243781941434,0.06546160146690758,0.3136162365345319,72.55505944286759,46.854204115563604,29.05190031410782,1043.3931561165111
2026-08-08 11:30:00,180.14314443105712,132.88190521211274,34.92380979553291,90.85247446607855,60.16336214279677,119.19928832524191,322.32412175442056,347.2464499355913,337.33294349932703,352.1840975939043,0.4017688461257346,0.056775256882186216,0.307862925521941,71.52672221730012,46.65130690292722,29.16603979433683,1031.9685030475523
2026-08-08 11:40:00,180.15105313607788,133.86116718116727,34.87332907857394,90.93829182686771,59.97327849770842,120.73536747465077,322.4864991346994,347.2457315978007,337.32006549516257,352.4213241817136,0.4042270301028413,0.057358411708869274,0.31509381914021134,72.25128485405388,47.04680452452991,29.183638102887393,1042.7350475659432
2026-08-08 11:50:00,179.8166184043828,133.04666979253713,34.901115972131585,90.82491129211974,59.91884289773836,118.79731810348476,322.371327731812,347.338299492031,337.15760036288054,352.34626983732244,0.39890824370907696,0.061998997733644305,0.3127757114627479,71.64838247220744,46.178359845022364,28.87413067688908,1037.3826740159466
2026-08-08 12:00:00,179.60032631562456,133.32681187339844,35.18920569429005,90.83477287133475,59.92135049505378,119.44659629212897,322.13033207557004,347.0758183082483,337.90905019196697,351.66545803168503,0.4019011423732461,0.05846836915263881,0.3126527666449457,71.13632920223671,46.87672813951319,28.95266358853559,1033.8035514287528
2026-08-08 12:10:00,179.77163858879737,133.4526303555339,34.85069780057182,90.59555982055149,60.3078701912922,119.86521741799541,321.97022899723265,347.42478808438176,337.20292846100153,352.1078217815587,0.4012531364785697,0.061891391758347104,0.311712181691478,71.93602461951822,46.717109196043445,28.958954452110767,1040.8057846931815
2026-08-08 12:20:00,180.1852377521289,133.7012572204856,34.94707563687819,90.82580793725147,60.136606652227314,119.88645645433466,322.628863337462,347.42081215842984,337.46844733751834,351.99237279052846,0.39962328997293245,0.06343987637587278,0.3145670705318573,72.17940241284724,46.437350409146916,28.928613257837636,1039.7149629595713
2026-08-08 12:30:00,179.78704370157155,133.22779486635628,35.12588664319983,90.61937047223905,59.97638195357961,120.08306208657132,322.20734951109813,347.40356390680404,337.34309888796247,351.42701316628956,0.4010673327404306,0.059344188241876,0.31203377470047633,71.56813624576122,47.004969244078985,28.69420976881308,1034.9747046838625
2026-08-08 12:40:00,179.90809497044998,133.70422871989967,35.07625083843016,90.75246628430025,59.67360585676199,120.13572428433741,322.81109378845355,347.2930170500098,337.1176587775811,352.44447016595126,0.40022553273247685,0.05887158888301312,0.31496861211193894,72.27340977198958,46.825435876711154,29.222390224449565,1040.610231582321
2026-08-08 12:50:00,180.04407881186344,133.25135577267798,34.83731664841746,90.74074221825926,60.04869875320835,119.89319399268727,321.9139089968947,346.5411212621202,337.47015298398367,352.3629780377156,0.4014183061625295,0.0622249265148912,0.31043132023285713,72.61809005443438,46.680696257763714,28.9076238252472,1041.1652349196777
2026-08-08 13:00:00,180.2448735963472,133.78251923625535,34.99819016056738,90.76879606847055,60.16097234616834,120.56844315938497,322.15962977715446,347.22467052341506,337.59757161460647,351.9550137700731,0.3996739951264804,0.06120151165320898,0.31601622423873027,72.81832216372987,47.26090080175872,29.200618287487007,1040.3329988181713
2026-08-08 13:10:00,179.99636856241554,133.36979126501967,34.957435600046104,90.74865289704928,59.9913607603177,118.9303119151814,322.06920656852236,346.8691786125129,337.2711757839156,352.4282141906943,0.4002097418072584,0.06309403274615025,0.315339013163349,71.06881677823341,45.99334082653137,28.62271277277555,1039.6972943269793
2026-08-08 13:20:00,179.97992253465725,133.18804068074914,34.989688366122394,90.69070550970788,60.432213978427406,119.99991774304152,322.81297578578705,346.7902171142162,337.4211529925178,352.3450313217066,0.3985194952370082,0.05965987828781644,0.3102918881717687,72.18184048956789,46.967472829696,28.924941953013644,1038.1580706425532
2026-08-08 13:30:00,179.89023011748333,133.42869461883902,35.08498225542052,90.91429245281253,59.427931171317184,119.6427077941423,322.6341497310918,347.9477224386721,338.1304875913811,352.128967755414,0.39920478184569513,0.060989767687278436,0.3143427915956834,71.62925101783624,46.71727703365321,28.967952614265077,1039.7810250687894
2026-08-08 13:40:00,180.32613055769468,133.43750585088247,34.95132687744042,90.82593916632891,60.74921196630757,120.06625671757175,322.1196622867504,347.14298998656534,337.0067778455743,352.368550659627,0.4004673370453734,0.05875980549327363,0.3116685094340931,71.90728884781669,46.847584598223555,29.055271535071935,1040.241722073026
2026-08-08 13:50:00,180.21319007415437,133.4537721634746,34.97710502931224,90.88220475980634,59.94601626806865,120.11037991897314,321.6942265660992,347.2345016298543,337.21462889261363,352.21335694491273,0.4006764707036194,0.05777202761601213,0.31031778070256716,72.57476180258138,46.85862991823779,29.198763954873183,1041.9853664106483
2026-08-08 14:00:00,179.9809753190671,133.3382563537563,35.15619456091872,90.79361267011006,59.659032808810075,119.54408556175261,322.6156038950924,347.2029755057194,337.45130519893576,352.0727207164386,0.4008208387064505,0.0579627480906902,0.31173257906999563,71.78748461934686,46.43416999999564,28.695946137651596,1035.89412989341
2026-08-08 14:10:00,179.7206841825393,133.17073766149883,34.82377370458176,90.81160110995341,59.477606309425944,119.67952550173226,322.3128253060526,347.04330371433514,337.2812743409053,352.59242999223267,0.40184787941657313,0.05806589874204982,0.31299616368085625,71.81221268632615,46.478356492870304,28.81281910926829,1046.7005154979247
2026-08-08 14:20:00,179.84194209726897,133.42721428370834,34.97177784794855,90.76411757024253,60.26141335507355,120.39629336162592,321.93952933399953,347.7721534611893,337.0366155311712,351.8128164035444,0.3985546689362488,0.06327930886448023,0.31141453109079437,72.24980523019333,47.02075841939217,29.195236168364872,1036.5803477216627
2026-08-08 14:30:00,180.11589632783088,133.6801190606169,35.0565442995521,90.94401901573593,60.17295109574701,120.1745281343255,321.83006588929334,346.7540285957344,337.1390706594106,352.85922664106715,0.3985066317181441,0.06187273915452474,0.3137483961207212,71.77920894120821,46.898910631855,28.768038408552997,1044.8726340450946
2026-08-08 14:40:00,179.85570446579592,133.55298143082723,34.88379470498693,90.59917759461256,59.93602029778921,119.65987578169876,322.39978830317233,347.4404474935229,337.21741421399264,352.36418614661864,0.3966857081734638,0.060258770282095794,0.31515545389318894,71.4057274003255,46.975510932031206,29.072942031743818,1039.9064977273656
2026-08-08 14:50:00,180.1784545905661,133.7210557457144,34.94574809087729,90.84303963192139,59.98645496909291,121.01994547967097,322.2212038470485,347.12793707715224,337.2073711532191,352.16412882147034,0.4026515159996358,0.05979823554777654,0.3098708722390473,72.52775733141468,46.9939058264736,29.278957850069588,1042.4255448765414
2026-08-08 15:00:00,180.07229170690516,133.59331471276587,34.876901482710785,90.80138446530776,60.05194566704469,121.15458882424754,322.3277091418445,347.67711152368565,337.30770864077937,352.42097547353313,0.40395206739581674,0.059720429682620174,0.30878058558610155,72.77438335297498,47.53398833552766,29.151029499760888,1045.8176202147295
2026-08-08 15:10:00,180.05853027842946,133.7282850154406,35.024873136419224,90.63791311423556,59.87409237089184,119.26876876051982,322.4046812861019,347.5541260563411,337.7728221845158,352.01257970803863,0.40080571973888557,0.06254970556434182,0.312578799830505,71.54993742487557,47.061221159372295,28.741508033640272,1036.4933799199462
2026-08-08 15:20:00,180.13068895523924,133.78192964128144,34.94644389669338,90.7506820754653,60.34735946702125,120.15089748015018,322.17855904926506,347.33022180275157,337.3643210823282,352.17446255774723,0.4013363631671193,0.059999797979854295,0.3130999657584115,72.57338898556998,46.45062919682488,29.04185171220153,1036.3096463275533
2026-08-08 15:30:00,180.09971756955758,133.99774717545665,35.08842844853606,90.71686888254118,60.18904439178297,121.2544972178162,322.2097524230856,346.8672306931339,337.1849024625828,352.89861746977306,0.3985079315414182,0.056596852297892124,0.312903131534719,72.96789054764113,47.71114804562593,29.13691654450572,1046.0049854847891
2026-08-08 15:40:00,179.82896449199055,133.44830502003379,35.11200398890571,90.81249814895037,59.965214370688635,120.39194931459245,322.49003113472577,347.5417382366927,337.5090415262915,352.44309784624795,0.4003178438336694,0.05973685544126531,0.3142076366802275,72.10220816269717,47.089026437319404,29.151713721773884,1046.9984131433482
2026-08-08 15:50:00,179.9348339939764,133.44949058831563,35.01383179239239,90.7785964315633,59.50945136632132,120.11053007145627,322.2625726522882,347.59985407676487,337.4974304843544,352.2549971369207,0.4029168274414327,0.05630230157693625,0.31389080623236254,72.01630477552376,46.82199027559808,28.891230053699648,1048.2708578987294
2026-08-08 16:00:00,180.46796321729073,133.5468663714217,34.97091508228785,90.68892205583008,60.41259442327318,119.89597158332029,322.2148409495935,347.5084664899138,336.9830088470947,352.2588006683142,0.4006993269938048,0.059023090298977086,0.30883115693643276,72.53070012772434,46.77005672527808,28.968694430400966,1041.994246117499
2026-08-08 16:10:00,179.75842868564413,133.25891752138958,35.035375246999074,90.73573063566896,59.858063873769055,119.72940285706164,322.49038663506076,347.2300647038486,337.1235504722366,352.58481535374807,0.3972048319704778,0.05833113649347059,0.31268340040652254,72.34569898795993,47.00107631143787,29.005562999876563,1032.2066873418285
2026-08-08 16:20:00,179.90509100808663,133.82385284903555,35.01494001938935,90.56419951305548,59.690791984564136,119.89374264869014,321.71225874227736,347.5043494171865,336.9795221803786,352.587002436249,0.40065945518250345,0.05639404067705193,0.31098555084900176,72.16818992870414,46.280864318341536,28.99765786051176,1041.599440150519
2026-08-08 16:30:00,180.2131395784666,133.48310646783338,34.88652875818161,90.46951087621395,60.38838718276289,119.72463529379593,322.674451635983,347.0917295153166,337.4116838957337,352.21334978486215,0.4000699532647542,0.05649622009929179,0.31233492819968867,71.50123142694686,46.99580426049251,29.05824057276003,1042.3735647702938
2026-08-08 16:40:00,179.96814789348937,133.74990253567373,35.117055902309275,90.63383587997998,60.15110220980505,120.37245417927902,322.438938380025,347.3947970153099,337.57260297730363,352.67106985690253,0.4018357106858777,0.05995565651821391,0.3098767539940786,71.99805762691012,47.07866059213857,29.058169353081308,1042.1256880839856
2026-08-08 16:50:00,179.83757558831033,133.28672871842838,35.03184992777607,90.62189849270824,59.39695591768783,119.80092317365428,322.08039870880395,347.43239776584846,337.2489824118915,352.3105438583755,0.40340164863908357,0.061006388283747985,0.3137035339119188,71.77677996536131,47.030571050366525,29.133600579455706,1042.1022889202168
2026-08-08 17:00:00,179.73536524306772,133.3081793074796,35.08854982779404,90.88855167432348,59.50259154725194,119.77942424399497,322.25801345608147,347.2573431084384,337.68978497627637,352.30505551555893,0.4001789570753751,0.06091999912906278,0.31242449414863976,72.00203477314541,46.09203160349053,28.832376865999574,1042.8210441840429
2026-08-08 17:10:00,180.10720558483266,133.21105314752168,34.87189001225485,90.58304510945749,59.882268613517255,119.39891965658546,322.6788928859873,347.03592581644455,337.14766607794394,352.5493751475655,0.4010917223206934,0.05817983005209875,0.31143643695638185,71.73990727285043,45.81159192865724,28.990539006815848,1041.1434722637891
2026-08-08 17:20:00,180.20397849327688,133.61504858075367,35.09740058664078,90.74560466354018,59.62431939476859,119.97520506280985,322.4798604030205,347.2636038420474,337.2260730252112,352.1015080592412,0.4020729502247351,0.05809246348363177,0.3098198530099156,72.18051544546195,46.95606236495734,28.974049754120898,1039.8037786094828
2026-08-08 17:30:00,180.27997871295346,133.37402349472714,35.22132383329812,90.69114308525153,59.95530292032908,119.5529391632805,321.7869560321645,347.0724546028822,337.303838944243,351.8560016352247,0.3983357098353883,0.0602537470613288,0.3159218660114358,71.14556822413469,46.22309684816985,28.579115009505667,1035.3772561999863
2026-08-08 17:40:00,180.01075770203266,133.49090257832228,35.071116512673264,90.8382200946421,60.78662587155587,119.90962491563545,322.016799216497,346.9809766080134,337.3816499580438,352.28183891183454,0.39964602611148187,0.06190901380518026,0.3145088904110871,71.98861829331133,46.899742874156594,29.295758136158057,1038.1888407007818
2026-08-08 17:50:00,180.20899756477445,133.81384353246625,34.862908131474285,90.67685389873814,60.89619768409794,120.52090777636077,322.375932867036,347.64479259164403,337.8277006782436,352.59425886137024,0.39673958543056664,0.0619261491514856,0.31391655478021413,72.62832388071658,46.94499471674075,28.93210314773287,1043.3758681499437
2026-08-08 18:00:00,179.79341179334838,133.69059602303204,35.01273825565181,90.70121998067654,59.989328166944226,120.18296244315556,322.85560474988984,347.29180599455213,336.99666536658924,352.2416316202192,0.400603143330242,0.06011813472495717,0.3112615142711344,72.27522780937592,46.50477022466759,29.060909253587358,1044.3479843132384
2026-08-08 18:10:00,180.03360427396055,133.96591689533747,35.003059009587126,90.6159365241412,60.24229135816822,120.25236264739272,322.5534871195311,347.186772706129,337.50207951895595,352.5987534476292,0.40154603606712547,0.05803625488797822,0.31085265442697874,72.16341206604162,46.406677594780696,28.964724598008612,1045.1045206622462
2026-08-08 18:20:00,179.8645226034348,133.61461719345985,35.03097414177312,90.53803623898366,60.26930092151428,120.17804544987891,322.2692080588377,347.18834392786806,337.3586573751986,352.7011515492325,0.40080829982860167,0.061316606783043064,0.3156963690140753,72.00292595473735,47.164034428146834,28.954423703541675,1042.1146138935367
2026-08-08 18:30:00,180.03476776692062,133.40967683675743,34.98542322988602,90.50804162181821,59.966267742864225,120.02958786509575,322.50258854363005,347.4705470507166,337.69184086976946,352.23410137475764,0.4010075701082326,0.06060722162632328,0.3116978836106682,71.92530491825815,46.8107361296324,28.869506462868635,1037.4934887132981
2026-08-08 18:40:00,180.15014273602392,133.58113141706863,35.05894019144693,90.51814023031721,59.5589247701452,119.93633588466419,322.33725109427047,347.2494461979477,336.9382024227645,352.34283311506687,0.39856983781907274,0.05885852283179916,0.3143883648897395,71.65620467787762,46.38806785751722,29.10458905716121,1042.0715716564619
2026-08-08 18:50:00,180.21394523400608,133.84693404580963,34.96209104629696,90.72798900859648,60.32477551942436,119.84609689204916,322.2445389221845,347.13819642275416,336.9935048403875,352.3013869477374,0.39841621460403753,0.05781282978606354,0.3167055795170769,71.8895372750464,46.89517470260039,28.714431774267986,1036.7694201184595
2026-08-08 19:00:00,179.80201875684622,133.62772182036056,35.03209995857273,90.64629083705928,59.9490517997184,120.37955850441654,322.4504116251405,347.4285451511636,337.8561163624765,352.5420666446424,0.40268921297221744,0.05889649828729817,0.30936592918823225,72.5959884446519,46.577481527483286,28.920914396065655,1042.9511979995707
2026-08-08 19:10:00,180.2534974398175,133.44949891797057,34.93948407999636,90.53078890010225,60.138590981029715,119.45788009535588,321.7022415632861,347.39262907363707,337.7240387826269,352.4954311768191,0.4014374941864945,0.0623028843128057,0.3100352652398927,71.67485645155969,46.73592540525947,28.855443970969255,1036.2900260958215
2026-08-08 19:20:00,179.90512275333833,133.76959909679258,35.018873690031576,90.62942055988769,60.214875873975075,120.67036129311278,322.6421415255645,347.0864389829581,337.67218813955907,352.406878849594,0.39937663130820905,0.06260836999200571,0.31355493921672467,72.85520728504505,46.70328819227086,29.0671966430927,1044.0041863968572
2026-08-08 19:30:00,179.79485344245353,133.71192992659618,35.10925943440799,90.51923130951984,59.75976740843188,120.0170390313424,322.5031209630087,347.03772457155515,337.3133916887413,352.7650150126085,0.4013172137785298,0.059311809444748134,0.30943583461800134,71.91860209125136,46.80787740794509,28.59729998361028,1042.4445866956792
2026-08-08 19:40:00,179.96587915546013,133.5590815579361,34.95938492391002,90.53893541183298,60.50889376517282,119.62564980471132,322.21440407188675,347.74059954442293,337.6711818294454,352.4738970287802,0.39856865892554455,0.060372221445517446,0.31202176323293407,71.6304626082613,46.89242810499683,28.854993994070192,1037.873107501677
2026-08-08 19:50:00,179.70748945419945,133.39580537570916,35.076120861395545,90.54226956958993,60.02513006313281,119.75542696048,322.09291308953186,347.2763052875282,337.3578256994583,352.4428414532139,0.39810917717706285,0.06317341546976514,0.3116587626302777,72.20732319627253,46.42829549625442,28.91314312856554,1041.3144452613037
2026-08-08 20:00:00,180.00091563934478,133.48425923917944,34.91937339844395,90.59949653572781,60.07004615285549,119.66150479940595,321.9904847146975,347.71633622906853,337.03009112735106,352.1383473194616,0.40080220683531903,0.05719334402609012,0.3144995631213915,71.46604775731836,46.79692161062115,28.93669732689196,1041.3975725716366
2026-08-08 20:10:00,180.05794082785687,133.85600024649239,34.971302952933264,90.650175873065,59.87261397261523,120.08010324951402,322.4328621788665,347.53904042737025,337.3174155918149,352.3843727313817,0.39992226542845105,0.058962061874122784,0.31004494816152,71.92631026383388,46.50360804904237,28.7712018725666,1039.5191754309608
2026-08-08 20:20:00,179.95992598326404,133.7471008029471,34.98496296636019,90.35822845496725,60.215847824456716,119.64107847775584,322.3981373206988,347.34356057096136,337.2808732718632,352.7671004912833,0.4007038995730959,0.05951423890156668,0.31305808624099707,71.37486259187789,46.914163588699836,28.95493683364275,1040.1857033574943
2026-08-08 20:30:00,180.10723293811222,134.02076745319957,35.13453510375344,90.6063997338233,60.30658521620764,120.57106559939187,322.40865232989813,347.29580488704676,337.0508863144608,352.579355308527,0.40487859198741116,0.06068039479384035,0.31398538372188545,72.34395110707844,46.787548354580906,28.922152532913568,1041.3767905807715
2026-08-08 20:40:00,179.93706378893052,133.69978140420764,34.93148737680057,90.6468267878252,59.83528073612999,119.60918050369288,322.8675958458387,347.84970162683817,337.19242795385276,352.4039791103909,0.4009481452420419,0.0566137217354839,0.31047992057271506,71.48507142078961,46.65191561606738,28.914849112624324,1034.507488196901
2026-08-08 20:50:00,180.0008102057132,133.22298957678154,35.131663119809815,90.3475269956466,60.178281341103514,118.86373903479291,321.7050897620592,347.18077655450094,337.15802195934407,352.34354807651124,0.40045482051119435,0.06083012467379111,0.31067209212183233,71.08731297622708,46.04792925900993,28.76669869998286,1036.7273378988855
2026-08-08 21:00:00,179.7118671663494,133.47562949003742,34.860916473655394,90.47515231760666,59.87217555777465,119.63450075363706,322.1478539549396,347.25757387958674,337.5252752792886,352.09534142989946,0.40424943040904293,0.05696746992004836,0.3146885838401081,71.55800806335957,46.948628138581995,28.612858298327787,1046.9558079930116
2026-08-08 21:10:00,180.00853443347665,133.52412779450455,34.99277649968442,90.4656138255103,59.6330374162426,118.99573941335017,322.13427018296517,347.1311299784533,337.6628713185939,352.15786357063286,0.39851440516854864,0.06176559758064368,0.31434846433302005,71.21913793555416,47.3783074956675,28.619536864681304,1039.9089057515598
2026-08-08 21:20:00,179.82979271857454,133.43863435046617,35.10080613907419,90.6245606435451,59.903759662309334,119.98006557471368,322.64861136719736,347.33083671571114,337.7078197248203,352.68705725305927,0.39981936006736685,0.05978624554235008,0.30958046276413603,72.2042507618114,46.65504710982781,28.83559281604818,1034.9783568883622
2026-08-08 21:30:00,179.9100442794434,133.84106607411616,35.07885848570702,90.60782723324313,60.18582777127694,120.52957898918565,322.29390744501944,347.1016771154297,337.7040491896725,352.38915134359314,0.39914268909103456,0.0589620103829036,0.309720351122561,72.69328672337102,46.9160598648473,28.78683346186051,1042.6686948359675
2026-08-08 21:40:00,179.98126418769462,133.42493544346715,34.906772951473336,90.50618437184275,60.16882390380554,120.32387990013284,322.0902609382018,347.41517758383804,337.0566436583028,352.4099469977121,0.3999356764365372,0.06168563263680605,0.31613377419109195,73.2486424618883,46.81595428226978,29.21536372987655,1042.7972455217007
2026-08-08 21:50:00,180.0381955265105,133.39537832243644,34.88518826274908,90.50177684051545,60.327230672873846,119.33120524752638,322.4347485951344,347.0118310764568,337.5510235131927,352.76643284529945,0.40471274076821256,0.06002175733787531,0.31304580529412185,71.69756506759992,46.250209070615256,28.70558814823128,1039.7256232340221
2026-08-08 22:00:00,179.67066687416244,133.4301595176176,35.0972155821842,90.57087248656754,59.80039301426457,119.618872359216,322.495871160327,347.5386294550771,337.6250932103722,352.2633725636684,0.39619635750502913,0.058056840372193906,0.31151625599658617,72.12666509620489,46.25214442840974,28.93740185903725,1041.7898271550898
2026-08-08 22:10:00,179.68731475842117,133.74952839536115,34.881264421551975,90.5911652377472,59.911949908210374,120.88931676778334,322.8567423119551,347.4865749344241,337.50703169041,352.24640866939035,0.40267258568610004,0.061786441953237604,0.3129070498608566,72.26927671999684,47.42106507910196,29.070879804853842,1045.4909918223138
2026-08-08 22:20:00,179.93960498955036,133.86846752328373,35.06714023679385,90.68111863410594,60.0248464478072,120.15925570436717,322.45492226798456,347.4514984042816,337.10233834869496,352.81992868685893,0.39743494753775077,0.05939443351088286,0.31253267450093536,72.17347786600926,46.379176292040455,28.80908765618863,1046.8250341413345
2026-08-08 22:30:00,180.0948771877232,133.5631814666898,34.95598669368631,90.52082128696742,60.18951310748282,120.00205934631703,322.25045566736753,347.2129161565925,336.513438281496,352.5828607988931,0.39689799193691516,0.060547195203969915,0.3136845335413456,71.93488339157692,47.246278535714694,29.08878508059162,1044.7398424005119
2026-08-08 22:40:00,180.07204828351524,133.81095605734467,35.007451138240036,90.40533826704987,59.967979169107515,120.52803128059678,322.23386828078077,347.77158485277545,337.43636589040807,351.9222563847894,0.39979503530544014,0.06260056927159824,0.31587733199131757,72.3689912201695,46.75706190724931,29.11009973746432,1042.1454251360562
2026-08-08 22:50:00,180.17855608704656,134.06198655079902,35.24235886589887,90.47580659438405,59.71759996345588,121.22637056271508,322.14371872540113,347.9877115482004,337.1421039254182,352.3950463077466,0.39991352556940785,0.05706243331405101,0.3155892322167462,72.84582707556514,47.05148909328375,29.039494866726084,1037.7299364817125
2026-08-08 23:00:00,180.26021529296352,133.78628906170752,35.16511220687324,90.49484950893645,59.537457698047724,120.64828663878987,322.53288572223295,347.358155057329,337.66234972852504,352.1672195666206,0.399485116398243,0.0613843232431624,0.3113673309511611,72.30086855234438,46.876649155671274,29.05468329793321,1036.6329867670163
2026-08-08 23:10:00,180.09928666556894,134.02730317307157,35.093367268966716,90.4411610737513,60.35752700950162,120.06970762738528,322.6328807779337,347.1710375687969,336.9528078166082,352.2519740448028,0.3978564877433254,0.06173692980643896,0.3117364692396259,71.91263371044877,46.5342882042321,29.078584106264923,1042.845430692171
2026-08-08 23:20:00,179.99602754601815,133.69017661807382,34.869417505816344,90.52640358205458,60.32456518702898,120.17734408799241,322.3244144690858,347.5907883536269,337.56104960223314,352.3357319434262,0.4014541630190825,0.06440123294161786,0.31203825198345253,71.89987366807554,46.83947127253171,28.842471263532243,1041.6661051464607
2026-08-08 23:30:00,179.79370843963844,133.87306174808552,35.04081266925853,90.5036354699412,59.80345157788179,120.3085398955491,322.35362659329866,347.34053331781155,337.2689824192398,351.91789182566106,0.3975006935163581,0.05621534949313824,0.31607334985381325,72.04311281013347,46.79638010577554,29.139758279704942,1040.9452785304281
2026-08-08 23:40:00,179.8107864440845,133.38171107264444,35.01385460676936,90.59070261562762,60.44824039551343,119.69365075174494,322.80626114558623,347.447280441257,337.0027187059239,352.19430997984557,0.401368531438145,0.06158111611808499,0.31499873322963895,71.95377135486119,46.24444021377405,28.899953952018183,1044.0248603143632
2026-08-08 23:50:00,179.90656590568503,133.47677700526324,34.99831402950191,90.4789048743963,59.98441000866392,119.47064026364129,322.42804572095326,347.59776221543154,337.26777706902726,352.957090912736,0.40582062345923087,0.06441865551050462,0.30893260216920854,71.22284534414443,46.601337270938075,29.04666445390893,1035.9396681277783
2026-08-09 00:00:00,180.05349732132788,133.69241358764904,35.14351574527392,90.58078457427766,60.1402512852247,120.0262245417447,322.5484037705997,347.0075229523062,337.35964553078395,352.35341698370553,0.3974676957633601,0.06072235139006297,0.31191707815486863,72.52421810492388,46.66826543939637,29.225268418090774,1036.8322130175322
2026-08-09 00:10:00,180.0441471066381,133.536754652112,34.834748363119445,90.31459441521972,60.38319717806183,119.52639438526845,322.07938401481465,347.62528615426953,337.6566859433453,352.27370391658036,0.40065282565583704,0.060051658889000034,0.31177275843110525,72.02671396082636,46.99433951288773,28.716534760986395,1037.1708943294711
2026-08-09 00:20:00,180.00084875118762,133.63158377076317,35.040549723736774,90.37455360007915,59.859371756693825,119.96926879048246,322.22426250352225,347.1039211855032,337.64901628082384,352.7063359470771,0.4003633905548493,0.0592572459869491,0.31509830316687953,71.73564878630745,47.14102554737133,29.09911188502267,1040.8384304701972
2026-08-09 00:30:00,179.96945546840908,133.80470218090574,35.02115974502396,90.48615397110545,59.77063200710461,120.04806151999604,321.77070497172656,347.04607769082946,337.7827604612338,352.01252619556067,0.3970117703484579,0.056530567636747756,0.3151923050387989,72.35425259511476,46.376561031740415,29.037414065520082,1037.2388745260641
2026-08-09 00:40:00,180.12609925086082,134.44992546706987,34.93248281836846,90.50067268407273,59.48155293694227,121.17051866094147,322.0017454270421,347.3025448990184,337.64009680827604,352.3544678379563,0.4001482039412585,0.06263905083197759,0.31173670928119385,72.86186922909205,47.28311352245704,29.065147585697645,1042.824384845829
2026-08-09 00:50:00,180.04166648622143,133.60476547624296,35.182887120489305,90.43594091435547,60.0957037592204,119.57447500267172,322.52013068308065,347.85026815573923,337.27805368401636,352.8118569553466,0.4021071454573524,0.057405892735899314,0.3107570632361984,71.44740985648752,46.73994465008929,29.0635168121983,1038.5566200643073
2026-08-09 01:00:00,180.05956936037163,133.7271514906931,34.88022173366557,90.4189110363605,60.139513236275334,119.93910553401453,322.7835963290616,347.2342239092722,337.28565090915697,352.4297935066623,0.402030839763717,0.056225455822914966,0.31306445715958425,71.72083625029543,46.61211639647079,28.80797585103304,1039.7753908928937
2026-08-09 01:10:00,180.06168742381288,133.67537666227477,35.01112666467448,90.32486617235229,60.263757354966806,119.91784855520774,322.3353278473357,347.5603189137847,337.4672064573098,352.5314539444597,0.4015182258461554,0.06153694154876559,0.31379899707100123,72.07129251850519,46.580009855973614,28.993976761154926,1039.4525315428564
2026-08-09 01:20:00,179.8907414087462,134.3526238138363,35.01638203901327,90.57354923525428,60.18597596496669,120.21865526668766,322.0617294534028,347.14978710171863,337.3173056921846,352.36654547004196,0.3989625597821348,0.062033752987625305,0.31325461682633543,71.90547293453614,46.92101708315003,28.99928212274507,1036.171574805267
2026-08-09 01:30:00,179.79383249581676,134.2745634808508,34.7866532954277,90.53354126046924,60.03584655707959,120.52336216579181,322.44659688357996,347.6116869126608,336.9276956161132,352.53876257520307,0.39989799433963874,0.061696235739189274,0.3104639083411822,72.37631119168604,46.98927297389149,28.74075822610898,1043.3152518214902
2026-08-09 01:40:00,180.09822555861487,133.82170604522784,34.86362164770522,90.20376760988738,60.34990824966408,119.75475824918668,322.7615309332721,347.52343030214416,336.8067976338761,352.6467339645711,0.39834804568469057,0.06164105982799763,0.31223616048098896,71.72639595347952,46.319148882892215,28.934251918577214,1042.6019326682595
2026-08-09 01:50:00,180.08334547381844,133.80102516872867,34.91018460430226,90.2804383677401,59.69568202202515,119.58932398494748,322.3744902193364,347.7724020608753,337.6553425234497,352.38841280962157,0.40251101493167274,0.05801370499518589,0.3138975158314537,72.1993372220815,46.6260797466416,28.92817159602053,1034.1612671038797
2026-08-09 02:00:00,179.95599478781375,133.39319138634454,35.087893906059044,90.30971965177834,60.121722140313366,119.17964469203417,322.6986819502886,347.48600996488454,337.46371875888525,352.4726837407704,0.3986424051673824,0.05979777453734235,0.31346684576673856,71.12234888526174,46.4387828405456,28.87608724296251,1037.0364362886994
2026-08-09 02:10:00,179.9168518134303,133.62449927180566,35.10384063957841,90.39575595664743,60.158979221458395,119.53689775159857,322.4085392736348,347.43700270077943,338.0235481735401,352.51805630126216,0.39795571109959343,0.05922130462217883,0.31392476959894866,72.16112477991709,46.78027424751531,28.745960317580185,1040.693270804534
2026-08-09 02:20:00,180.45568481005503,133.93878118502886,35.06831101043662,90.36725924231249,59.96812428491262,120.26822041728829,322.0630775795797,346.88414341023264,337.28023485937115,351.8770674090067,0.3989574542072264,0.05818316240494015,0.31103969984346497,71.9673291898736,46.792009231228725,28.97386336022483,1041.483145125903
2026-08-09 02:30:00,179.84815819123017,133.84566220970942,35.03246699003365,90.21541404682807,60.52424272056526,120.0228235209116,322.1617005413671,347.53245493683926,337.7477167831226,352.720478395833,0.40358032637397223,0.06067457900037227,0.31190487183570803,72.08204054174055,46.35921956301055,29.088359964355305,1035.6457967188503
2026-08-09 02:40:00,179.95649117989709,133.48525901677732,34.7857353215551,90.3916801574234,60.13660160621842,119.49228300254693,322.357397586051,347.6748336486732,337.4816716328734,352.99412498238763,0.3968935319404669,0.05780773400582595,0.3129727470338302,72.30855727068814,46.54451700317099,28.985901009301656,1039.2932043152969
2026-08-09 02:50:00,180.05310187562048,133.60993713601962,35.02998198267516,90.30538630917822,60.41026915645286,119.81361626175757,323.11453066196714,347.5021184423475,337.5855746497273,352.69800769145417,0.4019453621156333,0.059592509109090246,0.3067933962369416,71.57085562352913,46.833289355258444,29.034860835724565,1037.6940371782161
2026-08-09 03:00:00,179.7691538847293,133.93457961835884,34.95614531262236,90.45553026981102,60.27468250456248,120.01573647389513,322.6117571115158,347.4990636647103,337.46220220609604,352.5259122491959,0.40169473707164616,0.06286032538322198,0.3122066819720669,71.64142960484097,46.44064495701091,29.155364000282027,1044.2106570976555
2026-08-09 03:10:00,180.02344719333462,133.97589455795585,35.126593185628266,90.3768476209004,59.95074155125003,120.25183946580447,322.3689979504291,347.61353331356986,337.7752126705245,352.3474439287585,0.3990426068173516,0.05972953849271671,0.3138132104636866,71.81657202671857,46.90006066166657,28.90173646222671,1042.9579474019172
2026-08-09 03:20:00,180.35954982417158,133.3268316131986,35.1442773734534,90.40246034023474,60.586980183763735,119.70330282358074,322.5283443517901,347.70628111383996,337.60016763528466,352.5685015622004,0.4005753472486335,0.059605400317426574,0.3136105564798878,71.16570247622448,46.79559251734028,28.863481662887356,1044.1384116696915
2026-08-09 03:30:00,180.1867736396907,133.81907804891367,35.23447274636154,90.3927152052184,60.338905432234455,119.87477997117107,322.50734860613034,347.18626051339146,337.3058556808362,353.047210992021,0.3971292951147172,0.061530084457823105,0.3118453345369351,71.73228057731971,46.5564654173354,28.93381708113539,1037.801915062325
2026-08-09 03:40:00,180.12644006712398,133.79807226562895,35.07981604921468,90.33604226084563,60.01036349927094,119.0907826333299,322.3144565882953,347.4318209473314,337.41839304152984,352.9087004158369,0.40093284578154686,0.05742106179938289,0.31241687003031005,72.19321246257881,46.03267420133105,28.865254928434794,1040.3739967467013
2026-08-09 03:50:00,180.11848558578907,133.5360768545171,35.090556833702124,90.21545253858164,59.96895330356678,119.42430709888103,322.41699293199986,347.5826233266604,337.38248922220316,352.2597127280814,0.4010987525187937,0.06059807742969336,0.314179205734614,71.45465107516276,46.7303709269202,28.952122783862468,1037.0784994724786
2026-08-09 04:00:00,180.02239284330935,134.16402144736657,34.90364198002293,90.46192116049787,59.69300137637267,120.80885782908942,322.37468258724624,347.53296834671727,337.4779477988661,352.92422614405257,0.3986108303511218,0.06228872158579909,0.31251175364061984,72.3972597994328,47.72868688561988,29.2924016480581,1043.930087926645
2026-08-09 04:10:00,180.19167859191262,133.2157211850283,35.01602756854259,90.23879296553349,59.95937554576116,118.90592966365257,322.6732369032685,347.1765967582868,337.52382439198556,352.2639446967188,0.40052205706073335,0.06113427199713467,0.30975720996711337,71.59253984422894,46.92693518771811,28.813836266957136,1037.7291698508466
2026-08-09 04:20:00,179.9688276466923,133.97258868491517,34.88291958813046,90.15461482267413,59.93361212372542,119.83109872368298,322.9186058606719,346.8752798199675,337.32924290646196,352.282234929278,0.40021779388513257,0.05840119441645812,0.3136743668735404,72.08158480359452,46.570711201856106,28.9696746009196,1036.9007921401378
2026-08-09 04:30:00,179.91543869066052,133.68561834322318,35.09876150793091,90.25428607475017,60.06794048573115,120.10959911467212,322.85173497993605,347.5581128995629,337.28656519337653,352.43367690586615,0.40132382834784697,0.06165167372268937,0.3093485268901381,71.43563219484828,46.62400133150146,28.86073484879744,1038.469284842026
2026-08-09 04:40:00,180.0204085348493,133.566706068141,34.88703268753741,90.23359787856013,59.877529579233304,119.81282537733648,322.36400290424666,347.6782686729139,337.45938556809404,352.66616777740563,0.40158461354102126,0.05907184633368151,0.3110538707614713,72.03739154718335,46.35433421493633,28.960567603503563,1039.3676531805959
2026-08-09 04:50:00,180.1811393208139,133.68377070156555,34.98621080978174,90.2934209773864,60.17689396191368,119.5959212383173,322.6255738282317,347.96274709492866,336.9312767917598,352.41417954675103,0.4023472437925735,0.061536874850697816,0.3169686868046406,72.27821944623201,46.68756724518126,28.75313547585875,1041.8908568659679
2026-08-09 05:00:00,180.06608511815037,134.33725115238929,34.92479404656478,90.33624311746863,59.98007905975248,119.96946073380633,322.24745885297216,347.59439668480593,337.5878595904568,352.7810091880293,0.3999509488112356,0.05791814912260229,0.3133910794623109,72.45374306232821,46.68281421938398,28.833668391300627,1036.1278120620912
2026-08-09 05:10:00,180.1349077894123,133.76606734720968,34.96036829898909,90.15296016655374,59.528869585699034,119.99751729924886,322.140023112395,347.21458251719343,337.5800166344945,352.57764188971487,0.4013611351352624,0.05768307789180798,0.31445263192123946,71.49337137577412,46.66780601569591,28.907475866935865,1047.6909019302539
2026-08-09 05:20:00,179.5951761568162,133.63024510328407,35.054139082009655,90.32877757184652,59.852380156646824,119.95894129753405,322.4897293988747,347.6049832329898,336.53796558196615,352.9574610208689,0.4019788291526509,0.06305792510035785,0.313932383456788,72.06387718967002,47.05024670523615,29.037409202670975,1041.4434739892226
2026-08-09 05:30:00,180.238611479115,133.67908814770772,34.950686405199995,90.18041256440674,59.73423823937811,119.06114393942394,322.6504734176882,347.44179777069036,337.1435170965579,352.07810546628014,0.40355314530135716,0.05952618991369518,0.3143585887950668,71.81280309496834,46.37211433822461,29.009148699542244,1038.9672959549307
2026-08-09 05:40:00,180.46812034485924,133.92118861656942,35.030091614916486,90.13776172446822,59.621151826590385,119.92629818602231,322.45275956880107,347.277015321104,337.4676486288624,352.52739500182344,0.40039607895128276,0.059540075250296164,0.31300960919984094,72.21926813628343,47.3342047427975,28.82047896183843,1041.1472824781
2026-08-09 05:50:00,180.26698081011227,134.0905420028745,34.906127814066416,90.29607688602148,59.92867795425565,119.57244365485423,322.71980808234264,347.0550969140242,336.8003134287705,352.6933072842185,0.39923129984982847,0.057309869777847106,0.31437786281816443,71.55910712067235,46.57366062681353,28.754155713848466,1038.2891587351332
2026-08-09 06:00:00,179.93647601290297,133.571229431174,35.149246994058885,90.14234062470496,60.280327128918024,119.72613206259324,322.7220202434831,346.94299201878994,337.60940960665164,352.95593150858446,0.3988525102075847,0.05887607700093828,0.3129899061032115,71.94168496297138,46.6377608720977,29.187704903016645,1039.544638789215
2026-08-09 06:10:00,179.83031134352916,133.6379186271956,34.94243934500678,90.1213001192116,59.668246610907204,120.11348738167072,322.7029979822404,347.2772850980364,337.77603681596594,351.87811078699247,0.39997818446897293,0.06287485732871739,0.3110550208651115,72.19499890459906,46.6371624137822,29.395389222914247,1044.5898737199443
2026-08-09 06:20:00,180.055492846508,133.960217015954,35.110289757621146,90.32529795014028,59.40155681775558,120.32036437524029,322.4339903285241,347.36197206579743,337.62392764063463,352.4324370114452,0.3966823702324494,0.06093469708996418,0.3135073261084101,72.0582593933104,47.36014718221719,29.061579664765272,1036.7204012480845
2026-08-09 06:30:00,179.80260482750228,134.14217730193684,35.22435396010564,90.34322242888952,59.956430937416236,120.44838866712094,322.0771375385753,347.5058569611404,337.76743281600545,351.9151700795114,0.39800919680607894,0.059857169919523535,0.31305772296701834,72.32217419330055,47.03609630435945,29.217662237893677,1042.2980142254228
2026-08-09 06:40:00,180.1451343083631,133.91647292774158,34.760665959424614,90.13292363319562,60.905316222164124,119.75179347151055,323.0198321424749,347.4948881610043,337.45471214162836,352.63617116320194,0.4015551573466697,0.056110316938625775,0.314623214848708,71.9025823520206,47.037190492081564,29.089521131612337,1042.7456297009721
2026-08-09 06:50:00,179.89491790832454,134.29404888749787,34.907094488769275,90.34915976868426,59.82743244655521,120.46200138836006,322.3444154632099,347.55917869253597,337.74463701107646,352.34299970794984,0.4042833539090248,0.06155921966755619,0.3151290872229657,72.0822166268152,46.764284819233744,29.19123696048219,1045.1228129636074
2026-08-09 07:00:00,180.19213273577793,133.83309466210108,34.98673903313742,90.34709738637716,60.08719147844338,120.58686376631199,322.7060338226761,348.058729001407,337.70032447142796,352.6090947946023,0.4029726463264987,0.06076956695623996,0.3156452917904394,72.260439553331,47.03245840679313,29.02649398617467,1036.6832044080052
2026-08-09 07:10:00,180.27242722298146,133.96277503177762,35.12625777575296,90.1885413066309,59.88136111011328,120.56831896227303,322.634960834969,347.476819937467,337.45403652656506,352.8142523568773,0.39894271456500285,0.06225233570940878,0.311018400458842,72.1545905860133,47.238162003658566,29.18894371445577,1042.5501508459456
2026-08-09 07:20:00,179.59354961712395,134.14398556500944,34.95844494962211,90.44331871255974,60.26415949929654,120.69488396940572,322.3893069748097,347.9032862861342,337.5203167538565,352.774761546675,0.4026675968053531,0.05902697878214483,0.31343398617212587,72.88672072975471,46.572574710661115,29.094960517340855,1036.356084180667
2026-08-09 07:30:00,180.05855560216946,134.09068398265916,35.04602493750667,90.17862768502425,60.43968417533271,119.92715874704055,323.0378853147805,347.26940217634376,336.9963165692699,352.4569666064268,0.4009052036671423,0.06099552810787971,0.31629122211863164,72.04983750945934,46.89292370557728,28.900736203356708,1038.5874141905813
2026-08-09 07:40:00,179.86034375838642,134.01925307321264,34.93350289647272,90.20059633357904,59.957710634715305,119.91293404246336,322.69713808112436,347.28760126545137,337.09218841607117,352.70405027483736,0.3991508340852206,0.05870092933733107,0.31173326176298816,72.24852310533107,46.93870626429316,29.169726023677736,1040.5102552913775
2026-08-09 07:50:00,179.71804401195624,134.00959812816305,35.06461854728571,89.96971654094588,60.36198321591288,120.41252538969718,322.4946169187476,347.348542472717,337.80321471838096,353.44587441976256,0.4028981876486936,0.056945751085456645,0.311439783123329,72.36704174805826,46.61080164217701,29.039013669273093,1041.3188776432423
2026-08-09 08:00:00,179.8765314168948,133.5401119622781,34.884358245694656,90.18851204030561,59.6791790242721,119.31673784243598,322.3766699193121,346.97428776984043,337.81386149443796,352.3807515459523,0.40205590443639655,0.05601653896855706,0.3118733704834353,71.90177322927221,46.69741608788782,28.82947249603064,1038.090303123136
2026-08-09 08:10:00,179.95621322406018,134.17473088585947,35.09239062902378,90.11373649011121,60.06860232942576,120.10471452363417,322.2150912931462,347.9978174539749,337.25814356846473,352.69744673080663,0.4020312742198678,0.06134915465570859,0.31162849926766806,71.92683333724747,46.59796330767562,28.941482580949213,1042.3634461529207
2026-08-09 08:20:00,180.2067374482414,134.07215552680384,34.70381017376463,90.18803082827777,59.62335295535418,119.73472050391504,322.12854459231625,347.5848204568988,337.04614517465023,352.3840270128308,0.4013855855530984,0.05916616334150654,0.3112041704431579,71.92660034534995,46.5456390596544,29.04165528571999,1042.4476297358526
2026-08-09 08:30:00,179.69571854673634,134.44884949434197,34.815481544978795,89.97367397553063,60.06228968555045,119.8156054745693,322.67687985816394,347.72539208129854,336.91249614010127,352.78295830353903,0.40220158207407036,0.059689571941810786,0.3160234764182046,71.54067677608204,46.581221673600446,28.89463248146246,1040.633237868765
2026-08-09 08:40:00,180.2101625174315,133.6620391086034,35.19217451758237,90.20566420612671,59.821228739766745,119.12924277605072,322.3780597524786,348.0253408767682,337.8570985718728,352.2965120143726,0.39962021524444885,0.05659021199211396,0.3117597570141636,71.57785260654987,46.73447309314046,28.802729048048683,1036.2643237107493
2026-08-09 08:50:00,180.40361258237655,134.15917516681603,35.024911710126894,90.26060235593174,60.07808922904432,119.55472784709839,322.376482111099,347.649583022651,337.61501609345345,352.7170883659569,0.399610390410707,0.0632630885914784,0.31303112406223327,71.81843138904232,46.41442377331639,28.910542904559172,1038.3103243559485
2026-08-09 09:00:00,180.1194882131834,133.74975568036464,34.916398643780255,90.32923626871776,59.668460883233706,119.98975303527145,322.66347994407886,348.0003206506196,338.08820367840536,352.0987414942946,0.39901768777685537,0.05869301217719285,0.3107422551747779,71.48269976967151,46.68503024615477,29.006060139909085,1041.4431993737212
2026-08-09 09:10:00,180.10918824994448,134.03188028888238,35.23126938242207,89.87241579062385,60.075607873908396,120.4442265870468,322.4119551443105,346.82111152350507,337.89781921741354,352.5998452839899,0.40204400188397205,0.05622983215142245,0.3170321692988355,71.72409455237775,47.05885465753861,29.089721571375875,1043.2128128123545
2026-08-09 09:20:00,179.99731547658934,134.02658166923837,35.11413532698926,90.22408404933165,60.04022306197694,120.49501329470402,322.71109037275903,347.89898715983645,338.1285329942665,353.29345250433596,0.40119200662146337,0.05713738150209027,0.31076483800638366,71.97679710853077,46.81174173120507,29.118311312638077,1041.7458804184985
2026-08-09 09:30:00,179.76499195283094,133.89984621125706,35.12207600639629,90.15690956222083,59.83437037947662,119.95983676250205,322.32930600521723,347.613633018171,337.770157775085,352.20736132501816,0.40220755353764037,0.058617818900549505,0.3101775278372087,72.1327724368302,47.030294695595664,28.98961580718643,1036.501660195973
2026-08-09 09:40:00,180.1069654654535,133.80581384700196,34.96437207258027,89.8117081234693,59.7643949663467,119.90535582138551,322.36722378588394,347.36249014313574,337.35357632784496,352.3750356354061,0.3995629509853085,0.061804054732553716,0.3147018412592115,71.70892143040155,46.559620459157486,28.809492387116634,1038.6051002476736
2026-08-09 09:50:00,180.0768054968387,133.77113349596175,35.07050753220379,90.01221697199605,59.64917376634068,119.58466040649184,322.7963835885162,347.8494941982252,337.4221165847446,352.8256249807905,0.3996683663681559,0.060748032704165095,0.3114944891156383,71.61658248988563,46.555843670841234,29.05281911674808,1040.1229818025934
2026-08-09 10:00:00,180.14631858194076,134.0717637692111,35.05885618457053,90.11503125077985,59.88701689045881,120.20117824848806,322.32338155550866,347.53895347768326,337.86041469234965,352.2263044148749,0.4002003892008579,0.060844576762774584,0.3130445960372597,71.49428908002953,46.88832697734073,28.97095269200144,1036.607423849337
2026-08-09 10:10:00,180.51376806977075,133.89339763693158,34.83860232576701,90.23726119396595,60.12735036087144,119.87621099974623,322.709286166317,347.3249208319627,337.09938737907646,351.8610021051032,0.40026512115164387,0.05844223036102715,0.3160143979267506,72.89729416328899,46.814617522579425,28.93614501704684,1039.2333349944581
2026-08-09 10:20:00,180.1455561880056,134.25372394564923,35.06762657774769,90.03679372487696,59.96635477408234,120.3029422695745,322.68014540917375,346.9583628853668,337.70139534044273,352.06491445825577,0.39976294685023606,0.061537653819335514,0.3103352398773235,72.08559180867633,46.98301492353856,28.896829338039048,1039.5222783735994
2026-08-09 10:30:00,180.08514233591242,134.29671145844222,34.98843751533696,90.1751715772669,60.05365682514531,120.87584340206298,322.53426072914453,348.064477236337,337.4077983032811,352.61814533921,0.40311927223767763,0.05977745096158859,0.31621270932996,72.12774600017313,47.633822081945944,29.08698641761535,1044.600557376109
2026-08-09 10:40:00,180.31238626427395,134.02976229764732,35.13816408789769,90.0811741614953,60.38858022759232,119.98381252136909,322.0427386973956,346.7637344117227,337.9213585780463,352.88980833666096,0.4006146350042492,0.06196723647288664,0.31176823646066476,71.52049544351348,46.54170821544726,28.90009851809848,1043.5035095260603
2026-08-09 10:50:00,179.730956788146,134.0846466572708,35.14018232009055,90.06618171131923,59.90956514608813,119.25132276291296,322.1471956228611,347.56171222660873,337.368672779364,352.59203342954754,0.39493664020237546,0.058228659630912866,0.3072935916921045,71.88799837535072,46.79044456814415,28.839923235764303,1035.8025980274062
2026-08-09 11:00:00,179.77145947841336,133.96612770881512,34.941704303321664,90.00722036028385,60.09530419416698,119.56957477848557,322.213226828259,348.016162622244,337.3174374715663,352.5863212805533,0.3989902104705877,0.058557357915248937,0.3130397799524676,71.69719942907089,47.36761822801189,28.793809745862063,1043.723127227251
2026-08-09 11:10:00,179.92495870133084,133.8416229019333,34.94565126411517,90.10953043253633,60.25643893276229,119.27092627933169,322.1580482823084,347.738635803013,337.8280539042095,352.8908517094215,0.40074303579373594,0.05807809499759849,0.31176597794878497,71.63723820024369,46.66830440465602,28.827082079670376,1043.6073863614024
2026-08-09 11:20:00,179.86901414632538,133.8547731840022,35.02665598987639,90.12139471625906,60.16200533133638,119.4014451552925,322.79814796251316,347.3608244928688,336.57353721603573,352.5595749453665,0.40055312564907714,0.05853995315808347,0.3100245149289602,71.72933485813346,46.63128503334625,28.567165588333395,1037.6891857713135
2026-08-09 11:30:00,180.13878667228232,134.28071422046418,35.0738698013619,89.97113002005389,60.12337016520249,120.65263536174274,322.2858926497099,347.46919059668573,337.86454366426403,352.97320996240023,0.4003584215348551,0.058128115920322125,0.3176991702585818,72.33962202902774,47.01748592842089,29.261930572375192,1041.0609135645718
2026-08-09 11:40:00,179.93651175661805,134.21144667963398,34.965215237019436,90.1758258405109,60.031021444738045,120.11332978672924,322.1781773483604,347.36871924544704,337.6343928800462,353.01853499608745,0.3998047165719114,0.060872516824005976,0.3118624457200596,72.25320815948818,46.90305739395963,29.208857986059037,1038.7801379632124
2026-08-09 11:50:00,180.34798676819872,133.66210829112293,34.9954427152453,89.92225760660874,60.58786392598196,119.23991278421212,322.3979565997055,347.62670957118416,337.36790879881477,352.4831666363919,0.4033217908549928,0.05893107475825918,0.3090506959945142,72.22245040559473,46.71946510331151,28.6995015145715,1036.551213711665
2026-08-09 12:00:00,180.3040894840024,134.40144092061314,35.06934880908884,90.04080115779772,59.98438835209776,120.32681608301506,322.5214848831134,347.53217207044236,337.7499205254653,352.9591649276781,0.3986207414225377,0.05668235717063871,0.3126575439595448,72.04279738908933,47.13236013930846,28.86312534658329,1036.4588601777077
2026-08-09 12:10:00,180.15401420939176,134.58717771815648,35.05018819310246,90.19627426768238,59.890682628269964,120.63018743703944,322.0574799771237,347.17365102850187,337.40653670959193,352.7915131573599,0.4017854637422668,0.05889971485385854,0.31485482646034096,72.3900578561899,46.8467382986611,29.274147714674488,1033.4624296137627
2026-08-09 12:20:00,179.92280164336884,134.2481263911972,35.1256283234273,90.03176231681799,60.18533145140763,119.82006272128207,322.7338304009347,347.1214939404519,337.7424533615193,352.54687853152825,0.40214490979797446,0.05842649945960198,0.31448409020821066,72.093829963347,47.01100675956494,28.92392002004994,1040.3379494441087
2026-08-09 12:30:00,180.1233901121669,133.87884266063372,35.03136836430697,90.06287233879877,60.49990323689911,119.66200458043156,322.7708614012899,347.8997328526515,337.58365280719045,352.5799957464158,0.4022273697141532,0.056388690605406674,0.3122844233018826,71.91623622279864,46.68206209661289,28.530871025059817,1044.476850015626
2026-08-09 12:40:00,180.1622118687492,133.7226418217253,34.91654181863131,90.09081061230114,60.43361011928258,119.83131114375753,322.38189545852657,347.1832298208936,337.7860848025603,352.90967990709004,0.40470124423365206,0.060139738294940896,0.31193281410323115,72.30991074241709,46.32698900947445,29.141509802442062,1036.3730809002552
2026-08-09 12:50:00,179.78668567090273,134.0544061712329,34.82702388765944,90.08835335176835,60.017276492286996,120.14230325512709,322.80009037888533,347.22701614269727,337.27326082984945,352.2210943538276,0.39848171974435187,0.06010968955134409,0.31219603290966363,72.18736174014444,46.31757372921166,28.798907920622025,1042.312865437222
2026-08-09 13:00:00,180.0697559463894,134.23202028168564,35.08976852489024,89.98196502916873,60.25825403547746,120.31998507512819,322.1018162841551,348.2577094347752,337.3594716360062,352.11687686738696,0.3989642538073411,0.05976221747694978,0.31033910885848176,72.0729294996995,47.135199475540674,29.17461224626336,1038.9171302563748
2026-08-09 13:10:00,180.14122275722417,134.45590642977385,34.972915321915856,89.9542362964533,60.157913863058006,120.59110841902012,322.401045892691,347.31834124683286,338.11953797070925,352.9414845888724,0.4010466229290582,0.06278966658248321,0.31362760654543487,72.59887270068035,47.0061422869584,29.396016610970953,1041.8417652420947
2026-08-09 13:20:00,180.04329274124973,134.26726604614345,34.97142531180025,90.11294716123227,60.03009161905187,120.60623910295658,322.51821753036637,347.1762256334736,337.65936210392124,353.17949307811136,0.40135174862397227,0.05671613228954747,0.31344889009268223,71.90737081644316,47.214061876220796,29.14962578406551,1040.803771082467
2026-08-09 13:30:00,180.31422202649105,134.24371144292368,34.97733804768374,90.1143031638045,60.204080677654154,120.59270192411348,322.5895548775066,347.28131329907234,337.5137638982253,352.6810834411106,0.4014336237652825,0.0611094155774474,0.31555671523090867,72.38380010204001,46.63010284536936,29.055984230419597,1042.8905507302275
2026-08-09 13:40:00,180.24283260022568,134.63399039041778,34.84632121028119,90.07508039955209,60.194118463984445,120.68096071589004,322.9109999754683,347.8006607136278,337.29775127232995,352.908985903471,0.3989201017577011,0.06035471854895871,0.3107715372224508,72.51160303978989,47.418721956551664,29.01208126332558,1043.1954857217993
2026-08-09 13:50:00,179.83488352482573,134.09663145030498,34.96696465925963,89.99082404135477,60.05000929766354,120.33069389490018,322.4751854296754,347.35164970858204,337.4154724850835,352.11355050826654,0.3995105254739825,0.05782332224208435,0.3161658398641621,72.77350186203132,46.80537717319691,28.830297161316246,1042.7811090309735
2026-08-09 14:00:00,180.0248964677535,134.0852573124355,34.740981893399024,90.01269337197967,60.52685026414191,119.234546697834,322.27571442262985,347.5342664713404,337.64502966150786,352.2070523432973,0.4034570394536692,0.06243082468973475,0.3151387103295398,71.35027951402897,46.03963343859076,28.86164808972216,1041.1639937744799
2026-08-09 14:10:00,179.83289479829108,134.2862125370794,34.965720747181734,89.96858834110567,59.89414943128089,119.9345178852432,322.6406000358483,346.88908258108086,337.21184565157716,352.44088971012997,0.4016534108308645,0.057422592317990385,0.31462455978307746,71.90886158712173,46.50922170247606,28.907112745333418,1044.1137323632047
2026-08-09 14:20:00,180.11591118947118,133.9247999317813,34.91531173292496,89.84486238972949,60.42761184816312,120.15696025631169,322.62501525573407,347.3949801404999,337.565106849684,352.499594073479,0.40164836893083095,0.06017221883411742,0.3123619702673313,72.08880424607098,47.182102987555915,28.852936397359827,1037.4122168294846
2026-08-09 14:30:00,179.82657035914175,134.1315791807991,35.194708174722415,89.97972409059736,60.63993557607171,119.80843686749616,322.7136089370243,347.59116281709964,337.50248903573595,352.65587232731923,0.4020002669164425,0.06102022029179146,0.3141937490913999,71.49393525068659,47.224070612721256,29.023542666278644,1038.2131614275675
2026-08-09 14:40:00,180.18466225430123,134.18146108784853,35.05252218315944,90.04188231364665,60.64432217625525,120.45563042745098,322.4843868643961,347.59699442889564,336.9924259315565,352.4671108726834,0.4039351552885736,0.05912557577763838,0.3121645364156116,72.22513516277347,47.035587378617464,29.07183595189754,1044.5637801816576
2026-08-09 14:50:00,180.07762902299154,133.9039783844084,34.984933567073675,90.01900524287784,60.09005375672764,119.81989301390725,322.63631269994954,348.0220720582724,337.5871178969561,352.5905338427231,0.4000067789845303,0.058445438760750035,0.31482430771156605,71.79253986941744,46.57227309041888,28.8559411338324,1037.1703118888834
2026-08-09 15:00:00,180.19416691717555,133.63990335274354,35.023385101569815,89.82749047776095,59.952656974395055,119.53712648501815,322.41843480498534,347.73711087785193,337.95437952708244,352.55603205255466,0.4009365130080296,0.061656569132579477,0.31274602563904674,71.58750477254341,47.05863712000706,28.979684412245458,1042.4152882350143
2026-08-09 15:10:00,179.97098307662455,134.08268421876775,35.08137540889486,89.91910180289196,59.52669488035622,120.72214949971954,322.75591861273404,346.7257473068213,337.45737116741066,352.7992141209524,0.39709718863137305,0.062174067361760434,0.3112378270889353,72.50530488575505,47.46152073685602,28.896471739092675,1042.176402206016
2026-08-09 15:20:00,179.70874136076552,134.35041444124707,34.929321018051645,89.99473763318511,59.990511722302585,120.33300215490317,322.3957103702858,347.1036120225149,337.52606348428975,352.93815141733495,0.3996052153949029,0.05880348539597511,0.3123782161460941,72.7380778577883,46.2020437079323,29.07034881845852,1044.4884246409533
2026-08-09 15:30:00,180.35316703635795,134.1255804658318,34.98318908055881,89.8961216528753,60.742785362999435,120.1096268921002,322.41010254864494,347.32543110552365,337.6702799347969,352.88286006620336,0.4009334522750388,0.06246916284102872,0.3108845971472664,71.93638936406457,46.87127935804956,28.905049329922225,1041.252058197916
2026-08-09 15:40:00,179.96548629829402,134.373658427314,34.970394674982934,89.95333834563675,59.53595710770114,120.46335454572991,322.9404628848027,347.5042150285838,337.4130164495878,353.04007473330944,0.4015845262738377,0.060503756197338006,0.31426872162574787,72.49314355127713,47.14958467402544,29.019021603077963,1041.0125035810509
2026-08-09 15:50:00,180.2753380123634,134.13821436119596,35.26110197249219,90.05297910818261,59.54243970685123,120.53126711966769,322.37270932812385,347.6093527397573,337.0715516970039,352.5664896074121,0.3988348286747632,0.05747098872839038,0.3123215570604603,72.38458671618966,46.96891472674073,28.988446283277277,1041.5944105252604
2026-08-09 16:00:00,180.086036467412,134.17206126349865,35.01413686934895,89.96821887663629,60.25991867482428,120.17051790548635,322.60071106138025,347.78342750900447,337.6076080281364,352.4884843043889,0.39754837795948317,0.06145000789128984,0.31111752642755724,72.00495456235036,47.45090557255371,29.14450996588946,1035.7331710138312
2026-08-09 16:10:00,180.13478246307108,133.73030102033783,34.805261411307185,90.00690125448709,60.19393474118289,118.77116929055285,322.7695196380856,347.09381814177704,337.46624651025104,352.06440798547675,0.39858824339629856,0.05963470553469043,0.3177233169125701,71.47396107960328,46.1530105838966,28.93278449124487,1039.3224816473678
2026-08-09 16:20:00,180.36594982286292,133.77667035054017,35.08829405234177,89.91172295702508,59.45860292936751,119.66220527466614,322.5098265953516,346.93327008125937,337.40795989093624,352.12621997556215,0.3960425907477503,0.058972154630849,0.3128753551171845,72.20521946306049,46.93833384953884,28.733396574093373,1039.9800230563135
2026-08-09 16:30:00,180.06804706036505,133.793716369896,35.27169355132235,90.05563797017314,59.99042908868729,119.77171043521085,322.8731633071993,347.83770028036383,338.0222374789314,352.87127288038545,0.398119011202079,0.060652229052397005,0.3153779629679221,72.09467614039954,46.641901060018064,29.03164011493121,1042.9459478127112
2026-08-09 16:40:00,180.2800462614715,134.12450142233627,34.90860968131698,89.96742274328224,60.11030956707553,119.50789955244343,322.43640213682966,347.30302120728413,337.63992073764007,352.7754689606522,0.39998385432004663,0.06061045458337967,0.31159302894764973,71.79275677378767,46.664099963460615,28.95096119243331,1040.91939531854
2026-08-09 16:50:00,179.7031348889887,134.26336632200346,35.36329309081014,90.15131858504915,59.55158514657134,120.09933871696016,322.9115806845732,346.89973661378394,337.38436136640513,352.6454031444865,0.40121202019524016,0.05830902809287763,0.3137458658232002,72.22612484602075,46.977264260568276,29.000742392077083,1037.66193429564
2026-08-09 17:00:00,180.17422002991998,134.21601639375564,35.00016440705444,89.92849256478436,60.29698256424669,120.59610106642567,322.1519527023102,347.32040401402725,337.4041350877636,352.54025611577237,0.40321535769553113,0.058762388625012534,0.3117313323613086,72.22746453158325,47.29513487437489,29.27627750707939,1041.5628906107072
2026-08-09 17:10:00,179.9516225843625,134.11307789746854,35.10920793376866,89.8546325271941,59.60872759847391,119.75754720739647,322.214623533015,347.474443971162,338.0920466886908,352.26668103498014,0.40058828069652735,0.06117919228652453,0.3141764621215623,72.15348297041439,46.46850976124873,29.203657753210436,1041.361170903785
2026-08-09 17:20:00,179.9731865277758,134.16166222988304,34.94871216496337,89.96518272610399,60.348601116214525,119.43258366516456,322.63590575875975,347.2466839562633,337.85879953626574,351.97883987298064,0.3987048346813588,0.06139340388034906,0.31353309656795564,71.76286990386762,46.949453284261395,28.60998594685089,1039.4047792971758
2026-08-09 17:30:00,180.00174327258796,134.90468971596925,34.97887289937801,89.88855984846927,60.06883851981781,121.01401740545525,323.04041729185195,347.2591175571148,337.08185472969507,352.46357149029967,0.4006699624375979,0.06343880256538659,0.3174576731430507,72.55395213963332,47.35871229048898,29.207680376490664,1045.2475943264944
2026-08-09 17:40:00,180.06930542334868,133.97802705481715,34.88016131541109,89.80235085102393,59.7978635529644,119.77428119695124,323.096399038131,347.9159427137622,337.8012848289433,352.5641359130332,0.399496628672355,0.0598132479377819,0.3082877733685415,71.71227824832233,47.22738807534168,29.02486234658409,1040.1551513122104
2026-08-09 17:50:00,180.3314320955608,134.15032328737692,34.898038699130126,89.84041778968299,59.523513247858915,119.38351753764337,322.3686506314461,347.28370227862274,337.4715690482885,351.87039445531286,0.40236380252483417,0.06022684177599454,0.3129516574134459,71.73279350448624,46.15902436610114,28.835089172396984,1039.6600723037297
2026-08-09 18:00:00,179.62925737714448,134.68746656363234,34.786417900812836,89.89958299137407,59.904859004479256,120.11883862480923,322.61566516979525,347.70762551620146,337.44760899142534,353.04102381757804,0.4023967064288337,0.05831775464908456,0.31605864144555007,71.69699234544375,46.649743940243575,28.821084258849954,1036.2415347319995
2026-08-09 18:10:00,180.00880803565838,134.3201980439471,35.123967842342516,89.72365695149031,59.97905095747629,120.21284129079477,322.48134156697995,347.68286412590834,337.96335027420173,352.44306433565,0.3968920124863091,0.0639086137839716,0.3090757500355543,71.98917361986322,47.03258016444401,28.99658698777695,1043.053576987226
2026-08-09 18:20:00,179.85670258405855,134.4164456732542,34.888477401027494,89.84392047065681,59.968509764636565,119.64747495515967,321.9961514009008,347.51318510591466,337.8431764370169,352.7789511032758,0.39968700059268947,0.060422094701559306,0.31459126176886687,71.37278632895307,46.62614040710951,28.693266670802377,1043.249804726834
2026-08-09 18:30:00,180.23316280093863,133.86824189318955,35.0444975892908,89.83455911711005,59.8288018372146,120.39522678729413,322.84444265070255,348.3293848190622,337.3742902189921,353.04260424595094,0.40441807814987835,0.0608605779594924,0.31293368322375664,72.68259574841981,46.352442177415845,29.068189204026613,1039.346097898909
2026-08-09 18:40:00,179.91538164906999,134.4572427600739,35.040333971751416,89.81294047454047,59.94409107673746,119.75634028085666,322.5218965914789,347.2196606371135,337.6262832674252,353.1037530844448,0.40268398978930847,0.06253793304043723,0.31362051704161,72.33262042888154,46.27211401390877,29.047451457114928,1037.0522618610364
2026-08-09 18:50:00,180.09135400973125,134.10514898978872,34.939682317120194,89.81255425315615,60.26986225947041,119.5385245423048,323.03910154278725,348.40026472854623,337.8257084902603,352.5619512509846,0.39982327655565564,0.06141684391361752,0.31157098412861556,71.85715028405686,46.014315242994776,29.14452821166259,1038.5907642035484
2026-08-09 19:00:00,179.92049924513336,133.92227888450952,35.01129215302809,89.80925008161473,59.73353393445993,120.08929543426243,322.7190424978072,347.3419299141818,337.6002254293002,352.9473684626866,0.3940064493644111,0.05839793922905865,0.31186410091028416,71.76203127486856,46.78753185777708,28.91789579501817,1046.1474903475466
2026-08-09 19:10:00,180.13361173026246,134.54263051726332,34.996620745346604,89.95027149655107,59.94445333907773,120.38538448856248,322.4821494281408,347.5502285799331,337.76283553095647,352.93179088299865,0.40162110755127706,0.05929876616729815,0.3091102869932978,72.19806550070494,47.056042010365616,29.120832004246903,1046.6510077765531
2026-08-09 19:20:00,180.20296066542207,134.3733880452782,34.95539108001635,89.83776247584967,60.145587619058375,119.68307425440265,322.43698962657265,347.72399673290937,337.43008939220965,352.67798420363494,0.4010078021545301,0.062264954105314366,0.3118355539374916,72.34187891712402,45.675470790395025,28.952217066109608,1040.228251737911
2026-08-09 19:30:00,179.9205200036321,134.56496298364334,35.01141533266996,89.79903274021,60.000722153035746,120.1653127780071,322.5875517566712,347.9675259634205,338.0313216184726,352.75950239816007,0.39991608252474925,0.06061282678436574,0.31223530641674485,72.33165579103616,46.87929397512023,28.99974073188875,1037.8009524611134
2026-08-09 19:40:00,180.00981510364815,134.4993172828829,35.01150236729848,89.80517921283311,60.26759703179982,119.95325418029732,322.779299312467,347.8471705550093,338.08171473439313,352.3995327547948,0.40185656572610834,0.058943264767042036,0.31123132666250364,72.33109657043308,47.04215954017721,29.156423203619486,1038.2432555653536
2026-08-09 19:50:00,179.71592796193409,134.72943445491308,34.901306020843144,89.99627905429418,60.47508702469327,121.41221682486807,322.5026965342129,347.53477376134293,337.44780160624595,352.7450850342323,0.4007858031320862,0.05948743601325289,0.31594018865889273,73.5705178220926,47.15960736587709,29.170372446480997,1039.5252972921649
2026-08-09 20:00:00,180.06107995739234,134.02712610876208,34.87287954531753,89.84365643467795,59.900673170531654,119.64572015941846,323.4770112859981,347.53727819013864,337.22100306576345,352.46966307527236,0.40138316149329795,0.06210771740706385,0.3130201296555683,72.38369510933173,46.473436363194175,28.983017819460468,1036.8662437282574
2026-08-09 20:10:00,180.1712535869312,134.4248344807828,34.9188786787428,89.95887945836398,60.072076335227514,120.69208580026975,322.7128489330299,347.9968650466985,337.50849161951857,352.6043273159814,0.3997089663351839,0.057527023255546365,0.3152402677214313,72.75788091306151,47.402369678410324,29.338423146501242,1043.3811195060932
2026-08-09 20:20:00,179.88891899454248,134.28217516190475,35.01866123690732,89.76414415096176,59.123125175794094,119.97382685578056,322.3181926773647,348.10658672002586,337.9136626995617,352.70378300290514,0.39986346612538914,0.05963982816209422,0.313543403060484,72.11353672879399,46.08617911604222,29.07038281249439,1041.136248947289
2026-08-09 20:30:00,180.22407254278323,134.36109147740564,35.14854836715595,89.78363539459492,59.90248257694278,119.93661899816385,322.6794658857998,347.4888315624452,337.71726725887504,352.9587616885247,0.4009836343119024,0.062216136165073765,0.3106974223738809,71.88057008394738,46.873484711951534,28.758254440930173,1038.853264336534
2026-08-09 20:40:00,179.5853379301594,134.32829217013375,35.157525589937165,89.99415177731191,60.20872043295784,120.36083255576821,322.99556641415654,348.01847152496345,337.6404942735109,352.6048230109776,0.3995385015504936,0.06204700882149602,0.3124653966479516,72.2449369553215,47.198304545839434,29.027228660028747,1042.3277477074264
2026-08-09 20:50:00,179.6297329108264,134.464339293675,35.03847209947744,89.79096360808246,59.66967749947604,120.44699528327025,322.7865234081462,347.8234952121466,337.71371947712413,352.59810696189396,0.3977887952353891,0.05785685304792751,0.312459128514282,72.52198292595412,46.982881425731065,29.182288060096475,1042.7211004185544
2026-08-09 21:00:00,179.72235152184774,134.690975306085,35.10366357950525,89.96931865107331,60.407106931784085,120.6335078204767,322.564160419206,347.7325880818521,337.2159197468742,352.5541294039199,0.3976628042308072,0.059717582917780315,0.3118863924207525,72.73692811559057,47.26302982789271,29.11589275466235,1046.924582843635
2026-08-09 21:10:00,179.90304104359794,134.43683137328964,35.01876121397893,89.84837177841341,59.43981033040191,120.16432586756758,322.46828927404084,347.3280273902331,337.65001383034667,353.50736997822247,0.4007378473896806,0.06067479583462497,0.3146421914581728,72.2287219210131,47.29529159696709,28.93988753386263,1038.4535044289019
2026-08-09 21:20:00,180.00372370950856,134.67744943705836,35.119912531310796,89.6841488649721,60.41305003424096,119.69980180512104,322.433006002529,347.2826997429228,337.63427822838315,352.55823773437254,0.3984838441435071,0.06046951681664359,0.3141257649451897,71.86168657377523,46.59911432830524,28.856181480846736,1044.864252131628
2026-08-09 21:30:00,179.98422709013934,134.66539243756327,35.01924052490022,89.58463789290612,59.85110392719931,119.73117694790797,322.3186599150459,347.7924855939562,337.4769473076289,352.82842380867777,0.39839958443251106,0.05947825048320687,0.31216510154393123,72.05110142728313,46.8932343792223,28.816327160283496,1043.400094403283
2026-08-09 21:40:00,179.98658161042763,134.19059497391586,35.0465376394127,89.8177855754109,59.69910819083729,120.25482659544167,322.5180517914181,346.8324416162318,337.9078193867228,352.2348118760243,0.3987825584016769,0.05879255859597521,0.3137863342850384,72.75685497364664,46.964959379723346,29.183441451874742,1039.0040176862249
2026-08-09 21:50:00,180.14471520421841,134.32037566187304,34.97668702493489,89.68171594477948,59.86014853051406,120.29044993530387,322.7497652338118,347.51809377894557,337.4741014227726,352.70587101277505,0.40152972982947116,0.05940187069072681,0.3110733546454351,72.37772789100744,46.95877347069058,28.963439593253216,1042.8659253432538
2026-08-09 22:00:00,179.9055760313053,134.31028579868416,35.0053883915449,89.70413803696137,59.92612762824893,120.69902547034825,322.5074177284593,347.79744813010984,337.4810106705066,352.33048357274055,0.3958787151338115,0.060248603038842226,0.3118447054890062,72.00069357180215,47.35554600769056,29.225219113892702,1040.4819854952261
2026-08-09 22:10:00,179.74728488961614,134.1862190106831,35.20172922998898,89.56341948223596,59.70059463692537,120.20921522770935,323.1565258411416,347.1715239590667,337.8866121649786,352.52480145945617,0.3951312594922845,0.05999590118468268,0.3154261262841223,72.16863521200133,47.475451793537715,29.11536973612108,1044.5063990476244
2026-08-09 22:20:00,179.75124258219822,134.62924531288144,34.882314746282205,89.87001970474223,59.59037536173946,120.53008413262887,322.7898649326359,348.16299923108613,337.86859854789316,352.92159594361,0.4005112638988845,0.06330172271585453,0.31502284105524164,72.4264324927021,46.82228563241724,29.27354279051202,1042.8548733012344
2026-08-09 22:30:00,180.4225330042077,134.40487835932953,35.00622582352016,89.77261863690666,59.84841937313626,120.75838551739197,322.5497663420981,348.1747640257041,337.70187565105294,353.2192243081971,0.39968898473642495,0.06070128987287074,0.31466315135441053,72.81737497691537,47.455529144726114,29.41953350121978,1040.7676740856555
2026-08-09 22:40:00,179.52957674687855,134.18200446889455,34.944898722240566,89.71292985093652,60.29120742422156,120.08240027226556,322.6730327525026,347.36010514148603,337.7518365400266,352.75245112831186,0.40311454819961845,0.061455330000462986,0.3160288256763558,71.77792236859428,46.46381847733935,28.944583540630155,1044.202645059509
2026-08-09 22:50:00,179.96473428182455,134.07183515965016,35.10496534904115,89.68662885831834,60.12805676022407,119.25722067420466,323.11751468911564,347.6473574653946,337.8020748264238,352.88661267101253,0.39948953060411124,0.061193529756680055,0.312916188324415,71.40125019553719,46.74695775219884,28.663626180580934,1039.8790075026664
2026-08-09 23:00:00,180.29158138565427,134.33632136338892,35.19324663291699,89.67694493480268,60.409981797763166,119.41036145674971,322.18401680023334,347.6452208684383,337.78799792651824,352.7587058602177,0.39713595560362724,0.05933798880355803,0.31231571283263376,71.3496276313388,46.93854104052823,28.874924645731717,1036.8684645907804
2026-08-09 23:10:00,180.09667312465058,134.0719737148761,34.97366831625986,89.64778387560632,59.82205646952341,119.28109856590474,322.7588910583905,347.52209804013086,337.39337770042306,352.57354000198,0.4006480924559686,0.06168219138551863,0.3134134309977764,72.04587172287981,46.332351797185595,29.08666546740735,1038.9374710974653
2026-08-09 23:20:00,179.83408875888904,134.56398008414013,34.71956119968118,89.78928517372523,59.89861811085921,120.79579519050705,323.4815698464426,347.540868644934,337.942194549351,352.734360140208,0.4007225229116078,0.05882036431197896,0.3148868946217398,72.56811275376278,46.538263913945165,29.239137867888452,1045.2283781888052
2026-08-09 23:30:00,180.0004371955916,134.42699102378458,35.06935409298132,89.62082572907904,59.90501981158139,119.57629570258553,322.98877138832387,347.8347265136956,338.29952863487426,353.0059220203377,0.400785498968744,0.06208548544697132,0.3156882154500599,72.00342275608665,46.68797898691236,28.88411794943009,1040.4915750752953
2026-08-09 23:40:00,180.17278375891766,134.67839751715888,35.0694164842332,89.45838558235647,60.04870697141314,120.61592078270614,322.4282515504774,348.19165259933635,337.8111443073493,352.77482305888225,0.4008029242553422,0.061292816800254786,0.3128982683269049,72.66293437292309,46.79904924977754,29.37535924275305,1040.187752425835
2026-08-09 23:50:00,180.2416297567486,134.57642350706246,34.83174664379923,89.7604377691703,60.144347089824855,120.29286595578193,322.73411770944466,347.7198425478663,337.6177952458333,352.60063569391434,0.40445103336294397,0.058949305760770954,0.31276361737864566,72.15842171359498,47.27947018803328,29.076566575619005,1040.5585727919458
2026-08-10 00:00:00,179.8201317563043,134.85802479656724,34.98075485755966,89.76272564403445,60.53430194764871,120.85763456341952,322.6298743403877,347.72862002600164,338.0530938075107,352.5745752380664,0.3993679743973322,0.06164643897590881,0.31519301060202587,71.98641624636564,47.64651422186921,29.162581874038043,1044.434499948843
2026-08-10 00:10:00,180.15209163401065,134.36401801371377,34.99879879146041,89.69295448243805,60.21699709524757,120.50154690974392,323.5228513889758,347.7391713813453,337.8907363810609,352.8648926082537,0.4008709370653984,0.05909658487324378,0.3139873322443499,72.85114782911364,47.26539019402457,29.417191778088384,1045.9229857483979
2026-08-10 00:20:00,180.05050011557066,134.43213902875434,34.76665270460602,89.80480473168171,60.05473985814337,119.9488148693933,322.50521419548147,347.4944764923976,337.4778437310052,352.62276818121643,0.39997855173680325,0.0615973478638217,0.3132876420854625,71.45369153763065,46.98543359365926,28.878779502092943,1038.9082484414903
2026-08-10 00:30:00,180.22088096277557,134.25414053156857,35.07545376011781,89.49960242249752,60.41328870910873,119.89998477480337,322.6251310673636,347.8910606193094,337.67684684187833,353.00333062019433,0.3965958737194556,0.05792716772120883,0.3114062521575828,72.02675993204657,46.49124646737986,28.960350062696474,1042.150420216188
2026-08-10 00:40:00,180.278083078506,134.6307776346859,35.05113025765399,89.35522177814369,59.7695170197298,120.04258385997308,322.610121313581,347.5573690645297,337.5347331873471,352.3015396394938,0.3976261191097585,0.06040213999414802,0.31256379805013623,72.19771613497551,46.67947904573133,29.160583126558286,1043.010336238563
2026-08-10 00:50:00,179.9313389076666,134.60840889403798,35.03035485921753,89.78811685641892,59.60955258130292,120.08763047594942,322.2892851178653,347.4127750418575,338.0190016843738,352.9583266261274,0.3982142196901633,0.06265066650222294,0.3131199250343916,72.00609860591537,46.971864275192694,28.996183156887692,1043.9560171860785
2026-08-10 01:00:00,179.71008145918327,134.13373992886218,34.89589044078347,89.65157036726819,60.20577071134028,119.73462816443829,321.73807934639217,347.90582052717906,337.3168468725221,352.48402621703957,0.3994020136777579,0.058852831286001966,0.31331113708937214,71.9560320613474,46.41117573244822,28.947390399340257,1044.5351898079155
2026-08-10 01:10:00,180.07916730372327,134.68663203091353,34.93190918879611,89.45910368230996,60.05511970861642,119.98368585120568,322.64380026972776,347.1529213111549,338.09197791198835,352.70952836643914,0.39759175366771105,0.056037264251029624,0.3129183744209708,72.06448939948592,47.114521966414365,29.01819827249699,1037.526970663174
2026-08-10 01:20:00,180.35532428746245,134.46161392708234,34.940003629359715,89.63281947309349,60.040943923439116,120.80466003100119,322.86792049076416,347.56290116453505,337.5121775490267,353.37394512901466,0.402877992003586,0.0583687036149733,0.3149905555652714,72.58491253019106,46.79532796571237,29.07706051976354,1042.1830918267096
2026-08-10 01:30:00,180.13711642176605,134.39246536859653,35.0550760022421,89.61470951479194,60.28531918784258,119.14893084458717,322.5902796949304,347.5983795356389,337.808179333841,353.0512594674344,0.3998318580812501,0.06095821411996322,0.31312171789646803,71.64371592583774,46.55405186427758,28.745184037927306,1039.707958149611
2026-08-10 01:40:00,180.04603256608718,134.5245432034835,34.90364636567467,89.49549024475354,59.90397103816885,120.12924406976343,322.866104163445,347.6784806943258,337.58926553964665,352.5835774302691,0.3980630348767652,0.059766821870606016,0.31241367836410167,71.56949906971462,46.786637106420564,29.24486870155392,1042.741867638685
2026-08-10 01:50:00,180.48020910688268,134.12951519660717,35.15701424170347,89.62522614733895,59.97088480238831,119.54652359700962,322.94445116494177,347.25917257983195,337.8380421079977,352.6252614875196,0.39854233978078174,0.05675511566714681,0.3122014288287794,71.25495749933691,46.735288375864194,28.93823337023194,1042.6285921095405
2026-08-10 02:00:00,179.79199482362432,134.2619934158676,35.04458380688321,89.8129308546249,60.11877225412435,120.09351854140245,322.93035154859774,347.43880922070645,338.07438220419516,353.0139798569603,0.4001156504613598,0.05886750929189107,0.313574932748955,72.40315434529661,46.1972816463346,28.74543269401567,1043.2536574955363
2026-08-10 02:10:00,180.18059803759002,134.53120793117242,34.77975538918366,89.75766308575842,60.2000733714236,120.4199278876041,322.22521850761774,347.6814594953444,337.9160164733267,353.0298087918947,0.3987419639687287,0.058975659934902835,0.3139126369912797,71.90117305528894,47.03403218570515,29.10440567938759,1038.9672791208288
2026-08-10 02:20:00,179.88591246782843,134.44685981549267,35.179819923804715,89.5801898682179,60.30080009751122,119.97119490977116,323.1737880236476,347.9078613678749,337.3626713244691,352.73948269449437,0.3978418380891538,0.05590680478803696,0.3139894789827178,72.07114574208335,46.57534507619416,28.854500045930227,1037.1186841355873
2026-08-10 02:30:00,180.00992686660155,134.44972889607726,35.02174794074306,89.63851028962912,60.039738572860415,120.3864934599242,322.98423474711853,347.6951942417239,337.6532430965355,352.97638994121974,0.39751648065831974,0.059022202735083316,0.31393233198382664,72.7100356896332,46.55916673007498,28.948664122055263,1041.341943418383
2026-08-10 02:40:00,180.0179287214684,134.32350562285703,34.94827999342931,89.42490868733103,60.08413189877952,119.20508029930791,322.96972474475757,347.6694044118467,337.773836461628,352.6257785266166,0.3999428276480131,0.059598556765096865,0.31183290771654004,71.63204896442593,46.355614893099165,29.076600223505462,1040.6464344542544
2026-08-10 02:50:00,180.302927327242,134.37644809345647,35.01587049139585,89.62009914193686,59.27623311167597,120.55349455633274,322.7377077426924,347.4830807654981,338.3020561350351,351.92288600410495,0.4034933312726464,0.05897879602617499,0.31533540582008324,71.9950201068483,46.67587082646278,29.22840718510124,1037.2866112842644
2026-08-10 03:00:00,179.81279723891438,134.38040659608416,34.81592791095943,89.50957036321842,60.37247983508581,119.69843537867594,322.73593960424967,347.7419931091666,337.58292891608255,353.08650273982073,0.3944154756678033,0.05895414592353326,0.3106668103211047,71.86209668388186,46.87502571148131,28.98536964364367,1038.9637896116085
2026-08-10 03:10:00,179.89298245817562,134.58361135861958,35.024905295340275,89.48072145460867,59.53191964117142,120.31120403489618,322.57885339066934,346.90336170696736,337.61867547261403,352.6098934301936,0.3992008261178975,0.06251119378099786,0.3086527448129879,72.1818104447852,46.249617141762045,29.057859437218198,1041.941539923996
2026-08-10 03:20:00,179.68140959550647,134.14933366542013,34.7501709519629,89.4254767441565,59.990724622101666,120.09122404798823,322.8650390590455,347.93335443787794,337.5082582246697,352.94094376547827,0.40003969171113696,0.0570454653545376,0.314258048049453,72.03231321424285,47.026182427362755,28.837706335954508,1040.936739256274
2026-08-10 03:30:00,180.0974398327433,134.1340639841405,34.8990157756012,89.64857597283405,60.766830569718046,118.7072189104381,323.01572407114975,348.03140424167674,337.7277678256604,352.71015287181467,0.39831229469894414,0.05877751851709614,0.3142261563066764,71.3951273192347,46.752183491406186,28.68507103104206,1040.8511202176142
2026-08-10 03:40:00,179.9083536380265,134.12682296232668,35.14565829105714,89.5239940483592,59.90553116054545,119.62196793926489,322.57670103142954,347.73900406771776,337.9447417495683,352.6784912200016,0.4044219849236414,0.06216757905321923,0.3113077051629585,71.59551546802223,46.56149018468397,28.986719831738128,1036.7899782092918
2026-08-10 03:50:00,180.08439340853258,134.04577867667163,35.13603616071198,89.44225253911523,59.52761630570304,120.1102541839677,322.9888719465753,347.455698416059,337.4492349667187,352.49733007684824,0.40029969175761515,0.06020380509385197,0.3118944163377465,72.18281099834027,46.79800594985478,29.10048214529114,1041.7482990642993
2026-08-10 04:00:00,179.78534684293615,134.6339815920104,34.96960083021897,89.54214416616367,60.48899684014613,120.77698804078456,322.61177348533465,348.1477355652606,338.172873563939,352.9996225635165,0.39652900290511983,0.05712287419166208,0.31470516660122394,72.86766076001064,47.0197925035798,28.857346363932407,1041.5042429164068
2026-08-10 04:10:00,179.92812327597164,134.51197418769206,34.9046523475229,89.68277719045658,59.83686000001655,120.14363414295184,322.92661963021055,347.54784281405256,338.13223585259755,353.0242740703216,0.4004718093640946,0.06076274331317384,0.3147462817227503,71.99502093703481,46.97305978755139,28.945671767774407,1046.754880391452
2026-08-10 04:20:00,180.2077858109966,134.7347570618989,35.10180972967522,89.68953151106332,59.95448519362955,120.12884793988538,322.71065439079274,348.1552050743,337.9967435758847,353.1546187378605,0.3975601775879542,0.05491764900081948,0.31165977991791133,72.25079308696843,46.89170351986916,28.952769232127444,1035.7404975892366
2026-08-10 04:30:00,179.96513615718058,134.19608810360072,34.99972625067401,89.40427213345001,59.95386769760852,119.29365795518531,323.0094614170237,347.6741404754349,337.94438501616696,352.9878648580108,0.4015398109824185,0.058886421408345296,0.3115457805105351,72.03006770720579,46.253047787965926,28.922979542955286,1042.4837467101997
2026-08-10 04:40:00,180.12512782530342,135.04336618564187,35.026913226302504,89.57729974818577,60.22472416771132,120.71557334826174,323.3270578949142,347.5294264639121,338.49518006992616,352.9084185694929,0.39996708039612383,0.0610027278118611,0.3139237434729843,72.60563478158156,47.2248297471,28.99828875222123,1037.210753395921
2026-08-10 04:50:00,180.10566531152912,135.10081384198082,35.0699579742399,89.6536694087119,60.2373516604173,120.90353849759406,322.82682755422326,347.69523323259176,337.44116984139407,352.6223227891331,0.40232574775426433,0.057194314784069875,0.31546680573034946,72.41906773188182,47.154648241891756,29.152413384228772,1043.6819381962223
2026-08-10 05:00:00,179.92936546300922,134.75337586990838,34.89304720075961,89.46447050701218,59.96623797560284,120.01428752156198,322.61676756900124,347.556893063806,337.59665138433445,352.79572557220683,0.3980124548589454,0.06126231201236548,0.3171273909403395,71.36575136182643,46.5347661532275,28.731881376869495,1040.971788694653
2026-08-10 05:10:00,179.68805081335904,134.76342011446576,35.08723881784656,89.36813592576769,60.337654588347014,119.89012147588994,322.6380414135541,347.7135024989584,338.4135751409116,352.9140471206368,0.4007050087061741,0.060030972337877686,0.3130317798969036,71.54543055896961,46.83728299878345,28.79950953642645,1036.5293408406244
2026-08-10 05:20:00,180.19708000874684,134.35014883933977,34.78498201524409,89.33400688637484,59.731919494909924,119.19047514209517,322.950287601919,347.91426993484134,337.3969093329083,352.03298420596184,0.40321855732017114,0.05983407941488535,0.3136679510746193,71.65737736142711,46.60707782343839,28.846835797061487,1036.3811416780372
2026-08-10 05:30:00,180.03414147446304,134.5790159409241,35.156785003692725,89.5128545108661,60.206312155892995,120.44166052947824,322.6221657722927,347.69059123659395,337.8634837418682,352.4366831344088,0.3994284345728024,0.06510377995168684,0.311107276192747,72.22889114531012,46.82744579652775,29.129499728849673,1041.941732620317
2026-08-10 05:40:00,180.19665601796098,135.1094714928103,34.8414762826855,89.49142240330698,59.81583739314463,121.35113966284621,323.0595747509913,347.6332788895602,337.71904015404635,352.7355715762104,0.3978819812435346,0.06147740272586533,0.312407490283449,72.8431392790144,47.70784219532604,29.278108610927568,1045.7549070585071
2026-08-10 05:50:00,179.59746231293434,134.86188450350556,34.939361736536156,89.36650690089131,60.21334922690357,120.35855653739324,322.86051268961603,347.7661397784934,337.49074593263356,353.03889036279816,0.39921625488286866,0.06017987355626873,0.3078746993140652,73.2567461263433,46.63938761589064,29.021824063281407,1042.1015461153459
2026-08-10 06:00:00,179.66907813718467,134.81001707116675,34.93505872881723,89.4849050986584,59.802126856947886,120.6318517590766,323.042121938395,347.89104103739584,337.4890695807892,353.21819939568877,0.4003782193482038,0.056527328573705314,0.3089704741095317,72.58858580471941,46.63989793274789,28.89704884596189,1038.006026795658
2026-08-10 06:10:00,179.57145450343106,134.60407320809162,35.08032014858631,89.57068995551441,59.87093960341433,120.27104364685408,322.61382253205676,347.7771552365428,337.7123506872682,353.3130783342555,0.3991869116756348,0.05678604138595008,0.3151799354900253,72.03686326292154,47.52684565459957,28.948426803062635,1039.5325001222034
2026-08-10 06:20:00,179.82463246779014,134.10237179119054,35.08214222441124,89.48784107189798,60.446623827253994,119.50749205671562,322.4964075821608,347.9405974348725,337.8607972233206,352.5681926299685,0.40083140353081786,0.0590764873545301,0.3134796526504816,72.1856758775827,45.96916346759301,28.850771833797577,1044.2083626880217
2026-08-10 06:30:00,180.2083899804007,134.92140614530382,35.04186341206316,89.47164941698766,59.66517050461204,120.66833631550993,322.5611409323783,347.95421667478,337.9296855351305,352.8205670100317,0.40222350472734303,0.06000684529525985,0.3114171691341803,72.86654225264981,46.357907325724646,29.071697739659214,1041.0910919998657
2026-08-10 06:40:00,180.11319839719857,134.44942121191752,35.060912157571565,89.58986008976248,59.64974002776936,119.38271255026514,322.90065732827674,347.8690350652257,337.96216384276676,352.64551451238884,0.3982482119584314,0.06114698800488179,0.3150040101204147,71.67580969341076,46.68310279330425,28.794839960894436,1032.7343553863673
2026-08-10 06:50:00,179.99316920839283,134.29330813716777,35.05317718960348,89.35238752500074,60.17519542792838,119.89466754716848,322.55331054822227,347.9985469321077,337.806376653586,352.5578057895014,0.39680677056628494,0.05795528512357583,0.3124759541307179,72.11532007089403,46.65786652230294,29.068070690888707,1037.7517389597192
2026-08-10 07:00:00,180.0262480590533,134.6525880373104,34.99680568306025,89.43425381304363,59.92179034362852,120.13942587250126,322.99265843339055,347.79140798040976,337.79706137363434,352.69821848122973,0.39810931848985637,0.05896534156525713,0.3117599287186992,72.20779493748982,46.82518280574869,28.935362576952485,1036.3977453319337
2026-08-10 07:10:00,180.15215764252628,134.8765114815545,34.805418458769466,89.32136974758033,59.87332647445175,120.44145483038832,322.18191593562875,348.1287712158988,337.9738499201163,352.84215891918586,0.3966895221647089,0.06090695111671012,0.311210847496252,72.24719246219108,46.46669835634879,29.049837493505386,1037.2685954830495
2026-08-10 07:20:00,179.93956992475177,134.64251435525068,34.76425345765875,89.51267996406133,59.95968938371431,120.20799283271548,322.5949536114305,347.91219111836125,337.5999631369068,353.0554046041793,0.3983575186745031,0.05686808323005081,0.31244459716022954,71.8646171685433,46.46511676447227,29.067367131785417,1044.131769349992
2026-08-10 07:30:00,180.0792137900596,134.81842451950192,34.76467582447299,89.41655371422347,60.64016332398734,120.1934172504167,322.7452181893952,348.0431157959227,337.3928117514417,352.36233397331836,0.39937998817651554,0.05970073279878781,0.315930464088368,72.5072651024544,46.40570505653697,29.137559635932007,1038.8949050486915
2026-08-10 07:40:00,180.02799091452653,134.63275231366595,34.99921281759808,89.21699120405087,59.69123420279951,119.61925596578561,322.2558355274354,347.73827251893414,338.0485062745177,352.7734189090415,0.3964647511373904,0.06180364524170822,0.3118711888808372,72.08859683639496,46.45128848857253,29.062733079099374,1037.8485437402408
2026-08-10 07:50:00,179.56259147169283,134.11207862066686,34.980442928800116,89.27800660155691,59.921032537510456,119.35531429301977,322.617492981946,347.3758609498337,337.17036538893177,352.5134904544834,0.3999574045277325,0.05914698169309485,0.3168086078491764,71.39279126225689,46.324181036718414,28.65915595720139,1039.2965183684037
2026-08-10 08:00:00,179.923034235714,134.56608012002317,34.989611634999434,89.57963534608331,60.05213635818371,120.03074033413161,322.3578893665334,347.667353523868,337.96845085910115,353.24215110704614,0.3997430741092438,0.06029375902183896,0.3140999537524339,72.15185317800517,47.028272890517734,29.147212330082937,1039.273766667051
2026-08-10 08:10:00,180.27175125676442,134.60155748183206,35.027496463973584,89.44094922113845,59.719600448379154,119.64490261137855,322.7814742087133,347.8140016056896,338.1870970541763,353.3362341875722,0.39663798199270134,0.060121611133499626,0.31512953937438704,71.61057369960852,46.62186651807467,28.971900737658576,1037.8583360553757
2026-08-10 08:20:00,179.9208278781859,134.594815054252,34.979526414220565,89.35408693458338,59.991497944136526,119.34610718596538,322.7330091125723,347.9137859646196,337.42698770714367,352.6776468134909,0.3989576147467341,0.06082917230987216,0.3128584770112714,71.30408252557226,46.762865324117335,28.941107004206483,1034.1193300435893
2026-08-10 08:30:00,179.97138212673033,134.70353422284632,34.89988131386204,89.42484060857815,60.147695757912096,119.36702676424903,323.0258924046394,347.7960401428362,337.1326992121137,352.6078119636359,0.3965069253762679,0.06078440745880801,0.3102797125778819,71.80653802954207,46.528786480725664,28.96591209712382,1036.5757003334868
2026-08-10 08:40:00,179.87862676932136,134.176765243475,34.84737315506868,89.20176220896971,59.7285159564956,119.75493576291345,322.5601346874749,348.24536816472454,337.55027837997073,353.01147440281403,0.40097491880773023,0.059590682995968314,0.3147907003690239,71.86217389326222,46.13967647829026,28.825920937374082,1041.3491277095138
2026-08-10 08:50:00,179.90307356890497,134.32637181435788,34.80613594285279,89.22556730419393,60.337504474151274,119.07371056991299,322.32945035768074,347.424974038852,337.9026384037653,353.11650311216374,0.3991844280063632,0.059122554825534794,0.3106648058608563,71.4529424968136,46.54232742498866,28.808299606620007,1039.7980128386864
2026-08-10 09:00:00,180.2248024379569,134.56715358719757,35.13065600860128,89.18810252469838,59.65839770394045,119.32626564857782,322.6521192351718,347.2880123411044,337.5198313401958,352.5279664091076,0.40068489243093897,0.059288944785252214,0.3150444382139133,71.68384760995512,45.94791845102235,29.148303443681023,1037.2520480212143
2026-08-10 09:10:00,179.94638280382244,134.6254737366743,35.098478585938224,89.22210816295451,59.958379756638394,119.18243153546537,322.8534809814312,347.7608853461442,338.12564609045893,352.7001787863193,0.4025288749867281,0.0610721725294026,0.31462403953699064,71.69890898273101,46.65193504969683,29.154194629900417,1034.9372027173297
2026-08-10 09:20:00,179.7956101831166,135.01435216002594,34.862639902536465,89.32344422912293,60.10270609243175,120.09112973189083,322.8450571695339,347.61497530072717,338.010273223653,352.913684468003,0.40105526269400554,0.05814094000911149,0.3126006748848875,72.26767121299396,47.10780506140392,28.63184360444612,1037.6717186141416
2026-08-10 09:30:00,179.37772733263594,134.5375393115221,34.975194968696215,89.41617336226413,60.9574310007392,120.2039921147592,322.86909049093146,347.82809677523915,337.5194886798133,352.51477067157487,0.39970306630686325,0.06259577043068038,0.3111552356057237,71.9147562334422,46.623703570562846,28.648155500955756,1041.97502192256
2026-08-10 09:40:00,179.88545930975755,134.90722326020665,35.04972274473179,89.51236965103028,59.47601098442079,121.00357048159141,323.18205900634223,348.0161980677729,338.05190032803847,353.28936376702933,0.40031191503574,0.054805344373942924,0.3113820927003089,72.65206586653248,47.60845946604933,29.452306267621303,1040.698246964815
2026-08-10 09:50:00,179.60663663845753,134.2165613896289,35.17003040957723,89.38420357002899,60.086208239945016,119.25123510038381,322.7185370088945,348.6263444763241,337.3873622398476,352.8501593301161,0.39876508842203995,0.06104242986583847,0.3140657309714894,71.78051719397641,46.70799451716319,28.736171961733955,1038.2625860178127
2026-08-10 10:00:00,179.63525010129314,134.7227365804107,34.940843984535505,89.57629604451529,60.7587422010392,119.66020152054517,322.7631571380752,347.43594402234214,337.68730657597393,352.85887544444665,0.39962551336948476,0.06332681761255796,0.31110044524535485,71.43726064424175,46.63546503152456,28.86368083714595,1042.1294268228053
2026-08-10 10:10:00,180.1590356153253,134.55940271225515,35.021868079136304,89.30980265003639,59.82222644300982,120.4563056946614,322.5781528163986,347.5098586879812,337.89509129473157,352.4887155688377,0.40317947914840246,0.060169763984850404,0.30701079626959354,72.36226329527422,46.990772070904676,29.188838252887855,1037.2555764480742
2026-08-10 10:20:00,180.14173511314814,134.87852462729924,35.12435958501033,89.31280442228118,60.32854030854343,119.89161309750553,322.6548777197023,347.81258704216134,338.2289668322994,353.2140004072011,0.39853325911236237,0.06122293760403776,0.3099757580051008,71.59010968645893,46.67491379599092,29.045627581666082,1037.3912235663686
2026-08-10 10:30:00,179.61655746721436,134.8165762717517,34.8222612098694,89.3558796087772,60.0657570585372,119.8365010306461,323.1407234342233,347.3949324120377,338.0693391462478,352.43736148932885,0.3994681238386699,0.06069652133638692,0.3148453970891124,71.9117577111897,47.11633706243031,28.78616840441886,1037.3855633665883
2026-08-10 10:40:00,180.17029589426832,135.05713941525036,34.92699649699122,89.28702929844638,59.571980093913886,120.85458485166977,322.94114348488336,347.60883464947324,338.2855007128505,352.62723123556987,0.400143956511229,0.06550048188046095,0.3136509262490451,72.7573967307512,47.136271271726386,29.26027853657066,1046.166247369298
2026-08-10 10:50:00,180.09187169505094,134.21023599987274,34.999394046703685,89.26547772016004,60.1196622051864,119.83079692023964,322.0636527693844,348.21554328858326,337.39642778737925,352.66730320348125,0.4003949157556918,0.06187071649460387,0.3109799756950737,72.00119142121824,47.080062053936594,29.006101803564682,1038.7182453489781
2026-08-10 11:00:00,179.8432862525801,134.37809389906266,34.92821452146566,89.30090381900708,59.733861495463024,119.421902565333,323.19518948578525,347.8201300525074,338.8073606776005,352.81013328136214,0.40114779194959627,0.06298039004139896,0.3119924371781336,71.67018859365612,46.85139491088251,28.5770973861533,1038.0370371378626
2026-08-10 11:10:00,180.14687618351903,134.6384316286319,35.22405282009797,89.16164903066627,60.02712422810474,119.34153002006653,322.2523510708357,347.83166358356857,337.57210454046196,352.4174239120299,0.39737747609913887,0.058861302850553014,0.31211575173797007,71.64103376670938,46.361180306284744,28.761821849453035,1034.2213952708196
2026-08-10 11:20:00,179.6746714670837,134.48081456235013,35.09401860711218,89.34721914125744,59.55079814983447,120.16784716115697,322.72147873348786,348.16902073942094,337.9245730941784,352.6181771924905,0.3986636785608672,0.060140242493195974,0.3175743909137595,71.8270861543671,46.97594326683875,29.098449268058342,1042.804594284678
2026-08-10 11:30:00,179.7591140494289,134.71302305312145,35.02389845445774,89.41556855671169,60.22039808576519,120.15262080170298,323.1322803522877,347.33852661166907,338.3160547800732,353.03474715589243,0.39948639671492814,0.05906690569411231,0.31038714703822157,72.45205554031891,46.833905708048256,29.165827430091426,1041.0110098927228
2026-08-10 11:40:00,179.71206227228168,134.47479743097568,34.90305840939842,89.12015068809201,59.27615240946772,119.3141488148569,322.88577470256325,347.88210313819803,338.00080417144864,352.84545456672333,0.40023340793449574,0.05929068361836679,0.3108827135082901,71.27767143229603,47.057861198924,28.73664333750576,1039.162452833985
2026-08-10 11:50:00,179.77769925531769,134.73815185023702,35.09385530984421,89.01194359365687,59.949909877172644,119.50730187113685,323.0143396859047,347.83380931019775,338.2122355007459,352.89646721381536,0.40091064897271406,0.05867277681281625,0.31273982677011114,71.1627658209792,46.45667053226353,28.940151882320475,1038.6417338129036
2026-08-10 12:00:00,180.17573776110166,134.86653038174381,35.069391026825166,89.29346584176187,60.387472942166774,120.2673563189078,323.10820959862446,347.92943887615525,337.47776498036626,353.15738674316526,0.40048081855063716,0.06023276721326708,0.31358690558123753,72.04836202547004,46.858166864740866,29.034488516582453,1035.2999622091218
2026-08-10 12:10:00,179.73327417378647,134.8762798952729,34.949474360169525,89.17779580087195,60.15576150688319,120.28863338626257,322.9418336235789,347.5583469146024,337.510666815136,353.00001362743154,0.3997997307954924,0.058167732454508125,0.31180068946235895,71.93245868736074,46.910236699643185,28.88105099331506,1041.9043868728966
2026-08-10 12:20:00,179.7697403728909,134.54422573069542,34.957856370983194,89.25105351705197,59.89603033096636,119.678388958198,322.4842366448135,347.7272505973711,337.71914544838035,353.1712480675313,0.39784552395285705,0.06161484125417826,0.31447119613642216,71.95511948243018,46.243742290330886,29.008278031119048,1042.8507788608813
2026-08-10 12:30:00,179.8096603509396,134.83940168487408,34.85044981352174,89.22697571816578,59.93052994819546,120.31110810092599,322.96692695247276,347.82638120650194,337.684148691501,352.87540626768526,0.39738774371793817,0.06023097657604295,0.3128669329914067,72.09192070900926,46.788176615353656,29.01511730323615,1039.457625894056
2026-08-10 12:40:00,180.039092745686,134.80834935787428,34.9950989430805,89.29450452858217,59.872894841098514,120.28592729364529,322.6538660483308,348.0753062202405,337.89110654099466,352.6001769295114,0.3973132058013396,0.06133087598994505,0.3115600439439703,71.86295087790361,46.943146298461976,29.04014781198437,1040.9833598695145
2026-08-10 12:50:00,179.93206114597763,134.60480770368588,35.09359707827901,89.29034185221713,60.81649906031929,119.10845912564022,322.1475887266397,347.64644869520254,337.76076882960194,353.3740750703413,0.401295008076701,0.058610451980804924,0.31154306150393796,71.14616456197928,45.89716022316291,28.599414542977016,1040.3176321107526
2026-08-10 13:00:00,180.17246789311685,134.66724233168924,35.10766723337143,89.30424811848091,59.984810760132284,119.84396812477564,322.7778965126236,348.0438992181443,337.50839008866683,352.3598830302888,0.4027539485729092,0.06084450445003782,0.3124220065939063,71.56197062888363,47.02171027634718,28.768959176234105,1037.736999708876
2026-08-10 13:10:00,179.85772790301488,135.0277644213031,35.06369926155114,89.20686014413673,59.9964043212741,120.20756279556056,323.0285090966453,347.2385992517406,337.9307586780303,352.46065395271114,0.3979798763162065,0.06497467760277789,0.3125966837498617,71.6509548171742,46.54615776598048,29.072122979045737,1040.9072736103021
2026-08-10 13:20:00,179.74211446016866,134.33444820615784,35.089204283815974,89.08700829944371,59.78004755594828,119.71346214891801,322.90389407167726,347.9920169960829,337.43962313799403,352.5303862562399,0.3969003598738695,0.06187016665315146,0.3135799180471096,71.80826521128736,47.20252433981453,28.87172954368091,1043.7593628181232
2026-08-10 13:30:00,179.8991713644464,134.65879705701684,34.94155342301789,88.89694963147885,59.858034423695166,118.93053406551614,322.87309206291104,348.09726240252803,337.6567037746941,353.59534452137734,0.3989183353516177,0.061268669098571336,0.31527634891227996,71.84351908927498,46.61928436594109,28.986547939548927,1034.3661837492514
2026-08-10 13:40:00,180.00697108028191,134.69200429442537,34.95392521882326,88.98606973912204,60.18351299805088,119.85849263926694,323.38652408296804,347.60334115177693,337.96579601117253,352.9066431894208,0.4000762872271491,0.06178955173304541,0.3123431424772711,71.64585661454272,46.742930199326764,29.0908857416978,1045.518670133481
2026-08-10 13:50:00,179.81317839060532,135.11841934041405,35.128789196443314,89.15248932484829,59.817555827575895,120.3760465799707,322.95551491078425,347.7869489106904,337.599419596713,353.21135221710557,0.39856193272223867,0.06260396398604715,0.31439503901935273,71.96040777618344,47.01169786929109,29.15823877836292,1043.9403298215393
2026-08-10 14:00:00,180.05479825167052,135.04799332137117,35.05008329084318,89.26337698409029,59.75848257172594,120.79020279290657,323.1472207996427,347.87426614539646,337.8677698049242,352.41471255034105,0.3991731071372246,0.06279362120332081,0.3144430100431693,72.3892660901161,46.60431265591371,29.17520448479085,1037.3793354037764
2026-08-10 14:10:00,180.3622697997758,134.60046716891938,34.91997355769297,89.05204802562598,59.83516077155706,118.904608669373,322.97619812315037,347.96235432799284,338.0735965286507,352.55594288566925,0.4009483229644686,0.059010714655892894,0.31173200278447527,71.2700332804907,45.85523398077906,28.846580682212103,1033.9900228232236
2026-08-10 14:20:00,179.8823548827199,135.49856108686132,35.05525462662466,89.21773471016455,59.89442951344402,121.30666067278213,323.3676904333827,348.23233967763423,338.3278237072969,352.98654916046894,0.40034577088332846,0.05926430854237482,0.30846034297852687,72.75852499239251,47.73370181538673,29.24012092975314,1044.1675520701674
2026-08-10 14:30:00,180.00725806570952,134.50336106837673,35.08963224894123,88.98580429407349,60.05230412952696,119.43643183448536,322.77459162036394,347.9372957566151,338.2444627306437,352.7529243045521,0.39873059984205755,0.060644665442350185,0.31295462894039955,72.05348527280162,46.70813395921985,28.913096317659353,1039.631660664607
2026-08-10 14:40:00,180.26866074823462,134.96666901964306,35.07674843306521,89.04594082739541,59.85463971806416,120.47848543540057,323.23444690051315,347.81708360638885,338.15028418407746,352.9297406130281,0.3970743652834791,0.06309139962739713,0.3133397483422162,72.25059352302527,46.82559503336451,29.324088726177195,1039.000742247089
2026-08-10 14:50:00,179.86843920845743,134.9658156933377,35.014106286733316,89.04213500374829,59.94276006255075,120.6170990352672,323.42616569912093,347.8279108931659,338.0343770851337,353.0802257315663,0.3993327061496497,0.061905020153354855,0.31537348725463177,72.36088473460487,46.940598884184006,29.4091369755053,1045.5334318622758
2026-08-10 15:00:00,179.8283882950438,135.00527190874612,34.94896572120894,89.26070024547931,59.77512931614343,120.4915086500669,322.77978455592853,347.9675204975719,337.50468799199587,352.9273169197525,0.40174897658877307,0.05918966429214361,0.3086182193590784,72.28804028370051,47.36400724950097,29.37038150158803,1044.3591546529851
2026-08-10 15:10:00,179.7788856437563,134.51597043728293,35.04450329357569,88.96838664903248,60.3713917798229,120.0748092397802,323.2018591553742,348.11864518612657,337.6284859360111,352.9280876047462,0.3962957672151794,0.0612736209474697,0.31404426056105855,71.70491500761824,47.07201033124051,28.914546261527498,1043.2110630209224
2026-08-10 15:20:00,180.0770568334552,134.59643045104895,35.17971100852682,89.18151022587021,60.027331443745716,119.41929116865604,322.49394443214624,347.9669226665266,337.62514684229694,352.9679598340432,0.4026499140792161,0.06117221076903487,0.31241495571012345,71.34265787723126,46.43187793793053,28.715072040493155,1034.1085764400939
2026-08-10 15:30:00,180.100162020924,134.87189325024923,35.01813361819683,89.07982333408121,59.90592122150231,120.31327939399304,322.9903184912803,347.732995539175,337.72680721636635,352.84353460832205,0.3999743720570562,0.05928283942774896,0.3135791918380207,71.51298642014937,46.664732558374006,29.02232063560945,1039.773000672689
2026-08-10 15:40:00,179.96736345995143,134.55584661062963,34.933046973210494,89.17118304968409,60.08733096071804,119.64238341161224,323.11660439939703,347.79716543402367,337.852277874674,353.002256959292,0.40260961121981464,0.058842353946265254,0.31517363638743706,71.57822041565183,46.85256348230188,29.043215852387938,1045.9600132994108
2026-08-10 15:50:00,180.00531689210285,134.38524240613182,35.03815669890662,89.07357742392989,59.98649635655519,118.73865252828135,322.6555636377139,347.66649365682883,337.60630079506274,353.203710713356,0.39833369610296226,0.056413285865970234,0.3135183693861781,71.00644487165194,46.311370149647146,28.801817999305026,1033.3667873311344
2026-08-10 16:00:00,180.25141961458937,134.97772648002714,34.874105965856295,89.30074279153811,59.52992437569748,121.41444931685814,322.3731349746039,347.6450708820432,337.76522442513703,352.6322752598655,0.39806454039704353,0.05714543622945098,0.3140489322448059,72.81390931236655,47.43370579061004,29.320995105316086,1043.9286427915508
2026-08-10 16:10:00,180.16992975348725,135.22865005226788,35.026622602543455,89.26684313398908,59.946102920728535,120.35405101098033,322.9202062671397,347.75946245032554,338.23792703712684,352.9986078745683,0.3969844139039706,0.05809742823306969,0.31347074031504024,72.51125449957351,46.917238626065405,29.304915309690987,1042.6521575207646
2026-08-10 16:20:00,179.71595364925918,135.22104258988327,34.97145808639212,89.10260168916128,60.49569040311779,120.90903856424328,322.81090787328577,347.7360290537482,337.768081666931,353.1855814207508,0.40009107541284883,0.06342214385901321,0.31051844310303933,71.90197930416424,47.05454371797743,29.033468606812033,1044.4941700214545
2026-08-10 16:30:00,179.99410067761377,135.0748766330415,35.102569238449945,88.98565895405001,60.15158639980034,119.54418859625278,322.96505711790326,348.1308929480707,337.3160072137333,352.8617123765419,0.39988813794727773,0.060413551405545364,0.3134169156111803,71.94193985108417,47.13050219762205,29.0296504930224,1038.0680718910544
2026-08-10 16:40:00,180.01683402306568,134.9137475253421,35.01339820020951,89.11338516765792,60.35327030518168,120.73375141170595,322.9990633964327,347.5596849958477,337.81953248912157,352.8940893635194,0.39922308464295786,0.06215028866313091,0.31204770328569154,72.94950457911767,47.3107382982188,29.125035288941696,1036.7545018626417
2026-08-10 16:50:00,180.13959063013155,134.87973220330093,35.11210956740622,89.07846014134331,59.798921459208984,120.79493457907449,323.1609804313318,347.93136954217687,337.86284230906375,353.4820338608633,0.3998088252135007,0.0605651066682115,0.3135461325579849,72.45442396187197,46.972168255491916,29.108021410227103,1040.4530428380854
2026-08-10 17:00:00,179.95070809507686,135.16506494417698,35.24247219666602,89.21380357080493,59.55414940674487,120.77727476225058,323.3791072184475,347.56953701612014,337.80017894436855,353.26514838276347,0.40051826391876527,0.0597127969398214,0.30927292938621875,72.48864687303964,47.332907669534315,29.258175493290885,1045.042997405177
2026-08-10 17:10:00,179.86611987895316,134.5339512034362,34.97988126208227,89.07788503153449,59.790747101193546,119.98939683339393,323.0469687232997,348.14650959709087,338.56029119205584,353.6206012438726,0.3980731211963981,0.06320919500180604,0.3142859020483261,72.49099986115591,46.95281533929428,28.86743611703144,1042.793758797595
2026-08-10 17:20:00,179.90339617313782,134.7233595104713,34.915536452275624,89.04359622673803,60.405496407823115,119.3987689781287,322.4690417688087,348.0053766812927,338.19520096725586,353.4950909409104,0.40146874185029985,0.05981782819151203,0.31331866698133043,71.85382988414321,45.98207158861927,28.89427275673043,1037.555276191841
2026-08-10 17:30:00,179.63923037920964,134.70882269544347,35.050464844156046,89.11371971519755,59.70022474304343,119.91134359656819,323.1226791878209,348.2878129177781,338.4297243686892,352.83270471521183,0.3965179212018895,0.06169681157969112,0.3125409843693307,72.07550303222025,46.69660782818414,28.85747893721075,1041.813687387721
2026-08-10 17:40:00,179.9895691958252,134.46017782854005,34.99337323129375,88.95030486556179,59.76182120341694,118.8986154431167,323.0411262059822,348.08045065094655,337.7311111038998,352.7261069130333,0.39870691548547804,0.060615127927450704,0.3120872916207111,71.08545769473396,46.49771737754811,28.619907768082733,1040.6780146845713
2026-08-10 17:50:00,179.87519465250483,134.66206779953194,35.017301864311904,89.11794690261654,60.331609077793644,119.14899380529823,322.9713566077447,347.6240382951778,338.14942906289633,352.85090447006405,0.4003155227776023,0.05874714634233691,0.3148050004082479,71.32345908035461,46.71943811701553,29.00100761213184,1036.385353070817
2026-08-10 18:00:00,180.08766677419285,134.91347134081772,34.93971769258233,88.88174216705272,59.92486465789126,120.04596939057514,323.3988556516525,347.93620131775145,337.99663466041767,353.2025066804583,0.3991206423119704,0.059068727945719136,0.313528014060216,72.25772189498133,46.77729688364664,28.94950476162044,1038.0735073374603
2026-08-10 18:10:00,179.7889497170003,135.10345125237416,35.06039180421603,89.04510699075543,59.940455666682624,119.50430076711591,323.01095148654645,347.74389157714637,337.8970077203082,351.9102758142927,0.3999594994296995,0.061268356907984343,0.3143189274369458,71.99768441301846,46.810656388473355,29.128218069348563,1038.873076749113
2026-08-10 18:20:00,179.9068374562682,134.99750032109768,35.009686136434624,89.0940791802371,60.11422461262734,119.91777657227263,322.82936895661317,347.77709757420206,337.67164067321517,352.9591118501268,0.39653388613532337,0.059289125664168434,0.31375687878546643,71.99282737205087,46.38269877262503,28.836619717983606,1040.6890231750078
2026-08-10 18:30:00,179.7981521773826,134.63078078823145,34.77737680998431,88.96440937414089,60.02609732386193,119.94550012429931,323.07469020441494,347.63326792685274,337.99239821557717,353.31163732883255,0.39901714083041084,0.06257514249650888,0.3118801110967084,72.375530738742,47.109840228571386,28.921257441030875,1045.7619774175057
2026-08-10 18:40:00,179.78049578476748,135.40770591316934,34.97778703017211,89.03488292547249,59.909032694529074,120.9653635242592,322.46675946667546,347.8438042323575,337.34151547152794,352.9633619803253,0.3995242528111822,0.059340637036135395,0.313478802975116,73.05731238670708,47.69166938083191,29.137218000897178,1043.381774601469
2026-08-10 18:50:00,180.13346268203128,134.85404516029183,35.03714770625783,89.16674628441542,60.075937411569456,120.64881328487547,323.22477094380724,347.9624303575879,338.2213353535243,353.0499698072431,0.3968303497683964,0.06135113108999606,0.31453836364616194,71.84375414248363,46.86684275146727,29.186916377337702,1040.9431765166087
2026-08-10 19:00:00,179.90035775535426,134.92707204566054,35.12508272165849,88.9943091892427,59.78563151068187,119.97756370791859,322.96215211410816,347.99951576175766,338.77661207695667,352.883852743665,0.40074187069135236,0.06016111090563996,0.3119280338021525,71.90719227494148,46.76270761789725,28.730494598438277,1044.2624114656219
2026-08-10 19:10:00,180.08203103835055,134.86729205149354,34.94224555598911,88.87169643875585,59.987183386933516,120.60444976708467,323.44589285104246,348.6629287478443,338.3857535211167,352.45115914416294,0.3971670763804179,0.059843141335112225,0.31380214454112143,72.22078145880734,47.730471743856626,29.03194528493522,1039.864853388386
2026-08-10 19:20:00,179.76919522603168,134.6379545416589,34.9188286956158,88.85567479887231,60.19671891657039,119.61014342765483,323.1512183566545,347.89461170506985,337.301650007828,353.244205573914,0.39797174315785294,0.06098244528020624,0.3131363111688117,71.88339587494261,46.48198305353714,28.67000688577385,1036.5400049101124
2026-08-10 19:30:00,180.01230248637273,135.1366798816611,35.121971417196946,89.09944617285686,59.681739005159386,119.83155148795257,323.0619106495839,347.9693098641155,337.99697274179795,352.8744128989378,0.3970455030137541,0.059426077296951395,0.31542566018938106,72.67102251937501,46.631294079692196,28.770860349235612,1039.9565917056148
2026-08-10 19:40:00,179.65493369324633,134.97003386318195,34.93886022780414,88.9482801957825,59.93599642136719,120.4551121550587,323.00861073593114,347.9196564756445,337.7125542184198,353.1055147202989,0.3999796030242611,0.05873951036537509,0.31285571167717274,72.03257803337831,47.29894437299178,29.092162956531837,1037.8733164612731
2026-08-10 19:50:00,179.8969327253202,134.6138015068131,35.01322917198428,89.08758739002174,59.656910258915055,119.3791697112145,322.606149499128,347.8743478605453,337.7561158151013,352.9712174740968,0.3980635730230531,0.058787973358798436,0.3126473860769785,71.40812351234204,45.92166521988976,28.8776136018489,1031.9143442387415
2026-08-10 20:00:00,179.89190050947911,134.78891056881142,35.05147517397544,89.12070311282588,60.22375487389986,119.8605096358499,322.9341295257079,347.86265083023955,337.8625104700906,353.5557681567692,0.40076679720270336,0.060453292849118906,0.3114330621321167,72.14882721472391,46.01610089118578,29.185580037351613,1040.986752621526
2026-08-10 20:10:00,180.10878947822653,134.67575667518426,35.07903297125089,88.92347777885482,60.184550604789905,119.33957706995598,323.0482425967626,347.96857455639764,338.301954173039,353.11120350586896,0.4012406735369297,0.06041096748363892,0.3116967737345509,71.33164559142264,46.15046924185099,29.121630392582095,1035.6766476051462
2026-08-10 20:20:00,180.0281141591363,135.257202202423,35.00312317197508,89.04084441287672,60.28279838160051,120.05873620391398,323.25343557500264,347.89720189970717,338.1691425672211,353.1019529064308,0.39890191688377136,0.06239531555320685,0.31368284766017795,71.93641661669507,47.566102976280234,29.058446464171343,1037.4696490498873
2026-08-10 20:30:00,179.95699567575966,134.9839624419522,34.88656207379416,88.94993671883488,60.30973382613342,120.81625787779471,323.09224986654874,348.1697716380225,337.6957755949073,352.94472282662923,0.40066282446405416,0.0607176662056176,0.3151709241260269,72.83369842978693,46.60592747632783,29.14564533777959,1042.180345756558
2026-08-10 20:40:00,180.1593621228293,134.5981729733791,35.107390104227335,88.9060919167998,60.30723856440722,119.62395155544951,323.17227302258584,348.0829428188077,338.12191076809717,352.7292943993082,0.4030673126397465,0.06171437680549348,0.3095476877258649,72.2173494260218,46.458213204563684,29.105399325797908,1043.1236099646626
2026-08-10 20:50:00,180.02999672825277,135.11775777191173,34.95707854083476,88.90427087790418,60.21511977818771,120.11293974795691,323.17210963557847,347.70512136066066,338.001006241254,353.0997255996475,0.3963178594838934,0.06187383633877939,0.3118272137234033,72.57772956349129,46.94787188239707,29.030129183389437,1040.7087216268687
2026-08-10 21:00:00,180.09918346414602,134.51315590165385,34.94804035019899,88.98869513739945,59.76665728430736,119.55133904918175,322.8155908495629,347.96371846379424,338.57255343232396,353.306873477093,0.39620724298080184,0.05973960360294556,0.31343751944446,72.08468746772895,46.11482770212743,29.036332352272332,1038.3401836370847
2026-08-10 21:10:00,180.14480631599278,134.7201291029386,35.2108520241891,88.78834670296088,60.28064461682896,119.42522552837981,323.0635351235503,348.05445383308984,337.5137333078172,352.983875781282,0.4030773397071379,0.062206360035732176,0.31387149667124853,71.59127404146274,46.29760245163057,28.814547298250975,1034.7859028121877
2026-08-10 21:20:00,179.9782210399065,135.00668599849817,35.093563226656386,88.89437006449327,59.726245927436416,119.38207523982912,322.9121587801508,347.88780119753227,337.92440393256896,352.3321625916329,0.39786038000162055,0.05893602189008073,0.3113068171830291,71.62699683794396,46.485876541659046,28.543784309244995,1037.4708049711185
2026-08-10 21:30:00,179.9327399237936,135.21628359633598,34.89197867831072,88.99768052564251,60.69971794603774,120.7273760407048,322.608171806171,347.9025745910624,337.67518685553443,352.7513316112249,0.40526661543830733,0.05636300948211861,0.3109510553232462,72.8320122538032,47.51094617587264,29.19396871858164,1041.7809076980425
2026-08-10 21:40:00,180.05671865069024,135.268437240506,34.952105277546764,89.06879540992759,60.08660695723723,121.18121773530879,322.5340557433421,347.94403823173343,337.95433715897883,353.57259788830476,0.4013174104042212,0.054048749532683855,0.3124334961049179,72.59334692180963,47.06104247383913,29.0817909990712,1045.47775038382
2026-08-10 21:50:00,179.9079571453295,134.93097279888522,34.97661596401147,88.73787195373444,60.177941951602755,120.24152185265278,323.22707772601007,348.1505008919533,337.3535302627471,352.8212608755767,0.3950755901067574,0.05964174002891447,0.3139200533976602,72.37813000990973,47.257839352711365,29.099179359302976,1043.6599275345739
2026-08-10 22:00:00,180.06867657417692,134.70348050873122,34.92425947634966,88.72494649198171,59.6299737603445,119.64185351543134,323.4087203676519,348.02685338883094,337.68665091673057,353.0477676321811,0.4013508096869017,0.06221167969762716,0.3138177668770923,71.63026550807835,46.50401521893212,28.97169369933357,1042.1452843214445
2026-08-10 22:10:00,180.21254950126212,134.99874717812506,34.80286479868886,88.85772623733399,60.32166714958026,120.3524458171716,323.4072452325873,347.8216006477193,337.93608523239425,352.42036377944663,0.3993648021670922,0.059145554650983936,0.3118979966785105,72.52584280511972,47.036792879845684,29.143128285657777,1039.9491183893115
2026-08-10 22:20:00,180.1618236033473,134.98159729921,35.08547836098715,88.88236317977999,60.35202245163763,119.83283823682848,322.7384236241387,347.96607995152215,337.7905368062751,352.8229877102743,0.3998332586768104,0.05099555551780171,0.31363726302076683,72.13604809436704,46.961610001866276,29.011268560719053,1037.2567134317933
2026-08-10 22:30:00,179.91484205389807,135.38552631603346,35.08274091481036,88.95116022432616,59.529041408902195,120.40069917376869,323.4348440370906,348.3390954835417,337.70580119964825,352.73878088336147,0.4012979091835202,0.06277394239036534,0.31220259390311383,71.86846660129619,46.619710418593016,29.141735608778326,1038.1612160806715
2026-08-10 22:40:00,179.73431011883628,135.2541725514622,35.02743099362336,88.93368469849881,59.83276663481077,120.14549681909972,323.4543611963603,347.708093742205,337.9372378061953,353.2407820970755,0.39845175511751324,0.06272476334039291,0.3122320361217652,71.969019533987,46.990703217008466,28.97189041545634,1041.5234881000351
2026-08-10 22:50:00,179.97981079103863,134.9542607735122,34.96035907766574,89.10919735455442,59.85930194992222,120.13985207542754,322.7714380271021,348.1756300037319,337.8063368795053,353.1920264988955,0.39901584459452755,0.05838402562158839,0.3145314500163566,71.95236336178871,47.093458340884325,29.170773664632023,1036.7412079921494
2026-08-10 23:00:00,179.965821997158,134.9779591043384,35.02409137468734,88.97910468086144,59.805311874653576,120.30363802968765,323.14204833098216,347.91705451982574,337.69839632521854,353.17038626643364,0.39993125594517714,0.060820233356735934,0.3128231838045244,72.44560467920726,47.40644938189834,29.075665925867085,1040.0844909712139
2026-08-10 23:10:00,180.21175479058587,135.0754352146854,35.0683531674092,88.9268386229731,60.41455288563125,119.71025318151142,323.50505957432415,349.0623378823612,337.90667012793074,353.3127877318188,0.3962577852332377,0.06275044901359311,0.31419837493699954,71.75107491416667,46.74019046528033,28.771946667526297,1041.665694125888
2026-08-10 23:20:00,179.91439208049704,134.61181731920342,34.893788337118785,88.8202388033493,60.64944284037249,119.79781608844357,323.0298711840134,348.1741247383239,337.99005757171443,352.86333601303784,0.399081804600831,0.05860513170203389,0.31388540717238894,71.2399711309792,47.12064013437897,28.93776954798756,1040.8274307745162
2026-08-10 23:30:00,179.9490529931348,134.67712582046408,34.96753182857899,88.89630365355501,59.68019709950847,119.13937720497302,323.3546797364028,348.0100134220648,338.0837152032913,353.52364005129243,0.40016635691763525,0.058602080805733064,0.3120309942669493,71.47562631779593,46.755087636792936,29.027261178890456,1038.5980826177893
2026-08-10 23:40:00,180.1375996457099,134.90931699036787,34.943957952691754,88.92506369556982,60.314588384442764,119.77906527927327,322.8238689455714,347.96542344601556,337.46226224096677,352.94015351438355,0.3997196256422362,0.06059698742114495,0.3116578893446362,71.94088640796282,46.61233627417983,29.02609369496448,1036.535900658595
2026-08-10 23:50:00,179.89539747829903,134.60149254590965,35.07430361159788,88.88416460475337,59.92113271100983,119.28883365496758,322.9091821117236,347.5605280525733,337.86504558609266,353.29286597559684,0.39993669143973876,0.06165581526073525,0.3132369376980117,71.21442898381729,46.74393821572584,28.97671629175539,1039.9531187417301
2026-08-11 00:00:00,179.95889094239644,134.8332491555809,35.02913810776432,88.84401356632077,60.411017595245816,119.92765940048002,323.2708410695808,347.85321967407083,338.3457901104584,353.6545753512492,0.39966586318982406,0.05989332302391913,0.31274111114226694,72.35847592523434,46.75693230959688,29.056506122243093,1041.2901920731006
2026-08-11 00:10:00,180.33288263063474,134.97318311617295,34.86718311375146,88.88415686314984,59.264943949749465,119.52118452530686,322.96485669824426,348.58172142243353,337.5572940861327,352.8631670375048,0.39580631384691967,0.06082519011977696,0.31583027121475266,72.07058061129739,47.086299099869265,28.797031167155758,1041.230278939612
2026-08-11 00:20:00,180.28809320669103,134.75108249762297,34.937939192386196,89.00395891132582,59.869476364964726,120.05061721016065,323.0533747922568,348.1088951982643,338.03339212646137,353.1352057403643,0.39792568423033686,0.06070881350190267,0.3136267917857059,71.62212405191464,46.438995982914356,29.325774916334954,1039.4885377549401
2026-08-11 00:30:00,180.11633471569976,134.95758525659085,35.18526555951506,88.77945796732698,60.36471507016018,120.22661965320788,323.0454376876814,347.92437398678794,337.8483318900291,352.9874281514999,0.39582639374430506,0.06090488290317046,0.3131046853173942,72.16822734734224,47.27963696158824,29.14194294046379,1039.486060067517
2026-08-11 00:40:00,180.0442180662073,134.71556506331572,34.901209900758964,88.57510768419485,59.771474182166095,119.28993871446757,322.71774516511476,348.00683660926813,338.32569660690496,353.064689624742,0.40030382733092434,0.060845452825215605,0.31075273900547645,70.84412119200798,46.44927457396237,29.129167566257756,1035.3397678268552
2026-08-11 00:50:00,179.7971551399624,134.9614601492286,35.017545841106674,88.88631312133404,60.356891227002855,119.59336045287702,323.4629026544509,348.02442883622285,338.3698452379183,353.11940773830355,0.4015852199709918,0.05819634933107866,0.3121278283781546,71.49439395868221,46.83927579787825,28.702623473803982,1035.1507370633906
2026-08-11 01:00:00,180.10205782190653,134.6581166604091,34.936562653536924,88.86777294568682,59.846116320224354,119.5283440490823,322.98396573630595,347.740061101522,338.08260841112644,353.0081846349263,0.39999291009604465,0.05619375926717643,0.31406388606578445,71.33376255159929,46.78906353940641,28.662675624898863,1039.5775471350037
2026-08-11 01:10:00,180.00216021318096,135.4169457358448,35.13122178491121,88.8232475490791,60.3412422796968,120.37324671253923,322.9293390735962,348.0464600271402,337.85347374437237,353.03642042859855,0.3956882388989108,0.05903373446599684,0.31010556116375276,72.17389385347992,46.425971360622995,29.031189621001147,1040.8569736423538
2026-08-11 01:20:00,180.03462542965732,135.2972630015384,34.995183149199285,88.82854749715167,60.1748117286132,120.85318101369342,322.8964965318962,348.16440467372456,337.52989272013104,353.2474634655764,0.3989463491371277,0.05841324915539987,0.3102652946351981,72.56607708101782,46.88919181731584,29.372159115128714,1041.1515472661272
2026-08-11 01:30:00,179.88706823227767,135.17643722825719,34.95650625983932,89.1125651510723,59.87336916351544,120.42576830768486,323.0494132775347,347.59507169671855,337.8492026099621,352.6374375970072,0.4012711265839538,0.055843092518651265,0.3139750070644474,72.32175027793613,46.7763063804765,29.298826070563248,1038.4418467887658
2026-08-11 01:40:00,179.98816437948398,134.97006303846857,34.87990497957227,88.74655499705796,59.77043830927848,119.82529053615043,322.7573165727128,347.9533051547291,337.7571322194835,352.8160346360716,0.40064364862197127,0.06272388526128031,0.3137644010017951,71.73677363992421,47.238672159805596,29.11297799841746,1044.2469547643143
2026-08-11 01:50:00,179.9537781455603,135.20046388103475,34.976345511853985,88.72678280383046,59.948589400930715,120.73250319481807,323.2903944386129,347.23808610366837,338.0244406130544,352.89045077710824,0.4012091895371665,0.0585567723594258,0.3117740626030983,72.2822356263795,46.85448322439666,29.289084136299305,1037.6938508046862
2026-08-11 02:00:00,180.05353330919925,134.67053892919085,35.08764559496904,88.69475362888863,60.34729645742646,119.24294613177936,322.93596299434915,347.5417870204344,338.48109572820266,352.62796672219895,0.40133687848345323,0.06181849757901219,0.3127565599235252,71.6933341897247,46.71360197554015,28.89751038793234,1040.2993005750059
2026-08-11 02:10:00,180.2755849394253,135.57432913510056,35.07146059185855,88.88774917064198,59.9972279281504,120.74967902606404,323.2724357908195,348.26808682332836,338.589900302271,353.1478794836526,0.39759941841977436,0.058403022345483925,0.3118874779543101,72.28950734088271,47.472885153310195,29.073755645663866,1040.3718101150193
2026-08-11 02:20:00,180.0627186316543,135.05061342393455,34.864525198446444,88.6994034436992,59.79985901414852,119.67189289684909,322.7817044383883,348.38332559503954,338.1116127506199,352.9087087903358,0.4001999161050582,0.06054167806802384,0.31264499847367727,72.25770490810011,46.819208276579786,28.992458236604744,1039.7969608850156
2026-08-11 02:30:00,179.65957418328819,134.6516412863745,35.163362915517276,88.64361422637062,60.99612353447453,118.60985339242264,322.741786753374,348.56647095970146,338.05938957273787,352.7898599494107,0.4003364616239802,0.06060385290578942,0.3147493178519143,71.13448543334985,45.76764411826418,28.71697459331389,1037.563085571782
2026-08-11 02:40:00,179.79685088647494,135.73780959100958,34.9761107013694,88.88958546770799,59.52575836181578,121.32540236954237,322.7726108945738,347.66362810911636,337.98452465550525,352.64023825349824,0.3977283597979998,0.06065437784339282,0.3144110700972426,72.75385617670445,47.01975399641338,29.36162783627806,1040.5545663031407
2026-08-11 02:50:00,179.67436819914812,135.23738121126706,34.89243567304512,88.77559462818456,59.9311005455597,120.78901153716178,323.1144052672704,348.01240588046267,338.11611677108095,352.7852829254664,0.3985840071271671,0.059616287548990836,0.3173138821891073,72.67269383397715,47.17280338516588,29.27544880020146,1044.1418268479954
2026-08-11 03:00:00,179.83214426430132,135.09259342754828,35.01482438365037,88.737848619842,60.16165156374921,119.48405813643994,322.6582981994741,347.94251169610385,337.96752912977996,353.1864169934946,0.39949410317867584,0.059448188770402054,0.3157866552304314,71.59523780859566,46.5705212927196,28.800753961607438,1039.3226531222087
2026-08-11 03:10:00,180.10206430244813,135.1685707694535,34.93712675384997,88.7559188520954,59.68534146359259,120.08450432379658,323.29913938335187,348.3467886342752,338.5579577689954,352.6740782390979,0.4035780430603363,0.059861978689846274,0.31368475845798865,72.35910980679431,46.60429294238443,28.93779426076002,1040.6835275997867
2026-08-11 03:20:00,180.07050163356928,134.93219329665573,34.941576403051094,88.63611528689665,59.99548574671464,119.8927502738734,322.95504357055,348.1358150050359,337.80776658397167,353.33313632526625,0.40181875559818153,0.06550288676100441,0.31251922073601024,72.20048487258181,46.91602918189646,29.24231416063801,1039.8957590666892
2026-08-11 03:30:00,179.8708964673982,135.3124127301677,34.936027575403656,88.75385532933524,59.87263534767863,120.05111040164746,323.319530141123,348.068806826209,338.07041292809146,353.2488470330543,0.3997981578316093,0.06270044878379041,0.3149206956201989,72.12746914738551,46.812858937164364,28.842572075034735,1037.8230074034834
2026-08-11 03:40:00,180.04364766321186,134.6190526940615,34.99211064562327,88.57237002531879,59.55442078238225,119.25835678122938,322.9436995085024,348.22008243613317,337.8529864096921,353.1491633142644,0.3998706970930408,0.05846422478832208,0.3135549742645189,71.2091945699535,46.62443011800589,28.90267547354912,1046.317254131473
2026-08-11 03:50:00,179.8393623619765,135.1751704038205,34.94961973860664,88.80185233656836,60.13570285388355,119.6592530086666,323.29830028246096,347.91923933266395,338.32352272704907,352.55719975127244,0.3966070957274931,0.059646104498894036,0.31349445266172393,71.76836529482773,47.11214640588122,28.791058246459567,1038.3570119518417
2026-08-11 04:00:00,179.70690009062454,135.05946987920322,34.82428950453604,88.64962789700049,59.65713474444248,120.2339806413738,322.75713985926546,348.3306636482538,338.58352259615344,352.8355928365686,0.39983861755399813,0.05759800396318712,0.3144342269596989,72.074820825311,46.73531674843886,29.076840614037565,1039.0284076712235
2026-08-11 04:10:00,179.70975677814337,135.28016982068357,35.05545848270657,88.70482672489705,59.77268563928809,120.11134808497779,322.737738494891,347.9566412039439,338.2436583776185,353.3818001861008,0.401749686761016,0.06332841190562144,0.31297966776323494,72.15782092142753,46.89328729081034,29.116574698358455,1047.3892712901522
2026-08-11 04:20:00,179.81895097440992,135.6305570193929,34.94734682188778,88.574933806165,60.36912450093204,120.59961925500332,323.2395995381721,348.3715627408976,338.10597957450227,352.95618395625246,0.39896788242504216,0.06162371435853994,0.3117362775985334,72.43468132720213,46.59046689113371,28.981826514550576,1038.137202181342
2026-08-11 04:30:00,180.27392318170152,135.29776952104538,35.12514962926321,88.66820949737031,59.66289607374956,120.03987512871355,322.90359350958283,348.11108986975916,338.0656136360342,352.8422143723792,0.40083123980983054,0.059599420730555325,0.3140014559985947,71.96549632987684,46.67465718558899,29.042229868404593,1042.2699851863595
2026-08-11 04:40:00,179.72273549695132,135.4288153737184,35.05672677290505,88.6582546884532,60.180109676737814,121.174610842949,323.3813071672335,348.1265699561662,338.2250151905161,352.85651413335796,0.4025015713382681,0.05772942066320233,0.3122665900372897,72.68398980262798,47.36084063941379,29.280267588493587,1049.4228681346199
2026-08-11 04:50:00,180.23847677245107,135.06253774300023,35.065104432560396,88.82293861341803,60.35390568014948,119.64213422141567,322.8653247149243,347.7366785446642,337.91476152817063,353.1901474141933,0.3991743389652707,0.05798602516204591,0.3116288715549018,71.7558460066059,47.39629538507895,28.789923838486303,1040.7189967155198
2026-08-11 05:00:00,180.25530908600885,135.15523481942228,35.02007421729796,88.68984511798236,60.2970559547976,120.12966619597677,323.2232059914586,347.6231529951435,338.5518233349666,352.5253479019848,0.3967432105733766,0.05915469431655394,0.3141129325839778,71.83124041338543,46.85889542328884,29.284547036178267,1041.7003981168416
2026-08-11 05:10:00,179.95390559661615,134.65371842139825,35.135348795692664,88.67479593229037,60.13948465804081,119.04184105203326,322.8322421640951,347.61726003119406,338.58831886531704,353.38755753637867,0.3995793718325353,0.059054798635325555,0.31102335854906865,71.36142820269906,46.56496887537661,28.802993471381864,1039.3941306216639
2026-08-11 05:20:00,179.98040995983453,134.77768371983308,34.967331009863194,88.46625337713374,59.92815022828337,119.37343343561773,322.5617353039507,348.2089164590053,338.3644593430876,353.15067475551757,0.39948253097209524,0.05928812732491224,0.3103612505225381,71.4300448575566,46.35536558761386,29.147066867140353,1034.3025676991913
2026-08-11 05:30:00,179.86779612842858,135.418398752044,34.89843267382614,88.59767603949496,59.5772745167931,120.66426298046568,323.5015208129815,347.45577384715295,338.3094100344859,352.7726240084167,0.4051231745363567,0.059550190320718135,0.3167231206375265,72.40271936454033,46.931352993471606,28.916467594926146,1043.944148658879
2026-08-11 05:40:00,179.98518218463497,135.1602017505631,35.03688088218819,88.62235383057376,60.04179865767531,119.52859861626067,323.0186121308101,348.4634302432402,337.9472805017407,353.2689145307898,0.3996014149999957,0.05757623644778143,0.31445128869665007,71.33106469046437,46.578008382291145,28.677436628838755,1042.7348816815465
2026-08-11 05:50:00,180.12144891425598,134.9453674721853,34.71973477115685,88.54834644018888,60.131870554448454,120.26533758700072,323.3691191597077,347.9817923774865,338.6167345504726,352.27187397781717,0.3995639212086324,0.06037901758982072,0.312389627820606,72.71559650036389,46.91675432677858,28.99041686849816,1041.031253380949
2026-08-11 06:00:00,179.99182484199247,135.18932643970797,34.96299426587786,88.77096345901349,59.84512002380874,119.9691145713243,323.1366300116009,347.6923273995558,337.6594662342632,352.71807014940106,0.40178095684924875,0.059840608942824634,0.31347188277390114,72.31395381575632,46.69056950465318,29.135056412613405,1037.6028958978493
2026-08-11 06:10:00,180.18897280744332,135.15128470600828,35.02333925111232,88.57906111529664,59.70194010602091,119.47772552115622,322.5792807716736,348.17784006599686,337.8587384763012,353.1834146831205,0.39831359902701724,0.061252276153219924,0.31297256702354515,71.79118195691527,46.92359717571374,28.947358069017884,1040.9164786529936
2026-08-11 06:20:00,180.22674666890265,135.18851875345058,34.95806853845285,88.65171995831899,60.25878918736755,119.82587536290642,323.20492286422905,347.7261160343415,338.71204344692103,353.5425395411201,0.39911521773971687,0.057281043935752604,0.311569824692646,71.74442084661922,46.71539451968175,29.00595183895177,1043.9677586398016
2026-08-11 06:30:00,180.058433169417,134.94756317927485,35.13110284615106,88.65578446220023,59.68117278359383,119.74288318267664,323.4097786576935,348.0941050711007,337.95703619994924,352.7366977227658,0.39947546736562833,0.06146493470459389,0.3115570196089518,72.00488053916132,46.4808244970527,28.8276628648384,1040.44774903367
2026-08-11 06:40:00,180.0551416003338,135.35753562231037,35.07358282546567,88.60616537144469,60.13043476979201,119.75631706577103,323.47405186813506,348.00860769918705,337.8398896548999,352.6705220274823,0.39941274615451533,0.06207194443951834,0.310553567685016,71.75570443571395,47.26881422303949,28.943585107082598,1037.457812860451
2026-08-11 06:50:00,179.97753525549066,135.1154559258994,35.012770880970685,88.7336510066567,59.853182459149025,120.37680410546372,323.57860462471746,348.42956385403903,337.591680391589,353.0782171945367,0.40052010958551243,0.060671209090870766,0.3138230915585563,72.54368320496225,46.51178005831364,29.173661021496795,1041.7391611472076
2026-08-11 07:00:00,180.0589011694448,135.4708523886262,34.9596534099418,88.58121516992236,59.49139932539046,120.32617227720829,323.21190268461953,348.3461507863736,338.39735263857125,353.128573780322,0.40010175913062845,0.05831822262520856,0.31547370986976503,72.23294646437708,47.20857469069813,29.205920682908953,1038.5853320165927
2026-08-11 07:10:00,179.76733842890627,135.46796544759596,35.114254299409595,88.63753996943261,60.48215506046447,119.71128715168648,323.0676103147514,348.35921397755783,338.4458666282188,352.87279586311263,0.3951507340940297,0.05830191771649881,0.315773966098691,71.81861653827258,46.82654523047067,28.92053025870501,1034.5712295462777
2026-08-11 07:20:00,180.0706626420099,134.7032404825964,34.930834120414,88.70327143961991,60.18070803649571,119.54644859808039,323.120748442436,347.9612814650624,338.1560317738114,352.86604118711404,0.40198448167645545,0.059751517717407276,0.31329429102276074,71.12523725488724,46.5989776402369,28.840749325226824,1041.015763997431
2026-08-11 07:30:00,180.03067685303287,135.34891300646888,34.95800376997209,88.63995890748772,60.1600346012712,120.14116866725915,322.7578208692101,348.4519734253314,337.6094910223121,353.5735507432873,0.3988752373584406,0.06059433303932583,0.31585319835249615,71.84663644189855,46.734696472376584,29.042645119311224,1038.1410503436782
2026-08-11 07:40:00,179.81758523457563,135.30388710521075,35.078175973367145,88.61288628185818,59.571929932261554,119.9499922941247,323.3215675037051,348.0771336574378,338.07210126943465,352.827496142597,0.40115180473860257,0.0609394684404644,0.3133049660735705,72.05241333786866,46.57491454534084,29.25425730045221,1034.7874565006782
2026-08-11 07:50:00,180.4191960782276,135.46945950139386,35.06251401130737,88.59956886694465,59.958211533642505,120.51414123122488,323.3201978501794,348.13277990206973,337.8663365015634,352.62203374106736,0.3999495194930995,0.06007735069412911,0.31515924819520436,71.95140407688696,46.58281690358366,29.260419178675342,1042.1715508227608
2026-08-11 08:00:00,179.795661931159,135.5330353173311,35.21125052477354,88.68615470414869,60.0804717672426,121.3276467853067,323.21120700636646,348.2278204037891,338.37276089241016,352.98711051150764,0.4009767718064337,0.056640817418267764,0.3158904074015176,72.7365015710648,47.56191166194173,29.2841353761238,1042.6431240834063
2026-08-11 08:10:00,179.81620342353017,135.3434115304445,34.97853885863747,88.68197533497268,59.7721086953643,120.4214622172124,322.881313088983,348.1815820621438,338.5428474817714,353.50491302511176,0.402397774629753,0.059356736318190266,0.3121921143739767,72.51771909238535,47.50952187549727,28.936006894031056,1041.45224822562
2026-08-11 08:20:00,180.0451711966549,134.99585962070512,34.80654212607055,88.55617191027278,60.49153834006917,119.9826348644679,323.302521525524,347.724076304259,338.23968683744187,353.3228726863324,0.3994073241355168,0.059882292673185664,0.31338883467690004,72.43097072813131,46.39075652882337,29.01557790947839,1042.4526755927745
2026-08-11 08:30:00,179.60290755455947,135.27930895204958,35.06903114515326,88.40395813048505,59.38872378746085,119.91397801456047,322.9511116165911,348.2919738535173,338.23753374546976,353.104777199269,0.3989108112997603,0.0588738307978931,0.3126675133158563,71.79516522991212,46.490487105347334,28.934402987879643,1038.8226669634687
2026-08-11 08:40:00,179.8315801340433,135.25461017612815,35.13077916727048,88.55797366491952,60.20674675870454,119.57165293976792,323.48494073873115,347.65664070341086,338.5737087654861,352.7291606083489,0.4005534196078018,0.060742707398435854,0.3117887458119481,70.82560487174308,46.59563927313145,28.829480211086075,1039.9932285525733
2026-08-11 08:50:00,179.6852162481668,135.01476496314052,34.98379907065981,88.51973847003651,59.42715212767962,119.54666360780871,322.9384034461929,348.245748108626,338.62210154323066,353.09328358185905,0.39959935554530873,0.06215714360828132,0.31333492423366077,71.73612009917078,46.63648607422174,28.321435404054025,1040.6201417956656
2026-08-11 09:00:00,179.79659004980837,134.95275416339325,35.1618589131792,88.57207071353037,59.52386643915586,119.49829224474946,322.96402698383775,348.09387781343105,337.76312093985035,353.98447046916766,0.4033254432243496,0.05759155504716172,0.31532221411317846,71.87793053069183,46.84648338351959,29.140677137818564,1041.5269696865755
2026-08-11 09:10:00,179.96298006699476,135.14307565871428,35.18475431478893,88.54446075209776,59.60918490056385,119.80233241429731,323.0273700366345,348.13738332782725,338.25458796668175,353.3067858886151,0.3993598865039421,0.06094853470162362,0.3158168219628006,71.40669388057215,46.51371442591194,28.797158369926237,1037.1378155767152
2026-08-11 09:20:00,180.0531901224052,135.23384291201822,34.93199587438772,88.68931976548357,60.16501603371938,119.78642827711958,322.81893016618005,347.80595515159735,337.7726967681585,353.44206274741987,0.3986485169317741,0.058280253051213024,0.3120230680176795,72.24902950030304,46.19238789622992,28.97090934844363,1037.5565629629257
2026-08-11 09:30:00,180.20973881268674,135.4371889692422,34.951093838527136,88.44848921541652,59.77845157710473,120.37186535328091,322.860912383069,348.40456882560414,337.89709199692317,352.65089985663127,0.40373947699711843,0.05808963693751058,0.31303166286951606,72.19223659770655,46.955055542983835,29.052754922786196,1043.9015803132816
2026-08-11 09:40:00,180.15028665086874,135.22862442699176,34.87138628079044,88.42788641252666,59.79066374580028,119.80050049249978,323.0442018068475,348.07949069151556,338.4679301468477,353.0063974811994,0.3984627958969271,0.05937461447202119,0.31676487599601055,72.35931476226278,46.55498678976598,28.997077416088914,1045.287745616561
2026-08-11 09:50:00,180.22581620454775,135.29905334628958,35.05679964700625,88.58923498110761,59.71929379036351,119.90127514178197,322.4017387322107,348.3660547601202,337.79837336091765,352.9640283414764,0.4013698107083973,0.06368267025426844,0.3119644114766788,71.92186511419627,46.74729539548013,28.797309216743912,1040.778820932247
2026-08-11 10:00:00,180.10678766910496,134.8702892643045,35.0749387612359,88.38356059343637,59.54699770484823,119.39086298722209,323.7236649284011,347.9175197385117,338.083049831271,353.65629009217173,0.39863844399415904,0.06110999145190627,0.3128369825984346,71.68804219324882,46.20830552885352,28.793634909551542,1039.6288105019764
2026-08-11 10:10:00,179.89580638809855,135.04868525639375,35.063179722219736,88.6067663208246,59.72101499040925,120.8222878145985,323.2441725718971,347.92378757916515,338.5056397164009,353.0489768520328,0.40113822025986123,0.05950814886073503,0.31701701122253567,72.17871714338878,47.124666886291315,29.046371321149543,1036.721985329934
2026-08-11 10:20:00,180.21192238969255,135.53179436990544,34.873272844315025,88.52987688416958,59.694057674660016,120.25349320479327,323.2220185977378,348.14998128455676,338.2737670528653,353.11915484426686,0.40297514471482615,0.06227078238915903,0.31267514161508425,72.3711700614246,47.25205256472981,29.249646492772413,1044.4431578158235
2026-08-11 10:30:00,179.89179169847733,135.8956812904821,34.921822941940235,88.37450103046318,59.89314764232968,120.89443658461195,322.87651691859537,348.4255991621396,337.6510959302415,352.99410732853397,0.4025806936581577,0.06012012698748566,0.31461573430098794,72.6206580786731,47.13988746811597,29.058726241948737,1042.864610106868
2026-08-11 10:40:00,179.86661008879054,135.18725398380434,34.852827299753294,88.59564410503312,59.87484839580705,120.39844289601801,323.1962777846781,347.75815383879495,338.11229174267083,352.28525571010647,0.39905980853626083,0.06085516149710206,0.3129205877863157,72.03390659844283,47.25098801256994,28.859549824192353,1038.9911719384688
2026-08-11 10:50:00,180.29452760151082,135.44803576968195,34.83415558006811,88.68217149479342,59.26696529811279,120.74481797595665,323.13890347418896,347.9713563637693,338.0767698204746,353.4877962599377,0.4009692680335372,0.057854175900970785,0.31005241037374504,72.63311807242117,46.67302131306385,28.938943270791572,1043.454262463607
2026-08-11 11:00:00,180.1465248301191,135.36839692539647,34.86154689821639,88.50442885360737,59.79288175517088,119.87575623727751,323.17213214835925,347.99503381500176,337.87843330812376,352.57574968679415,0.40223440036288033,0.05791019403348443,0.3142122695601609,71.7891255746568,47.04597889480845,29.09104210386958,1038.545264380936
2026-08-11 11:10:00,180.0329516360313,135.65372666405764,34.83729470238908,88.37257317303431,60.35102048055423,120.35858040397845,322.70691136060935,348.0635364676649,338.7572133563546,352.9740314931373,0.4001209384884956,0.05696087890693089,0.30960924036720644,72.7045527629375,46.76713875360711,29.13942441533549,1040.271331223572
2026-08-11 11:20:00,180.13932934124404,135.90926815988874,34.98169008119857,88.64770530636535,59.84369665348801,121.35275318475473,323.11248697972786,348.0123897337498,338.1693458040228,352.6751428636564,0.4035640665874056,0.061751448169164544,0.3100903754383097,72.98099590731265,47.38564528532365,28.93367037848676,1042.9737209080974
2026-08-11 11:30:00,180.16458987175554,135.41902973243657,35.04418494153376,88.33219860423955,59.962684306353474,119.38823276919709,322.58942645879125,348.45175641114804,338.17034142340134,352.9709688386552,0.402982825777888,0.057114017877001835,0.3155503315510203,71.63515859326974,46.09155389439638,28.74371756283005,1040.7302262648698
2026-08-11 11:40:00,179.71694617905555,135.5418674010909,35.06496673254406,88.49693755423459,59.76699810537363,120.58813447753211,323.0923503817161,348.34906844409755,338.46390534009316,353.01455299175717,0.4032850051915163,0.06272995456637766,0.3143954436837452,72.29948139955538,47.2729169980827,29.077426186044942,1047.1211850738223
2026-08-11 11:50:00,179.97031366017848,135.71998945273734,34.99832998182455,88.56105670398766,59.77662940168937,120.84897210920597,322.88998623323346,348.15565807446455,338.2085481767015,353.00115537554603,0.39995409389763115,0.05715114896982947,0.3127954635995046,73.06033435869865,47.04297977549031,28.981720996054502,1042.2866066715621
2026-08-11 12:00:00,179.75353943389425,135.52361532988206,34.93110194310373,88.39603559668105,59.959688597391285,120.21056378885471,322.97478379284354,348.3917699631259,337.76975747605684,353.5932502892587,0.40070315605354906,0.059878712948527396,0.3149115063650911,72.15899864807822,47.128312502512344,29.104361831019542,1038.1097787315796
2026-08-11 12:10:00,180.01342955868054,135.41693349315568,34.99931360669839,88.3120112646363,59.575599899957695,120.38260621785844,323.0606308909439,348.44705825949325,338.16651158224755,352.79815610243014,0.3975098824394308,0.06032648097419517,0.31546159056286727,72.37673046137085,47.00722287944955,29.110860083284578,1041.9518303249697
2026-08-11 12:20:00,179.85498741522025,135.82279732697438,35.0591433189138,88.47585296453566,59.93006207490306,120.63981723385652,323.408031867177,347.9794214504023,338.2940554746105,353.067588751662,0.3981530021931813,0.05755888836351518,0.31383713864969476,72.07908311543895,46.74695206341738,29.382460887689266,1039.5322719265803
2026-08-11 12:30:00,180.2603770509362,135.406261884365,34.96978662150221,88.41540921265793,59.47921700915746,119.66485241701727,323.5228674068701,347.9500390403185,338.2184081952767,353.3262896697961,0.4010664055159657,0.055866786738236585,0.31053261475118926,72.03179242598448,46.99038742555487,28.815942935494938,1036.5010138426826
2026-08-11 12:40:00,180.09257365573907,135.65261121112263,35.00577041970305,88.36626203537548,60.079179405006315,120.20870586407194,323.1717610429624,348.35715606299635,338.4875920384088,353.04110700238544,0.3984906483210291,0.058822478197041686,0.31094159079558914,72.15987926454734,47.26007870112798,29.104957007530434,1037.4665096146875
2026-08-11 12:50:00,179.82680280416133,135.18213862137029,34.96871868416452,88.32452183816389,59.50506039174689,119.55599753219062,322.84542023393817,348.7674089162255,338.43484489514265,353.0100959246773,0.40000056380215604,0.06310482481259455,0.3151519575076618,71.51156615484349,46.6607082253814,29.29248445634037,1037.6370048669712
2026-08-11 13:00:00,179.98526617439595,135.49658836851552,34.94620699826315,88.47491990167221,60.17351447907034,119.65437647933929,323.6076011962398,347.4875049635256,338.3315508247234,353.75479594050427,0.39779702923139354,0.06274809822611539,0.31290133022563765,71.50368861753456,46.54946760620295,29.02649575373893,1033.0061494191982
2026-08-11 13:10:00,179.7469268362299,135.1020092850561,35.003753906915826,88.38967535288147,60.28097831797153,119.68421862719421,322.7523919907579,347.9884064367514,338.1323667049074,353.4055780692052,0.3985278575544579,0.057278274893513566,0.3154139138643161,72.12935084562997,46.85625917895505,28.968868763613425,1039.835095570927
2026-08-11 13:20:00,179.99703726772862,135.46730033010746,34.8851340252245,88.36301626602474,59.48866344292233,119.9268658636539,323.00715678197884,348.3911583546075,338.1955821415265,352.92125240900253,0.3975064039228111,0.05997920587833653,0.31117366949182895,71.96294227786149,46.85521512022836,29.188587368728356,1037.8783914181563
2026-08-11 13:30:00,180.0982253450411,134.9292141716737,35.10862286891304,88.35482101145692,60.17841735574605,120.07488781924174,323.10909621219525,347.9402644477787,338.7605686848172,353.2537582473723,0.400528188858182,0.05944696762526147,0.3142528091605381,72.2362276984631,46.578709674240315,29.264209431757248,1043.2706701911504
2026-08-11 13:40:00,180.0414813174496,135.29769311048975,34.83911224243376,88.43466641741833,59.85251148498424,120.2315165835093,322.95576645782756,348.419974032001,337.69908129217794,352.90641211108914,0.3984675991053064,0.062193569777467816,0.3094265830027739,72.36396249126058,46.507609969712526,29.03131693614475,1036.7597313377426
2026-08-11 13:50:00,179.6033119399147,135.34105405527905,35.04769808724609,88.35800052617206,60.32371731925235,119.27454565509233,323.5721869535983,348.2385315214782,338.52556225981715,353.31666421395545,0.40019669585286277,0.060646901069108486,0.31433398805511953,72.02974770474145,46.74259465317755,28.99871902381928,1037.7709107560877
2026-08-11 14:00:00,179.92185248292222,135.66135956031673,34.85975960767041,88.44125669023035,59.814255295195565,121.01338771092027,323.2981942039253,347.8186750922256,338.32636418664566,352.75110167852307,0.4010963366177107,0.05812504717229932,0.3137424767797957,73.01829983495023,46.96296698706617,29.49911178657809,1038.3659036630274
2026-08-11 14:10:00,180.09047742710908,135.65650760066802,35.15580096517093,88.28873940774413,59.88840624689741,120.59176447837812,323.50029559641655,348.04609678687643,337.9904263794755,353.42631721647894,0.39921620877651814,0.06446022818118095,0.31524002918272115,72.22533038569388,46.75095215452872,29.09462402167945,1040.835321076144
2026-08-11 14:20:00,180.04993099732403,135.24031915126272,35.08968394740836,88.36851932457076,59.885316791554764,120.37178138469638,323.0945941658703,348.28686462807354,338.19522962858883,353.29952150226814,0.3999655054504568,0.06152000319251572,0.30919334733229414,72.15282910613392,46.97112896843894,29.019938576172798,1039.6122861454235
2026-08-11 14:30:00,180.22041024540573,135.69077758459574,34.91647681580938,88.30108572891668,60.3501584227118,119.81673480419664,323.4426822734465,347.92696414290555,338.3809468001483,353.290510960674,0.40449437729494064,0.058302579143433564,0.3104911471500714,71.28106469368345,46.7349271461465,29.101541623894096,1042.0687804596485
2026-08-11 14:40:00,179.73187804421883,135.55252887560368,34.95376981329189,88.37264038412212,59.39083914110888,119.95434666663289,323.14145561703094,348.3524879425729,337.7874187765438,353.1887552259419,0.4010270356035007,0.06234041151839141,0.31157955307017654,71.97932810074614,46.48800854617374,29.07636672184901,1040.8086527270352
2026-08-11 14:50:00,180.09337853690536,135.53817132473526,34.88385856695716,88.49513458096504,60.20174599534375,120.28058321031662,323.14506597459905,348.27558173770063,338.2547121894536,353.25957136209973,0.403096957262516,0.06162779287949552,0.3138640274702337,72.25456354719003,46.71038554172471,29.169020486603358,1041.852669342785
2026-08-11 15:00:00,179.85862018754773,135.60731145272976,34.99406611569285,88.46483178594454,59.999362502409646,120.21071999319764,323.2794035181353,348.1018773032478,338.37937006589635,352.9320316432576,0.40291965107014915,0.06243884975606849,0.31619812762071225,71.6476172553177,46.886921803103675,29.067871066248177,1038.1687674688806
2026-08-11 15:10:00,180.02767086528135,135.25492847112812,35.042423887328326,88.35781096150664,59.82438499486113,119.1394687809616,323.3087350002854,348.3024821005647,337.9457153595858,353.2145016862787,0.40167752852310434,0.057620870462427136,0.3152986583698624,71.48325070959098,45.561549145621264,28.791028281336946,1037.7880564588277
2026-08-11 15:20:00,180.06972850802117,135.86542679710428,35.263264811141276,88.38267792089516,59.89946682955505,120.37963963213502,323.36425141405226,348.09012690579937,338.251825453465,353.3775371950558,0.40099513152377636,0.060307196182258486,0.31027774268185737,72.2340197936481,46.73788319157,29.056045708258274,1038.4082150401384
2026-08-11 15:30:00,180.1259300300274,135.98219033819905,34.859332923835986,88.40719339035809,60.25109279663847,121.49412379420166,323.1330747767546,348.2576225361244,338.6293501058235,353.3310622863245,0.39672015419361284,0.05859052300256462,0.31198531461897944,72.86780688116059,46.97854155663741,29.32323173787079,1040.8154392725037
2026-08-11 15:40:00,179.87331259115288,134.8890525995537,35.127819867806934,88.30528616034384,60.2182198951003,119.05335502492395,322.7527838387586,347.9124681551432,338.27548392748304,352.92022303326803,0.40092000789912247,0.05961785858816026,0.31574261608460663,71.47393984540977,46.634848818380455,28.54449110528933,1035.2985723371935
2026-08-11 15:50:00,180.02557059068036,135.59297186174888,34.940066125122435,88.31703459371126,60.47914560176243,120.50983881081704,323.10590339902717,348.6029129761447,337.96479810549476,353.37504274233925,0.39796696239711443,0.05953844949777122,0.31435222496986087,71.95519292699245,46.904323905589514,29.19728382612498,1039.338368170561
2026-08-11 16:00:00,179.7550779050999,135.7982430857571,35.028403396471376,88.30354190466946,59.77755268575323,120.18925098753797,322.40576139883467,348.1256645105066,337.7501266418723,352.84382056154845,0.39727853527978496,0.06078350689227197,0.31035290858003983,72.11275983937968,47.01567717149712,29.354016141964593,1039.6427708742135
2026-08-11 16:10:00,179.70660366080023,135.5853475883113,35.09051227418812,88.23284025468264,59.40214980278585,119.94279239014423,323.1189173673854,348.5349097779264,337.7003102983453,352.9874485100391,0.39980625284731325,0.05793665955974184,0.3141952171274613,72.59475916004568,46.9270742673295,28.913568780343034,1034.8589395194456
2026-08-11 16:20:00,180.09957017707768,135.63520211320062,35.055957851200915,88.35405949994808,59.80383163154239,120.70350787001115,322.9644016912161,348.81754544103364,338.5170925288058,352.9517001405993,0.4022175707540556,0.06202521983898138,0.31420040232670404,72.39328216225083,46.771409231912784,28.97068907614904,1042.1852994019719
2026-08-11 16:30:00,179.97767963136087,135.42839911803404,35.04353203231022,88.25970490674479,59.91152964654779,119.39320184345989,323.45158556488866,348.65860611388285,338.16917796894137,353.02810833277863,0.40112742846162763,0.059088931677449115,0.31467462690722503,71.47325643559942,46.86932355673473,29.110317280177632,1037.7120858161818
2026-08-11 16:40:00,179.6649197208944,135.55507562306835,34.979733925567764,88.48712337891712,59.837938943989975,120.08354749638926,322.40429457849314,348.204721246418,338.2009047511535,353.1755104726873,0.4013930673095758,0.06077423314421597,0.313101533421247,71.96171829880299,46.786802123797344,29.136507332400665,1039.7288196458103
2026-08-11 16:50:00,179.81857635588383,135.86556011080623,34.99914614151214,88.39954158069237,60.336118970128865,120.75097732596413,323.8068068846233,348.2566240234595,338.1691813403624,353.4196620226005,0.40150207319699216,0.059753026994167506,0.31379269617496197,72.89495276362827,47.124392606322544,29.23645258371689,1046.0130229286979
2026-08-11 17:00:00,179.99228822288566,135.17289953146536,35.015728967084904,88.24726535820228,60.6534511639942,119.89895072758372,323.11177472288756,348.2015654052147,338.01656847848517,353.53797571294945,0.40149821668534336,0.060558126734382225,0.3149813208312184,71.52028966466776,46.23917821656974,28.846190528201653,1049.3183244078848
2026-08-11 17:10:00,180.29936330914833,135.27643111129066,35.12338048637477,88.34648208654322,60.0833694538237,119.78536848348672,322.74197783867504,348.3049255580115,338.7556683598831,353.35473597964324,0.39785401705440454,0.06148203972669584,0.3136892986771059,72.43661521580418,46.61670714135756,28.78238013058832,1033.7070151110954
2026-08-11 17:20:00,180.19733416268227,135.6735387163255,34.84893409612196,88.23739453301074,59.43386126966911,120.05898861119897,323.34346585977835,347.9820244027039,338.444200099804,352.9982483880564,0.3977677399661198,0.0592325479115356,0.31513361652949573,71.86064228988052,46.96281067311195,29.147835501907284,1038.152323667993
2026-08-11 17:30:00,180.14800460235313,135.41350882910848,34.94940418950038,88.35728557436259,60.28103338220344,119.77162232599758,323.36462880698934,347.70259661355306,338.6805082420148,353.44893680575785,0.4001200450382414,0.06173475284697302,0.31470849572813003,72.01636985636664,46.55255722857338,29.122936377246365,1038.653800930023
2026-08-11 17:40:00,179.631507331878,135.8518981426347,34.87172231092192,88.39619487560127,59.77546621280524,120.7945843651468,323.3481276987809,348.31415220565066,337.8873407125768,353.52185349418323,0.4020248128501103,0.05910523855064042,0.3144383199071963,72.70046443792774,47.42094256624962,29.100256150082423,1038.7551851339038
2026-08-11 17:50:00,179.96896032186217,135.7743603810192,34.90082387485243,88.5136829490904,59.98177254809316,119.53407611316442,323.8714262778536,348.23789839689067,338.4228772507337,352.9975774446959,0.3998706596580975,0.060759054154855704,0.31235381473210666,71.459923821814,46.32698718472888,29.040105902884928,1039.9085744075987
2026-08-11 18:00:00,180.08377477162935,135.62323257056016,34.91789324071488,88.18120403069729,60.220943331585346,120.44846563516529,322.9787666373597,348.665283254847,338.4414104416326,352.87007856548394,0.3984574137642201,0.05973938756634382,0.31443000254645886,72.16755648669697,46.71585893179737,29.225742403997064,1040.5978899411166
2026-08-11 18:10:00,180.06711127846214,135.39140976372943,35.11296060821601,88.20180298290813,60.07912586079817,119.35665810021678,323.3151157638064,348.74604201234615,337.91351170766075,353.18417407521446,0.3988728973971116,0.05857722442569772,0.31490325669789104,71.84613973573258,46.194224957275665,28.909358467525944,1039.5069684927228
2026-08-11 18:20:00,180.07153504932316,135.55172063156638,35.22059734624841,88.25740741724353,59.94825055573138,120.34378620136093,323.2742422260168,347.8395290906431,337.99340225422173,353.8173786343755,0.3989970938854258,0.0554235522416128,0.31194126130180144,72.16472880078868,46.560986214509356,28.965658086207455,1042.070355395891
2026-08-11 18:30:00,179.94173996121324,135.41802124174978,35.13939315945271,88.26567830007822,60.05469277514398,119.94610026521231,323.0293603524212,347.9671102632597,338.0107665798495,353.14344400554927,0.39864684890221946,0.0582974978304567,0.31127391728829484,71.48847285802964,45.99800396393084,28.933493898155277,1042.1636014556718
2026-08-11 18:40:00,180.33978623105054,135.12493527112454,34.8781166926103,88.21561480042901,60.19615252470747,118.67241901433906,323.32011431014655,348.4564091029302,338.5570328818032,353.1841872153769,0.3977803360723242,0.058603540250444855,0.3139427782857482,71.33886817131854,45.92982217472071,28.576290625801025,1038.5623718591035
2026-08-11 18:50:00,180.28350193264316,135.28151002476977,35.00771558805635,88.1342380510428,60.156846751633466,119.99692842332314,323.6103616215396,348.57409333390603,338.3239945039231,353.45158302579233,0.40314168367289227,0.05895681091039845,0.3143447865971853,71.64039200533719,47.27287391828105,28.68730998288511,1040.6847840206408
2026-08-11 19:00:00,179.9695934296565,134.98627127725098,34.88322123055445,88.11689128542722,60.58998665393034,119.45160812936287,322.9848412183374,348.27524734651826,338.04914253279594,352.8853861118597,0.40031415912141616,0.06250441769537442,0.31151857564837415,71.81646360878678,46.717603877873415,28.571895639810435,1037.5616578087136
2026-08-11 19:10:00,179.7924567324931,135.77078971076256,35.045795796042206,88.23230796068323,59.06966869899624,119.77160924370314,323.3739270034794,348.2582329393112,338.46801806527975,352.9162274024076,0.3966622100556408,0.05795571791853489,0.3137906398507095,71.84456437285637,46.5661197686391,29.001303418140118,1040.483650775978
2026-08-11 19:20:00,180.39892222883756,135.80813040510355,35.13072346041141,88.35814774283469,59.733399567459344,120.79077589932461,323.5413343518979,347.71519889661135,338.0687413319173,353.2090270764257,0.4003134508321856,0.061154671823191536,0.3171012091167287,72.00989303118234,47.51456220282281,29.260230031295666,1044.1429187160309
2026-08-11 19:30:00,179.87784578488737,135.62329871159767,35.06041737414831,88.05997699437151,59.79255778736506,119.42570945647967,323.4383063661372,348.9002391422689,338.30330484636374,353.50099782544805,0.4009965261000406,0.06524558952036043,0.3091193629408353,71.91015537107542,46.387675670400995,28.799654112743866,1038.1158327979972
2026-08-11 19:40:00,180.2275906248522,135.44149870972905,35.08953121792259,88.01470838719055,60.21557749903906,119.45502478713671,322.7708330516566,348.0475041503192,338.2462510102449,353.15528082505756,0.4016317840167417,0.058111371478089716,0.3138303781631243,71.71576828819268,46.34867420961855,28.873975034091416,1039.1552226329648
2026-08-11 19:50:00,180.3700453696917,135.85577686089098,34.98483753846146,88.35500804341117,60.034568016549564,120.7404414284359,323.3324602649468,348.4110515834649,338.0175059413604,353.0553045497625,0.3979082086377302,0.06082475641449175,0.3135107434716285,72.78175979223025,46.83006602222618,29.421881783205972,1042.0405132492679
2026-08-11 20:00:00,179.79969741268437,135.74913287659137,34.797500109791876,88.27565159048144,60.22351104166755,120.0595984602341,323.1354191767747,348.34983272989314,338.5529399968474,352.74824338685215,0.3962350176384912,0.06144318894683411,0.31317155701478677,72.0607370777571,47.09628378987154,29.057370150009838,1040.9748860248633
2026-08-11 20:10:00,180.04640193554226,135.99252507177636,34.79619279082028,88.34151909646074,59.53983027893948,120.79236545879579,323.61693650489144,347.9972009142335,338.2899693936237,353.73290585167496,0.4045200648911811,0.06004287981272481,0.31289080008759973,72.26282255548668,47.23994165025722,29.32707350686272,1037.348550047855
2026-08-11 20:20:00,179.918810591044,135.4257475099909,34.989844320204874,88.09557640075474,59.902229415168705,120.16630368705795,323.21691405282945,348.5008534069384,337.6009708030499,352.8770125568163,0.39735988664907623,0.060310262582376394,0.3138835714096708,71.51025322509739,46.761535707313556,29.265216847615363,1040.4328340570298
2026-08-11 20:30:00,180.0912530393323,135.7061756259618,35.059051963007384,88.12394366285851,60.16150005989567,119.5464676641968,323.84046103029726,348.67608466115405,338.22318859113096,353.654732525934,0.39712249853545656,0.061333470515727406,0.31278232765256453,71.7031023554273,46.52196804344537,28.7499548551136,1039.7523702249955
2026-08-11 20:40:00,180.05236647989605,135.41755394064995,35.130585809670784,88.18735882306956,59.95240200222905,119.96591631407235,322.8922889347926,348.24636716320737,338.72348950963857,353.04501499632,0.40030298930417885,0.06487066276620732,0.31207197790731794,71.6244541347443,46.62434248885484,29.141132049672063,1035.6944434346585
2026-08-11 20:50:00,180.37731143608949,135.86055099396265,34.96417648981097,88.24603581204381,59.84797254222849,120.63206421522361,323.4094887351512,348.3036498551606,337.62104227244333,353.6084731130008,0.4021548199643358,0.05858003126326049,0.3145330117820181,72.21534360709566,47.17975080246354,28.914721060131146,1041.3175645615424
2026-08-11 21:00:00,180.1063037938895,136.27864613854805,35.007643354866694,88.1765197862595,60.04969639087166,120.48375261242556,323.00257428849676,348.4530220499766,338.55324783169624,353.77989239253696,0.4019303214825892,0.061009453264616216,0.3168774095351135,71.60570387889845,47.176220867751375,29.191117202145215,1041.5528967179307
2026-08-11 21:10:00,179.98655621500583,135.6478970987465,35.02625738964585,88.14602122831366,60.46226284465914,120.0004557660379,323.7925067927248,348.54755857975437,338.354612281158,353.002485207974,0.39829503375436665,0.06036736360856101,0.3127426352680391,71.41654579799332,46.99043682464623,28.858372765740015,1034.8443307801535
2026-08-11 21:20:00,180.21341991017607,135.9704324557601,35.10923736169577,88.24474780883745,59.33520628485527,120.02507183535621,323.7343388106523,348.51619314013163,337.9271263951398,353.4445633590347,0.3999877296519475,0.0642392868950495,0.314513280292553,72.01078552448118,46.99136159524242,29.15719500255537,1045.8772241431611
2026-08-11 21:30:00,179.93392151867695,135.55532919181516,34.992786307671686,88.0937952329235,60.44428299625422,119.94214977994241,322.9943491818419,348.0159957295941,338.2849657590186,353.49285717580307,0.398461928375376,0.06308915593066336,0.3153750129034608,72.0336929090631,46.902680290822204,28.83171933148088,1040.9797432524524
2026-08-11 21:40:00,179.91525122712065,135.672374785006,34.88745877307003,88.06151802870214,60.05126630382378,119.70266641437684,323.49544371919524,348.00516504270706,337.95739922198277,353.6512820932716,0.3999303743235736,0.063925596693082,0.3108805313588831,72.42310264792333,46.48231385834623,28.842713961297747,1043.1305998635544
2026-08-11 21:50:00,180.43590153111694,135.97113059620023,35.11119401717863,88.15145955501875,59.710773927839924,120.99293987468758,323.2609188490209,348.1165246136963,337.84288434886497,353.18170713056793,0.3985767919993167,0.061147433424187755,0.31228278223711076,72.97461687057572,46.85817424862234,29.34747425034507,1041.3175957323538
2026-08-11 22:00:00,179.82412366343175,135.73830491689867,35.04222421678528,88.0737191978764,60.16522556733809,120.00369658508244,322.79241495773846,347.50453013163064,338.4110396776124,353.64997755947974,0.404935027500537,0.060805302518131446,0.3114943655213918,71.67205880903215,46.52897359341162,28.94322480161751,1040.659311929055
2026-08-11 22:10:00,179.89052128865262,135.30947680206836,35.0392611545231,88.09154882578397,59.97983476154284,119.41854544060382,322.96708160319855,347.9000169781365,338.3819024699416,353.3106517786761,0.4023116077507084,0.06010553514946673,0.3125767477284152,71.90728742528628,46.35574894478618,28.845310829093176,1036.117627578852
2026-08-11 22:20:00,179.99707723248352,135.4082352928184,34.869288180145844,88.07529635410735,60.33028090342612,119.75479122569135,323.30903882242785,348.22516447953467,337.76904787408324,352.97754416152577,0.39955316113401995,0.059282778503967216,0.3150607797099363,71.76808121142133,47.304152842626195,29.125324456444574,1038.7451026803722
2026-08-11 22:30:00,179.77693618757016,135.8522956252094,34.999202335300055,88.08805392338037,59.72594564093313,120.37340993038212,323.43509856314205,348.09193225477003,338.1443131104039,353.5860818950348,0.3996560795982977,0.05844938547957852,0.31160496558701767,71.66264372588309,47.04442725662676,29.1931185263459,1040.2996314246595
2026-08-11 22:40:00,179.5665155732664,135.47242692708545,34.823340688677064,88.25913389350261,60.25781479098144,120.32977971593915,323.17229936747276,348.04387698380157,338.31344643822763,353.6671037022727,0.4027080244309775,0.06073644565968851,0.3155878188808736,72.35146459056423,47.23560583337232,29.010327995107072,1042.3856977394598
2026-08-11 22:50:00,180.19936920247008,135.49188524725915,34.79377857289308,88.11923068368291,59.69575130038617,119.9295004826634,323.37339981365443,348.5402337360679,337.84167041853664,353.28349379609267,0.39854913284184956,0.06156041146155397,0.3171404961243832,71.7016388071695,46.60698330902869,29.08885285082836,1044.4487000936656
2026-08-11 23:00:00,179.83134616220295,135.7007041339397,34.975596828429,88.03407441306645,60.063384346578054,119.6563715216826,323.3810972307305,348.38535401511893,338.6284986586682,353.25172676907357,0.3994067154961684,0.06065297733162556,0.3114866428616754,71.44529486809684,46.93024449062754,29.059221622138473,1034.215770095755
2026-08-11 23:10:00,179.88004243885206,135.57201140572792,34.95524546407876,88.20613224185651,60.176378557955545,120.01229106046989,323.37548126355784,348.526759164847,338.09244687374945,353.52517605302273,0.3990024996397976,0.05689841419344758,0.3134094243451978,71.68578125143564,46.81453711152898,28.99475882233126,1039.3986684217155
2026-08-11 23:20:00,179.91379626377363,135.24732212659995,35.058284792358045,87.96814899865541,59.94321344356561,119.13965622497349,322.93986700787025,348.244979873888,338.43015832211853,353.80284691459946,0.3999852499762621,0.06107094215739224,0.3145373668188649,71.44756998715512,46.78765306944579,28.91025904347283,1041.8493574906115
2026-08-11 23:30:00,179.79197179819946,135.2699215259459,35.148057353633966,88.02813462332799,60.15984049022987,119.33077839247929,323.33516897532223,348.175986064485,338.50580800164084,352.9221431307214,0.4033407374503507,0.06553841033111041,0.3107672149176183,71.47131342510374,46.10248170608689,28.9430951041586,1038.0875083836456
2026-08-11 23:40:00,179.773460536406,135.85988926643816,34.996424825826445,88.08451749999054,59.78887013384349,120.41069979706977,323.45454004818845,348.04951628705004,338.03929049729425,353.6186302894111,0.3986417143325098,0.05986573955567691,0.30909851890180634,72.11365122657298,47.39476640064524,29.148974370071645,1036.9155864286556
2026-08-11 23:50:00,180.0204037504612,135.5584377366685,35.18363336247753,87.9896727380716,60.2863136891173,119.75361560259383,322.85463716939273,348.3698154791839,338.42100438080456,353.9118147019149,0.3974401141110308,0.057884555921713,0.3130457482580165,71.83147770060883,46.81197705502519,29.090702417416175,1043.828921632699
2026-08-12 00:00:00,180.46776499339617,135.8015556346928,34.9395605374853,88.0311498702197,59.816723634464566,120.19274196694636,323.7583828224965,347.78353108953235,338.3558462179249,353.0366220272282,0.3976692899330004,0.06262287636461954,0.31121479296841775,72.2929453080714,46.64888070704854,29.279593951604816,1045.4142368065368
2026-08-12 00:10:00,180.13551505614757,135.80349351621953,35.07831535532873,88.08369824570103,59.75649447766938,120.39481478505395,323.73624402790097,348.05375513883473,338.44251247602074,353.4776698716319,0.3986810779180516,0.05800468802315399,0.31306545474918857,72.02347358431561,47.074850926808246,29.084895902882668,1043.4906616806475
2026-08-12 00:20:00,180.13760860923762,136.04206046057783,34.86977246225987,87.8980186744683,59.93290344742877,119.87099328328695,323.35300656927654,348.4737837787482,338.1967586429487,353.3248302313149,0.3971454345338148,0.060273523310709426,0.31143358026425444,71.74414869359211,46.46238276453382,29.246809190137093,1040.693108678319
2026-08-12 00:30:00,179.68716295353985,135.42472673805565,35.01294920359079,87.95624843539112,59.95228174649271,119.3161503822146,323.9280350566857,348.5512318678085,338.61392673106195,353.41554979665426,0.3974364075283637,0.06059597970972164,0.3119735652440772,71.60959966859807,46.78315530014239,28.98144186808228,1038.9741356199784
2026-08-12 00:40:00,179.9834074276876,135.40102499482526,34.967476536643815,88.06797343189974,59.71632016236684,120.1680650063394,323.06991443317236,348.29136329685196,338.5405575506626,353.68758385534943,0.39823580163943323,0.058937980520971045,0.31172718578912706,72.19115203316767,47.18230753634399,28.976462735634193,1039.6309381972244
2026-08-12 00:50:00,179.75157682823473,135.5007233603558,34.97849606599467,88.00031977885072,60.206905114878836,119.18584199079895,323.0297082251571,347.98179389033646,338.7858596927216,352.8307999647917,0.400923116109623,0.058155503802433894,0.3131575670135508,71.68786604075493,46.34694238764414,28.833698336462085,1040.7320827615397
2026-08-12 01:00:00,180.1426585567226,135.24137859955178,35.060432018276956,87.94641274731431,59.9307714881628,118.42888093914014,323.1276100834425,348.4772081111556,338.64902919188074,353.16082558693216,0.40043088674933747,0.060587824506734986,0.31475264807241066,71.47965614001409,46.05219790923683,28.850135469337758,1039.9340982726428
2026-08-12 01:10:00,179.94261987371127,135.38096877035204,34.80633095118329,88.15866683397721,60.149488925780034,118.75597799285809,323.1022462677991,348.1050727024273,337.9361574715339,352.8999015318245,0.3992065832159162,0.05771268140504145,0.31320679163047455,70.4819020708928,46.345478105602226,28.912197967006335,1034.0677979151624
2026-08-12 01:20:00,179.99586141213243,134.91423192703724,35.01184659715155,87.9656789791877,59.519967652487665,118.35782139509654,323.8663010077469,348.2823300218023,338.171223347147,353.223184693824,0.4006651318139398,0.060775835380777486,0.3138653693446572,71.33626958765869,46.12365963574145,28.979691811071543,1040.6207940329482
2026-08-12 01:30:00,179.9705197109759,135.16828321589847,34.91654917338507,87.82305760494485,59.57347151655046,117.476673680526,323.33382029877185,348.04268255593945,338.46725972887043,353.8843816835821,0.4000043001850303,0.06098284207216558,0.3106357708689467,70.58467207384427,46.1598819051538,28.479353569527383,1033.971966708083
2026-08-12 01:40:00,179.8715143048521,135.02591155686227,35.01198439211381,87.83625861838668,59.88812713194372,117.72269278722392,323.3046088373225,348.8434805654717,338.6371108738599,353.00610512493677,0.3996951787175827,0.05775716773865144,0.3161321419642624,70.94929441439793,45.69352801669034,28.507546121974805,1036.4506768900435
2026-08-12 01:50:00,179.68394578560458,134.91342120239898,35.0403091113073,87.81806143833533,59.67022311166827,117.36889160350802,323.43202927467894,348.7515586585477,338.1385150631442,353.1826839139008,0.3981439636942129,0.061460030739507544,0.3151770932506407,70.12971860950266,45.62628072683322,28.289694000436217,1034.5119852497232
2026-08-12 02:00:00,180.10413799701172,134.23751392465581,34.96185341069011,87.77492197651101,59.92812648645643,116.21144605037048,323.79888113953217,348.0841227868063,338.350254357939,353.1428888207687,0.40151936466264326,0.05747759422015087,0.31618318056532907,69.76806809744639,45.2273313370284,28.09655831998449,1033.7098827411612
2026-08-12 02:10:00,179.71161953618477,134.871057759805,34.961722257630804,87.74684476829907,60.1361399735923,116.90211501210543,323.377916525769,347.9939790983371,338.43968847097057,353.4497791498826,0.3998563990310298,0.060474383163188254,0.3129141168273209,70.56954601084584,45.93688592230774,28.279491058930947,1034.3701305990696
2026-08-12 02:20:00,179.75207674303633,134.6759819781216,34.88161090058076,87.89414190353116,60.30238287422866,116.61373158616432,323.21785465344857,348.3152988090505,338.3190750498164,353.23451216375355,0.3995003971317646,0.058538237866071374,0.31151953138738214,70.4249788876031,45.87757644482876,28.430661020230275,1037.9736339799797
2026-08-12 02:30:00,179.92868358003906,134.85427386084407,35.05632380889855,87.6171756775018,60.40884980104227,116.3024581102655,323.4129233614387,348.51177976678593,338.6492423655535,353.0964603025776,0.399188114367145,0.057580081015037414,0.31396182810185047,70.14526905282058,45.776669553744185,28.16796664455103,1031.3686478115194
2026-08-12 02:40:00,179.84699057630306,134.23117181889648,34.930903278705685,87.71832471037949,60.20379590584578,115.45074789720049,323.708754382268,348.6932236044848,338.0625946393737,353.1025195554432,0.40021394577681585,0.05898842866708807,0.31077358401540445,69.349186573836,44.58656398248531,28.19738228888694,1032.2398919422355
2026-08-12 02:50:00,180.04054668973572,134.22024510498235,35.04553975472167,87.73059229536938,59.75608353923435,115.88248980568929,323.2760826183082,348.3197789460597,338.50670201570136,353.28819106300455,0.39973534000243593,0.060313973476162845,0.3128494151131362,69.24616755160167,45.81897579037044,28.1003231028527,1034.9975114013791
2026-08-12 03:00:00,180.19029527676307,134.4678235956691,34.85360944457374,87.56285798165885,60.13308469379215,115.81293228797107,323.75850429640025,347.9833329068749,338.1252828344107,352.9684152900321,0.3974565088934049,0.06143419637825413,0.31251643246615446,69.44844253498874,44.32735394975802,28.108684695141065,1035.6361323866959
2026-08-12 03:10:00,180.03797616090972,134.21667641067378,35.14035787597874,87.7154917416473,59.8110697491005,115.65424962220615,323.43169981455685,348.42502756404235,338.48731204017264,352.61348746725355,0.3987139636083638,0.061226371223972294,0.3125362998299971,68.7743650899541,45.14556797782028,28.33106017430648,1026.6892727709642
2026-08-12 03:20:00,180.02762335378333,134.18914246224557,34.89512140605559,87.6420024722545,60.13070853091886,114.7866905701417,323.2902690205476,348.41856595854387,338.0904419392331,353.6946658447062,0.3975287412287061,0.05827400435132744,0.3098631301069616,68.74976617407751,44.77772910527888,28.07860756811851,1034.3195563230595
2026-08-12 03:30:00,179.9928657247532,134.1297874825803,35.118697564013814,87.56994515433024,59.65198840180261,115.46400221843433,323.4913374212409,347.8890062867795,338.2816830181539,353.3837560690303,0.39405419534223635,0.05978449451109705,0.314555497158687,68.88091929353484,45.05384388390734,28.068907490745055,1034.5001330619896
2026-08-12 03:40:00,180.15980846339002,133.9218121608528,34.95396497936639,87.76291157140044,60.371750969068245,114.28257172817575,323.93446172627637,348.2719304112283,338.64065547456295,353.1658164874175,0.3973052438623938,0.05472948735216807,0.31021336357974055,68.46213323679727,45.27198389875457,28.06556001699151,1031.1911308718463
2026-08-12 03:50:00,179.619035148253,134.00218037715976,35.05595132804218,87.62404474025571,60.09243065952099,114.56090531837872,323.2766585071001,348.2634322925547,338.08711016732656,353.29979139999676,0.40505228717054487,0.061624288277148866,0.31308403525479217,68.62719631137037,45.03855147725259,27.769452452967446,1027.586497034992
2026-08-12 04:00:00,180.06162859327728,134.23164666526696,34.985225345096445,87.55842909141282,59.882525135509795,115.11527380467282,323.7606063040285,348.0701694455927,338.39328301464053,353.57141157534454,0.3963585036372989,0.05998216678287317,0.3125320263377225,69.21129358483766,45.24569430736209,28.066451265134194,1024.880089141161
2026-08-12 04:10:00,179.80163515525024,133.7161840360032,35.06966061195205,87.44927867710115,59.56033838966033,113.8570843119585,323.521205067834,348.4166331975699,338.56212157711576,353.0932948626372,0.39968916688007483,0.059682130273881875,0.30908646439180854,68.50296833405662,44.19267642847829,27.601012758999552,1028.136173294869
2026-08-12 04:20:00,179.74161768701512,133.6159999290191,35.0004336474885,87.40849297553781,60.05284890395222,113.7189806424971,323.40239751815716,348.65661786504256,338.3427025040982,353.3634749836472,0.4014205351334759,0.059431671256931495,0.3142390624008264,68.34691567713121,45.03609735406505,27.902686394747008,1028.6924585568997
2026-08-12 04:30:00,179.98916633832584,133.96618419941035,35.13025874187532,87.54019109302486,59.81071701303021,114.30167653866879,323.3727880493027,348.64657841980255,338.2979662927952,353.19544400706917,0.3995582372563468,0.05617894055612105,0.3128819428375099,68.69994208898449,44.282122463489394,27.95743157202545,1023.7212078531794
2026-08-12 04:40:00,179.91074042117518,133.53399371117357,35.068891935180105,87.44548008247516,60.04394311446983,113.32116177110976,323.6034200875335,348.10359792929705,338.3823275497236,353.72919928927774,0.3996869073058209,0.06060544678366668,0.3164251076030288,68.0697319393509,44.40680205414135,27.62765850358149,1026.0230425453155
2026-08-12 04:50:00,180.10485406269905,133.61690636197616,35.06987820531026,87.28601646951265,59.75491639213833,113.13440884446426,323.5447190106622,348.19294540760166,338.1205446827995,352.62687059579963,0.39785925849597154,0.06028007650602366,0.3164222054522776,68.36047411263914,44.5880981655752,27.583060618586973,1025.6200857838292
2026-08-12 05:00:00,180.208350095457,133.55121703113102,35.17126316927079,87.31842526140707,59.80583536578514,113.1692348980604,323.474428061062,348.5612497730897,338.60655457554617,352.93973241355906,0.3984508359815626,0.05982178794188798,0.31122820782061733,67.83107682906,44.36510077446257,27.835474730209842,1026.232589461192
2026-08-12 05:10:00,179.5230685223036,133.23912370899558,34.928408440858284,87.35794105927027,60.15511024455107,113.36328362732138,323.5615624818416,348.27001123544966,338.59911758510026,353.7893729985398,0.398469706683671,0.06204554516158632,0.3087612093321331,67.86423132599737,44.335255504933414,27.699786528782784,1030.7101996743927
2026-08-12 05:20:00,179.97373249994504,133.00382920694855,35.13349019115983,87.24242556630719,60.41229498121635,111.46027963711438,323.1124919659896,348.2670658918821,338.8991122348195,353.00722238009337,0.39755333885575594,0.05969656110301501,0.3128340487730089,66.57892854428756,43.70064470529021,27.18645362267,1017.8707706073069
2026-08-12 05:30:00,180.37986961032317,133.45865998868123,35.007303793210845,87.27609924916638,59.589428816241764,111.93552553484407,323.17656229879526,349.00051163413457,338.4730969919558,353.130078196036,0.399603327612334,0.0589331119173349,0.31465029538115324,67.18497346287974,43.37512106924634,27.16564946342436,1023.2104932657313
2026-08-12 05:40:00,180.16171637154125,133.13846163191852,34.84825041595459,87.2175024452141,59.910517288515194,111.61217290922266,323.0755300820441,347.63702343449563,338.71316377656353,353.0020448638883,0.40117299111167126,0.062258101948050315,0.3124936079949043,67.20016893862812,43.76394595417519,27.52630642542208,1021.1920971818488
2026-08-12 05:50:00,180.277477932298,133.10475944638944,35.049019100313224,87.31633537008274,60.08602748234204,111.34094140760642,323.2721734007158,348.186193299346,338.2476838092655,352.66948571503406,0.4017289816501193,0.059520498387557096,0.3163923074963355,67.3353178625,43.43872165701093,27.506551917622172,1025.116171584371
2026-08-12 06:00:00,180.0085589649427,133.04165893603002,34.97904206403493,87.331634960707,59.92283894356692,111.22777492899432,323.3139637290266,348.13547963664723,338.53818556328196,353.3446221212742,0.40335320489943277,0.05827252422691132,0.3131163091929258,66.6523457829245,43.692620083233,27.42150891177734,1027.119282001932
2026-08-12 06:10:00,179.7011431975302,132.78747289675968,35.173087137544414,87.2261823546426,59.837233852887486,111.00441103073256,323.26932320953136,348.36259021286105,338.12896662437134,353.58165219574573,0.4011111999912093,0.05560226672370395,0.31142891964482095,66.85416969642499,43.23986415052614,27.320638308868528,1026.9363127713098
2026-08-12 06:20:00,179.76321190260174,132.75050489684966,34.94955832139989,87.03119772291035,60.618358835814405,111.35831172930381,323.53905146043724,348.86887919705765,338.47215742710796,353.471555693378,0.40650008977817864,0.05907271041118254,0.31237877270776204,66.74228197046507,43.73134450941138,27.309138505520608,1022.1989434224396
2026-08-12 06:30:00,180.13054585871984,132.87091711923227,35.00502920671892,87.15636356014426,59.717114186775085,110.51615837448637,323.10197638925666,348.34034958579923,338.3096776177647,353.0067154492849,0.4002968772308739,0.05914100286030634,0.31323199588735295,66.56048669793685,42.81224115755199,27.08391746395524,1028.0655452674437
2026-08-12 06:40:00,180.17997996872074,133.02638488995106,35.024022065726996,87.24079391419485,60.07733765588605,110.80353287972144,323.312893025184,348.3022655062815,338.68650113521255,353.2212935887123,0.39772903697133505,0.05779046921182242,0.31501871502907075,66.1152434761152,43.51856451837849,27.046647219767237,1022.6628433317907
2026-08-12 06:50:00,179.84190294315076,132.90495441997513,34.804522580915766,87.1676087466758,59.82274416238977,110.71496954669523,323.6438362539138,348.4311797630738,337.81014634904733,353.88042647059723,0.397049946282759,0.06088784380182658,0.31177172113694535,66.55995460966352,43.546206242336254,27.255208479174094,1028.7650395240491
2026-08-12 07:00:00,179.93454950478107,132.5901344343916,35.05209826601499,87.13414815161174,59.94025873247814,109.90375118743687,323.8883523722296,348.30064953919424,338.35989073938845,353.3289798815821,0.40047803622973294,0.05667904383073632,0.3129649468282142,66.13018934030511,42.552942404371855,26.975176483376753,1016.5380823130162
2026-08-12 07:10:00,180.04051822797666,132.66517965657673,34.89801125245807,87.12846030887114,59.28354203476674,110.11323438400301,323.4070268691694,348.49856020673565,338.3231635081806,353.10674322601466,0.4016662040838732,0.05977533336155421,0.31421566666411754,65.5078829636696,42.721899110900246,27.124699422607264,1017.5635325423814
2026-08-12 07:20:00,179.6381798512767,132.84887379378046,35.144359734478705,87.02613171420784,60.23535669245008,110.83875955772304,323.74905133341895,349.12024461452995,338.6082656484427,353.6581043555065,0.40185381291886846,0.06006570659578995,0.312201373605067,66.42948962203609,42.85366408807701,27.18682558563801,1021.3722628832601
2026-08-12 07:30:00,179.9182118100992,132.67044518696605,35.17084326401095,86.87102627044835,59.90610772338446,110.16502698210606,323.80172919560255,348.1968851667586,338.20547810041995,353.30250019153345,0.400047222138678,0.06196950867778676,0.3130639374804883,65.79436556511708,42.91450632537038,27.059143843031233,1019.1311292282456
2026-08-12 07:40:00,180.3118549756601,132.44664879760944,34.99911949899148,87.12768929344975,59.679647161056046,109.67351028807005,323.09617097797684,348.3373764158024,338.29293769355155,352.8284961905525,0.40266120311346354,0.059947529250925564,0.3146570656055063,65.8351897850974,42.16134189620094,27.0841940795265,1013.5120293243456
2026-08-12 07:50:00,180.42533956885097,132.61885528137844,34.837392539897095,87.03591693092605,60.468286321677574,109.96673969446043,323.47122177424313,348.3773431093005,338.7891809662891,353.13717959546426,0.40010700934342636,0.059414100602294864,0.31387320181214773,66.09322465610136,42.837163716325946,27.030231937692836,1020.3459200473836
2026-08-12 08:00:00,179.9665734080157,132.21957384479882,35.018615028529325,87.08612981816273,59.8863561002875,109.53102898360392,323.09133250814284,347.79785776406806,338.23778279609445,353.6744996336714,0.39921048488311356,0.06201110394982344,0.31438515352801527,65.74339338218608,42.49932991913038,27.32715410597548,1012.5016760985151
2026-08-12 08:10:00,180.35453602982005,132.50598205882116,35.01805295516379,87.05867012334835,59.78549355600457,110.1385681086807,323.2887019617439,348.57555750929174,338.30993004874654,353.3494588138271,0.3996748319696321,0.06275322835287864,0.3117681309809028,66.27622599969878,43.04154616577991,27.243036913250933,1018.2479691073622
2026-08-12 08:20:00,179.88322207657086,132.85180223212805,35.073876177198166,87.08881114721729,59.715771783776795,110.44122456972367,323.5263287459389,348.3865404483005,338.76015282703526,353.372549608528,0.4001798250711538,0.060475472849940856,0.3100361414613871,66.34439260363064,43.041256904395304,27.061141954987715,1022.017874930289
2026-08-12 08:30:00,179.82617798257155,132.37029855089278,34.96959978591566,87.16417532025596,60.28954738585769,109.58102785262386,323.032750716336,347.8444638914472,337.81154407113985,353.59716111939025,0.40124479334338536,0.058262331569001916,0.31108277019042346,65.93045326294475,43.381183432435044,26.948439256584887,1015.3103161628349
2026-08-12 08:40:00,179.54058822295744,132.0864732010974,34.87790329092467,86.93854888605094,59.978333146696485,109.89302808235983,323.567358800148,348.3312997828012,338.54848187737196,353.17098264375795,0.3975355264662742,0.06096457708968261,0.31203682580710046,65.86037769095945,43.05167105829458,27.192258838290225,1019.6338908663133
2026-08-12 08:50:00,180.1796281902088,132.82667324318035,34.985408670315685,87.09708261799159,59.87675132803706,110.56864807052686,323.3704663555324,348.4577945216984,338.532322541025,352.95435122620563,0.39787524289456416,0.05767680787927156,0.31382560919647556,66.55005943878339,43.198207926785,27.47092227799201,1019.829424632353
2026-08-12 09:00:00,179.91343098776895,132.0691071424221,34.90503591228451,86.92624700550438,59.572351547872884,109.74575714540366,323.3423265060279,348.15653467261535,338.5104574022152,353.4041833107263,0.4023557412088509,0.06255656796266137,0.31200474226587127,65.47365152729385,42.95009065623631,26.75547580908333,1017.724786163423
2026-08-12 09:10:00,180.45621188274035,133.01178386012256,35.18171333456355,87.05807780649438,59.69872186638333,110.09605125150512,323.5743438594846,348.72636396375793,337.9139182507715,353.2204735722306,0.39926978981787314,0.06049341705762962,0.31129443146345026,66.26967855654647,43.24128552953729,27.021781574140853,1022.1703493902854
2026-08-12 09:20:00,180.05458518851373,132.56207972662153,34.92745300338585,87.0437785934103,60.07316741732242,109.47693459997261,323.1746856447416,348.2464457229203,338.0224124516386,353.41035532950025,0.40237346470263446,0.058161679570186496,0.31195998869442226,65.49023682127701,42.79753271980179,26.651293670809377,1015.8965639610398
2026-08-12 09:30:00,180.02599700610995,132.59606694734433,34.93310374189868,87.06295576041013,59.96327772538722,109.58160711137852,322.91916677117706,347.99123466165287,338.1975620451821,353.19511715310875,0.4013148208765055,0.06369667351537603,0.3134561649185025,65.66265342528331,42.58489642521576,26.97961045497106,1022.3041863750639
2026-08-12 09:40:00,179.6270749646708,132.40020354436137,34.99518733527982,87.0218378975442,59.36579778934443,109.73826840521792,323.43054031728303,348.65080558796535,338.1915327399898,353.19103795789783,0.40063137441147023,0.05715116630802519,0.3119709448404819,65.9036422489658,43.1220630523018,26.92983750355857,1015.3583373164909
2026-08-12 09:50:00,180.28835953811708,132.8006636065522,34.87279258468219,86.97279092519423,59.707471830508936,111.08816001160714,323.2111377922148,348.38389033768914,338.6403936531194,352.99207853300993,0.40244158407102515,0.06206143604809407,0.3150116914872286,66.73665434532663,43.539725519890624,27.265429698244393,1023.6510213567401
2026-08-12 10:00:00,179.91578644743353,132.51829314286516,34.95428763329447,87.02412063529147,60.0376824086519,109.79547492933173,323.3672656874099,348.46497638943424,338.3169564416359,353.50791531658837,0.39970960190218835,0.0592976025044334,0.3139970185438353,66.18719874572118,42.18343000341268,27.123182770109146,1018.3099208319907
2026-08-12 10:10:00,179.95616174806528,132.5461888263191,34.98611797604322,87.07559006105119,60.77464412326294,109.73502065696519,323.1027240011386,347.96538059894016,338.864480013085,354.0100160132238,0.4013447092761072,0.05897268193005292,0.313451192583262,65.70682553557441,42.56881968745949,26.783118033536336,1019.7239293493559
2026-08-12 10:20:00,179.54710193993193,132.3929447101796,34.94987531543773,87.07852334711504,59.74372973042261,109.71840323576143,323.1527738229999,348.033289685623,338.4432186418447,353.0539869397787,0.4016651269326029,0.05692132883012759,0.31157877998379113,65.92105459919634,42.88277738985081,26.866759997007982,1016.4189395795089
2026-08-12 10:30:00,180.17367635526278,132.64897570313448,34.97421544817427,87.19705209925573,59.302723054793304,109.91719882297086,323.1278455762454,348.14150491193595,338.6323151725927,353.7771874789695,0.40214313232602134,0.056129580260301806,0.31623368404241503,65.60836224049093,43.33715776968372,27.034909956817497,1018.5401387956058
2026-08-12 10:40:00,180.1861857203556,132.90395055288195,35.127267924476755,87.07269962867244,60.19945243104323,110.32796505917646,323.05539906133873,348.3890640177208,338.26064775223057,353.6363722569232,0.398107893314255,0.06044142512151218,0.3135969539260184,65.77426553748458,43.354089648021706,27.00148178376851,1019.6318367820855
2026-08-12 10:50:00,179.86728541869135,132.80818590067375,35.044452304034536,86.89939490649074,59.825765930365904,110.09474521850177,323.1950124366748,348.3963112670872,338.28250767388977,353.23794937008967,0.3999678720447766,0.05800590683450829,0.31476712383004984,66.54081071950546,42.99370976475554,26.955361245119278,1020.0023809385398
2026-08-12 11:00:00,180.0070801293439,132.83237444427797,34.86283757236184,87.01144699835119,59.573316838087614,111.0289073373502,323.205761989843,348.8325908123738,338.58562181289284,353.1286563109956,0.4030750504123539,0.06206023689252957,0.31392555446334486,66.56815070880712,43.38937790620864,27.02368659956872,1021.6666242864804
2026-08-12 11:10:00,180.06703394816947,132.29098242208073,34.95594726626848,86.99411586548553,60.138632658995135,110.10689722336646,323.4473724112114,348.8802368711701,338.7174862990617,353.6000835169158,0.40147970913088776,0.059895382087426854,0.3120554341101806,66.27851372622948,43.17700358937823,26.743123291566153,1025.411532334183
2026-08-12 11:20:00,180.18114559057244,132.9343010186909,35.0765026922235,87.12639405526768,59.899949230281614,110.72370207467829,324.3757260184639,348.47933952001955,338.2704185431491,353.3333211497991,0.40278704482591543,0.060662711398361574,0.31208640672264093,66.45297877182428,43.18227041985521,27.14042899449046,1022.0031429492609
2026-08-12 11:30:00,180.0094851138866,132.60202477875742,34.9332817199917,86.86891379650847,59.680552289226625,110.13835555801244,323.26082064203916,348.41626671572965,338.8414812175243,353.35616549268076,0.4031531796430111,0.06379729726795627,0.31216739228638396,65.67300164018236,43.264780301242446,27.287170382361584,1016.3981667669882
2026-08-12 11:40:00,180.3331579382058,132.87885250322955,35.00836811617834,87.07103994786642,59.576085839946806,110.30279074922372,322.9761795383722,348.989489035823,338.3973876160896,353.306098093623,0.3988593734225215,0.05663079305384175,0.3144827160395852,66.44893778206233,42.74487964225014,27.326739730479833,1023.9347910507795
2026-08-12 11:50:00,179.94014655386178,132.74251579537736,34.99703154083069,86.96273233405815,59.93269648102045,109.27820003014334,323.6178884726377,348.46459088126187,338.9273726291012,354.02328221706074,0.40000446160039405,0.06022530354576065,0.3138097434163164,65.80953595918231,42.82403121934386,27.252499396092453,1021.073591049065
2026-08-12 12:00:00,179.86738636403538,132.9863729533902,35.054169876679055,86.8630116108068,59.995634395872436,109.9364702759304,323.08499526779826,348.739614722305,338.11183594525875,352.9622634474717,0.4029740381162624,0.05911351217244636,0.3095867562387783,66.22504173928482,42.563690699680826,27.150964569020474,1015.0432747903039
2026-08-12 12:10:00,179.89532743597516,132.74181740016564,34.98163012526773,86.99999720338606,59.43624246588965,109.9655261296856,323.18775884041526,348.31262467613993,338.37213225561845,353.5825637200426,0.4011357758676299,0.06132963803616233,0.3139986214867258,66.45792102901298,42.725481227190365,26.977482529969034,1024.9278668822856
2026-08-12 12:20:00,179.48116168032135,132.87335204788445,34.98551425633912,86.85763703411483,60.26526699836163,109.87852149655126,323.35147772120473,348.4248101524167,338.66595877244765,354.0257493808867,0.39828266368393034,0.05964017684206784,0.30970174819465585,65.87029404477096,42.8639474577908,26.74790652200716,1019.8778603978799
2026-08-12 12:30:00,179.82734867955816,132.63342075708948,34.911938215003325,86.85122993639256,59.5889495775528,108.92356068640457,323.46692496822817,348.376825837681,338.4573747680213,353.5055944657651,0.40096406777370286,0.05890926122460004,0.31165937822893897,65.39233196970798,42.83666332534871,26.852921754770268,1018.6534288450298
2026-08-12 12:40:00,180.19015051235857,132.88175200495206,35.036853509839624,86.93280107039729,60.389898669102806,110.44031223093633,323.47723427354504,348.2597135241539,338.3117951170176,354.10555127600907,0.40086761749552446,0.05835980358555474,0.3153817777442557,66.06551926494762,42.35329005711374,27.014065992413986,1019.8112444364618
2026-08-12 12:50:00,180.04176572276756,132.7019514712371,34.9048610916187,86.9306240995443,60.06919202238382,109.80642483515891,323.53020126507676,348.56751098743877,338.671608400745,353.46179680163993,0.39899170524172084,0.059529625812021,0.31288502106770794,65.76510708037218,43.15975128387137,26.91040607572735,1018.8732098202576
2026-08-12 13:00:00,179.82509095653646,132.80912091020463,35.17767751742647,86.7887222998459,59.91368786585108,109.78096433887684,323.4256588388185,348.22579496823363,338.76128685911664,353.51403751788547,0.39927592860578515,0.05709300328348308,0.3123043419391367,65.64339923407707,42.5488607898685,26.767433538361818,1019.5160520799807
2026-08-12 13:10:00,180.05883839030176,132.67698149296953,34.997928279683606,86.95208628877852,60.0703733486738,109.87241426947992,323.78851535779944,348.4331132363206,338.3691368566446,353.7020985760686,0.40190487943813125,0.06124097584155192,0.3075058296179323,65.6742894408004,42.8674881463446,26.808891475545245,1020.8566587747987
2026-08-12 13:20:00,179.58520308439284,132.59814891405273,34.97704912929778,86.69155410558007,59.79181185767271,109.88596040556278,323.71166077101304,348.58463904413156,338.7127959711957,353.2503714975539,0.4014848633613598,0.054382411420887525,0.3141343490427683,65.76894297557686,43.381963655814424,27.111438245138775,1023.9232482121948
2026-08-12 13:30:00,179.9319990711077,132.66967113071905,35.08077828481549,86.87757231477028,59.95005287417495,110.20354921039437,323.3060298167018,349.07279800620466,338.3650564202488,353.4801784393743,0.39783451363364236,0.060998293153715674,0.31225685459432234,66.158044223809,42.795291925410375,26.969757451284632,1022.8487946404842
2026-08-12 13:40:00,180.09398528403207,132.51626403095938,34.991289238490516,86.7932896057941,60.463759922248755,109.36448387421737,323.40500895901914,347.92528769467907,338.2615780991362,353.6468858083003,0.39820317304289427,0.060967269788291804,0.31260199680541473,65.37631428570782,41.94156888083652,26.851774673269986,1020.3498563361063
2026-08-12 13:50:00,180.12862133459006,132.4629415214676,35.00905468543909,87.0040343298366,59.798323733285265,109.5344789715415,323.07092780205693,348.49430302314124,338.8707557245309,353.2737234799198,0.3994229463580141,0.060101207422441724,0.31018951171005865,65.5348714969404,43.20481959582224,26.985168721304788,1018.9792501297896
2026-08-12 14:00:00,179.83412068386488,132.96069561556354,34.99461516406408,86.94614377378713,60.21482413691542,110.1453166479497,323.66652982734195,348.66287006766913,338.33222715237275,353.61819864994726,0.40007322142039187,0.05931245510195853,0.31083418816851244,65.84685108031583,42.916157271482824,27.221054920509662,1017.3221394910378
2026-08-12 14:10:00,180.17164362288315,132.72309440431079,34.925660661431834,86.8379652830756,59.70047503836968,110.07279140566018,323.4131198242222,348.37796109365,338.3562047154933,353.8096210053964,0.3998902447255151,0.06182780258053789,0.3126257610369743,65.61056222866102,42.87366583839393,26.85868027187131,1018.5169785090567
2026-08-12 14:20:00,180.3630291719881,132.97808164682363,34.90552473287059,86.7741384694301,59.963928227402974,109.81167259554563,324.03683164629587,348.72838714456776,338.7243157198385,353.13001573701007,0.39835478781969275,0.061472960457183756,0.30888703505599174,65.64151873705933,43.013341678453514,27.257003104752208,1022.470001685149
2026-08-12 14:30:00,179.90375627434304,132.8991015127932,34.92832953179098,86.84920830873723,60.25896009881107,109.71304379717951,323.27814265381755,348.6330745457166,338.2169483778563,353.44777947896046,0.400682706463947,0.061563819150479066,0.3141997967689238,65.76036826418402,42.471917006981826,26.94402788239225,1020.777126752142
2026-08-12 14:40:00,180.1373419498768,132.3880927956222,35.11598234362092,86.77079425643313,59.60927008001855,109.58278764841504,323.92661362549734,348.6230303480887,338.2299689215161,353.6070159465536,0.39594542114098874,0.059126918705779026,0.31416232408909944,65.85813002617128,42.431040020702845,26.871910744660195,1017.2209158576633
2026-08-12 14:50:00,179.67765707880287,132.9774938001448,34.935687662517,87.06655207266256,60.070490229421274,109.97082241805217,323.21172550383045,348.3652471710122,338.4312429967416,353.27181626601543,0.3983130336918986,0.060844254415703236,0.3106618904115167,66.28475566009784,42.45495002934779,27.066565518330776,1019.9676559854818
2026-08-12 15:00:00,179.59677343818643,132.92116335575162,34.95841558146753,86.63209001201642,59.32469882802648,110.59036623659573,322.98911047116627,348.4258285405308,338.5358030259664,353.79732194558204,0.4000661594979959,0.05976095885254926,0.31091878092986514,66.59287749293158,43.12061346689869,26.859721659549482,1026.0421583397624
2026-08-12 15:10:00,180.11175936147026,132.8622991577147,34.95397085374141,86.81168643670709,59.62571258131922,109.47097462431047,323.2337159063505,348.4245039163826,338.7836901385465,353.8660695023991,0.4000066757005218,0.05897124200463424,0.3129576226779352,65.62666011885102,42.46847911871597,26.83160155729814,1020.9609401282311
2026-08-12 15:20:00,179.99789338496205,133.1677174025097,35.07148363852875,86.66396667298345,59.84430278808174,110.76165902332508,323.5885778423383,348.2084228421033,338.4584966054216,353.32602734311575,0.39978733724499815,0.06211083744230898,0.3127396380835415,66.32646998983967,43.15836561907464,27.17465124138855,1023.0278876769625
2026-08-12 15:30:00,180.02929076166515,132.94472291302586,35.20296128003948,86.96474442553594,60.234536982856724,110.42199073269022,323.78917637803835,348.5454221662974,338.32528300106515,353.5732177623603,0.40072985441271425,0.057269404105576446,0.3110704868403529,66.16519480226482,43.20660508042209,27.03533978821486,1025.1228534545164
2026-08-12 15:40:00,179.87274269375317,132.8538107156083,34.905275281036374,86.73566920789062,60.18485815175068,109.77351813134503,323.2346257541461,348.1931136769839,338.1423477431987,353.3107372439569,0.4003700639405917,0.059428084175574915,0.31252552805881395,65.83179467999157,42.56729019904646,26.857400802005273,1020.123167467303
2026-08-12 15:50:00,179.93064066097082,132.84637138514336,35.05618939222453,87.00516235094148,59.69550241002556,110.39153743773154,323.7784030843673,348.2311474917315,338.42542086663104,353.4666841867474,0.39936949735069044,0.05738200088692464,0.3106032843415672,65.8718184227785,42.91956904674247,27.158102952221448,1017.2840878318594
2026-08-12 16:00:00,180.15162144264818,132.61477521117695,35.01222592852724,86.71065752725086,59.930378094005256,109.26704829156895,323.3423404184713,348.1027441501371,338.3861400973735,353.64743711956066,0.4032253631301289,0.05626050220140959,0.30955906119097054,65.71987036816445,42.695800839564384,26.873302436122277,1018.2449473837921
2026-08-12 16:10:00,180.33314015712466,132.5822219477451,34.96896187484735,86.84944866884385,60.025576198035914,109.13421252741938,323.3469236956685,348.8172091097283,338.8463477910641,353.4614921524269,0.39980631081385515,0.062432761439249806,0.3142885533630538,65.47301385332116,42.04825531891833,26.76094029500988,1017.5370184950884
2026-08-12 16:20:00,179.94618225013534,132.56624061929307,35.051748908046186,86.77737254449629,59.5005956197502,109.35510887192441,323.411317148106,348.34252955869425,338.0551754640473,353.5626759753372,0.4052800267846032,0.06131795115574731,0.3136065062003596,65.53816341494239,43.14219346555612,26.79125910987255,1020.8720893724642
2026-08-12 16:30:00,179.65935372463167,132.83286659597758,34.869831591151616,86.89816770246622,60.09680578126506,109.79512676734291,323.9873664975921,348.25240771471516,338.00805346268686,353.37829087944306,0.39663946270413586,0.060539628542527986,0.31012648682067967,65.5895335608018,43.35296985665853,26.939755083485142,1019.0580468542444
2026-08-12 16:40:00,180.24449713592742,132.58862335197972,35.08526522104386,86.78579354924868,60.37501440425613,109.83729501552516,323.5573595295176,348.7352677995103,337.9838761563015,353.8748679989065,0.40180078471916053,0.05760418359470154,0.3127893218798444,66.28043982013642,42.80975812989772,26.876040064857307,1019.028297645177
2026-08-12 16:50:00,180.11015020336592,132.8566771631966,35.02259667742653,86.4887682809177,60.34287177837863,109.74242879142867,323.595654533162,348.39049703995136,338.4609808829595,353.79897603554747,0.3974626629512518,0.05991886717521348,0.31304380819653804,66.32037985061281,43.0115466260003,27.140788148597586,1019.4971915794542
2026-08-12 17:00:00,180.12605021165461,132.63515492827457,34.89785994016021,86.7198565511578,59.79245799242079,110.04971134528238,323.0641610624032,348.60810605503076,338.6597460229611,353.33253716236794,0.3965714973743633,0.061381317753448315,0.3158429837132279,65.70004289555695,43.09726374880985,27.116935087780902,1018.1756169413547
2026-08-12 17:10:00,180.02608612874104,132.58494569479052,35.163215711903106,86.55035465587095,59.84735637646246,108.93242304614066,323.55876177911847,348.46322058766975,339.0066799070519,353.6902412535532,0.39802857865457447,0.05604172036937871,0.31535096060175055,65.88543441633445,42.04613816812788,26.633788004438564,1015.1786615243601
2026-08-12 17:20:00,180.45444444697992,133.03769368141712,35.08712790945701,86.88217884238166,59.68904550128902,110.24767470317578,323.59388663452006,348.6196588283635,338.0628756241706,354.3211949324877,0.3941316899198338,0.06133082909303119,0.31567396122812696,66.0530958282765,42.80514190471431,26.996768349537845,1016.0597757002434
2026-08-12 17:30:00,180.0048179065095,132.7422515722639,35.11902231021268,86.76556464621898,59.82116512309737,109.29034971055384,323.9932657265867,348.5728076117181,338.58353438462876,353.3875787785105,0.398950343023375,0.06075704977318076,0.3120940549731745,65.7903748562591,42.66540798492284,26.691624558687685,1020.3965693001098
2026-08-12 17:40:00,180.09259139595648,132.64359258415502,34.851035857502396,86.73839335435717,59.89486888991303,109.66957469738735,323.2604650988989,347.90143198516574,338.3591813259778,353.947545042892,0.3998010712120186,0.06357174125147862,0.3149354521892362,65.28511978121101,42.606935308249945,27.023162477708222,1019.6195500874082
2026-08-12 17:50:00,179.61894673216983,133.37843644345062,34.97220554273296,86.784774979888,60.17436446913461,109.7935747668535,323.31071389517604,348.94295560406795,339.01524791570796,354.33919136386913,0.39794044155817315,0.058089383983959124,0.3113739304365356,65.90187845647941,43.29165671199151,27.045522296417438,1019.0095184006369
2026-08-12 18:00:00,179.87387499486073,132.62744206161872,34.946484937761774,86.72669787944949,59.99455710509501,109.42189468162876,323.25044487092197,348.8117718332416,338.6445913585763,353.47294696591223,0.3990463799826829,0.06364381816291398,0.31076772763109184,65.95567207128875,42.76834010130552,26.872257233312368,1020.3473860416639
2026-08-12 18:10:00,179.85231556100624,132.665797068746,35.06412008395536,86.64008101568972,59.69132150116339,109.31450016568121,323.33091364759974,348.10971672332045,338.9907042434813,353.7805900316225,0.40090133134011346,0.06013149115049844,0.3171191225675575,65.56541069177526,42.71778074246648,26.879618418316355,1019.8306883070799
2026-08-12 18:20:00,179.9837674509251,132.56465359394576,35.138678423445405,86.8882191851605,60.21571875158066,109.49695916739284,323.7210999100609,348.7837168150322,338.5401961489326,352.87843175965,0.39870887775154396,0.06070708985323308,0.3109145636654258,66.01526267565839,42.3022831327667,26.973745590057526,1012.4939705084842
2026-08-12 18:30:00,180.0594076989762,133.16553787456075,34.804945306279706,86.75735280051943,60.23404774283693,109.99403817892942,323.292073937299,348.4660923588518,338.8625501275868,353.9586434918136,0.40187365425706073,0.06168112637173315,0.31544198496667186,66.05834597661627,42.47538302700001,27.032600269030315,1019.0769178963036
2026-08-12 18:40:00,179.8397910256817,132.91669972975015,35.00207324473493,86.73329478977969,59.78670972399617,110.29499108952972,323.9026286615007,348.56607001166856,338.6566380530516,353.7410309667237,0.39850315791773105,0.06456925675067614,0.3117500503987998,66.49669434261591,42.83369363615907,27.270724267539407,1014.7665642105957
2026-08-12 18:50:00,180.3361044874027,133.19608254772282,34.98710279962223,86.60592244071945,59.89582863280375,110.28211758885197,323.5396298687751,348.90222901958975,338.3670539660265,353.80085486673994,0.40374690658648943,0.0619892781107497,0.3115149250383062,66.77948160641375,43.38131203852888,27.059535201623127,1025.5787776715356
2026-08-12 19:00:00,179.77658562727194,132.5516031416058,35.10226527026743,86.62200265925838,59.93919039981151,109.50275448086475,323.2639883644873,348.8216994984744,338.8309220963475,353.6086357728064,0.3999394430196993,0.06369447476259411,0.3165254706462297,65.42913380505458,42.30006118811132,27.06005080977772,1015.7859825889756
2026-08-12 19:10:00,179.8996132416624,132.83243746074564,34.99583939515252,86.68426101378023,59.47666537219965,109.60421142589402,323.3425467650966,348.8185920450597,338.4674444834391,353.84487498884044,0.3972881730740249,0.06011967594190327,0.3088712885552994,65.80464325498802,42.673521867768756,27.214990930743735,1023.1577444961616
2026-08-12 19:20:00,180.03743996576966,132.68469413511284,34.86983096576345,86.65578907067567,60.010549716616104,109.53969841767504,323.13274342835336,349.1155540196858,337.9005190868312,353.89235895292194,0.4014336248299706,0.06140122009716816,0.3128608138717264,65.43521295209077,42.84085683221338,26.73638222277206,1017.0255957542271
2026-08-12 19:30:00,179.7394417808836,133.18438580333608,34.98010362559757,86.6734615919865,60.17175218511265,110.22490615604823,323.11170310057133,348.85500027928185,338.53067952458167,353.7718797276449,0.40047309310875867,0.061761184223068026,0.3137293253946728,65.54159148685822,42.77723504893921,26.934259591794895,1019.0183687093946
2026-08-12 19:40:00,180.1039401793045,132.50740023398671,34.89397599807068,86.6144144848105,60.55418891447201,108.98128990974072,323.87750201319045,348.3735995980734,338.2039850755509,353.4763814585356,0.39697262940049743,0.05733676731825325,0.31121066806142944,65.0824719658568,42.23961801522652,26.604778520186333,1015.0119992883472
2026-08-12 19:50:00,180.11639098307006,132.99439334615897,34.920422620300556,86.63031451026839,60.027715522662135,110.61916963029111,323.7997872421781,348.1819314302732,338.7201266384457,353.5125797448367,0.40393583029993324,0.060469040962451204,0.31061799965047526,66.4929776686418,42.981611444040915,27.054545956063468,1015.5673018855915
2026-08-12 20:00:00,179.93123469138476,132.94079984545584,35.00431172426541,86.66780553739272,59.8845788920384,109.75759756235517,323.25505386268554,348.78903118338746,339.0175795002938,353.57541051128885,0.39910886698463244,0.060422911139925754,0.31080260554991623,66.10875628094117,42.449504423341374,26.950996377779575,1023.5656387333686
2026-08-12 20:10:00,180.37177688478604,132.57940594486246,34.950805838889,86.50335485341371,59.92586583021206,109.60823756809981,323.41286826105994,348.0628148747702,338.65713874469543,353.5009455728434,0.40115008684508574,0.0611619346286424,0.31710520304615414,65.95156203137557,41.974562073576614,26.988638202392256,1014.3188084999905
2026-08-12 20:20:00,180.0061193563941,132.83161521874723,35.02854808900928,86.60517557852091,60.15364610853727,110.16972689795378,324.01812584284266,348.45365178911976,338.73439860904045,353.31753230427574,0.4054607479826494,0.06324227381153379,0.3090033457381899,66.171125562242,42.481569968218444,26.79335424124215,1019.1688511128613
2026-08-12 20:30:00,180.04601052701668,133.2884595691392,34.844768466546,86.63703443504485,60.209238744384464,110.51630952755318,323.33619948837344,348.4530920417919,338.21264905655835,353.1867587571145,0.3986171405721898,0.06135823117242965,0.31042763587508615,66.25690251996467,43.41763744459734,27.10419528800996,1019.4879699794101
2026-08-12 20:40:00,179.79760226547492,132.66896642026632,35.23739050384798,86.75845745270983,59.71273659229839,110.17129162844246,323.61617716798133,348.35707309502334,338.34352086881745,353.541727355226,0.3985455500953606,0.060589738230594645,0.3119827645678848,65.8583522823012,42.490222841743105,26.99125578031345,1020.1095669048833
2026-08-12 20:50:00,179.65467898097427,133.3007407413691,35.12898933003403,86.74324744161669,60.02816505880717,110.52637222865931,323.7019999388583,348.9473017332378,338.40498235158555,353.2966261804943,0.4009367100860795,0.0602233162840432,0.3099705004812755,66.30976396248587,43.3699550772016,27.27767860336021,1024.6910262256251
2026-08-12 21:00:00,179.86347012721762,132.92139925698524,35.073387289964984,86.66412586167915,60.166623852647014,110.06717940832688,323.4962159341673,348.65405392682203,339.1546777304063,353.46600394560284,0.39518781488377736,0.06015461266654232,0.31424334148717864,65.94562665309236,42.28621615737318,26.870257302659837,1014.8087289446893
2026-08-12 21:10:00,179.92541433590736,133.02464335887888,34.86772371099137,86.58302995363583,59.36813334677956,110.61481930285386,323.50154131717863,348.5001769486001,338.4584370068658,353.19293573569945,0.4022169461347007,0.05727762128963264,0.31084201752012247,65.6993934617866,43.02200352876994,27.18182468739391,1021.48022672948
2026-08-12 21:20:00,179.89862077153174,133.2526904624597,34.77928309326875,86.64935906299863,60.38206692420678,110.62258001930935,323.4594968796398,348.82242406957727,338.6644351286663,353.16847792214594,0.39824201565843165,0.0595769808454813,0.31174741751919754,66.67876031386031,42.728512965385264,27.347295629249103,1019.2720941668418
2026-08-12 21:30:00,180.14360258118745,133.09100180143204,34.911700177657934,86.70767097650433,59.90662910256362,109.95026060533397,323.59538907438474,348.45153849064525,338.0470151811322,353.4555765532413,0.40290662306163744,0.05823599067882189,0.3124773625069879,65.81133961465305,42.555957444555084,27.07501278209585,1020.6293995230022
2026-08-12 21:40:00,179.51218408988018,133.1403710336706,34.97623490433026,86.80235771905794,60.23217580591565,110.71960294396348,323.1038570949818,348.9137713614142,338.439310439675,353.5133411902513,0.40250577635173673,0.057289424274922354,0.3109838125097574,65.9898953078161,43.33641501745732,27.208929947146366,1020.9410472496548
2026-08-12 21:50:00,179.7628312324305,132.99555888321143,35.22817785266376,86.49046490696472,59.957064912692665,110.08236685065675,323.5785144669906,349.15685373392455,338.62580634028507,354.2409865959306,0.39774185303957266,0.06201810625834339,0.3133865011965295,66.20732747558652,42.70296908771768,26.838361131751245,1018.016038641374
2026-08-12 22:00:00,179.6242788180957,133.17197371907224,35.13358486728387,86.58110867461181,59.897248151285474,110.04344661015101,323.61976566949716,348.5376871377817,338.55074157512985,353.5634314359451,0.3973432937156925,0.058133035108969534,0.30977543751501063,66.127817689625,42.918192573483445,26.867808681913697,1023.9219221080145
2026-08-12 22:10:00,180.2582724366082,132.9866088046312,34.94627099361895,86.58887123407546,59.94842376541278,109.5392631647763,323.1791614361974,348.52993618674384,338.5076841097826,353.90673025114876,0.4025656813072098,0.05793823445507413,0.3123862518810993,66.26381865490251,41.892110384571204,26.666768045299225,1019.4645852676301
2026-08-12 22:20:00,179.87668989253186,132.9534841217857,35.1235351069239,86.63011505868627,60.05742547118256,109.8556099971064,323.7028707093833,348.90816516037387,338.7227611841814,353.7427138922691,0.39752232243967733,0.05668884151026193,0.31430678343045126,65.73997015370203,42.35027376967442,27.2066108176907,1018.9378140814666
2026-08-12 22:30:00,179.88674245404593,133.01350834866736,35.12513584012446,86.63193381345474,60.23192528169034,110.38879137292179,323.29871104166665,348.0211249111831,338.7400599956146,353.6859678629739,0.4000728642654771,0.062289005872519856,0.3146662765866698,65.95305975746432,43.393987469640365,27.106128178013766,1020.4338214464794
2026-08-12 22:40:00,179.76929174669198,132.60952742033146,35.001588390699546,86.61083882224854,59.89209867908109,109.3436765451318,322.80372263512555,348.224893948672,338.24442973358543,353.50652937020385,0.4009764494088744,0.0628153813798721,0.31001453019926356,65.9156541959086,42.81793804820016,26.941009521253296,1017.5127483406526
2026-08-12 22:50:00,180.16980152462605,133.0341205735489,35.12441893095638,86.47796023204604,59.63526463636108,110.32481200466263,323.0066583191056,348.2919209774286,338.2086975269637,353.7932457158068,0.40179040152140816,0.06077548220659748,0.3095491338700233,66.06780737856829,42.852824546889316,27.139764996764626,1022.1255947184732
2026-08-12 23:00:00,179.90739880925196,133.22702898218893,35.033740011068346,86.7465316753085,59.761794455846214,110.17430797563473,323.60623274028546,348.1255267827327,338.76638764219547,353.7600719350739,0.40012152172746346,0.059356854357640695,0.31675755694598423,66.4359184398124,42.91958786659452,27.280720581647408,1020.8300693086484
2026-08-12 23:10:00,180.03424506836575,133.20019245715793,34.933017997699736,86.48165511525019,59.67860776702944,110.13878070812505,323.7446622333487,348.58807503352176,338.84229027223955,353.18094856822825,0.39839661583079955,0.06102234630528656,0.31448536223890494,66.22828182884675,42.98601673712172,26.991788350399254,1019.3081862899896
2026-08-12 23:20:00,179.58265168448855,132.70475492201973,34.87985756227654,86.49700188291654,60.19965802915704,108.89675390228801,323.4560119674737,348.67587138540193,338.2067789367827,353.80710323924814,0.4017287449852491,0.061031000330382376,0.3086920448309409,64.84009028995641,42.456621071746525,26.866941534816842,1016.1018043519803
2026-08-12 23:30:00,180.22426962850932,133.2964459203454,34.987425401779866,86.61483362296238,59.68423772097017,109.9483785401827,323.1566431279515,348.5853018056201,338.80745518450357,353.5456492273115,0.40098719913629643,0.06017363212372959,0.31456924463476155,65.60950938297843,42.85148773281969,26.850771402380907,1014.0412270097302
2026-08-12 23:40:00,180.06889928519536,133.116066875168,35.102016090489734,86.69850823766596,60.42791696773215,110.32413000384548,323.53780329396994,348.5873343245254,338.1998622238433,353.1285528232993,0.4022661842488233,0.06052141328479119,0.3132719852846494,65.80380590760922,43.03450602604507,27.287381810842806,1017.5571355513273
2026-08-12 23:50:00,180.1003642154406,132.85295395200097,34.86141666693804,86.61540896941777,60.01110182647169,109.61852252154091,323.8567492801507,348.8587904316959,338.56349749883077,353.3775836190612,0.3979213377416694,0.05664894822835956,0.31368504053854257,66.15270370978362,42.818176694956676,26.877401185696684,1019.6815660673545
2026-08-13 00:00:00,180.2374122493611,133.01060016024235,34.835260755869896,86.6387974808554,59.945615544567325,110.0451533495489,323.5757918554783,348.905962273306,338.9896902166087,353.82611153529257,0.40319606812330444,0.06027702881022624,0.31579193206490463,66.2372345089826,43.34979604729602,26.83385589707943,1020.5332727842197
2026-08-13 00:10:00,179.95127916610213,133.00358074974244,35.056216658755815,86.57891017411947,60.36395220766857,108.8109633654659,323.15920151205165,348.95651650893694,338.1361778959459,353.89824443326887,0.4011029761553809,0.05913165279909103,0.31239980100323145,65.44761944804414,42.294607025577534,26.69184548421058,1015.4737504346353
2026-08-13 00:20:00,179.9565168392171,132.80881548627127,34.72217637686824,86.55202032068303,59.86225663927714,110.33569651814423,323.73041533138064,348.5629435128112,338.61671189645716,353.58186169406457,0.39939172727600136,0.05957127587577916,0.313967049000061,65.79641058199562,42.3251680557766,26.740770955464928,1025.2938923486
2026-08-13 00:30:00,180.13372706213443,133.018782296113,35.18634963188742,86.58255201325848,59.88389222140868,109.66878359516213,323.53614854209883,348.61078927636277,338.55624818423263,353.987252176844,0.40128482523321385,0.059768861705666955,0.31176582784207757,65.88288237054165,42.91785730378787,26.78412706838487,1022.4338353600141
2026-08-13 00:40:00,180.0754492621258,133.32816529898645,34.95501009436827,86.70942555812297,60.20646089494782,110.43567847378337,323.54598960255294,349.02831144995827,338.28797840581143,353.86071275805506,0.3998485308886022,0.05721299713625085,0.31581250055165694,65.15158293700429,43.586102087035414,27.061681006940503,1018.9106041946286
2026-08-13 00:50:00,179.94101400796097,132.77244554298088,35.07490171827345,86.38371963163281,60.19465303827433,109.0786068620339,323.6170306839524,348.72712652931455,338.848464751418,353.15705423386385,0.3962763503016816,0.060494698265289436,0.3139863513109072,65.45475751173954,43.10815924286978,26.74878758713175,1020.6869105296602
2026-08-13 01:00:00,179.99888434410803,133.66355287157427,35.19012677689014,86.41206632812063,59.673681781191334,110.34613369416282,323.7658836749001,348.9885921003953,338.34946375024896,353.29532492077146,0.39869670184629913,0.0612366456719609,0.31529292588729757,66.17161862221073,43.082844763933615,27.05625601584184,1017.1869542951572
2026-08-13 01:10:00,179.88910556779106,133.28258992800153,34.85164128123437,86.40951730905898,60.7103759553288,109.88153035617384,323.5712008812707,348.4784544808737,338.4311523900017,353.73243532784954,0.40072568174716466,0.05565212300740386,0.31365373057629653,66.25441055609492,42.99250300856272,26.92483071643358,1021.0545158739505
2026-08-13 01:20:00,180.13326266788286,133.3989989224185,34.89257767684878,86.67287721841419,60.14358788948328,110.40380189883449,323.32231147075044,348.60318736701913,338.30452616514054,353.35845509864635,0.4005998180038448,0.05692516704657856,0.31006513408701963,66.38343344348858,43.84050370781429,26.93804994052167,1020.4514044758273
2026-08-13 01:30:00,180.17712508645744,132.77821560238195,35.229256533504994,86.58657619437146,59.59688025391877,109.53714510644394,323.5746229923058,348.43502761011615,338.75975653659384,353.44224652420985,0.4004859843467088,0.06285416631417352,0.31263571464503853,65.39598494263396,42.240914396166154,27.05847471620381,1013.8195136725991
2026-08-13 01:40:00,179.99119598136693,133.10247896333163,34.97089524427507,86.44032650696784,59.92111717244997,109.6907714876284,323.64835163617175,348.6140830837816,338.79787552535635,353.72309340943286,0.39846598894876517,0.05698812710416596,0.31256962687648526,65.77658036838112,42.90321819395169,26.733061080852227,1022.9870414400326
2026-08-13 01:50:00,180.3664659011317,133.4529674824094,34.98692986288205,86.59790752542416,60.251340367749464,111.12122567241127,323.9577959522966,348.7438834472173,339.0363601861424,353.5476568799497,0.39790358535223863,0.06141013266012578,0.3133171386903203,66.29965657864717,43.43919968743114,27.09825681169418,1016.937663300348
2026-08-13 02:00:00,179.68210944983534,132.9891896623545,35.023223694968856,86.50053983632712,60.03965031197133,109.58502392478138,323.253453795753,348.496423867111,338.56529053689445,353.4275145710252,0.3991290938605869,0.06171665242071089,0.3109969025039016,65.60939574468584,42.45760358294832,26.82357743160228,1020.2251536618313
2026-08-13 02:10:00,179.943486378478,133.04628034948385,35.108046208643266,86.5545203169244,60.23089541867899,109.64698639629606,323.5744752970253,349.18637190298966,338.39454011676816,353.2150082831333,0.40038342233773394,0.06368647343236138,0.31151159869954886,65.56604412681094,42.897705935077205,27.013448947373444,1018.8929113895815
2026-08-13 02:20:00,180.3330309945808,132.99992415598666,35.135527076404756,86.28582320701021,60.68384445387614,109.86170898141746,323.3598077511095,348.2044905331142,339.08108174962376,354.2606057745988,0.39978541397249867,0.059359992263445474,0.311476672707886,66.78838311954178,42.8606929715334,26.999492862658133,1022.6847578937679
2026-08-13 02:30:00,179.90581569962737,133.08113258485955,35.01123121081215,86.37843654475391,60.253582397307596,109.48872063708981,323.6982932143553,348.87758500252295,338.46044298506166,353.2220896495933,0.4006955063861113,0.058456883247205736,0.3102551809515038,65.4505225725806,42.4071605260609,26.810099162199798,1021.7679500557923
2026-08-13 02:40:00,179.66969038897489,133.6705758815361,34.96572470426709,86.4835387403491,60.576895484680726,110.59522839317515,323.4610624197638,348.32212070379,338.8452778670312,353.5150660651705,0.3986188838226699,0.05854064339037384,0.31319488386961364,66.17794125605623,43.07561314212922,27.045228700525414,1021.930452326851
2026-08-13 02:50:00,180.26989678416794,133.65839681888644,34.99627042211133,86.5528398453153,60.17901152554508,110.86250665710213,322.71909874755266,348.7193390300337,339.12367065517316,353.97661491686654,0.3988076203546948,0.05848401019888267,0.3112443059019851,66.52673982088675,43.90393403635805,27.33613672397373,1012.5944373781197
2026-08-13 03:00:00,180.09964165138388,133.0757459642787,35.03100259333571,86.43425494670682,59.77559555472893,109.64794696670833,323.9051000351631,348.41682140106906,338.8824723267933,353.61823893856564,0.39875925561792763,0.05665230330269746,0.3153931825350268,66.36028439762467,42.76624347919416,27.145581053456414,1015.9476585032749
2026-08-13 03:10:00,179.7510296842857,132.49130664720943,35.133905521022115,86.35295240991869,60.42882493519508,109.13698391049336,323.4327085706475,348.6594290419226,338.1126135454202,353.363255898973,0.39940632241839397,0.057725425402243284,0.3115503972300249,65.14864937062337,42.45633601359141,26.822217804691235,1025.909434493784
2026-08-13 03:20:00,180.14564753593046,133.5855348695796,35.013857823028985,86.51317859870372,59.76573831382865,110.58598865149538,323.30841123927394,348.6614288834166,338.34325317171573,353.3070398691365,0.3987658404449729,0.058879702571914855,0.3090156145200951,66.72068380552506,43.52562635616361,27.002902451765188,1023.3947651021858
2026-08-13 03:30:00,179.7853960090607,133.57771583515964,35.186111569864195,86.23262002044156,60.26318283849283,110.55419525589586,323.18859022661667,348.4146558549206,338.42188379832385,354.00335535649447,0.399868235892839,0.05902794023955524,0.3128916137093322,66.60201048434344,43.196376038932605,27.160900227940818,1018.405947361545
2026-08-13 03:40:00,179.72175927269973,133.2924926188278,34.912252056637044,86.75473024063571,60.17252484643141,110.4108295960893,323.3195356010108,348.2967966969398,338.90326530472214,353.89112837683723,0.3990485307004931,0.0614235547985051,0.31503126325162484,65.96397904652748,43.25396805509909,27.34089231059057,1024.3999616416702
2026-08-13 03:50:00,179.95990658729113,133.30364346379685,35.0543888227114,86.5467939447441,59.72293000131,110.57825571737446,323.2545286647486,348.44357841825774,338.42720319756404,353.06647641796604,0.40270332452793456,0.06140342445393725,0.3150413975098525,66.2074437857013,43.30942456136403,27.033182928432392,1025.1682911826374
2026-08-13 04:00:00,179.8940398772689,133.1609966568711,35.179546923300194,86.47220314732358,59.76602603614004,109.56623736708809,323.5946861210102,348.6548839283602,338.88658893888896,353.2411618741165,0.3985393808795672,0.060041972371999396,0.31109278041488575,66.31699175865307,42.679061513736826,26.97618819873161,1018.8612676229691
2026-08-13 04:10:00,179.77038449631095,133.0153393349647,35.131677694900425,86.34560167906284,59.92490239103197,109.91575179566404,323.6819885757957,348.88265190962085,338.72548337875367,353.8548668420876,0.3980721808294908,0.05634630486734305,0.31180628387866605,65.30884165871808,43.086697605129764,26.834730538736284,1021.3246523710565
2026-08-13 04:20:00,179.91715120854423,133.10417345534492,35.03399243902658,86.39701079693486,60.098537320693474,109.30794519782972,323.61848545995286,349.11179800030374,338.71096157043274,354.15515127304803,0.4008473094045714,0.06108183252137366,0.31197442571269857,65.12174057060543,42.36578414877397,26.85580549807764,1021.4089651496992
2026-08-13 04:30:00,179.78909074152742,132.74997500121245,34.90973512051481,86.54659492168722,60.3785434095072,109.2909185852071,323.7486526545438,348.1639311075922,338.6585349073114,353.50095953070706,0.40335090734099954,0.05936217925331813,0.31357298226015634,64.90608866604514,42.76553939231378,26.983190990797517,1024.396914619988
2026-08-13 04:40:00,180.00247695365172,133.2151093524272,34.927173835842694,86.60776227939618,60.00203351353361,110.49055065363477,323.40118003211444,348.7874351329765,338.4436683257767,353.9571178690245,0.399672599033222,0.05619055516915154,0.3116209284630684,65.99894869418867,42.910040195200224,27.152450937191677,1018.7086591399257
2026-08-13 04:50:00,179.9858431445032,133.1013155786452,34.98399203295521,86.37464936753867,60.5504008515535,109.66404336877845,323.8247627197963,348.5252211716043,339.0730042359697,353.18516040706635,0.3975363431747247,0.05885479452972985,0.3071414055012438,65.78251743903166,43.33699503616464,26.813711248269225,1020.301284894567
2026-08-13 05:00:00,180.13983974212033,133.3541355492002,35.03175599779653,86.35221364745195,60.24296614285741,111.13978579701003,323.6189939894848,348.66454962632724,338.70694422716645,353.16443565341103,0.4015353952166154,0.058350112803308915,0.31471162836208677,66.32700026313374,43.671967960437605,27.18387049630416,1017.9903115244041
2026-08-13 05:10:00,179.89932410365932,133.2427800527215,34.974519700399185,86.39960103074264,59.78924005080597,110.03709005499128,323.7820235357432,348.7544126109485,339.1177966751046,353.29385254821005,0.3978548039401065,0.05991641982906305,0.3138004693757305,66.11426130800425,43.395175222888696,26.95468156682036,1022.5106996430437
2026-08-13 05:20:00,179.72351420042045,133.21963470783516,34.85113389413434,86.32336633811255,59.79648234613864,109.67978759238315,323.83430563650626,348.8915525519887,338.4044090115003,353.82690404880134,0.3998625874966663,0.060601512616357864,0.31030499392098826,65.85251354769233,42.99745118275525,27.020232376887765,1018.311353242732
2026-08-13 05:30:00,179.72598396098616,133.1342717475943,34.924537450597974,86.48110678416332,60.008110577139945,110.39894260185318,323.54796843550383,348.78312681309893,338.174039171409,353.7393024251454,0.3994327266927231,0.06315968369413445,0.3122582837732243,66.41641723624369,43.43823170328012,26.916783224122543,1013.9624406035034
2026-08-13 05:40:00,179.94121598815178,133.7387716595723,35.052931560272455,86.30878421761082,59.82705366733437,110.90063117879969,324.0221441509578,348.6627505733999,339.0921133088393,353.898167413087,0.39758401101080676,0.058570761061353394,0.3116282453816456,66.45856791574109,43.06601243302078,27.164801976820126,1024.3883204037313
2026-08-13 05:50:00,180.29848922300903,133.23103133888065,35.085389325107045,86.35915949683059,59.95667259634233,110.24306547971257,323.89487876418616,349.11696595122794,338.3328695412427,353.14525270008136,0.40162986190377936,0.06021745097810362,0.31061307439675134,66.07507030679844,42.46956061382661,27.21872944405795,1023.4782796790257
2026-08-13 06:00:00,180.16065718614038,133.1396107771418,34.85691731693962,86.33411279356667,60.21690182871548,109.39142741460317,323.5424142438335,348.75369746423246,338.7141191957106,354.1897906006306,0.40066997259605136,0.057819948823017,0.3129928476688295,65.40798314661161,43.13994226318527,27.061935226018615,1024.6195113588476
2026-08-13 06:10:00,179.86196502380156,133.36658448903435,34.962766654882365,86.31715607106045,60.06295797471529,110.18550140094253,324.1809896120592,348.674256769344,338.5709880124823,353.56146449157563,0.39966389003853053,0.05877859057629893,0.3102720076258045,66.4473803781112,43.04923312795899,27.09599801100877,1021.3749507271557
2026-08-13 06:20:00,180.1794200531567,133.42420801450294,34.82886047566453,86.49391996564866,60.27763008057117,110.68779903053337,324.15550841790076,349.0022936467527,338.63774949141157,354.4958729753435,0.40054394835265184,0.057258069833204826,0.31228163211364346,66.43335225489326,43.20983168339499,27.332526174727853,1016.3939443377296
2026-08-13 06:30:00,179.75799052247697,133.08384482283213,34.94234802844831,86.21010480024624,59.778817974642486,109.75337952548685,323.2184094884146,348.3539809040448,338.587187109567,353.7680970398499,0.3975860342512951,0.059773199034508805,0.3139382119174258,66.16625890556264,42.05817156141613,27.031742763171568,1015.2074723977579
2026-08-13 06:40:00,180.1937292046846,132.8163000878087,35.36222381142758,86.18464141949067,59.72703475615623,109.61317902129436,323.0117126080826,348.4138423150655,338.3618344718505,353.14241261575205,0.39935896543623495,0.060997243395100625,0.3143262167216517,65.4830866924311,43.51798174082016,27.029469055148304,1023.2509972910256
2026-08-13 06:50:00,179.9137763786996,133.33092383340792,35.00650156391187,86.32972808088054,59.566453048279065,110.50822395568144,323.4917003510124,349.09827895171816,338.33313823686024,353.6818579202051,0.4006339813407732,0.05925911149463966,0.3163736285575532,66.31373214144263,43.1394389271827,27.38496536135643,1021.3302577488967
2026-08-13 07:00:00,180.14469514722003,133.16614046378348,34.96468763491608,86.40474115436461,59.45200530904204,110.069983870251,323.8121436903064,348.6291741591597,338.75294751645816,353.4379542840853,0.40139714777949376,0.06269879011375738,0.3128920944351728,66.00343212193735,43.00820561217129,26.89941534127115,1016.6651400940265
2026-08-13 07:10:00,180.1154102728515,133.40194778701766,34.93980731794277,86.24474376757394,59.85262188343426,109.44872894865863,323.9522975802647,348.1791833949385,338.4806183243881,354.1674218740262,0.3962237728626486,0.059786061934580144,0.31372769586905697,65.31655413059033,42.54306454341786,27.01796184749401,1018.2327714344113
2026-08-13 07:20:00,179.93498507028707,133.41954785621982,34.87627944858639,86.23844729364578,60.00773587377314,109.81012669920923,323.8747561390539,348.9173330333594,339.2041028333626,353.7666818452665,0.4009047250510153,0.0616449965610233,0.3138005399650698,65.71491116509664,43.086792572569024,26.694803163408302,1018.1181542249969
2026-08-13 07:30:00,180.05630507537236,132.90876139613385,34.809959026356125,86.35251567287123,59.927710724955105,109.62216875451702,323.67850025241165,349.0351065195378,338.71885834083616,354.0824620573256,0.39782194842523716,0.05933150476332305,0.31142238805833017,65.22212824996237,42.812624156664526,26.820745260865532,1023.056600937946
2026-08-13 07:40:00,179.77662200869506,133.5098287445264,34.995688763559194,86.33031008851549,59.98983071236218,110.1481343324352,323.96847986658895,348.47287068260107,339.11210152000467,353.4597519186525,0.39566571580576254,0.05985802041910852,0.308756078649595,65.79145012451112,41.99303953238189,27.04352766321181,1022.9387149720833
2026-08-13 07:50:00,179.97580282708023,133.37301049524328,34.97174616113649,86.24603590809892,60.60147726394507,110.05484225674677,323.8960564350181,348.3233738294635,338.55796703254316,353.4713103109438,0.40160600129870005,0.0633263512022042,0.31060766581812416,66.67825707756451,42.64361995235836,27.028624474404072,1016.9535694070421
2026-08-13 08:00:00,180.20783503942542,133.45002452852793,35.1510678237831,86.34087539317738,59.661310426706926,110.57522352153012,323.5607025639562,348.6827234003728,338.9377249486297,353.75218175497395,0.4021946464815461,0.05806446720998561,0.3089557766629722,66.34965991623504,43.293758752061315,27.33230330933675,1022.3406856730927
2026-08-13 08:10:00,180.81232126213038,133.5351096240024,34.83269175694928,86.28446091267205,59.90800505118937,110.35483252099063,323.74545199214924,348.8013663661376,338.5257699817036,353.7322351597911,0.3978658570220985,0.06127416788633343,0.31279637116470754,65.76524318324324,43.17062502251828,27.10589974341341,1024.0438811521763
2026-08-13 08:20:00,180.13163549808846,133.19481019724122,35.04453544841549,86.2757927803311,59.84250261168625,109.21823300298531,324.00566220196856,348.53128829319684,338.4250862997093,353.42734007944784,0.40160987594554076,0.056659484862379254,0.31569687502803606,65.72973337781417,42.13946796079071,27.10583193822707,1016.8989579293101
2026-08-13 08:30:00,180.00829710371448,133.297973370435,35.137158677043686,86.29869745515974,59.716776073229916,110.20349526572764,323.5089214576849,348.4428842516886,338.6344237630419,353.87261421628637,0.4000939697727421,0.05945008272664276,0.31405783807822024,66.45527847756512,43.100309003609475,26.943535739729505,1020.0636173198566
2026-08-13 08:40:00,179.7875847601896,133.4454534027348,34.799860834861406,86.22098508393444,60.39520734009836,110.4484661598367,323.5142622023287,348.85452289471044,338.6489158430055,354.071988499937,0.4015811532553312,0.06173231466160907,0.31725401615494103,66.85838535662248,42.988481091747616,27.100875705751434,1017.7872082043275
2026-08-13 08:50:00,180.20310351983872,133.45488487076526,35.067264675248396,86.2299077941394,59.9801086278551,110.22793963351644,323.45552663937013,348.8585786590531,339.48061942443024,353.60977163135703,0.4038088410791074,0.06429633767795064,0.3133695830888512,66.30771681227388,42.132295052002036,26.972319224156553,1022.4016801078975
2026-08-13 09:00:00,179.6584813667748,133.346130535406,34.835316966228504,86.25140037485801,60.3656973427612,110.51502982963974,324.1308496951992,348.25760813511374,338.3164964587383,353.5670927432135,0.40248763051188013,0.061623839649899564,0.3178686679649511,66.58233277852453,43.3101078090516,26.787460532518192,1016.5671632324699
2026-08-13 09:10:00,179.8297093360417,133.28917554770936,35.053405664351125,86.26284447056713,59.651852902282364,109.72521150366495,323.90172904020545,348.39340681427245,338.51931118967013,353.57060874260867,0.4003187694393111,0.060354803478357776,0.31649188236833264,65.87708700525114,42.50116217673336,26.88935938981001,1018.4749893449931
2026-08-13 09:20:00,180.06253898426658,133.172522087337,35.15089536236184,86.24281051395644,60.553235227707475,109.52458408635708,323.95458933394485,348.62082881720465,338.92688516200724,353.8867343550327,0.3976426580399063,0.05940828734399042,0.31420361499515376,65.4401156640803,42.414124105792126,26.930108312985563,1018.8680135052281
2026-08-13 09:30:00,179.7489486819708,133.4010145798719,34.999611166115585,86.19105627257197,60.67021664476026,110.46503501262124,323.60047265945855,348.5361431224948,338.6686793702106,353.6866409562041,0.3985211075543877,0.05927163765703808,0.31638550040404545,66.3412810028238,43.14308665177277,27.00673066976176,1019.933151489725
2026-08-13 09:40:00,180.29966283619683,133.0196492916309,35.029355391882405,86.17329164616645,59.72946081442379,109.46726766425715,323.7036191248316,348.77767578034167,338.7618621747228,353.8606171101977,0.3993282002471624,0.06009057916196913,0.3118182333125542,65.58550966209722,42.04134641276829,26.790798900500164,1020.4998866075252
2026-08-13 09:50:00,180.20996151123148,133.04222201007153,34.92907653453984,86.17452948865656,59.98795509551761,108.92023123361115,324.0696027790183,348.86468307436604,338.951100527559,354.0678103872171,0.3987225009871921,0.06011639917951656,0.310362639865533,64.94468808386074,42.65282400172192,26.686185564537656,1018.2226165395131
2026-08-13 10:00:00,179.87675754336473,133.7248506960476,35.029581588208764,86.36238060634327,59.95241798868681,110.5126499723285,323.6344376218631,349.24833313842083,338.6817117930556,353.63786670895223,0.40071910787584275,0.06247253455995839,0.313740429771183,66.84456605920022,43.403469234561214,26.9625105057229,1022.9795002209769
2026-08-13 10:10:00,179.87935667117873,133.31611793430713,35.11577301265404,86.21129365207189,60.159100029422326,109.63790753716565,324.06481918029675,348.8251872338122,338.51224256248213,353.64793089592393,0.4012097641447099,0.05826078143386357,0.3159155661845605,65.70042420811232,42.59136863943102,26.854081633962537,1022.6346130733546
2026-08-13 10:20:00,179.72620295942264,133.17387377652605,34.981307276160834,86.38395601463509,59.60151161118399,109.84696689949517,323.7146145432423,348.98693569144154,338.3231270273701,353.6427974949275,0.4037426241227952,0.05817650873444183,0.3141806536150668,65.59877883684443,43.19733932287773,26.745678816177673,1023.1119775509823
2026-08-13 10:30:00,179.7097968085669,133.28360065484762,34.98575043411697,86.1535693515087,60.13203203356064,109.30101032588479,323.71594840135475,348.2839171913609,338.70831074351383,354.1883993549747,0.4023465316087172,0.06211297679261693,0.314303725596198,65.44747347811968,43.005542387090735,26.889296491965794,1026.4253915295328
2026-08-13 10:40:00,180.0795458850922,133.19337207556524,35.03991608450893,86.21860312089883,60.20995924870703,109.33723620649744,323.88703988634285,348.5322333804231,338.8922300101213,353.70228547547526,0.3973796678631515,0.06125013083598207,0.31292845034250355,65.89417054881056,42.13579722612258,26.488750606487375,1017.1786881005634
2026-08-13 10:50:00,180.11585754637176,133.30798533543572,35.084169304294925,86.11768608447804,59.812053539425385,109.4217055790122,323.97833567860584,349.031239942631,338.79448173918684,353.75922669923796,0.4050486196615325,0.059110703583271945,0.31162391697811037,65.5746494624819,42.413181029166715,26.604638874836212,1022.643401847241
2026-08-13 11:00:00,180.06125697118725,133.56286288268893,34.83268475153163,86.07758418886323,59.31284919803825,109.8196750741341,324.2429885469821,348.3194376937545,339.08246563268176,353.64878201166596,0.39997520244252377,0.0595651155322006,0.3141162451226646,65.65763194497832,42.82025526014338,26.918869729052922,1017.4777747717369
2026-08-13 11:10:00,180.04408556874967,133.31117976157222,35.006142723022755,86.20425704081029,59.78820006474921,110.18499953807796,323.6302890129497,349.1152942472015,338.612954938684,354.0165526999826,0.3991429390809171,0.061044556709036885,0.3143082903346208,66.50770093321063,43.0409679203441,27.09819310563081,1018.5761972702865
2026-08-13 11:20:00,179.87836368463851,132.9801816235947,34.9299828536034,86.13580764715924,59.87387017046969,108.8510943921213,324.22755107073397,348.89257726130444,338.82132199685907,353.8698375955662,0.3963868097946957,0.059427435454052796,0.3118697876581003,65.05635571239277,42.07315471339562,26.72060366565186,1015.8026712459204
2026-08-13 11:30:00,180.06305609455762,133.4464666113057,35.0508021857442,86.22783396857893,60.221788566480505,110.37608658730902,323.5136302107471,348.7768643760105,338.4917511322603,353.3950582025866,0.4002756893576675,0.05855959591244308,0.31543934769357396,66.45749332396439,42.76749896373587,26.85543527004535,1022.5313387695302
2026-08-13 11:40:00,179.6954431461864,133.0544945204639,35.106006455377816,86.13393211636951,59.806923650185034,109.4090009186057,323.4869172798216,348.706792014274,338.1707795510804,354.038369368411,0.40469166642475063,0.06023228300982935,0.31633037782541934,65.65226862101122,42.63350818472494,26.84184924458159,1017.0498266594723
2026-08-13 11:50:00,179.9924246511614,133.61927587184334,35.03193812337099,86.0868990004338,59.647711339338464,109.46684412102297,323.0864793316013,348.41205810944746,338.91631022245724,353.8753075072273,0.39999744845278523,0.061389193366091,0.30874627196972504,65.4917211805206,42.85867406425398,26.675520292381503,1017.6193224899339
2026-08-13 12:00:00,180.28652064747592,133.73624553951095,35.132142617318216,86.09881494058153,60.17800401527435,110.3389276940375,323.9886898824814,348.4378991077222,338.60699258275724,354.12084012898936,0.40114212615607203,0.05809861269418841,0.31363354447654923,66.5197703332926,43.07118651127526,27.122254259738913,1020.0521473733911
2026-08-13 12:10:00,180.25623604116538,133.10119692159253,34.89870819865176,86.11533518461708,60.10427346937386,109.9626830337428,324.17779718727314,348.5965354721563,338.93894732762226,353.9169422242561,0.4008879474341352,0.05909065181944431,0.31008203337292284,66.19554115878034,43.220995879755115,27.233712344335327,1019.6748506701367
2026-08-13 12:20:00,179.89780599080163,133.25471011939797,34.958250756136856,86.1293030962777,60.213223872754945,109.23178310687966,323.3964235505331,348.62648214323104,338.56618985950524,353.73938565861187,0.40215620667693036,0.06108967521116129,0.31195978117476375,65.77655766754239,42.81829227866224,26.895075286841465,1024.5683214010076
2026-08-13 12:30:00,179.9237297933937,133.67770780725564,34.898838558785194,86.29432353527083,60.00715599019904,110.92229634361719,323.65446908445546,349.100033497458,338.29226527652554,353.45224521427264,0.3985390801971376,0.05643569836770181,0.3129651533230342,66.55510220294624,43.412028460553735,27.033606314485194,1021.8593321813634
2026-08-13 12:40:00,180.2672992116115,133.52150511804842,35.00610859235363,85.78332415794357,60.31035878745022,109.56968919752961,323.67609584749823,348.4630951721707,338.4834857723785,354.063190220125,0.3983800859682077,0.059401836606629545,0.31420516433305457,65.68380459015523,42.661044490676474,26.997325603847194,1018.1836251615595
2026-08-13 12:50:00,180.34953764526102,133.52529541516685,35.00987115098513,86.19186271508104,60.147199642197464,110.12365797597374,323.2989134552229,348.5770091989808,338.66648728668406,354.1432294558115,0.40135768575077313,0.061739201474473246,0.31392458664673667,65.05109141329359,42.60085718858038,27.217431149420285,1020.4488510667029
2026-08-13 13:00:00,179.69047446221046,133.4737091959026,34.97978842329307,86.22981737776382,59.457978572969736,110.09994517430393,323.7761720945045,348.26238998475895,338.55256546373704,353.49722072944104,0.40200582917664524,0.058210745636052136,0.31424144236290474,65.9497776307582,43.56873638688518,26.862778850673017,1017.8790265427405
2026-08-13 13:10:00,179.90520769332971,133.75256249465622,34.876075350538905,86.28566273587167,60.05329764401689,110.7056635809316,323.8455156144207,348.80506014001844,338.67486282508105,353.74710835063706,0.3986786749937755,0.06118972921754309,0.31333656723318,66.32453410792063,42.87845401976296,27.25654257310009,1018.8776554841479
2026-08-13 13:20:00,180.03781664498584,133.47150845341235,34.992221068478656,86.1274953262407,60.22567424001952,109.77216558227705,323.61359703987245,348.7598566768437,338.9243370641671,353.91192604029754,0.4008633401568672,0.06467060669914997,0.3113140729537058,66.14621382580656,42.65154841171878,26.894007192632564,1019.8202577236927
2026-08-13 13:30:00,180.2353953082598,133.6705656948846,34.955330420252274,86.20296349410849,60.00492649799452,110.50404484219129,323.4639574952664,349.0733388111663,338.7578049253344,353.73099843179534,0.402089339805745,0.061299231444628635,0.313535009022492,67.04192981787874,43.196904302156156,27.161555791730887,1022.8396500877883
2026-08-13 13:40:00,179.8226237868377,133.31771981367473,35.06190298575186,86.02653520040536,60.432277573983185,109.62905523884093,323.8034940021262,349.3095540701295,338.90427603360405,353.8921067707688,0.4007992438311493,0.05807335957794948,0.3120803558669291,65.7858766463254,42.46979383334666,27.028005813289074,1017.9971931224761
2026-08-13 13:50:00,180.1197717752795,133.66947609908306,34.97247606529103,86.12328909078288,59.857438454984695,110.5610644292511,323.94076302821026,348.9191201815419,338.7211148307373,353.6592493275837,0.3991795305739414,0.06451395599777097,0.3140423289618648,67.10057407049291,43.244863909247954,26.9736633337091,1019.522349428325
2026-08-13 14:00:00,179.93055331189368,133.46086721719578,35.11904984644408,86.10756536935298,60.20354883175615,109.61850768520908,323.3551406997881,348.5259919490531,338.56499493024086,353.5809543019765,0.404361834214083,0.06154220481432746,0.31260314581368537,65.73523954992501,42.576162292923655,26.722923643757078,1022.1322492955143
2026-08-13 14:10:00,180.46775085487977,133.2310175292334,35.02373955549045,85.96130763527611,59.625482167985695,109.81889545069275,323.74161183120407,348.83490470319134,338.47846241814307,354.15121799142065,0.4030445993065815,0.06205664971422173,0.31298325027059715,66.2337866661913,42.8579796013954,27.321475153325043,1014.7199395496485
2026-08-13 14:20:00,180.0771982485182,133.846410312385,34.81006108317762,86.06710429154141,59.99429452907386,110.94798327394952,323.9368418299893,348.85355086949926,338.11881870118305,353.2612312432941,0.4013624838117344,0.06070915045287917,0.3094179219681134,66.93440059611956,43.83419569184548,27.435896499977176,1018.0651982911188
2026-08-13 14:30:00,179.96384179937638,133.55075895962815,34.982364411461596,86.09881876926514,59.82955573632842,110.15848569405917,322.9551577894546,348.7582999274276,338.9488835527616,353.9782157868359,0.3997490829950141,0.058446421155044614,0.3134557184206043,65.5346865064968,42.99622630470671,27.25279453875782,1020.3630769741796
2026-08-13 14:40:00,179.92363246200384,133.45064198327486,34.853829525546,85.93895600277818,59.694164184104814,110.05487948635134,323.8716416383813,348.47020683672974,339.1030259379793,353.54393055019773,0.39746149663184865,0.05974850850826468,0.31175441887794886,66.573178120082,42.950569508685405,27.08152424060139,1026.1883115598232
2026-08-13 14:50:00,180.2028638030659,134.0603315619512,35.099152954150384,86.14346204707154,59.60249617232158,111.12102463750603,324.282016913368,348.87693820237973,338.48310401358873,353.79683358092444,0.39913553082944275,0.05955159948236651,0.31324424510016163,66.3203674215236,43.69102432092531,27.271659805507827,1021.0833667172521
2026-08-13 15:00:00,180.12728044001497,133.3552286646822,35.1467857312257,85.92253352125533,60.06157940682238,110.18067833701674,323.40589784163507,348.43750046824545,338.49663932842793,353.58382019896135,0.4001293749830295,0.06356259017017657,0.3120088312354911,66.05996974523092,43.10503041644837,27.130682373058214,1025.089846866748
2026-08-13 15:10:00,179.77351337285577,133.3233956797016,34.9973593462541,86.03461138604712,60.12296938547706,109.5919313461357,324.166110338831,348.7591939684165,338.5266444071692,353.8376752815761,0.39806525433352796,0.06244252283213014,0.31649533519250356,65.46864191475466,42.94340840244386,26.876450148500147,1018.855403715159
2026-08-13 15:20:00,180.0345197533402,133.51348534818817,35.04545376166045,86.06975013163459,59.804168227151436,110.36731399914726,323.69967905422743,348.6993159399837,338.8840155202835,353.60348588937046,0.4021638619331309,0.05939541096322685,0.3154138758699145,66.00060532523104,42.651743653981356,27.068455692640605,1014.3353460663508
2026-08-13 15:30:00,179.72211485972687,133.43831720322802,34.85219597742366,85.93735744645181,59.6234232752187,109.40915954149595,323.96504939304407,348.05375442827045,338.8138338117714,353.87780238003256,0.3974955273264863,0.06050206400331186,0.3170477845210671,65.26477615166586,42.470450227462266,26.96307149876025,1023.615013110993
2026-08-13 15:40:00,179.83917047552922,133.66504789119116,34.7700116991653,85.97984239780196,59.73160884144564,110.56415826937196,323.7434282083375,348.9621568015808,338.7179351079095,353.3616751301071,0.40340472081601325,0.06114670952195018,0.31165571566228856,66.20952498864159,43.44075485256699,27.19942957551176,1023.6734349309012
2026-08-13 15:50:00,179.73100511965748,133.78041323374913,34.94330420366462,86.0187116648735,60.222726719661125,110.60298887991009,323.45797214025566,349.395589762333,338.77397240670786,353.4712233600959,0.3992246345428469,0.06253843990772935,0.31380272522701164,66.81385546137655,43.016371931540604,27.09697936342955,1019.3790400790746
2026-08-13 16:00:00,179.7247417671496,133.53273096015343,34.97398355930274,85.78219665574117,59.633959319749245,109.71352041072939,323.29315587251597,348.68979237168935,338.2960729930507,353.7581932559281,0.39844012258710454,0.06178783027933021,0.3124925214806764,65.45204325558612,42.681886897501876,26.87991099361417,1018.0822808203347
2026-08-13 16:10:00,179.8530663924652,133.1576992390005,34.845270607451575,85.95116796864063,60.33615388969935,109.68604907535807,324.4950179313955,348.61993830553064,338.75488285359484,353.9936975612018,0.39946069458211186,0.05772390624893058,0.31134389491720216,66.13283705355467,43.37397414699614,27.174358087515955,1023.3622585526824
2026-08-13 16:20:00,179.79417587342434,133.6889922283682,35.009426893392764,86.0243673373847,59.49403580964575,110.08825213117545,323.40697926898406,349.06148251021614,338.7387645249757,353.5477071523486,0.40107361236126676,0.06236138443482455,0.3139061787804902,66.18810201827966,42.842403443511635,26.98005821055612,1020.3817476246005
2026-08-13 16:30:00,180.09699412327458,133.44103437430888,35.032122928991235,86.11695547491128,60.078643435712515,110.00707757588948,323.72153833265696,348.4277901964026,338.94081951243317,354.4004162285393,0.4021853349638062,0.0576408686635712,0.31132421155633966,66.23521548011809,43.25948832698904,26.89807498200516,1023.2765729641752
2026-08-13 16:40:00,180.15099849142652,133.36140736651234,35.06594967879447,85.91075263382363,60.19490073375111,109.51115619156683,324.2207378428423,348.80752336606014,338.5869827482308,353.69145269139466,0.39779114471031907,0.05905907522827735,0.31738324785235855,65.85085249429142,42.790433254441645,26.923541466699117,1021.5209995484967
2026-08-13 16:50:00,179.9430235228776,133.66825049021907,35.15868658258922,85.99365044470593,60.36137581124596,110.28404393315941,323.89423490880165,348.8724341179333,338.64355097319293,354.04897012513476,0.4013731833468838,0.05697229800746476,0.3125406990486753,66.43325426590387,43.0129523937564,26.989931326867158,1019.8161834212477
2026-08-13 17:00:00,179.76625906429513,133.37902651580586,35.0830014535035,86.04210992959507,59.866386470740764,108.97906215186809,323.85861398946156,348.64665918518466,338.8657669964249,353.25657557951934,0.3991079618392595,0.059240782786000624,0.31423111183556535,65.61522681027738,42.60057116573772,26.536744011649287,1017.2175644636998
2026-08-13 17:10:00,180.15251768544275,133.65961882520293,34.96267154897088,86.12910517614547,59.76572979906926,109.78357027087146,323.21986704599556,348.7872903445166,339.6010924815265,353.50979420846767,0.3972786427383947,0.06144549595626167,0.31199715924256965,65.53995501468631,42.76756366100107,26.764777951817514,1022.2141755414373
2026-08-13 17:20:00,179.58453679818996,133.86186693454934,35.010925366342946,85.91137655511048,59.568409796471066,109.79802951757152,323.6306326224812,348.56978478479164,338.628339293955,353.5089137237203,0.39765655386275084,0.06008313775963595,0.3124869261389418,65.40685989047172,42.50241513808154,26.565026952245614,1026.127380252238
2026-08-13 17:30:00,179.60316235840747,133.5934695257793,35.06166008176131,86.05768792364168,60.26811949741144,109.86336722423876,323.423974342555,348.64789650794233,339.4151276707078,353.4607228793557,0.40249098858775945,0.06210522992626816,0.31196433149634134,66.22944894120143,43.149699006190346,26.718155632465113,1020.5012185653422
2026-08-13 17:40:00,180.13710801800102,133.5796296185075,34.89320405647983,86.0855650628035,59.956702768677616,110.15361195268785,323.2904890930751,349.00278291518185,338.53778351126624,353.33696052165664,0.39722859681240197,0.06198859725256956,0.3155975136601371,66.2463281762157,42.94995134682624,27.19275679216395,1016.2739421960803
2026-08-13 17:50:00,180.12279592445122,133.30620987592675,35.13599631813538,85.96045852179714,59.857664050954895,109.38598878679043,323.9244948549095,348.5686432350851,338.83107621017996,353.6884755189682,0.3987186483415121,0.059566136946214786,0.31501102734981895,66.13761607947245,43.108834111735064,26.837086613482523,1019.703735281334
2026-08-13 18:00:00,180.18673786391756,133.85079469854958,35.09244290678812,85.87723347151667,59.86972667270488,110.29425754161791,324.0637386117858,348.6561574748782,338.5396685008283,353.563023313056,0.4000809444312421,0.058914653510797735,0.3137894524296908,66.19236929590897,43.097530047035974,26.584632709184234,1016.7482549209493
2026-08-13 18:10:00,179.94770145911014,133.89688416171768,34.977081801257384,85.84792408501674,60.07161241920317,109.90992299233916,323.596686550192,348.6227016904546,339.22492896291175,354.32058896388736,0.40309185646088175,0.06259238242210743,0.3117105322471812,65.88092999434575,42.75732804809346,26.8735305008619,1019.8909793805398
2026-08-13 18:20:00,179.73771233239452,133.58257415926093,34.93498210955679,85.97071952017164,60.005374058558715,109.67489194409319,323.63400320774883,348.96700267949296,338.8609965807304,353.8057694643126,0.39562460420542755,0.061386217449980685,0.31299531940698216,65.51068811323108,42.08306020226334,27.124763885959272,1020.5441461841898
2026-08-13 18:30:00,179.88874418381778,133.28813824276384,35.389556662459945,86.10709893216786,60.349571584735905,109.3165869327522,323.95282026281734,348.71849007369786,338.88299896838475,353.91489640764587,0.4003032982606554,0.06202961157278686,0.3140704600771177,64.98335968202426,42.594417346762896,26.63112687852917,1017.4234567150244
2026-08-13 18:40:00,180.1049022086082,133.4851598744178,35.08627340191928,85.86741053690737,59.350317813064265,109.4084453641337,324.08672056431493,348.5850908157708,339.1317492929183,353.1928851296624,0.40033638252954123,0.06245588884920831,0.31108631100111944,65.73383746075935,42.906692565454925,27.019178095293586,1017.1883708831261
2026-08-13 18:50:00,179.83708788758216,133.7616976521679,35.09645860387014,86.0857152170619,60.249213530769794,110.18016238601463,323.5213470035012,348.9228384762054,339.2162655321169,354.2904616744736,0.3965729421791551,0.05941235135477789,0.31365955372844456,66.57443638768073,42.88139215702407,26.857877261260807,1018.756135237223
2026-08-13 19:00:00,179.85001695554422,133.48952322707984,35.184313992525425,86.06310857712796,59.83619797462926,109.51807544522894,324.17610242406,348.2608923757002,338.6353217632226,354.3072732057675,0.3990714154335391,0.05863858185445833,0.309272716227468,65.65540631184236,42.76415911179708,26.817212714834756,1020.4101563097084
2026-08-13 19:10:00,179.71093592385324,133.5329256162157,35.10070643281813,85.79359173875864,59.97253912521697,110.03209934892597,324.1098907240622,348.2934291736145,338.90747868520606,353.499320067941,0.3993106396608148,0.06039517167633407,0.31161994473621085,66.26510568255001,42.30961702318667,26.931438647007734,1021.8866261088205
2026-08-13 19:20:00,179.75730740219822,133.37904380694383,35.0218513291475,85.88640009794767,59.90179464885435,110.53099147737906,323.83849698874917,348.91705394955204,338.6895470473882,353.513207233157,0.401131753491004,0.0589827685585998,0.3117684699623446,66.56973155374504,43.25884061526164,27.21008780101112,1020.9299767923117
2026-08-13 19:30:00,180.16038481881992,133.75284164738812,35.07236419100052,86.08200524963051,59.97065940757199,110.51632130767312,323.5135112934385,349.3652490248747,339.1828884309518,353.60697975748906,0.39932435137415695,0.05867200498076573,0.3122410171696651,65.80348703868151,43.036159272514055,26.9825957200701,1019.9965812404396
2026-08-13 19:40:00,180.08232498743166,134.14760621841637,34.906902104528356,86.04411484490412,60.22287994790173,110.78019848038142,324.00770455838165,348.7001259162907,338.2153632271772,354.27735601296206,0.3988666347309887,0.05821360026156519,0.3163742476826768,66.55239045901087,42.7892144479745,27.098989421838763,1016.733041627365
2026-08-13 19:50:00,179.75776108200202,133.66784577272543,35.073607396162416,85.93035764373332,60.06283652332433,109.8518533382411,324.0459879825798,348.93727154116004,339.4919789054553,353.4385831442523,0.4003975870026431,0.05973807689698795,0.3099356435811869,65.55596543880766,43.26550324275167,26.817508566397105,1013.4847374667557
2026-08-13 20:00:00,179.77408424664245,133.08008474738833,34.84287176983395,85.84213823263748,59.563797914975034,109.4574254640906,324.3614780785327,348.449456894822,338.7768381822554,353.5341113527163,0.40219452760489754,0.05934978822384323,0.31318596277729566,65.72735541425493,42.848664512900754,27.016833820937677,1018.0567435898979
2026-08-13 20:10:00,179.87814101715455,133.8723361121075,35.043795537542884,85.97460747941025,59.976436016269574,110.51026275519392,323.67154493096785,348.88032324546094,338.2307723758842,353.36352578813836,0.3972695539901772,0.060847069018078515,0.31179771586382793,66.48318780589489,43.09862635364566,27.121665827757386,1023.3392075936067
2026-08-13 20:20:00,180.10112873048627,133.40601168431775,35.05753343079319,85.82225933213749,59.96736227305361,110.15480192525229,324.31472966435354,348.9033079437024,338.93284263362455,353.9368198355648,0.40007311197791146,0.06115601481580604,0.31065903056696453,66.00161013552845,42.90553581815629,26.81305625346219,1014.8997961438904
2026-08-13 20:30:00,179.75636096186184,134.27145111758801,34.84090062251999,86.14676654991148,60.10816234418816,110.56197532503872,323.7484140487124,349.01258208016566,338.6016867382054,354.11202596938404,0.3995016968052983,0.06246110451701386,0.3114417980342277,66.31195923069619,43.009398274492895,26.966270306792754,1021.7500683202635
2026-08-13 20:40:00,179.95718482197708,133.74395324007855,35.19700995895751,85.75015065951865,60.0091447545504,110.005528035527,324.0088328751421,348.64103703612943,338.8632244049577,353.5588321225105,0.3998498678217983,0.060610013584458514,0.3099004498520051,66.34011469677431,42.841239207956185,26.918538477006233,1020.7606345115735
2026-08-13 20:50:00,179.56023953485501,133.69789079259027,34.88285852190906,85.7255046549336,59.97287892900923,110.59782301223132,323.82313141154594,349.4026951961692,338.8925716031033,354.20727700705925,0.40186855747697525,0.06044103260743314,0.31337602730435865,66.9936595122273,43.286858703529816,27.062415745183863,1023.5318200166657
2026-08-13 21:00:00,179.738546463719,134.0153129070805,35.107660700015956,85.89398121388241,60.3047376763018,110.42319371002714,323.88287538236426,348.58405937974993,339.1754824399265,353.90764204596627,0.3987210079788987,0.06095603515063601,0.31355589617922586,65.94039104931929,43.00746710529116,27.041429250619817,1023.6708658128217
2026-08-13 21:10:00,180.07556615727609,133.7023709248008,34.94660343788902,86.00796388118317,59.670609114635205,110.35821045170881,324.29144576563033,349.28917153932423,338.31636181671917,353.6057306874468,0.3968939024119822,0.060320609354986364,0.3103540877839761,66.08964873089575,43.1461665781029,27.10130118473676,1020.8535560221396
2026-08-13 21:20:00,180.17140675854682,133.9209164826231,35.032641985508896,85.80883615766818,60.651165672064764,110.25176143889827,323.661846232995,348.5552720603493,338.9792163745324,354.03503725194844,0.3995110644990731,0.06073279494467862,0.3132107456155544,65.91214247002652,43.45280344708021,27.02997502459476,1025.4077596388431
2026-08-13 21:30:00,179.75880647477533,133.80650568540085,34.933448964703764,85.84142641324974,59.82824607034223,110.19884950626455,324.1080628199748,349.0868822025604,339.20773342991174,354.2561514278405,0.39731761421184836,0.05886545544248926,0.31268080959614813,65.78037249945854,43.071585244066185,27.19050781318232,1021.0320239309752
2026-08-13 21:40:00,179.83570449895433,133.55809001554104,35.25598201857307,85.73696535450853,59.686806163127294,110.11651790350733,323.7878992081971,349.2453971337963,338.4801266711349,354.26000177314853,0.403322263830974,0.060252031113157634,0.30729734797258007,66.21843889278469,43.14659167310905,26.880260964271834,1016.3640762838902
2026-08-13 21:50:00,180.15133310543618,133.90653322157272,35.10655354239642,85.82197819474538,60.23263465695061,110.11295311976453,323.85815407969795,349.4831684468283,339.0905278575106,354.03226979347426,0.4028081932145491,0.0574092376307076,0.3123484791106569,65.86990894901753,43.27928786953126,27.06029494444078,1019.4812865078269
2026-08-13 22:00:00,179.9127091149938,133.672148643046,35.186336168074455,85.753437867512,60.3200559688474,110.49509729777985,323.6605088451195,348.83632383726086,339.1119930907704,354.27884089816956,0.3977483305718187,0.0621316129532178,0.3112898489769871,66.64426523020201,43.09174206235011,27.287921684595055,1021.1997461440646
2026-08-13 22:10:00,179.88234872169392,133.91203984958912,35.08132808058894,85.69477899749127,60.37305855589957,109.74401016304452,323.931698022606,348.4034672153792,338.7128250425293,353.87822210927516,0.39995561558346077,0.06038047806690206,0.3107253935483993,66.20293703988835,42.96937180144599,27.044368891436715,1022.585074150015
2026-08-13 22:20:00,180.09533409666813,134.074592729902,35.072505023915454,85.72503393162621,60.43556906549491,110.86784256804691,323.2890002332449,349.1133845359452,338.30545165919256,353.97607542912664,0.3966011258071018,0.0609380070091476,0.310290923707965,66.47784498155947,43.33463474243817,27.265336632076288,1022.3378753033787
2026-08-13 22:30:00,180.03047541221682,133.5518499015729,35.01676687800424,85.74186432842795,60.141289873231365,109.9468787273204,323.80109993942204,348.67434654904787,338.9227936484923,354.429036324813,0.399584771113558,0.05723605684288375,0.3082995804254032,65.63156035364004,42.73508663285658,26.944038923626515,1020.6997559279947
2026-08-13 22:40:00,180.21444346712843,133.60331968190806,34.97698124004284,86.00703371176951,60.01747664152334,110.49269109754442,324.17676635001584,348.5728941435587,338.73812463303517,353.8494609561011,0.3989747973287161,0.058070520817241324,0.3104740063284022,66.31154785250618,42.906883936700815,26.937189703621407,1017.5617446929227
2026-08-13 22:50:00,180.15064396525563,134.05897684245156,35.06378431198649,85.77818221616705,60.11138773925197,109.95487940610558,324.1288143348561,348.71331361600386,339.34604433032496,353.6389404994866,0.40386554741500647,0.058758574741869914,0.3080727044054006,65.95429214785156,43.77114239161419,26.73317382638501,1018.9543888509519
2026-08-13 23:00:00,179.87550409677064,134.0055819403434,35.01801641794643,85.79097968564226,59.99741963857753,109.87666700228486,323.40639629647166,348.6241275983078,338.81415736892325,353.5159437528551,0.40096163448053984,0.05595449261282333,0.3139069751741638,65.71225535009356,42.816394957131386,26.862504699825134,1021.3757476827365
2026-08-13 23:10:00,179.96730692133016,133.9058284409406,34.98614107453525,86.06329570029371,59.83575259458169,111.0161207428654,323.55605387289825,349.1014449180299,339.0954346839961,353.7314217073236,0.40044123717384467,0.06198614594650975,0.3106153356620307,66.99446636064411,43.5229672487779,27.07836145239917,1016.7541483715205
2026-08-13 23:20:00,179.97915654538417,134.0411715662529,34.86073636186731,85.69804586308463,60.48000197023533,109.84532760739931,323.7664275276033,348.94034867167596,338.99182633600947,353.3199416534759,0.4022725594085046,0.06118758706256915,0.314246134107298,65.85065396782761,42.716000007564496,27.16156654997399,1021.8202296972731
2026-08-13 23:30:00,179.71887107045598,133.59759619817174,34.970371648349676,85.62218812831586,60.54390395529212,109.36139161866218,324.44108308447056,349.0833588216074,338.94734225207486,353.6083973306059,0.3991430327348542,0.060014077472145294,0.3119126092988932,65.2719082940051,42.41737592602624,26.695292123102597,1020.6079587998757
2026-08-13 23:40:00,179.7957448605275,133.63068139871544,35.06376933578237,85.78305907596449,60.0013215287854,109.64295892048963,323.766496253458,349.13558583217514,338.52338302654164,353.5453293614497,0.40137159299746233,0.062087781999356606,0.31304886544516247,65.96632321178153,42.16356452011873,26.99645778758987,1017.6421879103342
2026-08-13 23:50:00,180.18643012848938,133.73145495868107,34.95367891916648,85.62341931575074,59.930060842050025,109.8413860232459,323.8916851736328,348.7834617195589,338.6781429865464,353.8430133908674,0.3985573875466165,0.0563633682660912,0.3113805708002776,65.43469270004361,42.82756661407854,26.989598041905815,1021.12921728858
2026-08-14 00:00:00,179.67254788884796,134.13740739257693,35.0375691108195,85.85673996906576,59.85179936796366,111.07759592635888,323.8242807610658,349.09582425561564,338.92729900876986,353.48123285188234,0.3987445206704279,0.05790202975840956,0.31176696220311756,66.97847034532022,43.88124085225017,27.493502729283144,1024.755578752081
2026-08-14 00:10:00,180.19106095704882,134.1180609652049,34.98743243635267,85.86040955584072,59.49421024101843,110.10337796610315,323.9881434310155,349.2427253004264,338.87421604817456,353.8671639654854,0.40396165873363243,0.06208334124463567,0.31286587524727283,65.98383318448559,43.012316261563726,26.86623331198896,1022.6604984603932
2026-08-14 00:20:00,180.04864205794857,134.01226557740247,34.896375320568616,85.666121912426,59.79595753098931,110.46735669989965,323.6327674300913,349.42787886724966,338.86895842300254,353.90272223783745,0.3941636477927795,0.06141956081667517,0.31188000654576686,66.71697385897511,42.80194562245611,27.295045064880043,1024.1155920972742
2026-08-14 00:30:00,179.96346302149672,133.30240944984007,34.90949761157312,85.64418885169096,59.8444624269047,109.49920002155996,323.97917383592784,348.95039993700675,339.13197747923556,354.15000004591536,0.4012281151645281,0.059730329717756464,0.31371013195711484,65.71814582410646,42.93089415528544,26.685029707258767,1016.9458168744598
2026-08-14 00:40:00,180.09945514967998,134.2828919698841,34.92621014696254,85.90081885879252,59.99353004597798,110.17630414488058,324.04526100646,348.8302485946789,338.9190999995947,354.22679284883657,0.3984239969916502,0.060828783361120645,0.31019488326702915,65.62891578852103,43.11579178968977,27.123914912799464,1019.1165533759763
2026-08-14 00:50:00,180.08703373316763,134.1179988502809,34.97240096596722,85.6416733804584,59.69919564466471,110.33573917419824,324.21443818112044,348.6422520920692,339.11997795404193,354.39207717890827,0.40190067032314153,0.060193812127834166,0.3110643321526299,65.986554523991,43.08475173079064,27.278571321382085,1017.6322717113927
2026-08-14 01:00:00,180.23415020813786,133.95319381016918,34.97538373994263,85.71277334477588,59.42899677346441,110.90081347773217,323.6498204222499,348.7969893696645,338.9355432964107,353.8371491226735,0.3983914751520177,0.05904999411002658,0.30978434033993923,66.6210506962032,42.85108208179304,27.09033969911944,1016.160334579504
2026-08-14 01:10:00,179.9110620175881,133.65496831346871,35.11683219030624,85.70563564519983,60.19563009522963,109.651864775838,324.17747313195423,348.91380517444816,339.0233910463321,353.4935766695632,0.40031097874894284,0.05890869383328931,0.31575406453304355,65.61715188120519,42.72812933706089,26.97671739311384,1021.4254455703079
2026-08-14 01:20:00,179.94560121362576,133.7877834600683,34.89100463869846,85.6936896506631,60.51643544482334,110.30174473134693,324.4804734171199,348.9847734290659,338.75790748690724,354.1557470733405,0.39718690976757,0.05802466163017739,0.315733792854651,66.10116255845992,43.383976424885155,27.20723043214677,1021.5852516718721
2026-08-14 01:30:00,179.94211477126967,133.91750509032772,34.79275996598248,85.62568203273358,59.361230219202056,110.15129195422666,324.14877646151285,348.5332151710411,338.46930600741786,354.04572141464087,0.40223426872220874,0.059865262765216365,0.3127160689446436,66.24000292879937,42.945829291654796,26.90597197396363,1016.300891046857
2026-08-14 01:40:00,180.36937756408892,133.7526945623905,35.07257095454628,85.80776338054666,59.95885075715458,109.48914264473402,324.1201476931611,348.80277360192116,339.169728322395,353.7899793249929,0.39843794882344574,0.05952828216010827,0.31341970864859403,65.21757868874977,43.22902470288498,26.739843846167147,1021.0514517831082
2026-08-14 01:50:00,180.18135273576993,133.9066620253186,34.955617162467846,85.62878070117533,60.25693313970517,109.99027188220691,323.19994614305006,348.8626112488111,339.17662395786414,354.1775187445974,0.3969801327148623,0.061694298062021924,0.3118738134675559,65.82459562938656,43.01917488789027,26.76866009201401,1021.4989824583655
2026-08-14 02:00:00,179.80605750463357,133.71237641915897,34.99016525853044,85.70206805389444,59.65025281050238,109.8682625452318,324.31732350296386,348.75344373504686,339.1142661064747,354.5301445860896,0.3933086120875791,0.056720639225073075,0.31219835036758575,65.56217949975526,42.77919744192142,26.96315691990402,1018.6395164852054
2026-08-14 02:10:00,179.92466334270028,133.3116101840446,35.263747428360446,85.54986827244915,59.569403116792635,108.83731728702661,324.4900290778239,348.75032814345866,338.6839340022091,354.04597245813954,0.3961758889483201,0.059854596603323394,0.3166824092380096,65.29140232515107,42.47382946413196,26.606536295140863,1007.0539012921163
2026-08-14 02:20:00,179.84998468707317,134.14487315102053,35.1525144528982,85.66785197924878,60.010495523372306,110.29933456219112,324.28705687685397,349.02485624163546,339.2532656536547,353.80596288997106,0.4014317250644199,0.059058457210939296,0.3133565606555282,66.36991780390028,43.461012428943334,27.314326579819692,1019.9966894326016
2026-08-14 02:30:00,179.9944022567662,133.9627479274127,35.06289647760093,85.55014030922489,59.930497990290746,110.27012170987176,324.0785256252498,348.651377932368,338.95687051533565,353.99974129157374,0.397317115732293,0.05848913277720105,0.3126549357381198,66.0985834228302,42.50710970962618,27.051720599155303,1019.2975518727915
2026-08-14 02:40:00,180.0346546467146,134.23398287808982,35.09955701260606,85.73034254467596,59.80948754511964,109.78053260300199,324.1763980573796,349.0642244006091,338.98019937085377,353.6586799834219,0.39720248446657747,0.05929067160601804,0.3119194993981753,65.53125146183655,42.623548941666286,27.121224727030075,1022.2337865534944
2026-08-14 02:50:00,180.45196538397494,133.50792682885407,35.01484371248182,85.56161153175817,60.493762072185625,109.33071902769265,324.8203729374799,348.62649424396733,338.73257437408193,354.54798306065084,0.3999760293721755,0.06292299459384193,0.3135350582320174,65.41394348554716,42.28601698637678,26.870345310289157,1018.377536413026
2026-08-14 03:00:00,179.62544674322817,134.30903707613143,35.10090336536999,85.82140435509378,60.450511082135485,110.73994043356632,323.72533722118936,348.99574385644223,338.78826829494716,353.5723479375583,0.3995882377831549,0.06345834087746052,0.3139267205520332,66.26116344339822,43.248067473600514,27.469767653374284,1019.5750411958792
2026-08-14 03:10:00,180.1982161836522,133.96289391900078,34.940042395346964,85.5377183221595,60.1978424580576,110.13299964369689,323.8185196189428,348.62080134442874,338.7482252034892,353.63243136680427,0.4001927044861961,0.0556769419431964,0.31158693476936833,66.17532448457612,43.15661945407693,27.226786139074797,1022.2924697213982
2026-08-14 03:20:00,180.0794671237906,133.9489774728007,34.92966300233992,85.62437981071243,59.981520102436065,110.50835064700581,324.2653995209411,349.2738587473713,339.047568672199,354.25922753056824,0.39931084128774763,0.061901995659936745,0.3122860853947547,66.44354243343437,43.13273399594724,27.061072721458117,1023.5238259356038
2026-08-14 03:30:00,179.85100898704496,134.4194411731849,34.954829592381174,85.72528898864249,59.904092966451536,110.70516089835101,324.0177264995181,349.1512136251157,338.73630201624474,353.8905292424089,0.4037351121559818,0.056700693229582516,0.3140862580101158,66.5036989857769,42.92683879467728,27.145843340382488,1025.2891615254314
2026-08-14 03:40:00,179.96192060064112,133.85310410445513,35.16473481585626,85.61494287779286,60.26760685403628,109.73954660783849,323.30518150260554,349.3240757963434,338.93426747405755,353.57592484827745,0.3975304844889739,0.057681030160489165,0.3129777531386563,66.02937967723064,42.912945224572574,26.63243465989755,1022.1592402613657
2026-08-14 03:50:00,179.89252443009997,133.90349771326476,35.16243164015878,85.58346372836041,59.93237776787851,110.40607726632038,324.0123501124007,348.70672609167576,338.7817492040434,354.2407352120971,0.39851780544343274,0.05802457636970205,0.3117599932794021,65.93142646294594,42.530509851529665,27.124225977108583,1016.3620373415426
2026-08-14 04:00:00,180.0020996695137,133.83032325056593,34.94066392331136,85.59003940112235,60.44966672412959,109.87942549316494,324.05107369938264,348.57258212974364,338.56549029567327,354.30937194911894,0.3993929254690247,0.05726593499236204,0.31321585694721304,65.55697010217486,43.16193344216293,26.821366052343212,1019.099491385362
2026-08-14 04:10:00,180.19410656729315,134.11669456614527,35.12196833333158,85.47911830810419,60.37775751473537,109.96872567925006,323.6741736323949,348.5743327093686,338.96445807887613,353.4600989769636,0.4010633505317815,0.062149116905684136,0.3128816173279069,65.48993431216145,42.7362418711824,27.114707786308724,1021.4920265448183
2026-08-14 04:20:00,179.6874932975072,133.69892288239112,34.9865599402802,85.60269908340297,59.82260505187497,109.95719219168066,324.0649352842839,348.88742693557566,338.98874798846566,354.1588803706179,0.40301234647098205,0.0631168454495977,0.31234525141700004,66.19837070617235,43.37148958801469,27.107440100479156,1015.4530755389067
2026-08-14 04:30:00,180.25566268621512,134.2053210707477,35.113143058570934,85.33978732149659,60.23269937113762,109.99934053377248,324.0274450493072,349.25542460010394,338.9749540598902,354.2664979330482,0.40000529085419906,0.056383272130446235,0.3117633066088799,66.03085661180529,42.733863997831506,26.87845432416894,1017.3481164664692
2026-08-14 04:40:00,179.91727115730973,134.27703656468915,34.97040351534386,85.64565200140648,60.47515717853332,110.55698009981467,323.42341974456946,349.1565959060258,338.07682973186104,354.53123330691915,0.4016134436329954,0.06111174187403982,0.3134930369501285,66.01142741134431,43.597738252274034,27.255738054711003,1018.1867034709181
2026-08-14 04:50:00,180.29373340197606,133.92814675819218,35.10110617628459,85.71845384365149,60.201971809781696,110.0619137655143,324.1115161187612,349.14890715935707,339.26423576662955,354.1135671724498,0.40079335956135703,0.06071121365676368,0.3117197807132376,66.22112841322152,43.281611159638445,26.834601898395732,1021.4134593341911
2026-08-14 05:00:00,180.0749916309377,134.189806661293,34.99166513930825,85.65829415512175,59.722200747754584,109.92313362597095,324.5982567459188,348.6094821586705,338.9563120476604,354.2002869397107,0.406124379784639,0.058973557414031055,0.31043351989363954,65.79485769036528,42.974642102914494,26.84635477966329,1016.5634909101941
2026-08-14 05:10:00,180.23981212526152,134.24656136962432,34.97368357565044,85.64414958378057,59.92598200842433,109.8617313842417,324.48078522598024,349.2698318146839,338.67665756505966,354.00508193199295,0.3985851748460705,0.059096980357778724,0.3110938042025342,65.723890760508,42.17191678800407,26.67788910207518,1023.025064577537
2026-08-14 05:20:00,180.10599047549957,134.1458747474817,35.00087440618002,85.53835288928805,59.904820577022406,110.1706570746026,323.6293950709901,349.1719570877572,339.530701958523,354.1921834570507,0.40283173269130623,0.05943110035684571,0.312485528479443,65.78174975220644,42.914936204461874,26.932574963194714,1021.9983919127143
2026-08-14 05:30:00,180.21024922241597,133.85233918615702,35.01943305936184,85.57577105855502,60.04366692579404,109.55256596834604,323.57523285823555,348.81060629466816,338.97275815116075,354.50418605704436,0.3998946561387077,0.059200029640404016,0.3111793063885347,65.7553699904539,42.91464194946003,26.797046201123383,1022.8193953267543
2026-08-14 05:40:00,180.00389027503226,134.24048679932847,34.94359039713806,85.49839509909053,60.01726093011346,109.74867078472502,323.9869635080753,348.2434940511167,339.1870227745228,354.19832598639545,0.4004695370572064,0.05794822490052871,0.3102095917772047,65.92363307942698,42.572234030822464,27.029075513119373,1019.332815789754
2026-08-14 05:50:00,179.82585743131148,134.25958368404824,34.86289604941238,85.5389147085577,59.9025745573809,109.97385970944637,324.05465498200374,348.7437683673895,339.0078036048401,353.79347073294645,0.401383424307821,0.059524738696390085,0.3146486292586774,66.02325930416445,43.2301445054187,27.117967680867174,1021.9474755919731
2026-08-14 06:00:00,180.12754892842486,133.72098645535678,35.17714057700999,85.51384274376944,60.26638286692801,109.71707584389581,323.5762687057964,348.9343762928069,338.2841621017839,353.9612196833948,0.4025664561829415,0.06012022067821302,0.30975134746177546,65.72750959949099,42.55998935355671,26.889427341407213,1016.3331862018462
2026-08-14 06:10:00,180.1353350178089,133.9399788252285,34.962973139888845,85.20993863085441,60.41548915499655,109.94076192353157,323.7555336704432,349.422596782823,339.3291706855548,354.58592959646046,0.3985660717161673,0.06015414458889915,0.3110555715757087,65.87437282238936,42.705550628712494,27.137192647771155,1017.8023368252805
2026-08-14 06:20:00,180.4137565278807,133.85645769512809,34.816871444774534,85.59951039158851,59.84083607123938,109.6946115685405,324.3811163232673,349.03772751311953,338.6373132647116,353.60578169475576,0.39967334490735623,0.057658344800791725,0.3147075104516279,65.75481629874446,43.51541824389601,27.123808874309535,1020.437142908724
2026-08-14 06:30:00,179.59098457095845,134.2839010832473,34.77052506019355,85.64189164588109,59.567835254477785,111.00197888951449,324.0519089760476,348.95990728132347,339.29937931564695,353.80608441789764,0.39800335317854174,0.061277729171089805,0.3113069241890211,66.46203222146617,43.28636735360282,26.862667220051694,1022.3514685172887
2026-08-14 06:40:00,179.95332728661137,133.96811383731261,34.715703142978114,85.64959214805783,60.122521101607354,110.66453037032392,324.2898817202371,349.4326315913099,338.94154635001905,353.78891659165487,0.39435026651742044,0.057189210028609244,0.31179818513095436,65.55675156941717,42.92542367014328,27.070841866322468,1023.459552663891
2026-08-14 06:50:00,180.205866060564,134.26830332686058,34.94053574133433,85.44009200018024,60.01331092805272,110.22497608153222,323.9742703675507,349.4252503922153,338.7263758224472,354.39578739953276,0.40435773454268,0.05849900099922939,0.30968633316867483,65.9546972885759,42.92709154357919,27.00355929862082,1021.9950130773043
2026-08-14 07:00:00,179.74169969990893,134.03159586456422,35.142982651919525,85.5746421989257,60.13864028144178,109.97319074093056,324.29076124953076,349.0924040208336,338.2567284699008,353.72717361473826,0.40028273793580865,0.05749245616252277,0.312650567979657,65.80420332816163,43.20870141662309,27.25295280309296,1020.9413719918653
2026-08-14 07:10:00,179.94743151512526,134.43220980505095,34.83585810563899,85.62824714326906,59.80751311766862,111.0953820813996,323.83037111478785,349.16373559518075,338.8453938509517,353.869507958841,0.3998298840707795,0.05610382278919937,0.3089955313908154,66.70651685152039,42.97416653128722,27.326713698256427,1015.5081904801075
2026-08-14 07:20:00,180.41770355492253,134.35636610507814,34.97054465099357,85.29509269738745,60.10063686708883,110.16147645403682,323.8359903845867,349.34555298853405,338.68876784493114,353.98173973886037,0.3982508613154677,0.06013368620837365,0.31422107903853835,65.93989398373819,42.92621725347447,27.07335600591058,1025.2088102587916
2026-08-14 07:30:00,180.27721469377894,133.91967936145596,34.814887637496305,85.31997429376396,59.74049381491201,109.95657724606556,323.70975684633464,348.78596593102617,338.9993280934156,354.17276765696124,0.3994486830015804,0.05822668329744379,0.3116758093065584,65.86234124550737,42.99253836750861,26.89102853791615,1017.5528636826427
2026-08-14 07:40:00,179.816879173008,134.08874406005705,35.116874392180925,85.50299928074688,60.34126019054977,110.15156318840923,323.4237738063303,349.1085549410832,338.6656106639265,354.19257600436026,0.40071590439559535,0.06236348845150309,0.3137979266863782,65.92530835740126,42.93020665052797,27.101946329118572,1023.3858288013907
2026-08-14 07:50:00,180.27925228037535,134.15639890709213,35.04114648499194,85.42847611797716,60.519123548048675,110.15297160320596,323.87808063150874,348.87438882822596,339.2063274235236,353.6566196200728,0.40248991006568247,0.059293209307048914,0.3116445996614217,65.78690624681913,43.11448781373393,27.223791782166362,1017.2868104162062
2026-08-14 08:00:00,180.23075052782178,134.2225806672868,35.03681115877706,85.52434045608656,59.736080225388555,110.70515885324187,323.59486414920025,348.7220020563752,338.83803043052944,353.658654652138,0.4005565190713385,0.061579871143048054,0.31000858455553926,65.8814660333447,42.829750819555024,27.119159153566613,1023.87130386667
2026-08-14 08:10:00,180.1492517892665,134.03737029059658,35.142420134291825,85.40783527430487,59.23628692198567,109.99051765375803,323.8604864088397,349.14150287420205,338.86437936219363,353.5724584004276,0.4002388755693975,0.058113883917512016,0.3112006294423132,65.76526269239473,43.30862452981405,26.838270867885797,1022.8517017383774
2026-08-14 08:20:00,180.06988048028742,134.5774616951653,35.17278352398249,85.68283249916739,59.86934149451702,111.04966241202862,324.04437785464967,349.3168814437288,339.58924297914496,354.36221318496695,0.397705984224015,0.058610915199450074,0.3153767436201638,66.6206578462692,43.54412354548051,27.353965188603347,1020.8312777763463
2026-08-14 08:30:00,180.04131039368963,133.91429636913526,35.10961135740711,85.24422370885695,59.858640056889385,109.55898936999914,324.05525939846524,349.53743879371564,339.23507309217257,353.93726500902346,0.3986613230238151,0.060824588995429106,0.31309307473152087,65.76558431111543,43.18640670257298,26.674614840733522,1017.8705096501367
2026-08-14 08:40:00,179.81927266349578,134.44868110843927,34.94433698512323,85.34660592612188,60.07584906614867,110.34702510845942,324.1226972220601,349.2273691895723,338.8124210164868,354.0708427488363,0.39997017466584883,0.05887386547440982,0.3122745892937215,66.52699049910464,43.37543914472691,27.016446057856513,1016.9771771796653
2026-08-14 08:50:00,179.89014167853531,133.76416361262753,34.86765215968724,85.31743556039805,60.02369705209603,109.49908661167609,323.8905405778686,349.3332213344067,339.11462773158854,354.0179986711753,0.39604941800987514,0.05801987131366892,0.31509167909767827,66.1328666842753,43.05197695849215,27.03720686265659,1017.5496792731282
2026-08-14 09:00:00,180.14059704154687,134.4431631872896,34.896523024584106,85.3747153262474,60.16631166980074,110.90855047831198,323.99264306378103,348.9598926861473,338.529235771916,353.566475234774,0.3988755503999279,0.059918406027862144,0.3093033082042027,66.52059692498862,43.16398607478653,27.037802216373628,1021.2913710021331
2026-08-14 09:10:00,180.02199953270258,133.76643611355914,34.82371200383578,85.36852255414773,60.832668617818214,109.8347172805534,324.35582347501145,348.5838967251889,338.7876279846005,353.51920497301523,0.4000137620598172,0.062143735471451474,0.3119403652850321,65.93033263650659,43.03470943757272,26.937084641220505,1017.4101874194653
2026-08-14 09:20:00,180.3644596882719,134.0652652410866,35.189476292640556,85.42530623562664,59.85137030487031,109.9709053640938,323.96792062610723,348.83376319415703,338.9597884647353,353.67987514641476,0.40327014156399615,0.060672518682174464,0.3145591604824994,65.8148969620533,42.65194771208758,26.78759361509713,1016.4580778929577
2026-08-14 09:30:00,179.92701505551258,134.1332316925413,34.98432901719383,85.32849077739787,59.90690097960424,110.46211845315126,324.02401036865075,349.13153794834943,338.79367467047996,354.620288351356,0.39635207856063753,0.0608891580538938,0.3108287090802322,66.26331131012277,43.243665414660796,27.338591615116744,1014.159614752021
2026-08-14 09:40:00,179.51291814537353,134.58384048859176,35.01717409480732,85.49870415182973,60.1493054612661,110.62767034201411,323.28875413056,348.85062420354325,338.7184701188991,353.90879873053996,0.3971176459573354,0.06464372459437165,0.31345300899242545,66.04980594557857,42.84256076730654,27.113817431686098,1019.6016923376835
2026-08-14 09:50:00,179.92701988196646,134.05641332469014,35.02412954380296,85.49985728785231,59.464596983146926,109.44406158170585,323.6911765160912,349.56929535086886,339.20805712277127,354.18237976356806,0.4015868046510611,0.06138625362613277,0.3119234514894765,65.49220829779642,43.01136121819404,26.968966065469292,1019.0282927360527
2026-08-14 10:00:00,180.0496304336688,134.15298386589492,35.211542229368995,85.50068566967765,60.25597026153329,109.82692050417924,324.34779757401583,349.372152161526,338.8412638678431,353.72218702591783,0.3948581589455737,0.058903016343449195,0.31544977728586077,65.88891252946324,43.203477412943116,26.8762671011693,1024.384256173208
2026-08-14 10:10:00,180.07071583646515,134.2233508078267,34.94610410004061,85.54515196300252,59.83349132189923,109.30253836360012,323.7659330656412,348.9700663626487,338.78186652489205,354.8271440996865,0.404575263466769,0.0602381670042319,0.31387928131801207,65.74960908678968,42.398293837360015,27.14676698282426,1015.6771531278378
2026-08-14 10:20:00,180.00769676138523,134.424149351546,35.12559481210967,85.51053272928802,59.58932640297446,110.06865257568776,323.7049097423621,349.5241084220638,338.8458776510435,354.06354283020823,0.4003778350514034,0.057517769072053256,0.31314671752213524,65.81530591514463,42.82465947317056,27.222345759972605,1015.8637486931067
2026-08-14 10:30:00,179.8293938306002,134.251085039602,35.0352523863196,85.38416050158244,59.76691806055562,109.94931373242933,324.3158257791481,349.2163370152869,338.83112506437084,353.55772600522954,0.4018241778895737,0.05925202038362542,0.31216672198946716,65.7868815617534,42.72634355033945,27.002774117082375,1019.5807211664095
2026-08-14 10:40:00,180.29367428341897,133.94786833633776,34.988394470715555,85.54413109032683,60.171946549484794,109.82553298862021,323.66404600616494,349.5027338073063,339.261467688668,353.8904908069483,0.40117494242493673,0.06282071202496353,0.31147328045405176,66.14793782834391,42.309249339674615,27.0408150364528,1019.4176595315041
2026-08-14 10:50:00,179.86123498574884,133.75160102226886,34.80671223244838,85.42295627601074,60.27378634002036,109.6577693305497,324.32666114523414,348.9842053602368,339.11633797024945,354.14071006987893,0.39644987191625447,0.06088582469175831,0.3099575108381887,65.6944800126899,42.73374911995045,26.67565856385723,1023.6934544403141
2026-08-14 11:00:00,180.13674350011684,134.07584055130403,35.09861952432694,85.54061357379504,60.396001261767466,109.80704676807606,324.00366838552515,349.26204847101815,338.5880022035096,354.3495033789065,0.40118174949627317,0.057599047809085646,0.31075718704921296,65.94312290052778,42.31736763962837,26.998099477613962,1022.6380372587963
2026-08-14 11:10:00,179.93684570020136,133.95602146357658,34.92755704533341,85.32295329341625,60.153469347363604,109.62680233063477,323.848336082256,348.97399414235065,339.4295484152374,353.93770953666973,0.3979546309860814,0.05848304642647452,0.30864220700728057,66.02900738525503,42.438663277997975,27.11542934758144,1020.0194061834807
2026-08-14 11:20:00,179.75460440510878,134.1309583033714,34.956874150305325,85.17891678752794,59.805636068836876,110.26448092101306,323.42614136269316,349.0458770256798,339.35519293656523,354.24903723322416,0.3994978018775048,0.0569454592798333,0.31226529332252484,66.16472581784672,42.69105153890753,26.975430581655917,1021.4430508573391
2026-08-14 11:30:00,180.2775950856566,134.37549254026274,35.0273449632097,85.29817140395556,60.18965131145508,110.75797502360234,324.4346677606759,349.3727849294233,338.95361772856535,354.13763172652534,0.39995799798251697,0.06440694062525286,0.31336305528042274,66.31684689411388,43.26837843484076,27.106112884005196,1021.4993464684522
2026-08-14 11:40:00,179.49197801035584,133.51670653011374,35.01389851882272,85.2992090977898,59.99929586412576,109.03463794571549,323.4991333044687,349.59357953485744,338.7472119972663,354.11700560867,0.40039527224290805,0.05899655145351502,0.3168433829241865,65.7861074181365,42.75396690575589,26.74776482339268,1019.9165629351726
2026-08-14 11:50:00,179.82409154638373,134.43555105182574,35.11979086237261,85.39435135286828,60.72509221535667,109.94201624196428,323.67573579051003,349.0846612264408,339.0481083765363,353.92725073128383,0.4015827646771192,0.05747690219043784,0.3134308636068917,65.83225752423725,43.05449509920027,27.055017698591524,1023.6581542373362
2026-08-14 12:00:00,180.0813148465755,133.89211674403447,34.93516473807681,85.30527255448405,59.40607210054329,109.79091411295295,324.2797471415064,349.1361174643169,338.87407004941457,354.1724876435905,0.40002832477401323,0.0629783668260591,0.3158143818426721,65.94691229633699,42.60978825539126,26.987285597233758,1011.6961114156346
2026-08-14 12:10:00,179.92334932170613,134.1455830534532,35.021087861816525,85.44817694611996,60.507625916416956,110.24618429425065,323.6764081818185,348.80087431298267,339.1985268778357,354.3948019969234,0.4022889491149669,0.06007094996017563,0.31061791184095666,65.84793874997352,43.19700784908882,26.793443333876848,1019.3566978088281
2026-08-14 12:20:00,180.14509022063038,134.13024112347176,35.0328372198312,85.18397811546785,60.25545807822916,109.52411649132814,324.2002373010745,348.99476392755906,339.0363632587799,354.05738573267286,0.4005887103681358,0.05790308288270995,0.3113640075196021,66.21160087734226,43.180995802310214,27.01085170525589,1021.5763579749788
2026-08-14 12:30:00,179.97492379869863,133.8635942172396,35.006884951959606,85.25009896248899,60.14724041184536,109.92678208465361,324.0396776401274,349.19941152863294,339.42469771302063,353.9589129069353,0.39880335382405274,0.058080905563817446,0.31345998328656377,65.78427071583116,42.43532692431093,26.91893621999152,1016.3582044505895
2026-08-14 12:40:00,179.9042897416045,134.191317978219,35.07420349093194,85.37541281268373,59.99746256833834,109.48020390876074,323.9716063566367,348.70155752748576,338.5725081037061,354.91145410020096,0.4008780309426668,0.05762735615481479,0.3112734520530299,66.15647476052891,43.26714750339416,26.885930937948775,1014.0525022793037
2026-08-14 12:50:00,180.42768410061626,134.50534426641275,34.978063841946714,85.34149203283339,59.85684304223273,110.3483489217364,323.7388444038903,348.9377206458277,338.87215194653567,354.2758592814483,0.39905202360405617,0.05949128056878795,0.3143880206969901,66.0776243326661,43.270845433844556,27.003092950495937,1022.5310417611399
2026-08-14 13:00:00,179.9511106662588,134.17011709278216,35.12829705285277,85.31893669677405,59.73626816139781,110.04963731497915,323.8594005769481,348.74417799241195,339.1390164248371,354.26784887987503,0.40162817818848456,0.059524235404801715,0.31445495629364334,65.92530738751312,42.88109623148727,26.915917900928484,1016.736019573685
2026-08-14 13:10:00,179.96358622566189,133.98513991419202,34.931196788462934,85.43031768562929,59.558396988535286,109.91926271721823,324.1407685022549,349.1228824582609,338.9120197748736,353.6264028256891,0.39916699138308,0.06071015215611892,0.31240520088286566,65.51539978200027,42.85215130128133,27.00798018997047,1017.8217119329322
2026-08-14 13:20:00,179.7785294366751,134.19758822089275,34.85611973334798,85.41348473614731,60.63803327686135,110.18509396450517,323.76764847995463,349.32340552603495,338.9359908638634,354.4041816477727,0.3992439030150168,0.05811067522527545,0.31178320767520684,65.73815248452422,42.79839594471669,26.84910146263604,1021.2175717850257
2026-08-14 13:30:00,179.84566236474117,133.83474710178268,35.00005540130269,85.2039063859713,60.30800824683232,109.87675834768453,324.2512081177332,349.16745663800543,338.7217827334525,353.58677969146146,0.4019755999209983,0.058763154438474026,0.3121821147810329,65.92272369389192,42.92983219572585,26.762879615342417,1023.7495220946088
2026-08-14 13:40:00,180.12537642280427,134.21958772016552,35.12580825242717,85.24735571500474,60.22909755864461,109.22308950851159,324.1362233198925,348.9922776960684,339.62736250648675,354.43916235881744,0.3961824677475098,0.060671862393840835,0.31103416301332487,65.77729784662048,43.44911330403571,26.809429495572473,1014.6621602831083
2026-08-14 13:50:00,180.10831835743238,134.35218713288367,34.951179520890484,85.13505999259338,60.13632270779886,110.29786520496664,324.22854530042554,348.7854365136745,339.01285162131427,354.17953411651513,0.40090726388612646,0.06239167179616326,0.3159632009275153,65.949035017369,42.47485611735749,27.22757435231265,1022.9829627220821
2026-08-14 14:00:00,179.99592098520017,134.15433320421496,34.939651421732236,85.28129336112976,59.45240828630899,110.14413508522874,324.137942729907,348.61422345849627,339.2731355770393,353.93308367335084,0.39891234362972294,0.06388200195915139,0.31277319276675714,66.04396791440665,42.968193471804454,26.96805836578026,1020.125584956497
2026-08-14 14:10:00,179.85549305391245,134.0494947077034,34.96865282521874,85.2987668332978,59.94448986710946,109.92296019922756,324.2389776790002,349.083856286754,338.8406233962909,353.8726483677227,0.4013968846880528,0.062234634935597125,0.3157878583113229,66.1953627502613,42.81351525658506,26.94060273272862,1017.3394863856274
2026-08-14 14:20:00,180.13304465785257,134.53375194237933,35.021245433879756,85.12878030290636,60.06496029318438,110.49246246531678,324.1866077276936,349.5160331686452,338.93552414172933,354.13584332439854,0.4012412093479932,0.057449616810511805,0.31082937434675334,66.24718740651652,42.642429126937614,27.064129547472962,1022.1367773595696
2026-08-14 14:30:00,179.6548991459086,134.75514357946332,34.98620136948867,85.4485889908552,60.37629582167159,110.60924777489595,324.32165323322835,349.0063620726693,339.0525123011709,353.96613078171004,0.3979906397023988,0.05922188798828045,0.3165561340853217,66.14915059394983,43.14065875072003,27.127082861656415,1019.7002538270631
2026-08-14 14:40:00,179.92752060974954,133.8302765246461,35.0362665355431,85.40316101016822,59.72801581591282,109.45385868293924,324.1897698252296,349.0659244013172,339.56019079509923,353.5657800506059,0.40090797441368065,0.06121564021827154,0.31184960089103586,65.68451749247956,42.612408541284445,26.81991839474979,1018.1574584644992
2026-08-14 14:50:00,179.94546654318714,134.02251886908147,34.8273595507299,85.26392363048419,60.110690978574375,109.6094619640074,324.17546709852496,348.9598369535738,339.48178726093175,354.41416258428006,0.40328997678785244,0.05809387225885335,0.3125020803781059,65.70405573732158,43.26359843230829,27.141656374442714,1025.4720431004823
2026-08-14 15:00:00,179.82677080860444,134.21167951650446,35.15855590553183,85.38183679526571,59.95785835809925,110.77364254788392,323.80748982385893,348.7663392420716,339.69264331365105,353.62856087476064,0.3991422903936591,0.05730780363812369,0.31394422156981816,66.32995696983639,43.16110373868794,27.19723118170112,1022.6897836560054
2026-08-14 15:10:00,180.02673958803769,134.6545112441296,35.064247477871135,85.42720754625934,60.038534923100684,110.70942593329566,323.56812106793296,349.3965256284387,339.53007141776277,354.0413399596243,0.40152876178510744,0.05665846600977738,0.31494015131631287,66.63172822058884,43.46913534553374,27.148157093726457,1022.2674367364635
2026-08-14 15:20:00,179.86266007407772,134.1838163246463,34.91567767367631,85.18409376744839,59.79575502865241,109.63080343570695,324.10053603935944,349.29651759436496,339.52233210516374,353.94978650839334,0.4049403163950097,0.059772127552719635,0.31569376465391663,65.17489645896895,42.67096968667236,26.979440796193437,1022.6126687843246
2026-08-14 15:30:00,179.83563786908633,134.50825248563197,35.145524247484765,85.27962223468724,60.138460322090225,109.40964497388167,324.3736474749608,348.67282224452936,339.02412595859914,354.569424729924,0.39600198832889966,0.05846795965410451,0.3129920200080787,66.10348613357918,42.49341621555602,26.989990864121935,1013.1006963239357
2026-08-14 15:40:00,180.35708912464557,134.1592773351191,35.050612990473006,85.23007028686368,60.05458320474598,109.68121622313201,323.81190599504055,348.74222826311114,338.8850646602696,353.63404907735276,0.39949303320650925,0.05907178125120036,0.31076518442617573,65.8552915258144,42.985641136742366,27.106660288223775,1023.8210449245377
2026-08-14 15:50:00,180.14492482705876,134.1298243831558,35.155779786506685,85.04500103816837,59.469486693045795,109.75094179659119,323.61721544653517,349.4846208504903,339.47639539500403,354.4040408488838,0.4037827965062058,0.057390305541141044,0.3158472846435678,65.48140542861432,42.56222071646414,26.928044776460272,1020.657898463419
2026-08-14 16:00:00,180.23675711964145,133.89121731552797,34.88318650961611,85.0610266523198,60.394938626520506,109.20796708405663,323.93022470762253,348.8497509202609,338.8827115524015,354.24463153919305,0.3996228415497775,0.06058840669240167,0.31245775449813257,65.64020221682651,42.58770418732857,26.860905185994497,1018.8025224271273
2026-08-14 16:10:00,180.0071707841317,134.47702267492383,35.175065442334905,85.14527076617887,60.690344191588835,110.01558362637464,324.20300282010595,349.0908219569419,339.25213835668137,353.2249278178734,0.3996616486257248,0.058275260255247444,0.3104406958078595,66.01321225354823,42.94051954202416,27.045246692656104,1017.610311109665
2026-08-14 16:20:00,180.19000180573966,133.7815788231397,35.009005557731435,85.25060425827283,59.76784816921287,109.35991054512924,324.35272346000926,348.81114288859385,338.91692503831985,353.67749003271416,0.39779897783284646,0.05740898014053059,0.3101851889961259,65.92927025883485,42.51620221970796,26.782901248673443,1021.3911019273592
2026-08-14 16:30:00,180.15339206317338,134.24925424921466,34.79247791331482,85.15386710440596,60.37656590223638,109.39480517497924,324.00356096590593,349.20028870408714,338.79091214016483,353.89716367847166,0.39427804298925045,0.057629996971621564,0.3119258016192348,65.875502795246,42.68859804110619,26.78443966449093,1017.3804638542616
2026-08-14 16:40:00,180.23998943878402,134.53262563171307,35.081796637074056,85.30901494098678,59.73792123364043,110.45805321113305,323.75031260234346,348.88527158667114,339.1193082330947,353.7904657387475,0.4015113301393329,0.057261794270373804,0.3082772966326469,66.21905334466798,43.74724890783921,27.067684536189255,1018.6376986162225
2026-08-14 16:50:00,180.47117992507143,134.11515530198503,34.973215527546586,85.10635907039273,59.87331681823217,109.65840536225961,324.08547386510514,348.93949488263263,338.84073456829515,354.17810912879463,0.4012788627163671,0.06089777337195101,0.3121518039324179,65.95631331315559,42.550549088817824,26.988806162553505,1014.7972268588903
2026-08-14 17:00:00,179.9521865229728,134.15276217535379,34.89996920209072,85.04479959402212,60.560541567655925,109.96426440894278,324.3088125701222,348.7957222524067,339.015446789481,354.28518802223516,0.4026036380574955,0.06132067939877256,0.3116632897083043,66.4071042063508,42.570243452741394,26.982676875051936,1023.5853085114711
2026-08-14 17:10:00,180.049477455776,134.65110465330957,34.98214153054436,85.38561556521107,60.09267920651925,110.31454817783785,324.09205478741353,349.6607615884148,339.3649131941991,354.43469704651557,0.4011371739019885,0.05843752008356895,0.31566089460627117,66.62239361976307,43.45177127870901,26.69814862050392,1018.3625175821691
2026-08-14 17:20:00,179.9874649920208,134.84124507108666,34.80431427039921,85.44996656618159,60.48781722519149,110.40661203604562,324.4119065421612,349.8636355852131,339.0531704255985,353.8964238607952,0.3978529999452999,0.05829224946403853,0.3143179111241279,66.37425883900312,42.73611022015716,26.900846470260493,1019.3020413550662
2026-08-14 17:30:00,179.29465373017155,134.2081533761607,35.06440710312387,85.17826721169739,60.1211658257894,109.83148993560361,323.96176133407704,349.1846893558961,339.4060296957967,354.27908192104957,0.39597328718310765,0.063968474150735,0.3123636142495889,65.9031968258055,42.393458581086435,26.985058854428203,1020.8052109836599
2026-08-14 17:40:00,179.7186024501596,134.4649706297085,34.98202884802786,85.13005245473828,60.33714471063917,110.0220587393273,324.3741557031243,349.31501220516367,338.98236942400354,354.05160084125964,0.40046007969892367,0.06148868517550425,0.30804577972634295,65.7789318189067,42.64860930248471,26.935497407494466,1021.7442141975753
2026-08-14 17:50:00,180.0018487839949,134.54714860553585,34.976467505198066,85.22703512186709,59.98435602790466,109.58729700530262,324.60489339198557,349.28872847495995,339.2176203834342,354.2799816077475,0.4029571299691782,0.06275233524687347,0.31042028452275755,65.8670699360197,42.86182503324648,26.911283840168913,1023.8290307981318
2026-08-14 18:00:00,180.12492049915198,134.55414668067172,35.14991444026469,85.09080193840727,60.4645464858307,110.8736898482295,323.821243892684,349.1290736142493,338.82120233048414,354.1073232819258,0.4007887786803774,0.06095571947976619,0.3117736763515805,66.71787333476064,43.479178493620175,27.095752357300388,1020.0358881562674
2026-08-14 18:10:00,179.88312297847514,134.43845845351777,35.00789209326688,85.13328731297571,60.571152641956786,110.32497490888157,323.86116530566477,349.103983176197,339.5071305673592,354.1219122125004,0.4010534600341158,0.06012176895131229,0.3139759886682616,66.24153130145294,42.88511898257837,27.218546260448488,1016.9968964002244
2026-08-14 18:20:00,180.22553606220401,133.95233826360692,34.93621193303017,84.94753933964427,60.238782581110335,109.44838011003698,324.31644308075306,349.0281822260721,338.5234493315635,354.0299153405098,0.40355381592649453,0.060347844341858595,0.30923947103855814,65.05753994037175,42.79734059152247,26.952393748908392,1017.6959350568707
2026-08-14 18:30:00,180.25532715345244,134.3556551839476,34.9063609406698,85.16570895539532,59.865664756571114,110.00202898442816,325.0560041567877,349.35931208698594,339.2077619715207,354.28854725441636,0.3988974624437342,0.06301264658418661,0.31200629762865534,65.87502956704193,42.50634888193472,27.110958101971264,1017.3708766351903
2026-08-14 18:40:00,179.91597614108085,134.49739972493705,34.99799194304766,85.1622886698927,59.925263088752246,110.35677584367973,324.2780783297113,348.783953496807,339.29033456497507,354.1694933581767,0.3995765610966149,0.06426740022759897,0.3097468537150572,66.0257248544636,43.30990889478006,26.889017321732336,1018.3404274305282
2026-08-14 18:50:00,180.28356718255122,134.3978614888253,35.113908803439095,85.08580849550759,59.752802101824564,110.23970548328437,324.12098671288516,348.8980706212914,338.3627975316423,353.84209018034784,0.40190459216204827,0.060711377846514786,0.31546506345826275,66.16270885071793,43.11788678159019,27.20939180239038,1017.3834565398928
2026-08-14 19:00:00,180.34919565992533,134.57660435609898,34.94438726385971,85.10327582087288,60.21797533732955,110.9145850590202,324.5216942184413,349.34247166413695,338.64891390649984,353.50559884399604,0.39906537233062556,0.06020255171202679,0.3117824499159514,66.47516399359817,43.19136627536403,27.079431190554743,1022.913004885171
2026-08-14 19:10:00,180.091798586613,134.3425463748334,34.897373974586195,84.99809225998978,60.193038545259945,110.6861595565917,324.0993628864829,348.7390114283536,338.6848648683396,354.4455085119439,0.3984074951522281,0.06190750499058385,0.31069857133132184,66.3711252749126,43.12095897344802,27.418945977692303,1024.090755303077
2026-08-14 19:20:00,179.80271646402494,134.05908164464924,35.09928256447246,84.99186926226889,59.82749045587704,109.73034677108674,323.65252341736164,349.60876296136576,339.10956048721124,354.37581072852214,0.39906191199426994,0.06148873498302354,0.31292025009457425,65.76167469100693,43.18162398944028,26.882059784545426,1021.1459264923094
2026-08-14 19:30:00,180.29281944879511,134.2131216754052,35.01040149947867,85.20012625708137,60.31253191885383,109.95540974976888,323.8525381794039,349.06771790424864,339.0587667850577,354.12076630710334,0.4013079051059735,0.059739282045725026,0.3111621040460185,66.19389714001007,42.89353733974161,26.964360868229626,1013.594529335904
2026-08-14 19:40:00,179.96646426522406,134.31560230000326,35.00165130331561,84.99973941673841,59.86413449730233,109.35922930351191,324.54207221376646,349.2022546123989,339.03859300078665,354.50470201110153,0.39834726017375005,0.058741986148647216,0.31166410917238907,65.34156650745288,42.48198786413781,26.591767432285646,1012.9377273765106
2026-08-14 19:50:00,179.92379292606287,134.37157371758573,35.219028438685456,85.20344120607867,60.58347089630861,110.12472649144472,323.6393007697037,349.5320886605881,339.31998606787374,354.13435274797547,0.3992203474699616,0.05861136825651829,0.3127864679683948,66.11975305118706,43.26579349346068,27.056502788041062,1023.3833664884745
2026-08-14 20:00:00,180.02269277717934,134.29448463737629,34.879262735403934,84.98949430705825,60.28547525813258,110.07551052977317,323.7186702072932,349.13914279705403,339.81059587842947,354.1153127612898,0.4005432151951965,0.06312246182423446,0.3114938539009269,65.79183714967736,42.55049811811627,26.87678416197083,1015.761936918489
2026-08-14 20:10:00,179.89195960262174,135.02819676821804,35.02476854649039,85.14820344534817,60.51525223805885,111.35174143130952,324.390350620003,349.19251125957487,338.8461749646639,354.02581647450273,0.3981384553487829,0.05921539917977666,0.31144105603736605,66.99672688067601,43.13741310672446,27.1687539195979,1025.2742494497654
2026-08-14 20:20:00,180.21408610362312,134.56419762619663,34.82141917775852,85.01537657173829,59.82468727020168,110.04878755210481,324.1920955147028,348.9878514259154,339.25125022213234,354.544671539795,0.3987823462507036,0.059366939827189644,0.31589506504428705,66.11798522153757,43.18063267449347,27.126981783322286,1017.2441625673583
2026-08-14 20:30:00,180.1551448048647,133.93276149530234,34.97332978904239,84.95108972820559,59.73990924095094,108.95337380967446,324.5108855061882,349.30691665897274,339.16141758283675,354.70902411473463,0.4003425663855847,0.059285554141391965,0.31274670266235893,65.41521792410329,42.25574708481721,27.120184081109727,1016.7921366178805
2026-08-14 20:40:00,180.2435831629208,134.2136425923888,35.064761466080824,85.09519656492448,59.49116503037482,109.66395675664772,323.835607936704,349.36025780974353,339.46985165053405,354.09969143752886,0.4004299313403324,0.05756668247882427,0.3114228066908991,66.05332263091545,42.32097562736955,26.84573973029604,1026.776142551602
2026-08-14 20:50:00,180.1160717263215,134.60107412406347,35.1201279344758,84.8452757874898,60.23313559814303,110.05617460576254,323.9346173729152,348.91007033258813,338.5285030611022,353.9737924202264,0.39832174056001374,0.06100157130732575,0.3157943784232698,66.19693847946232,42.46681179659916,26.82013216745378,1021.8803272760128
2026-08-14 21:00:00,179.84106685246368,134.30961851305648,34.87338053089239,85.06023803551064,59.70222831995912,109.3719923537036,324.0523662212133,349.3540786428103,338.67960871502834,354.49038732128776,0.3987714514337845,0.059900909775924334,0.313690727341191,65.9680737623706,42.65239074779598,26.544464137624296,1017.4660129528996
2026-08-14 21:10:00,179.96807344430172,134.15511606597656,35.090274360874716,85.06387608696991,60.442780638478894,109.56639615797421,323.78894887212243,349.4468996725052,338.84051210869285,354.4410516590322,0.4018148276160156,0.06087164342662892,0.31541150938439966,65.32204278303897,42.678929013393144,26.81305408034774,1024.9187220539184
2026-08-14 21:20:00,180.1750759332976,134.45317336452217,35.08487765422465,85.0092395735831,60.08333023760289,109.81718209588595,324.09051867138,349.3048390973053,338.84006436861813,354.36552903065314,0.39896008355548673,0.06281076270802112,0.3115003877314035,65.89334072473663,42.509059190147624,27.012227016191385,1018.3173602063821
2026-08-14 21:30:00,179.9186116814091,134.53082984638584,34.991506810166115,85.03549208693119,60.269393408751725,110.1709058172328,324.11118738634656,348.9556833111806,339.23106512927205,353.739059353553,0.3998671694417378,0.059610098438984314,0.31241833694148763,65.88116451629048,43.044962673030746,26.825889706795284,1018.3156938977311
2026-08-14 21:40:00,180.58399459613864,134.6649016109816,35.25764802371229,84.98334253611293,59.65572518388546,109.91732899439386,324.4229676900211,349.44192801823795,339.0221790053389,354.266678134846,0.399646271840984,0.06019949221277204,0.3136755037218504,66.34989034397623,42.44978292017805,26.82973317061249,1021.3057142981017
2026-08-14 21:50:00,179.9515395544106,134.16596274694714,35.004285975398915,85.03999039893677,59.86295096230967,109.55538375627653,324.1404806380935,349.5689368924868,338.57309202109684,354.2363841165366,0.3985601014683253,0.05861554658423481,0.31411443072668754,65.87157960230091,42.142677906649375,27.115370628006186,1023.3195216380988
2026-08-14 22:00:00,179.88272212804563,134.79774495304483,34.91350383477919,85.03211524223161,60.09604943893067,110.39384061724756,324.0490159183833,349.03719992503625,338.9468567900808,354.0925530803649,0.4013798200408991,0.06179790582820302,0.31194435696410955,66.14406229950681,43.055226470931565,27.24327113016458,1022.801486510745
2026-08-14 22:10:00,180.2297805483286,134.4852679092451,35.04803443513937,84.89267317748666,60.262162363718,109.73018127523773,324.3184216748113,348.6541422193179,338.69298203380305,354.3204996113636,0.3993323065255426,0.06088018863463631,0.31668899708944814,66.10280922847788,42.11218854117544,27.119814882993587,1024.5526372699615
2026-08-14 22:20:00,180.1495475483418,134.2232265954888,34.812462754956016,84.98456662125707,59.65523751006922,109.75034557829412,324.5034892745722,348.97917366021557,338.9455554452851,354.1385810548692,0.3963368510506473,0.062144341321610494,0.31052669104747493,65.80307186074235,42.663034301631306,26.790229756805157,1023.4296610991267
2026-08-14 22:30:00,179.9944148562785,134.46628529404552,35.164841141876465,85.02491089546604,60.144157167018996,109.31017420402436,324.4854339938291,349.18941243850327,339.11479146317447,354.3082259148717,0.4032811748665024,0.0632002473400918,0.3138937954025716,65.62268729661048,42.784193989574284,26.741474716506772,1022.5411713169867
2026-08-14 22:40:00,179.95395116002038,134.5485784089542,35.105940604860216,84.9840222166415,59.79349976775847,109.60699212921907,324.25972469225064,349.560399674945,338.94250740987536,354.1864010638155,0.39940330937169816,0.05738375725356511,0.3122610850368718,65.67675027564633,42.26526371332264,26.754331903242775,1020.0986764921488
2026-08-14 22:50:00,180.08530062144698,134.380787695634,34.963059031781874,84.99596009945144,60.28474271194641,110.32588579794258,324.0654618629174,349.5323555362836,339.53377673291874,354.10731086410306,0.40020481335082575,0.0631629750326532,0.31223860194644953,66.51863652996539,42.33972523015723,27.010536733004084,1019.7259259005064
2026-08-14 23:00:00,180.16710657060096,134.6168837800351,35.067460968621226,84.9271828037442,59.97342297050749,109.19117242073312,324.03985172225737,349.38783290627464,339.8389118614753,354.71233183188815,0.4005442303869887,0.05750410117148442,0.312471769646643,65.52687173786386,42.660532391512376,26.7911878383791,1016.2950935872744
2026-08-14 23:10:00,180.1525427971394,134.29787131086724,35.05941419297004,84.90869886025995,59.95251454311042,109.96441315268315,323.79259545178815,349.0076254996529,339.3262813640864,354.184748408806,0.39901827336889606,0.057924002885826845,0.3173807388649774,66.36281746279064,43.01976521457524,27.056947400931502,1019.6522988235936
2026-08-14 23:20:00,179.93966752510164,134.483948204449,35.20339618243368,84.93389937292051,60.172564571295965,110.35886251163744,324.2055705319832,349.4137793775242,338.7277166442376,354.3861083757051,0.3976580331131735,0.05606820307814725,0.3113908403760512,65.97711091131208,43.62126898288054,27.17102593235478,1018.9228031372011
2026-08-14 23:30:00,180.0863826436897,134.4117892523513,34.940807628225194,84.75297762396391,60.38833547901862,109.81144569643587,324.1800471987638,349.19445420425586,339.6031823802317,354.4865292804684,0.3979697499436704,0.06309106098367699,0.30905082397792377,65.91537495658332,42.71383032518197,27.043290646625003,1018.8454699722987
2026-08-14 23:40:00,180.16879036500237,134.73333763087368,34.87128225675277,84.93240232359882,59.96962124615037,110.11989525920248,324.6815985606957,348.90397249309297,339.8005011113641,353.91703125297016,0.39866777822677063,0.05897418124048531,0.314955317115602,65.79501363763032,42.88841284732454,27.14421097924506,1015.0732294776266
2026-08-14 23:50:00,180.1529940406768,134.465016251499,34.79474782367448,84.99130598316742,60.408788141780775,109.44160299430854,324.25657870459924,348.6855204366684,339.13300163106794,354.1510278073807,0.4012916876707078,0.06117001134278152,0.3133863232735185,65.9190168230013,42.33167211948107,27.031136984746656,1013.2728617589095
2026-08-15 00:00:00,179.38273271580098,134.76465764580934,34.97377778346619,84.93837493144616,59.74315974514293,110.65513895109237,324.4166613884324,349.49106035951905,339.3007763202266,353.94517142815147,0.39922917137994446,0.058708413353153986,0.3136205177534491,66.34908653434168,43.43650870388658,27.081284711239864,1029.203777960907
2026-08-15 00:10:00,179.82194730031745,135.01259971023862,34.84267291531617,84.87575912219216,60.12677442013928,110.55052516805138,324.58660623296925,348.73619749342953,339.51406533595,354.1595412823148,0.40087141257991704,0.06335176840243503,0.31417348762741265,66.02166527485846,44.79447785033043,27.063439232792536,1025.8613131895545
2026-08-15 00:20:00,179.84482690832084,134.68383724593755,34.98630582511553,85.01313166690502,59.70690090546826,110.11774954159166,323.6392730272212,349.56726050736785,339.2526361090151,353.85777793071355,0.39508644768356627,0.057495062838123875,0.3165305010122133,66.30010620407711,44.11194537150363,26.917303649031506,1020.5494262190257
2026-08-15 00:30:00,179.9539349332562,134.52869315110814,35.04640782242395,84.86686206423781,60.10577488356782,109.12246057004204,324.006889744009,349.8586927717861,339.5648272527753,354.47845900740475,0.39783442112073103,0.05992335919818143,0.3112472722140618,65.7336758873154,43.9077664811827,27.137745572696442,1021.104884747903
2026-08-15 00:40:00,180.0358172896986,134.93112926440443,34.958649356287985,84.88409826480516,59.76887479207062,109.47701883115147,324.1314505967168,349.2211739023645,339.36110434035373,354.2173936491062,0.40010288856348497,0.05772725650539636,0.31209727695020884,65.67636889157286,44.37431644684132,26.87506676743517,1021.2883776461886
2026-08-15 00:50:00,180.1842868793992,134.78798651998545,34.90690619248272,84.98079496803352,60.05222269091244,110.48835153096567,324.2398868425704,348.97043026458914,339.02042586296545,353.8465332685278,0.3975722879854152,0.05943440382768515,0.31429753013106915,66.09095848210944,44.378662588055334,26.966373484399504,1020.7655573133964
2026-08-15 01:00:00,180.1235370543625,134.3908659158641,35.1269069595993,85.02232407635397,60.227989375213696,110.85656054513935,323.8670623378921,349.0313521136676,339.0585831665182,354.36304579962354,0.40139092385529623,0.06276302310051295,0.3122147044060665,66.59947261518252,45.007988310175335,27.04673128661192,1018.1675734809714
2026-08-15 01:10:00,179.9746094692293,134.55664573090291,34.98357581430834,84.89626523448479,59.75286679531424,110.1483077199925,324.46473315468614,349.0219356839637,339.130753408133,353.9217114476287,0.3994393278373341,0.060557021943034,0.31317793557026646,66.56429949341334,44.64541129087513,26.972267476518933,1023.7172125690356
2026-08-15 01:20:00,180.00462846073697,134.60744513148472,35.02809159123517,84.84779166674006,59.51696700171207,110.62365946701784,324.4807677754403,349.3296471901344,339.0058274276982,353.79097266277756,0.3992696058302312,0.06061040515850277,0.3102116857310323,66.0976457233982,44.39138483266839,27.121903873965568,1022.843517680704
2026-08-15 01:30:00,180.35182399009787,134.513306667768,35.10214271509189,85.02423960617766,59.98921504877885,109.69611914828923,324.3625535472766,349.51024428951047,339.5935108921156,354.3541837979675,0.3978059831678611,0.0615264859087578,0.3116038367166259,65.31288872507011,43.9063952716577,26.920596723394635,1016.0498270858379
2026-08-15 01:40:00,179.8774472271995,134.59285105923323,34.86981132397479,84.8716000801904,60.197544193621276,109.90530642169455,324.41795544210447,349.00577376022727,339.30501537454177,354.2441110794783,0.3994910563970631,0.058959431746564796,0.31433014841419393,65.92708543122328,43.95085578469566,26.988576382850212,1021.8242383047361
2026-08-15 01:50:00,180.06089783914277,134.377447069177,34.90919633055875,84.79300763794608,60.11065194819822,110.00057395178166,323.8883749678396,349.1299016154734,339.15500635380965,354.0115069005468,0.3968214386341129,0.05748522587723426,0.3062119910502843,65.5951132277099,43.87104055178389,27.247505235871703,1019.4098820727318
2026-08-15 02:00:00,180.31309982731497,134.470168201779,35.26133932796935,84.89381086249752,59.76954929527289,110.2115483768675,324.55821314333457,349.0406008656098,339.45204254529233,354.4496293752682,0.4017492899041126,0.057741825183393276,0.3135008352959801,65.63301897384308,44.83005738642488,26.939168677132177,1026.9670222642828
2026-08-15 02:10:00,180.06918484015875,134.3039634396892,34.987860687011064,84.91614948731844,60.29097444570575,109.23559520477754,324.0379911684689,349.56035372393876,339.23944803614523,354.3736074560972,0.4005010760244659,0.05898452328350312,0.30782247378146915,65.61511819293331,43.764455551541126,26.86166058303776,1011.3598336190777
2026-08-15 02:20:00,179.59129684076066,134.7539249422917,34.89680976412929,84.74680126941321,59.95442143422157,110.47033342126915,323.6588817279195,349.51410873680055,339.5244043512964,354.29064939475677,0.39923274404722336,0.062356908726134565,0.3174972130394345,66.40621257920462,44.13593278505639,27.297033320476416,1022.401635240385
2026-08-15 02:30:00,180.07498552722922,134.3626507014612,34.97789888023828,85.01553021949084,60.269928235966134,110.66127332218339,324.2619265895241,348.98919621336483,339.69568452572213,354.54751941115154,0.39763731493350757,0.059980196813584144,0.3151271308020376,66.6371190539881,44.085471222785415,26.9316333338472,1018.5391186951562
2026-08-15 02:40:00,179.92252895317284,134.62436454407947,34.94506592442327,84.7850677727584,59.776699768909296,109.42563242558002,324.353390368824,349.1476160910449,339.2735455605732,354.3328325912902,0.40075289379385987,0.059002039970678995,0.31592856999572133,65.76192437529996,43.76172623002133,26.72944477203629,1018.8786422048386
2026-08-15 02:50:00,179.97737976124805,134.41217236873433,34.877581262010374,84.97621674212786,60.172461977825456,109.32233016437007,324.02470208635435,349.28598182549257,339.05288268512436,354.6220486098744,0.39812634570398503,0.06012843094230216,0.31600890481566885,65.7804082680699,44.13066027898022,27.030383528148825,1013.2020179809432
2026-08-15 03:00:00,180.21020271861025,134.70819035009114,34.96201739212316,84.90294563619977,60.3922820126816,110.17528005730881,323.73581135612136,348.7239018716349,338.88093970691546,354.3516266576062,0.40196056706929884,0.05853138459545856,0.31098355008104583,66.13047963309535,44.36359143126671,26.870815053867396,1020.9780321068712
2026-08-15 03:10:00,180.0939068457099,134.5970272288866,35.002033624826275,84.78813802108515,59.842265475083174,109.67284404694378,323.88930054689365,349.08704686291185,339.7481812003924,354.351110810869,0.4012557106627379,0.06169619872226852,0.3128678134343409,66.24769926787351,43.31215153914983,26.99857014118488,1018.8039975195786
2026-08-15 03:20:00,179.94719169896462,134.04522279037943,35.00268412245502,84.85199097249213,59.95314253976233,108.81458515870106,324.1898717696791,349.284345233386,339.34365650459387,353.39903943326954,0.39839912064160854,0.06153117121586438,0.31093042035102536,65.18982456122966,43.78274114072418,26.629149358579465,1012.6903451493756
2026-08-15 03:30:00,180.1784019038111,134.79550606466373,35.059516916837495,84.95957123138888,60.22570195871644,110.40429175801268,323.47853707354943,348.84258624195945,339.0576449154633,354.1495452074156,0.3994368120480997,0.05840018846118886,0.31384312515957535,66.04581112253585,44.50861226840862,27.194156595742694,1021.8950652297995
2026-08-15 03:40:00,180.08705564593592,134.8971890202031,34.82564744111441,84.77576703009537,60.19641670607766,110.07779720845052,324.5464319565746,349.3096810372743,339.2067643809585,354.83254301126567,0.4034901589859021,0.06336589414159018,0.312200528246848,66.49788715008516,44.419530454704734,27.28819044884009,1020.6098640680772
2026-08-15 03:50:00,180.0210281978554,134.79968110614735,34.850098829215916,84.80384544535171,60.14621835286504,109.76167650109608,324.54062816532416,349.26400803009045,338.90544500443167,354.0854788906573,0.401148574651449,0.05751973401274987,0.31374804496835734,66.05365060508467,44.473548839544996,26.84967859850214,1016.286177722128
2026-08-15 04:00:00,180.06020159334682,135.13503387301373,35.085356297958825,84.81602513323291,60.00302213858964,111.05672214635537,324.189766487726,349.092336314648,339.63307103391537,354.21985777548576,0.40186850271034674,0.060858590585686885,0.31174686950272607,66.61191930040236,44.74922727053998,27.070090893303483,1025.3330126868584
2026-08-15 04:10:00,180.05062295155565,134.65599280686192,34.958504548021565,84.87931486664775,59.57241545101744,110.06945212583983,324.56211972108605,349.5531586181808,339.33138716379307,354.1292640505658,0.3987879998714245,0.059351661160797056,0.31303434171858213,66.0852207604741,44.947550862202334,27.020240372413387,1019.451325512951
2026-08-15 04:20:00,179.9320951658191,134.40058485792088,35.12934787536549,84.62009919617368,60.03758468482237,109.6232849698474,324.1984881177995,348.9864623603774,339.1360578489111,353.71971885072475,0.40143502639065315,0.06163788036250737,0.3110396845890217,65.61225937820417,43.81856080001589,26.766019678492466,1019.3345963245988
2026-08-15 04:30:00,179.9081799927645,134.96890443125798,35.03540525316317,84.76180696427762,59.653266871685766,110.05057590605017,323.9102036758732,349.3809595545763,338.8127653319932,354.44642491366506,0.3972127427086416,0.061702904879442064,0.3116446377198527,65.78755485974112,44.55538153910153,26.824881752786396,1023.4966071887811
2026-08-15 04:40:00,180.00503227622343,134.62087814067962,34.858955340193425,84.52937028061795,60.063785393602004,109.47996536628456,324.44094027950746,349.18743921876575,339.86775121594985,354.8381997326682,0.40119729215311184,0.06012981431701803,0.31120512838159253,65.16098905269858,43.73754532660814,26.773795587595593,1014.8512697256742
2026-08-15 04:50:00,179.80915115152092,134.4917023511299,35.059347231169326,84.7934613190739,59.34009049451337,109.61914661297963,324.4215564728563,349.57898217773123,339.28497304213187,354.77343914827384,0.40182356620360904,0.060537800486236734,0.3122322897717582,65.2534158853537,43.87338124927909,26.882755665764837,1019.500586585829
2026-08-15 05:00:00,179.74822327584664,134.35872641226223,34.89995757674776,84.55839339050014,60.467229612969994,110.19318140106259,323.9786361225176,349.03915140580267,338.5991529076896,354.20328690165144,0.3994072451860647,0.05716771273892885,0.3136716510326577,66.25506533232968,44.7918368763571,27.27883066886171,1022.553800124548
2026-08-15 05:10:00,180.2601821947927,134.45183327771804,35.03086089596602,84.6317495863881,60.60571330225483,109.72290089689388,323.8362182732075,349.4400340316105,339.08461721988306,354.00591905643086,0.4007742698309273,0.05698591087672711,0.31496483878601983,65.70032018591145,44.36252025393882,27.06730877976339,1015.2064161963323
2026-08-15 05:20:00,179.95206147773558,134.26966450683614,35.13063693304002,84.75596630346136,60.17078038797983,109.77451296301489,323.9660787756129,349.446890810661,339.24719541657856,354.11122500852485,0.3991027009873932,0.059985521024027315,0.31099354543848634,65.6445218893814,43.88943559461967,27.120597252303607,1024.4868207516279
2026-08-15 05:30:00,179.99519955756801,135.25819251001263,35.221584009981825,84.76457482455034,59.78507194665157,110.83447243042039,324.6116376783813,349.59875022244194,339.3021010736311,354.4323015290932,0.39930211494397394,0.0605695983810008,0.3143431697542055,66.33833028346517,44.675289014720015,27.309905796598937,1023.6377084538774
2026-08-15 05:40:00,179.97299119585028,134.91860271205493,34.99697740376865,84.7222345452763,59.94735715183289,110.42982439159319,324.17326459098217,349.7379265343008,338.93968522795063,354.16115951054326,0.4003684467015476,0.058915609052379025,0.3110387550139203,66.4356177748821,43.833638376357754,27.0451577711158,1018.2489188237621
2026-08-15 05:50:00,180.00468114174473,134.7327629857095,35.07593769601636,84.66461533975578,60.30244138259118,110.40141291005341,325.10694825642946,348.8372825656473,339.59981015755227,354.5187655119385,0.4007625002167951,0.061216633099478564,0.31565073925827764,66.6588288048484,44.11429912140889,26.912797511471254,1025.2747255660056
2026-08-15 06:00:00,180.00454219009333,134.7814080591643,35.03503223336358,84.69704077935369,60.23392510334136,110.2644083510991,324.07170183593223,349.2560218386549,339.4351435722668,354.3701781234914,0.4001844666161465,0.06215085333248159,0.3126946856663269,66.1446196175437,44.057217494539834,27.157584200375815,1019.6144451100769
2026-08-15 06:10:00,180.0130249826759,135.33787455716885,35.08551104088672,84.56699857434548,59.82945842176029,110.2421007808621,324.45137368838203,348.96783406816013,339.2788343964783,353.915467324167,0.40082511546015337,0.0565077072269608,0.3110378731345163,65.86349554156251,43.77663242577204,26.91732248488735,1018.6905766779031
2026-08-15 06:20:00,179.83901084604688,135.24261047563942,34.74163272062464,84.7928912153707,60.395195123455785,110.72829244945358,324.36876654813784,349.56293599736824,339.07449536268643,353.94325562235247,0.3978008816093538,0.060707033190261064,0.3124479913261692,66.26650408950249,44.64876660847243,27.347767620475015,1018.4704874315137
2026-08-15 06:30:00,180.1864046342803,134.49392287400775,34.96412471483241,84.78228670154233,60.25320827462814,109.99022700701242,324.2076981147437,349.67709764571856,338.74795143752755,354.5451491295487,0.3968838553720014,0.06379284373680089,0.3143479194386704,65.91458529171562,43.77717204260598,26.95044224405453,1021.7571444808138
2026-08-15 06:40:00,179.86158104967825,135.0594808408793,35.03404032492917,84.83700343726596,60.19670764353812,110.92775706244988,324.5266843961855,349.1993002486504,339.1369529382219,354.5489695507146,0.4007776166623068,0.059821024187897844,0.312788344062136,66.75085707487018,44.511588691384766,27.074778179523392,1021.4315271983886
2026-08-15 06:50:00,180.20698103645756,134.36343257541648,35.052416928532686,84.65790329200448,59.93213298247165,109.52429916601885,324.0223482042964,349.35751484166286,339.2126541818551,354.2995811739658,0.3949706412687471,0.05992450718166288,0.31374708622581376,65.7460690632325,44.40138004002573,26.977913316104388,1019.7714524038931
2026-08-15 07:00:00,179.61623711368867,134.39408107154384,34.92660841818423,84.7966075626591,60.036425562782114,109.87248115613937,324.26421613378585,349.6679747548609,338.92805937076446,354.7408084637686,0.3964973621869483,0.06002754547648659,0.31268887456549965,66.14189227889989,44.3084426878038,27.025734899956127,1020.6109214340313
2026-08-15 07:10:00,179.78769499103598,134.5729208650921,35.088985533591,84.67913296743163,59.82523096224507,109.31070181931206,323.93172375088056,349.3507280722619,339.3642039169183,354.28142574791275,0.39712139221634046,0.060974106100877334,0.3172033805572377,65.1939182152825,43.68159897568173,26.943587749092185,1017.8432485015819
2026-08-15 07:20:00,180.1984247593993,135.19705800284933,35.11764590634322,84.75671103062156,60.09279751668664,109.82811349015353,323.6317264886393,349.25620430396276,339.51336041186016,354.2140660722997,0.40138557950243425,0.05503049446320831,0.3148242502679241,65.9924013397149,43.97728687392263,26.891476314590182,1019.5827402501494
2026-08-15 07:30:00,179.97036999768096,135.1856046904959,35.01133662104524,84.726940375891,59.839951263438245,110.2592212164772,324.3077563747004,348.82166808349956,339.1430047418289,354.2913220065755,0.4012017690450147,0.06089198495011295,0.3133287858744857,66.66604704614076,44.401868002027335,27.103436582987992,1019.8013969922401
2026-08-15 07:40:00,179.86579580341302,135.05537426568327,34.98078651806007,84.71893544365592,60.38567770581153,110.7256234446126,323.94648152978965,349.09316221179176,339.1647379071534,354.4721413358005,0.40611423492889054,0.059222874101064256,0.3136101599505606,66.55647224608889,44.05843686909032,26.935606846792982,1023.2146357691233
2026-08-15 07:50:00,180.07503472554464,134.6117983166155,34.967463574155275,84.56451306400682,60.04831426808766,109.66833623090155,323.9015729637625,349.58837991916454,339.2803882937246,353.6179325999666,0.39925406292987803,0.06123576928244656,0.3173314631053849,65.71062771890416,44.203311991697646,27.002954070400744,1020.415950836869
2026-08-15 08:00:00,179.7908948750482,134.84663063628864,35.0184258204608,84.40341192859435,60.09923621450869,110.00265223679955,324.4674216785992,348.88069392894664,339.7755930029238,354.35137617976625,0.39917599251920466,0.05877199904874082,0.31351398775405487,66.09765316236604,44.33223876369619,26.77547108770113,1017.0405573558473
2026-08-15 08:10:00,180.01537440017245,134.9515188785065,35.12546414836406,84.69742949087232,60.13469918737385,109.82039480008252,324.24665443800205,349.3876131419874,339.7088287221001,354.35686494591465,0.39960834412488283,0.0598116536042734,0.3132390280342125,66.18139162888725,44.53362480510398,27.007583422230926,1018.0408552661474
2026-08-15 08:20:00,179.55696939970397,134.40179152761345,35.15831301914835,84.60608797035242,60.132034495311885,109.63070002960755,324.4130343246867,349.3694010227733,338.8052506837818,354.0603108347547,0.3970465817845046,0.060660908528614034,0.3108458103249011,65.87270679216807,44.07216140071923,26.980998045647276,1016.1799721320333
2026-08-15 08:30:00,179.90952780856514,134.24799295120192,34.95582169425341,84.78496268371623,59.61249564002507,109.40531027322633,324.8173260273848,349.3049061250391,339.1490591063163,354.0594103521873,0.4018954156401417,0.06196602378177648,0.3147440484764784,65.95482589090044,43.98455728127524,27.04304057075185,1019.2444294173955
2026-08-15 08:40:00,179.87003098185335,135.2066732749355,34.90855052015046,84.44428511707382,60.417255462330054,110.0303305826509,324.3556314837838,349.5404725801491,340.0451334939157,354.689549161544,0.39800394488966856,0.05967490091622581,0.31158759341551384,65.55960139439983,43.66627488518965,27.07905721305146,1024.134960468843
2026-08-15 08:50:00,180.1079232204965,134.58445520823724,34.92266841023746,84.64523810995108,60.06502306932415,109.13396749978241,324.4395129296639,349.09645009558005,339.2016896477201,354.178904110381,0.39824263273665605,0.0607303562983817,0.3124392346383421,65.56849745655394,43.91352313848814,26.683911003664512,1018.147380553626
2026-08-15 09:00:00,180.17515425879915,135.17226351210226,35.10536644845595,84.53301055612617,59.872586154255856,110.05527157541225,323.9493711571193,349.71519754269707,339.8155208183635,354.2317592979623,0.4002439061609156,0.05796537281329825,0.31731330125500856,66.10953979853616,44.503319410819174,26.96925513385979,1024.7850306417793
2026-08-15 09:10:00,179.8290904684407,134.89336253055387,35.02693854521889,84.6142436703662,59.74765861776277,110.01047596774387,324.55877582907175,349.19049302847884,339.4509158482696,354.602968021102,0.3988144176110547,0.059847557114571646,0.31108997144560163,66.12501327370434,44.22814875990257,27.126741856348236,1015.1411550540645
2026-08-15 09:20:00,180.3217822472332,135.02394852953682,35.03485871262039,84.50092464308051,59.833028555803885,109.67112485053806,324.5655005407308,349.61222775198917,339.6758593293546,353.95540815793146,0.40087513670556946,0.060733165852027565,0.31484365349184956,65.79635512201598,44.00819823443734,27.06007363692203,1019.8059144280377
2026-08-15 09:30:00,179.88159334187947,134.55709371720997,35.05366557414228,84.60047928950445,59.85372601133552,109.49454821504501,323.9981983186825,349.15279846573964,339.2027397850307,355.0716901734625,0.40135854245091673,0.06380484687366353,0.31185767228087163,65.66265918762983,43.83452353654916,26.81870106858591,1022.193418780999
2026-08-15 09:40:00,179.58881525135337,134.71492330830696,35.0428000449854,84.54554297631822,60.03947655326012,109.30784635919548,324.5109538559856,349.39860763796014,339.33526462910396,354.1063707084403,0.40144574020965323,0.05829126182933195,0.3097843196136487,65.69232724690913,43.70373432316542,26.934895534298732,1015.5736938783814
2026-08-15 09:50:00,179.52405829149117,135.49217731036217,34.99157259932123,84.73847039819981,59.779612923703404,110.93566420548888,324.4123301398885,349.22932744557005,339.4718643686367,354.140219589832,0.3998128845217293,0.06025849590788089,0.311431881103067,66.2009774021053,44.58892790650915,27.406965759154208,1021.1364741735933
2026-08-15 10:00:00,180.30779217327208,134.83601750938675,34.89727943700351,84.55234675024266,60.06812283234777,109.32901396790558,324.25474890320356,349.8128559022667,339.30998867373535,353.89854322806116,0.398107654322301,0.058954297858572625,0.31151511879950783,65.43460610619341,43.486060213382444,26.761015469963095,1018.2203397618595
2026-08-15 10:10:00,179.9824926833283,135.0529524813587,34.94071025417091,84.67823608194715,60.078696930082366,110.77885117977506,324.3465069780393,349.028603863711,339.30044115883385,354.1502789855012,0.3998280540203098,0.06116196621784213,0.31247699926259614,66.39413041048222,44.70159784024223,27.236004459583256,1020.7364076941827
2026-08-15 10:20:00,179.8705343129616,135.16009228497455,35.016661305287194,84.71568909347782,59.8296316093447,110.30008237993376,325.0483976436656,349.1485000064051,339.73778774993553,354.04929719881767,0.3976182638333668,0.05837034956823377,0.31202795955454177,66.28297603008198,44.214991892704475,27.13989908576543,1018.7170127013954
2026-08-15 10:30:00,179.85042035631065,134.69078631522282,35.04448743533975,84.6044697636218,60.6922366532972,109.81798951585756,324.13172028295673,349.75566724036804,339.2732410561815,354.1992610126872,0.3967600860637616,0.0616511763525157,0.3118736392195708,65.876963625122,44.25718162630113,26.94974626299295,1030.877523922696
2026-08-15 10:40:00,179.78155670411505,134.40740616141562,34.96621502960139,84.50906335399235,59.9995816972596,109.42146157813917,324.2274628078591,349.5694539795689,339.7113314140274,354.0069045727722,0.39664376843838867,0.057870306178933004,0.3122797555559321,65.44341721289449,43.87018311084833,26.936791156407796,1014.2333674843514
2026-08-15 10:50:00,180.27044675427518,135.17916233192702,34.96151084633471,84.70999604694528,60.134479038723164,110.52124674842999,324.3599608154386,349.3268215971869,339.1497837960463,353.6207181882204,0.4018897267941292,0.06334207431023638,0.3149186555665213,66.5756305279633,44.37693986091247,27.330513633758354,1021.8781463591309
2026-08-15 11:00:00,179.98322339020004,135.47538891240814,35.14459616459756,84.59887129318274,60.06728696484063,110.86482559837104,324.2775733805239,349.2649675789555,339.2354547191746,354.6987789291202,0.3970012589353091,0.06014254248665095,0.31430139729344675,66.60028373351582,44.160900592323216,27.246024040399803,1019.2213493607417
2026-08-15 11:10:00,180.35804163004258,134.91117872457983,34.95628167026194,84.55115192688392,59.98660910109997,109.53298779559509,323.787171167581,348.9703229371944,339.5429857926628,354.5735477637072,0.40219152990064394,0.05952503549933288,0.31114603451902506,65.75271852709544,44.60498972662121,26.94198563089383,1019.5955212177535
2026-08-15 11:20:00,179.9601994632129,134.61101958033922,35.02696496938037,84.49796673003141,60.23432609819314,109.85062739705978,324.52990947309905,349.26522748886714,339.4819844173986,354.54677127578316,0.39970885000338857,0.060197433887999176,0.31282421441673197,66.04713348074772,44.44460603054526,26.960085367229414,1019.742621425571
2026-08-15 11:30:00,179.5299414999655,135.2701937562952,34.971531048827195,84.50606326981486,60.44356240036982,110.52581188239685,324.61397149953154,349.44889225887175,339.6184515506268,354.5132547815885,0.39913215347487435,0.06053454735286317,0.3118461242849758,66.36472036167541,44.45223358338864,27.058362854096405,1021.8314446569042
2026-08-15 11:40:00,180.16888678829895,135.1143977399805,34.916041494439405,84.25308028813951,60.01170598288258,110.16789168001343,324.85863364949233,349.696296215867,339.347965809299,354.53268999110276,0.3999661749521983,0.060727078206898044,0.31498887899394057,66.46547275517972,43.938146036546854,26.858731657004046,1019.1530196852655
2026-08-15 11:50:00,179.92636090143196,135.18069352812364,34.84853998646254,84.6560399346056,59.777938612277765,110.99998047807807,324.1732681616599,349.6202823251057,339.3302422501068,354.1419249194004,0.4031152813696356,0.062098203373178534,0.30982159254559055,66.55749974907826,45.17419053198791,27.048165466536975,1022.1525940154557
2026-08-15 12:00:00,179.952584464086,134.3415915514897,34.94907893379539,84.38629842976441,60.195305795589334,109.71492777526433,323.96654031609603,349.7719543163136,339.20215851945846,355.2250393071963,0.3969464005824824,0.06010650746924991,0.31384797019857763,65.53641638082418,44.220120177489946,26.724754163864652,1018.2035274631263
2026-08-15 12:10:00,180.31345467367137,135.23252097995595,34.919996863456305,84.59856563807332,59.392492823934106,110.27114560418475,324.54277528357903,349.4655107528373,338.8803023582907,354.1787943914886,0.400768476079003,0.05876030265745211,0.3141640055553035,66.28354789955095,44.23587946819181,27.019698662967922,1020.4318622625173
2026-08-15 12:20:00,179.94732240960775,134.90042892720723,35.091123480391204,84.63265241368924,60.078971716375094,109.37453601502916,324.04071159212657,349.1509200836403,339.2233757892028,353.99492767238473,0.3988815277897431,0.05723390082086936,0.3119965883925225,65.77946152140854,43.72931989332729,26.73339803586478,1017.7093277657585
2026-08-15 12:30:00,180.23239864776167,135.40738302067317,34.88643954216549,84.44453229188031,59.97595463420303,111.04794586524952,324.34975477523125,349.2579885960907,339.65115139450126,354.977246672985,0.39769510205594644,0.058993169052543135,0.31178776826626986,66.87015834156242,44.57338721562906,26.963879740643304,1021.9867585147305
2026-08-15 12:40:00,179.99900166403776,134.48365294778168,34.96188230317706,84.55101789470481,60.12829960731544,109.63482959385587,324.2316003586872,349.8039949052549,339.32921117740864,354.244018236803,0.3955853958325013,0.05804548097308838,0.3134260061452999,65.95676240110463,44.436027696167045,27.098349692475193,1023.1613030962204
2026-08-15 12:50:00,179.8496037485949,134.27755173804968,35.071259280643645,84.4010077964981,59.5825856501911,108.8960164853524,324.4116889340373,349.39414437927593,339.41067830846004,354.3825324451103,0.3978701930392016,0.06187944116530386,0.3097022176994041,65.30861755001327,43.48303836148475,26.74884430140281,1020.5001378152147
2026-08-15 13:00:00,180.10146295506303,135.14284357102224,34.992622204273204,84.52004230750447,59.9011250703238,109.93711798937018,324.2230146806973,349.77343973795405,339.7190843979789,354.06445433248615,0.39787071903513,0.05775411288825633,0.31130761792943895,66.41836731639789,44.1248729241857,27.133273292527782,1013.5984086222429
2026-08-15 13:10:00,179.87986351204492,135.1043050500381,35.054877087318474,84.3568024761824,59.72539547759962,109.93028468944334,324.56856551759194,348.90840206687557,339.08635423140646,354.29203854747135,0.399885936273079,0.0590258076251457,0.30986427878574746,65.7842528090287,44.14059107288023,27.1920137546906,1018.711597662045
2026-08-15 13:20:00,180.24565899061704,135.40232979628777,35.08971047605666,84.53778064974728,59.869683311093546,110.9577857562809,324.0854150405131,349.22757758018076,339.46018650003816,354.51621336872125,0.40160511639900687,0.06051130733953799,0.31361059099480443,66.38153012432679,44.74636401608593,27.422328541714972,1017.2035532856007
2026-08-15 13:30:00,180.1919773027058,134.87211670826244,34.83423182860773,84.4670192334459,60.204093831541805,109.83059017730812,325.0774741238992,349.13990003668783,339.1959300293073,354.47273640485986,0.40067493881082566,0.06294952671066494,0.31069056517283455,66.10267506602821,44.45350906512553,26.961101954422613,1023.9701935572754
2026-08-15 13:40:00,180.01254678119466,135.06111305393208,34.96199096017736,84.593681963452,59.970113829354055,109.99367812792896,324.59922152407665,349.4486574510867,339.6930741996582,354.00812170009414,0.399319154266943,0.056895234827822744,0.31201627525234216,65.79684417710897,44.208738436393254,26.64515035285125,1018.5879030411747
2026-08-15 13:50:00,180.12197940852033,134.98551828453554,34.9058230376673,84.67657517147131,59.850820060174925,110.29671943595639,324.1799226593206,349.1474878359978,338.93509246108675,354.6060463509659,0.40334467260256207,0.05974996638842342,0.30853787572244196,66.52970173614997,44.41758052491276,27.13210384570302,1026.7902400255343
2026-08-15 14:00:00,180.11292044358163,135.2069312409644,35.142218437013646,84.53056935407338,60.3790945582057,110.79313534155474,324.0803303180692,348.99333061957384,339.2633571475588,354.1455761120313,0.39859835163204616,0.06189631843708641,0.31151084550383984,66.21936393148668,44.61157828291277,27.15239605442249,1021.3204446253644
2026-08-15 14:10:00,179.94487655677517,134.8178312703591,34.99213037384743,84.40386581268507,60.03096724029124,109.9683851927936,324.3156037176827,349.35722353355675,339.21904221415014,353.9115436615078,0.39995071363150264,0.056806771007369396,0.3147465501944473,66.04104081168515,43.94673937787664,26.76997939098667,1017.2664530608054
2026-08-15 14:20:00,180.17902928753085,135.2368557504468,35.05498598287087,84.68156164945722,59.425366573116584,110.51973894679394,324.23312757454306,348.71817587681807,339.27192832942916,354.6567422880112,0.39918020460365583,0.06143795972108072,0.3135176691551493,66.3676490430783,44.377796620550306,26.730356679307352,1024.0007713139967
2026-08-15 14:30:00,179.95454168270317,135.01800351501635,35.17791006671358,84.4368748849461,59.71627057337669,110.2590422940305,324.1282587452721,349.21227296590763,339.2094225866229,354.4859320846577,0.4012249733027371,0.05567722420685953,0.31536664035660344,66.01938418188034,43.92086899985037,27.215836982388577,1012.4287644091642
2026-08-15 14:40:00,180.12324113445058,135.15457375879495,34.96777556733451,84.40792810797831,60.14711864065177,109.85188233261901,324.79663081780325,349.50901576292364,339.92294822970814,354.31927885964495,0.40084733939774925,0.05980557963115284,0.3071089018893271,65.39035908967183,44.18735645108108,27.135092162153637,1023.0477962095392
2026-08-15 14:50:00,179.80993090171293,135.17860477345903,35.011759453701224,84.43000825494967,60.154336059239945,110.03877722099554,324.67164616056226,349.05475610569357,339.3128845221429,354.15585163795026,0.3998430784888301,0.05809161391940235,0.30719336923658264,66.10661348836057,44.20040731843454,27.206102059681555,1022.8783988633485
2026-08-15 15:00:00,180.02040566619996,134.87080684570878,35.04589938882733,84.457187229792,60.08966551316682,110.01433693942838,324.05761675017794,349.3745135690717,339.3357808368559,354.62335589236864,0.4011344723386789,0.059125549850711154,0.31621311533498925,66.09038797218717,44.24041922581884,27.224724791351317,1019.756871421744
2026-08-15 15:10:00,180.0832184840267,135.23867288799798,34.97683940313088,84.44215156555944,60.10081616524468,109.54198768214124,324.5523753556846,349.1362071067968,338.960046315672,354.31346700065893,0.400467779395529,0.060697082644627115,0.31357227297251644,65.72385557452934,43.80320675286118,27.09473406850151,1014.6784720785514
2026-08-15 15:20:00,179.84230928621128,135.02384145394186,35.13240104590094,84.38707733780534,59.75600573398614,110.60684037722305,324.3910588714975,349.2938353527598,338.99544299264016,354.1873570610588,0.3985449812944355,0.06304153706368266,0.30998526959391254,66.22375156921348,45.14337690584104,27.204472814357082,1017.4976731600943
2026-08-15 15:30:00,179.9171346199692,134.89153843038807,35.08765842035423,84.33635559265275,59.99383894245851,109.30718987366592,324.6199104402916,349.46578444915525,339.1637861524623,354.5671993415454,0.4018261741699808,0.05835776387168988,0.3144252822976587,65.2088855672098,44.239202080729484,26.925109064050595,1018.0243980794685
2026-08-15 15:40:00,179.89379110178965,135.46589598465187,35.10647861432101,84.60760347252629,59.66907945106013,110.58558446127542,324.19286432718775,349.5337833534095,339.0324198409228,354.4860938680227,0.39888125666183316,0.06321825543848549,0.313708366334757,66.15938867457753,44.339242271241154,27.274663091220656,1014.7465556739955
2026-08-15 15:50:00,180.14612999430113,135.47339330296174,35.00907634773973,84.56806438772146,59.772634764405026,110.4772096645623,325.0321270355709,349.5262415831116,339.5384474023447,354.0391423010236,0.39860755206893644,0.06334329219539699,0.3135562451518686,65.76129160593851,44.11071146231815,27.183678927132437,1020.5842233738821
2026-08-15 16:00:00,179.85663336329551,134.60350146314113,34.9691229883206,84.41649624506461,59.74979191443225,109.95347537096006,324.4186694842346,349.1836133667451,339.22043895387304,354.78141720194117,0.40137176594340385,0.057090637713717994,0.31377394301070033,66.47637074532219,44.1583503004801,27.020407456010936,1021.7689420349329
2026-08-15 16:10:00,180.08834685633508,135.13076583159508,34.9678780350128,84.37128565068862,59.77031743207449,109.61727782626313,324.99596795253956,349.84773758660555,339.2612750712276,353.90313904968417,0.39891461375426257,0.06012280594210715,0.31450864675878387,65.67183040545306,43.95509419627637,27.026522081936555,1015.4196862794155
2026-08-15 16:20:00,180.30575500746684,135.27332454190034,34.96688244241031,84.33612042763347,59.91715573232478,109.88678745716905,324.25792508230745,349.5018115042844,339.3543928116277,354.16508628675354,0.39997740843070323,0.06118352526295811,0.31402184811892825,66.29188319382642,44.136355661238,26.910653171291703,1016.1009048992458
2026-08-15 16:30:00,180.0722270650539,135.44315108514112,34.83651752447346,84.47370384780906,59.95044178706536,110.2363873289976,324.8064830553392,349.2205513793265,339.1313331307434,354.51961483816604,0.405138262321821,0.06301215922744023,0.31333647930856495,66.10552533992028,44.38856873113233,26.934607395854428,1024.413464368419
2026-08-15 16:40:00,179.67862147555894,134.7649545422942,35.04109677846488,84.3305712566925,59.779630519343534,110.37152921968196,324.3717906795148,349.8005394873635,339.0305676590737,354.3847778845891,0.4016880295060684,0.06145427166085776,0.31379745576910895,66.6656234681098,43.9914744117044,27.380070931406046,1020.175054560291
2026-08-15 16:50:00,180.02620254766975,135.00010221501807,35.08701676863107,84.37008014324056,60.3359294281439,110.14345948176991,324.90613212229204,349.2979419534095,339.2040221211566,354.65463456741344,0.3988669411419388,0.059212677058880406,0.31332265591580866,65.91571463258794,44.00994709628104,27.373900176698072,1018.9701735878327
2026-08-15 17:00:00,180.20931996014977,135.24197937111518,35.00305120748115,84.33309111077632,59.88067354373347,110.49606816807041,324.354026763291,349.9855977371038,339.4632820140572,354.59095395441506,0.39884118591463946,0.059071277906112135,0.31297545038329055,66.09175050926238,44.39976861497913,27.29650907484334,1021.7223969438529
2026-08-15 17:10:00,179.94398744435958,134.91041008626289,34.95352994350909,84.25849428567801,60.46991077382238,109.72128271398627,324.09082749346163,349.66445198407143,339.37404675529024,353.7043609511225,0.4019304838620874,0.06147244097583738,0.3128575732456006,65.60400709427837,43.485759337086456,26.836559435234953,1014.6783926805482
2026-08-15 17:20:00,180.22314640188705,135.4092307467934,35.00783054171242,84.34285297478056,60.31074147078242,110.11728819925001,324.0903910729971,349.3894707009209,339.1598664761069,354.82063864957075,0.40065817863368075,0.05849403595901734,0.3122176501819194,66.10023952124176,44.933976770357006,26.975910862310155,1019.9822531081974
2026-08-15 17:30:00,180.12497662848477,134.69823987149462,35.02698589658091,84.27186003815072,59.65478016604974,109.21582709456527,324.224417545285,349.28287567563723,339.87375679547705,354.27250509889603,0.3980743729261564,0.0605524744998101,0.3131671139674531,65.27210102661012,44.136006868559726,27.00185157835338,1019.5298550483901
2026-08-15 17:40:00,180.0856430376042,135.48864425388535,35.03737374220262,84.29051882249196,60.2756443876142,110.3818133294187,324.5984544825592,349.1822435488447,339.51977813157924,354.42532549442467,0.401274695918898,0.06011331054198182,0.3141920565993045,65.81855841229103,44.42770873121159,27.161461426324742,1025.1658355821555
2026-08-15 17:50:00,179.9492224854653,135.25559986872915,35.18714907065241,84.31286970222396,59.59853036102544,110.07658812597579,324.53178647879366,349.1990459619285,339.60937725129764,354.19839516463935,0.39668199475114574,0.05838200631035179,0.3125440565893959,66.48614346841599,44.50386197682559,27.003903874802823,1021.7119817111527
2026-08-15 18:00:00,179.89907842946,134.76014557115855,34.91686167547265,84.30023675096646,60.43992024374878,109.79221291141263,324.4570886963424,349.3487834231747,339.86388609815833,354.104278233244,0.4025743966639567,0.0646165481493229,0.3125548667809258,66.26778057346559,44.15920026220177,27.234152502862546,1014.7119237683934
2026-08-15 18:10:00,179.95039561053062,135.12957981696212,35.04108602758904,84.29707651289101,60.10800493537107,110.58077120935963,324.74210425016537,349.82564938322446,339.15058805330904,354.62470285690216,0.40251542001012114,0.0603396081906918,0.3161907867944734,66.15841480102193,44.404295545514216,27.1387136634584,1024.2275382436246
2026-08-15 18:20:00,180.01429129796423,135.15850539871042,35.074231732504614,84.25770401074418,59.71643463437538,110.34576307439825,324.91716768641766,349.48698314756547,339.6999055224361,354.57727876030896,0.4032862689605673,0.06430180188087346,0.3164187767719302,66.47572233379015,44.456205314750264,27.08279541993287,1017.923666895116
2026-08-15 18:30:00,180.10638190881173,134.6655122735879,35.011933855057364,84.18024720948664,59.36128562654276,108.59180287912797,324.1266176528885,349.41297666900664,339.49663292370025,354.51264280388466,0.3973200353615184,0.06218758542031375,0.3130593626236845,64.47815226120755,43.6560128465253,26.732560393937497,1016.5299924361145
2026-08-15 18:40:00,180.0859478593217,135.3488360744673,34.980099677772664,84.35285452415226,59.89031997247807,110.01994162413368,324.73163376437725,349.56282748875327,339.5100423883625,354.2422610087788,0.40120828259180186,0.062119073710589924,0.31133812481267187,66.07961378032523,44.52262755641358,26.918709005578208,1022.8525799880302
2026-08-15 18:50:00,179.94173306054003,134.85950944699067,34.89975912226333,84.33430617785511,59.60768838912428,109.2724880016361,325.1263918110962,349.3496161039345,338.98398038380515,354.91473657444135,0.40397812346253786,0.0587675964545487,0.3156782455498773,66.14947092911065,43.89577681683028,27.009827441445264,1020.9078742772585
2026-08-15 19:00:00,180.01507220054938,135.51934842265212,34.94357080813533,84.32711399753049,60.33116809075994,110.53332993723417,324.24912267509245,349.07683170637586,339.1931955433063,354.55707445451867,0.4008454498483785,0.058924046747673396,0.30968255205660244,66.90489166954299,44.75184783659358,26.86456367071212,1019.0180019283138
2026-08-15 19:10:00,180.07962431331896,135.27083277146622,35.075737493244425,84.32576124894523,59.638135851313734,111.24453741145241,324.2668497437033,349.01198182261226,339.4329156674255,354.62349862314437,0.39961437495567836,0.06017767234746504,0.3158774644657735,66.97795263248088,45.21388772851113,27.267346316971555,1017.8717858516573
2026-08-15 19:20:00,179.67718979095235,134.4653179359056,35.15158190906492,84.24102734965489,59.93765440259042,109.74073324464233,324.5602264000703,349.8636954665085,339.42012034863035,354.474258509263,0.40266301462283227,0.05977147405223957,0.31533868172070123,66.18275917662955,44.28683357103853,27.068159431187564,1022.6938186090832
2026-08-15 19:30:00,179.84859353332328,135.11547441799198,34.93725651043988,84.44001360508582,60.15006219276752,110.03728957625097,324.50991044244324,349.3686383813324,339.88541606349855,354.54049616981456,0.39708931142954207,0.0576074027277185,0.31181005606804796,66.10288890717011,44.24359446104138,27.25967006641587,1020.3012717697403
2026-08-15 19:40:00,179.84251355682542,135.2235553238425,35.05183037116814,84.32838830238875,60.00760543287751,109.8744832130457,324.2819445677147,349.92156219905803,339.32802342300585,354.80205629050243,0.3997911806012844,0.06448229617497835,0.31251379510154476,66.37711308722312,43.76780075023417,27.083980652182778,1020.5650752193529
2026-08-15 19:50:00,179.96159271321457,135.16884700059316,35.056731167741724,84.16570366701255,60.08104156923858,110.17540655611012,324.4241487273437,350.01048920756796,339.5114811329959,354.7707346698426,0.40085821734095006,0.064736419031055,0.31068201179179383,66.00376304661373,44.08386111813909,26.870691516486524,1021.8068213867548
2026-08-15 20:00:00,179.94733556770183,135.0949907197428,35.106300936980176,84.25533052165511,59.929964197054666,110.32227450780441,324.9302829301509,349.53944844279476,339.3519170493119,354.7922294798671,0.3990476533511929,0.06121895447576607,0.31313766416894623,65.51283490784856,43.98765194905182,27.1992309844367,1020.764255411542
2026-08-15 20:10:00,179.95093939447557,135.49681290365558,35.02874435622074,84.22582478167173,60.21645805191498,110.64359696827015,324.72424195615054,349.685134666565,339.0653375042981,354.4946301001797,0.40009816344661137,0.0603705853768222,0.31056526091324854,66.71786061774807,44.41124937100066,27.257899975683266,1026.6470519248744
2026-08-15 20:20:00,179.82803775013537,135.41190880140164,35.04883769285107,84.15836173594526,59.72678741417543,109.50628933275111,324.2095862738471,349.3564842614813,339.3457141467674,354.5031351926656,0.4018382105566687,0.05948680622370181,0.3099536035627325,65.75189710285417,44.28217303791053,26.927730795460487,1019.1251569976002
2026-08-15 20:30:00,180.13720158104013,135.45079333839948,35.09468363255874,84.11403192726922,60.17047122894188,110.7858174059118,323.9416313418397,349.42623061419965,339.4777880593208,354.1158179618996,0.40165070082509086,0.05794815108927269,0.31311829008630854,66.49110860970801,43.99861256241667,27.082907035987116,1024.993798605333
2026-08-15 20:40:00,180.05828507853866,134.90046325061232,34.885756967248255,84.18596688549518,59.645923694097476,109.5342430719782,324.12428518824515,349.49055684300373,339.95610247059517,354.40883197221115,0.3998656140318876,0.06084697352729157,0.31148682296460933,65.91471216972468,44.11235303423899,26.731930548864376,1021.3658066755612
2026-08-15 20:50:00,179.6742296687853,135.09102795806572,35.00860733318108,84.08971061259619,60.05402059564157,110.138544349685,324.5122278542379,349.46671467559133,339.81408255209664,354.3005557392503,0.39754827585787583,0.05994754332504086,0.3125142565986485,66.29155066918918,43.71554667623635,26.988588236732433,1018.0355138081876
2026-08-15 21:00:00,180.00550250217626,135.80992764238542,34.82489228618003,84.18680838588467,59.6645114432635,110.57928831978835,324.22479906930266,349.9120838410626,339.29898732997225,354.22131986087817,0.3968899134876258,0.061187648241369894,0.3121460092931838,65.96616527717924,44.280258998005564,27.1590522265713,1022.0106108789029
2026-08-15 21:10:00,179.77762866132147,135.33761879177513,34.8039711185991,84.366138831123,59.9410462491258,110.356599369199,324.2100626999713,349.4448272800649,339.1963831358974,354.47394057631163,0.39812347718306046,0.06193744950870144,0.31120172011755853,66.26301186572069,44.5411934105238,27.500668997265034,1019.9764931003664
2026-08-15 21:20:00,180.34340372395985,135.1881231133754,34.92039959018189,84.25484479364003,60.17426786937385,109.53071252950582,324.68088215762634,349.7391171569389,339.45209810311707,354.49773735843047,0.3989040878654501,0.06431181658728988,0.3131253202127998,65.52767405277017,43.82893238390242,26.996511415833233,1018.6617974538109
2026-08-15 21:30:00,179.91186709717513,135.356092106155,34.84779274593406,84.07955660470303,60.36595420017563,109.64903819158774,324.38160534098586,349.5130585454277,339.2972558229731,354.2633333920505,0.3984303997186919,0.059949067984683045,0.3108588212199438,65.71717325087884,44.44012508040616,26.966057241588477,1021.1271280619411
2026-08-15 21:40:00,179.92427921734657,135.37435675713533,35.055166346849134,84.06625165611457,59.467765020100614,109.7688345486344,324.35427170991386,349.66333702289046,340.1795290180368,353.9690386544297,0.405672588208752,0.060473809827159566,0.3136519573864339,66.20712282472778,44.14641812048341,26.708403716619124,1019.4870304828273
2026-08-15 21:50:00,180.01986033348572,135.05090610000775,35.10445074900219,84.08604630291617,59.77292735755678,109.97441535943705,324.53538697818664,350.0213519755709,339.71238798559006,354.40253072024626,0.3995642851420452,0.05950859012687894,0.3115932520385889,65.97399668018686,44.106650624735806,26.82635078962863,1017.1897242844298
2026-08-15 22:00:00,179.96312445856194,135.63761801922954,34.97286709749748,84.02815259523776,59.71137435069283,110.57347662415937,324.90820963087396,349.0282645230263,339.4536839393039,354.48412277139334,0.3996923490891157,0.06068628914179224,0.3151122901013928,66.17810504669768,44.414029882509844,27.03434475915551,1025.2744648034047
2026-08-15 22:10:00,179.99149768146304,135.19958940865152,34.98975141712257,84.02543886752042,60.35783727614334,109.3540942812491,324.5673506709314,349.8291731285076,339.31523560782017,354.57866488532545,0.4012518933336025,0.057996085929146096,0.3117468907040615,65.65734133857441,43.89064767274999,26.860345692532714,1017.8941042780687
2026-08-15 22:20:00,180.31268041276815,135.43822150929603,34.980107978054406,84.14714975834767,59.74298067022896,110.23335075230636,324.6844051244903,349.3046059994235,339.1627756073965,354.2194790620858,0.3973328458844809,0.06324237420671912,0.31403160460381885,66.11074422956011,44.37639835479191,27.03769733808066,1025.1579810228811
2026-08-15 22:30:00,180.048460148879,135.57219627415577,34.977274215223666,84.07226548196782,60.20726178930185,110.30498621608643,324.5040751526431,349.5488092073893,339.4487013250781,354.0945098897135,0.39878927402681275,0.061068979564142485,0.3144693506649338,66.21284325814653,43.9171739467604,27.232012224118865,1021.6400769964083
2026-08-15 22:40:00,180.17028366164607,135.25443879761704,35.0174216889429,84.23617472517623,59.84637902963924,110.27914436107886,324.94640101085906,349.3915107810344,338.73047351395905,353.9357490145094,0.40116894761503286,0.057430851286788535,0.31249869495542626,66.42900192743494,44.25766761612986,27.297368265592443,1023.2133692575669
2026-08-15 22:50:00,180.22877114400706,135.34132362305542,35.039215062720466,84.15045949469749,59.5721185007572,110.23315316722899,324.11579024997155,349.3544302200351,339.36767760799177,354.4865409328552,0.39852587141710544,0.06003452973584409,0.3101999202522549,66.15713273396562,44.05342501764806,27.24777125972453,1020.4881476175148
2026-08-15 23:00:00,179.8084280707066,135.43654746612168,34.95696288562325,84.13434646920284,60.03125204430142,110.75915906065995,324.14942911339466,349.09646062385735,339.34948997155476,354.3150285433506,0.4019995569190937,0.06239505614745082,0.3141542646227855,66.34700340199124,44.523050796609716,27.062180632082953,1017.5397991273427
2026-08-15 23:10:00,180.34123062707758,135.5221379583282,34.924155058637325,84.31087248341946,59.66149205937024,110.24390417168311,324.3355138101573,348.7117159924359,339.9270064779721,354.67095399030865,0.39868086977994155,0.06133048139743823,0.31010242415382905,66.09677852611013,44.049507133980654,26.991963488671075,1020.2769061994878
2026-08-15 23:20:00,180.14106605909936,135.30845844230618,34.95106017771799,84.2184507604662,60.214172397407346,110.42847962227998,325.0980039404543,350.13149632620247,338.97708423781444,354.0675309503486,0.40043427521399483,0.058806685953779046,0.31348615916123257,65.9678412927174,44.382789951307664,26.97086989903454,1020.6559607167046
2026-08-15 23:30:00,180.19488159118868,135.47273748565124,35.08464665768411,84.14200540315163,60.2428229647459,110.28177325246368,324.9553750254949,349.75901001001233,339.7515983581303,354.8955522509153,0.40290561395942615,0.06128667605250709,0.30966340070619564,66.59650098612143,44.86752574776267,26.843134824871893,1019.6837043203598
2026-08-15 23:40:00,179.83080726797812,135.3905683859158,34.961182779141204,84.34665376708482,60.39183666684186,110.89655641636415,324.1648285307589,349.4343517274161,339.3928020450236,354.4420120302114,0.40219065353875033,0.06068365192596791,0.3118383449659188,66.73684675412505,45.1551954379772,26.99111092804471,1016.0309974028247
2026-08-15 23:50:00,180.166979904075,134.95364038298396,35.150184668436516,84.16479082316968,59.69768367351739,109.05009763021856,324.3591115618374,348.95779360608157,339.7190289857468,354.43708796526136,0.40025805179795193,0.058808528669543454,0.3124096069199057,64.89820078194454,43.70058676509235,26.88055514438358,1019.0026998231283
2026-08-16 00:00:00,180.0862223702112,135.46053876880896,34.97919768594292,84.0748882639753,60.46316310928785,110.64105428855964,324.6636413248861,349.7078811829857,339.28065418633054,354.5467015561858,0.4002628037952169,0.06068849099943138,0.3114792715216257,66.36213033834211,44.47396498958109,27.015105310411506,1019.9123119891591
2026-08-16 00:10:00,179.89613856050823,135.25052558314593,35.14170018313414,84.11492478179794,60.28342889429305,109.86948461287328,324.52171697120633,349.9778235792358,339.6161835919068,354.71582563241697,0.4014580485348757,0.05769915483029761,0.31310502309909727,66.2975879747576,44.35694034849686,27.07885265159569,1017.9279024895626
2026-08-16 00:20:00,180.4601620945889,135.3018658593286,34.883086651625966,84.03595923861313,59.46695718719297,109.8596415697818,324.7691065195393,349.6420135510125,339.743488074421,354.74712499694755,0.3991545379862281,0.05924073835560425,0.31379086035950116,65.45257168036089,43.983188678761515,26.94008804283998,1021.9819714815499
2026-08-16 00:30:00,180.11697556547412,135.12462804040254,34.93355000264962,83.91162300555004,60.652682920220435,109.5152616283868,324.35781306854426,349.00863257716077,340.24316034624536,353.9545932771794,0.39778678041649446,0.05750612071073615,0.3129217430054972,65.60980912069002,44.0095750191715,26.837418847701414,1021.6528910407056
2026-08-16 00:40:00,179.95576506252613,134.9662874997936,35.051815148223625,84.19250558628546,60.49562389900432,109.06565226599659,324.0106691658583,349.3631367961428,339.2706337144893,354.33984602524316,0.40198531512958857,0.06189999736141086,0.3130659277299299,65.97445473412948,43.629359212322484,26.8309125020371,1015.49161521185
2026-08-16 00:50:00,180.0424678407345,134.85970946342536,35.05289873987477,84.1996157403851,59.68990942674706,109.80905257622122,324.694783529658,349.59793982660585,339.4693345822917,354.6459851833326,0.4022749053787489,0.0620686392695689,0.3153622149224213,66.01332956827653,44.33700273293309,26.985772934500734,1017.0774720598109
2026-08-16 01:00:00,180.185743654998,135.44733508403405,34.9877348259987,83.91949564017149,60.094268019340916,109.65635334524111,324.8867395686188,349.5001302543078,339.4785064226122,354.6887080101185,0.4005532149855105,0.059123642037332134,0.3141582343449582,66.03523081895443,43.767024657664734,27.373689749583967,1020.9599137861934
2026-08-16 01:10:00,180.2297736605907,135.310516729476,35.20929599146905,84.12155136179716,59.599764516094815,110.24708698973035,324.05319114575997,349.8528024583916,339.33985075441666,354.583380437088,0.3995256081531485,0.06036018911652618,0.3134270363869639,65.87504524848806,44.922952083344086,26.956021796054834,1022.3700839269028
2026-08-16 01:20:00,180.1200818444633,135.05172490482445,35.01077968320898,83.8456746089303,59.95705810981586,109.26386876353129,323.95299926334036,349.2385449578732,339.485834563607,354.25302665134103,0.39771362588804615,0.06293318560048541,0.31159018321109194,66.02958340907765,43.59487482926292,26.909181114044358,1020.1978803723428
2026-08-16 01:30:00,180.24722467143272,135.44050866343355,35.03267823057117,84.19677851380534,60.05170515724768,110.71580658977206,324.38226629846633,349.33740262626424,339.52330408418703,354.64735835684763,0.3987373804166219,0.05689343560430427,0.31040130711520436,66.60520930379803,44.47621352057643,26.946534276261048,1021.0459723981578
2026-08-16 01:40:00,180.29783302098005,135.6127827946782,34.94610419115714,84.04462669218726,60.17990072577328,110.13596692160718,323.96010642784944,348.79125288026046,339.418675302205,354.46841398731556,0.39929015122578737,0.05988452997973829,0.31142157492355316,66.49801726394172,44.69375255610328,26.977831712188426,1025.326591100208
2026-08-16 01:50:00,179.75687633692692,135.14793049480497,35.17045051625938,83.99853981221786,59.75271964905195,109.87604865423461,324.65115005318575,349.8673987373,339.0206369220578,354.52600883022325,0.4005212514573794,0.06110041337211332,0.3144802684391896,65.65672169176864,44.27361198498932,27.20525003946169,1020.0386219623115
2026-08-16 02:00:00,179.9067181008098,135.35526372458432,35.089828375963414,84.12473623774045,59.988646538841216,109.64528832540705,324.17706572143015,349.72277890951545,339.5982699344335,354.89423860646974,0.4016843640330204,0.061160275820670566,0.3128891532620225,65.64082070277479,43.34429223942197,27.02888886058332,1017.9311023258973
2026-08-16 02:10:00,179.81596755662085,135.48192712269295,35.045079615041224,83.99725121593042,59.720840846759515,109.60639647227377,324.748921188308,349.4057075932206,339.10273763176804,354.4982049722873,0.4001039856833193,0.05907066181166816,0.31408368594062275,65.50503852907103,44.262731385497204,27.215390815487844,1016.0051984538873
2026-08-16 02:20:00,180.02334898610218,135.52126974547218,34.83858194122634,83.95410668971758,60.10992845257907,109.43495641768969,324.42583334668115,349.00247993668944,339.50070615424596,354.66858391510965,0.4007882040569538,0.0560648811776157,0.30992565046445747,65.78308819638222,43.98279506358658,26.64108197902393,1021.1712874637645
2026-08-16 02:30:00,180.29256790731114,135.53655744229536,35.040049180170826,84.08002316457852,60.193236495987684,109.72781963754642,324.5706844606011,349.79694154499856,339.8206512270037,354.97160552927085,0.397402236017699,0.05858253503258779,0.30893592771597156,65.57059653442715,44.24739892787082,26.82542724268937,1018.1350639626438
2026-08-16 02:40:00,180.1345699436089,135.5230308277876,34.95647394398181,83.97675112858342,60.01797758868072,110.00302520744725,324.7314245575087,349.1188486376271,339.1599203531731,354.836705544582,0.40023456016894404,0.06203324332420566,0.312911084871672,66.03823522349522,43.66538324939536,27.032050335016674,1021.3283322436173
2026-08-16 02:50:00,179.79482055449424,135.13344604486628,35.0430014304214,84.07696971658872,60.336819420621225,109.91131827527819,324.4741324739773,349.16206957143146,339.4941086596609,354.16286288257777,0.4023303837619066,0.058777164484539,0.3075890100806838,66.40158270314843,44.86964869269165,26.8319573768543,1022.4509004468292
2026-08-16 03:00:00,179.94524584383396,135.42228218162057,35.09538659018995,83.94600594212471,60.220277263394166,109.29275606309761,324.2330822618964,348.96887429560763,339.59175997980674,354.22015117424127,0.3986315694281237,0.060381202877292005,0.3120124185200464,65.83366537445522,43.41541020086819,26.765378199806452,1017.4979162540467
2026-08-16 03:10:00,180.209694865729,135.6060131025018,34.928042268439384,84.05788435123333,60.10657912591722,109.86708587947815,324.8137763349702,349.12075535442034,339.52315175555975,353.9428644808116,0.3961935105945907,0.05962620971651726,0.3093751430558766,65.75046046356668,44.536688515429454,26.776822530502937,1022.5174549302815
2026-08-16 03:20:00,179.897700782008,135.43306451168226,35.02527024664017,84.01181658120946,60.34054246856251,109.55340854233145,324.1005058344741,349.26484915848204,339.4031948362593,354.8616089885653,0.4013529929773723,0.06179368204967493,0.31279318748257434,65.89524717898279,43.64999596783336,27.022769521522093,1022.555212883243
2026-08-16 03:30:00,179.9846589091525,135.61302002873646,35.09181167385857,84.05718891508815,59.62834932380127,110.07994109253104,324.96569672930724,349.2231660900417,339.5456734641369,354.4943410239978,0.402981368078268,0.058661704339122274,0.31348756611692963,65.77984219845852,43.85636614324857,26.964631016516805,1020.0723960691594
2026-08-16 03:40:00,180.06488979876917,135.76416735550507,35.01977197182738,83.93658471913754,59.98562127475993,110.93232593760206,324.36308849454883,349.8782495012647,339.73988513142535,354.38595637879894,0.40144860166101143,0.06064544617836038,0.3100538733285204,66.80749341894465,44.82895099888205,27.182313113976523,1018.7452919895952
2026-08-16 03:50:00,179.63970004785105,135.44025228005447,34.97030253176113,84.16548381852898,59.47121294105517,110.31251134705664,324.3896092182043,349.7651175121638,339.25237354331745,354.52479425924173,0.39900479249439885,0.06045253795684339,0.3148223639588895,65.85906839924976,44.11514307928925,26.874949276504818,1016.1561986618381
2026-08-16 04:00:00,180.1599181057707,135.60345302266632,34.89685083515875,83.93274645594184,59.99098189372957,109.84344003058892,324.6684376372258,349.57650836677374,339.4988904484785,354.201145562925,0.4011889476976429,0.057885587166294085,0.313269964049189,66.13234391099837,44.764294614973785,26.91495202369378,1016.4790863118594
2026-08-16 04:10:00,180.0724629979277,135.42015935803303,34.93610992742261,84.06627581731948,59.85701948822762,109.18755841326275,324.67723757674156,349.3850375862164,339.7566539012821,354.7238303264752,0.395800221753715,0.06062450188421717,0.31227450766337145,65.818652828072,44.315232082983215,27.101787374419224,1015.2980905219171
2026-08-16 04:20:00,180.1177051504548,135.00044405717782,34.87569056164176,83.84209574819572,60.241343727519684,109.29263784566061,324.70601195968084,349.5437857985004,339.37884189558116,354.28942222215227,0.4001292945773655,0.061927414616286175,0.31061937688734986,65.20647818861814,44.0537849609828,26.979291098649885,1017.1482422390035
2026-08-16 04:30:00,179.80826810665198,135.3485322491485,35.10263853347122,83.85789701311266,59.86532052300802,109.15663833726215,324.11606583271566,349.16291540882827,339.20618149586556,354.8290311949009,0.3984883811615336,0.06074021655196295,0.31076218395852717,65.78988318752305,43.70453007826317,26.84109700557508,1020.0511886217988
2026-08-16 04:40:00,179.85040135340995,135.63670254270164,35.013811025563584,83.93458811172866,59.80661715772034,110.36298423170042,324.29414626254294,349.68013403676457,339.7774317134387,354.639262700282,0.40224337096944834,0.05861128299793834,0.31197999629632156,66.62783301372708,44.21043646860811,26.950656418327654,1021.5365574525704
2026-08-16 04:50:00,179.88463335523147,135.51380460503844,34.881165581275944,84.01443260899418,59.96827396963346,109.617465324978,324.6631261770889,349.28245723002874,339.75916371796404,354.54407104091564,0.3979951210246356,0.05873769919879391,0.31437923490162495,66.24625851931256,44.17500338547848,26.888988042234057,1018.0965110039357
2026-08-16 05:00:00,180.05411299010774,135.53966445507785,35.00278094362123,83.8849213751671,59.957182870349556,110.03130012956213,324.67406382116945,349.4117394407381,339.83743973779775,354.7317479921284,0.4040814281940244,0.0573239499689709,0.31239310085454275,66.46012896104718,44.31706645231415,27.025132052470806,1022.9398207470939
2026-08-16 05:10:00,180.01806949096192,135.59424392957672,34.873629165595,83.93674221684715,60.14899852124076,109.6889929087288,324.5369317531215,349.66799275451655,339.55879372800575,354.49322294654803,0.4048140671831166,0.05770960395876402,0.30923647606417015,66.03690413581676,43.93244379377014,27.238280681232006,1018.9322647911215
2026-08-16 05:20:00,180.02956330057646,135.70523441132698,34.6731575835038,83.7649064005721,59.73735498778581,110.04559827093675,324.9549355771039,349.3057983212178,339.37716076276894,354.56045967744024,0.40388971910447674,0.05582661075803321,0.3091631314471254,66.25767158159218,44.229520499446366,27.048152496758437,1025.9018853437435
2026-08-16 05:30:00,180.36234338628552,135.90693054146712,35.124638080250215,83.90703098526137,59.551775556576814,110.70083856544473,324.5159549185571,349.15330791427516,340.0061775998915,354.9327946784152,0.4019719209576695,0.06064406266549347,0.3130843061128061,66.26336731135534,44.54187759638016,27.11314647719285,1020.6440716881169
2026-08-16 05:40:00,180.2650963485841,135.10319703830328,35.120923495020556,83.8986724269208,59.52453131823395,109.6575270339413,324.8532030081501,349.87897738791685,339.9286066070646,355.07654113336895,0.3985146592444512,0.05999813793974001,0.3120397022527916,66.38025948746332,44.368784064593136,26.91198232432605,1020.6270193094879
2026-08-16 05:50:00,179.8601956950226,135.60704230962463,34.85513790025422,83.872589043985,60.3376912350283,109.82952233038593,324.89860766805515,349.0559639396699,339.80269904973636,354.7419422818747,0.39940242962478273,0.059885639874746106,0.3143176471915539,65.96062843140047,43.91294854883572,26.81127287098612,1016.7275091373863
2026-08-16 06:00:00,179.8732995292946,135.3780109515487,34.931141232168684,83.68171905654542,59.62228361707067,109.59682804433487,324.6795650955571,349.19152595479767,339.4298561868092,354.9978387057213,0.4019487255733013,0.06494841034652772,0.3136471675008264,66.08433191861239,44.01748801196559,26.96298846360787,1020.9615700283562
2026-08-16 06:10:00,180.3471454828875,135.43763202964323,35.023908726820544,83.95998699895128,59.85889701010198,110.43728745175967,324.51963778837376,349.22636231865886,339.6096030847759,354.1090528666255,0.4007615666553916,0.06006757786420626,0.3143529934980289,66.48441198514344,44.63785274187724,26.938556113614833,1022.5192077793653
2026-08-16 06:20:00,179.9406057040863,135.48196437295582,34.964710245935734,83.74961692548274,59.668726577736564,109.48714140504288,324.8014360885715,349.3621070095342,339.3232662516227,354.624976012842,0.3987198995226457,0.06148367746966299,0.31498935364613145,65.73478197618242,44.15907349466842,26.793802966459598,1020.2316394861982
2026-08-16 06:30:00,180.27976775755138,135.05556008017425,34.91731012395934,84.01886944309608,60.25776981642618,109.43350837774551,324.7161145262777,349.53969664852104,339.277241136743,354.5808135013258,0.3995265994362501,0.05736182249123379,0.31439897544342726,65.37088316159036,43.14209941660221,26.829104168753492,1020.5468226524133
2026-08-16 06:40:00,180.3237243871442,135.46754327379358,34.95161707858691,83.79999416604265,59.829127509757285,109.30616851721419,324.7697831929622,348.6161749570434,339.6085506298924,354.44761506753883,0.3983459067264545,0.05924562279917647,0.3133123121229974,65.8101383205794,44.12539234765514,27.196511520094536,1023.121068414572
2026-08-16 06:50:00,179.89553019662475,135.6284332963741,34.97901055032481,84.02868238206351,60.36068482660958,109.29576324290488,324.3267404747355,349.43506268869805,339.6768193839092,354.750431668904,0.4007742240865457,0.05867898913635694,0.308713049707106,65.65955663006679,43.75361660226994,27.129324474929014,1022.6134017191042
2026-08-16 07:00:00,179.9501026909822,135.52023624906855,34.947657291780736,83.93299011802375,59.78759673931531,110.23544716933569,324.728230441694,350.01037006693593,339.7481524703323,355.1681112172713,0.39984877586347756,0.06026628653837724,0.31406390678342844,65.90017136753634,44.61617066749329,27.023826178211657,1019.5726026919818
2026-08-16 07:10:00,180.02056623465128,136.16463373191561,35.02425537183988,83.97703732220363,60.08465434742869,111.28456251007756,325.0681512205066,349.94842326910737,339.61836161557443,354.7506489046887,0.40256238089241975,0.05778117871465759,0.31442780763719647,67.26577889070406,44.588520244634125,27.390657280215333,1019.7353644894671
2026-08-16 07:20:00,179.83124772510672,135.46892956016887,34.97987395426833,83.76209587438566,60.22143358633383,109.50231184179653,324.50794751798793,349.85733780890536,340.1816972461415,354.9344170704595,0.40143321716539854,0.058569373399627776,0.3137737705037956,65.85009979435976,43.670860147252576,26.93780357028933,1017.999300547477
2026-08-16 07:30:00,179.80842732041697,135.84803269969868,34.926753851946835,83.85638439511891,60.283634436882735,110.47577291165315,324.63642633002814,349.56896670526334,339.3100511022127,355.0148133433483,0.3992688914030272,0.05855850621856916,0.3102689342799151,66.19474545406798,45.299855422309165,27.19940786421162,1020.3029659701475
2026-08-16 07:40:00,179.92376144707478,135.33570801250062,35.005501322449554,83.88193893321811,59.642825303434655,110.12555352083619,324.52562106164316,349.6615006050894,339.97459750330916,355.0013089951071,0.40276146738720364,0.06043926972197636,0.31362070457698765,65.9620882697635,43.94303701367965,27.024068607564484,1023.8758030715773
2026-08-16 07:50:00,180.1745395175786,135.49829759518718,34.83641062674534,83.59980523532121,59.887888060949244,109.44898871687401,324.8632448515476,349.43066084848147,339.48052312564585,354.62976975237086,0.395380526829819,0.0574012070810552,0.31479536063892166,66.09840659887837,43.5372973747399,27.014659396072656,1015.8540538716784
2026-08-16 08:00:00,179.91442139710887,135.5515141342353,35.147976638714816,83.90470377252628,59.97312581066636,109.8616502249865,323.9840987425488,349.0961386246266,339.8700792812808,354.4288399708297,0.397106269547475,0.06027058051129355,0.3136010395469905,65.84060238493007,44.157371856235656,27.240654833087746,1016.9671365129059
2026-08-16 08:10:00,179.962735516457,135.68483863956388,34.82860952676578,83.691982927272,59.45429443620549,109.8835416621646,325.08189339990605,349.7100477659855,339.3363471536133,354.95451032992986,0.3987875307640763,0.06092225344278486,0.31199470134209156,65.86157945629706,44.40364547362094,26.98024315240899,1020.9724504920432
2026-08-16 08:20:00,179.91095188174762,135.46631003690916,34.99466729992505,83.758495121431,60.20833022394372,109.65464905418817,324.7590910272226,349.92899778292735,340.23992219209583,354.8762333694184,0.4010542852184693,0.060165468111053506,0.30858273076964454,65.26654680741929,44.21148958124211,27.136839061538172,1017.4388665605045
2026-08-16 08:30:00,179.73103251687428,136.13498491624844,35.03706673863773,83.60164307050138,60.112994928649854,110.96530343685627,324.54024574373574,349.6963542257372,340.0219820751154,354.4829539659846,0.40378448559531605,0.062290896243027666,0.31100006563368804,66.54981802716888,44.63546013986619,27.206339521658688,1021.1484235921644
2026-08-16 08:40:00,180.30087516190443,135.31961879215424,35.044526215940756,83.77425290164064,60.14850773801134,109.04693971517142,324.6921904136186,349.59985154530244,339.1463443905879,355.10343829576374,0.4015861372245142,0.06010897498560429,0.31635858794818633,65.28999432137851,43.481283149765446,26.951798699635194,1016.0025834282377
2026-08-16 08:50:00,179.53555297183294,135.79983304625563,35.02910279182834,83.87351650155036,59.583883145347976,110.19051822409354,324.949687573803,349.87197330700724,339.98929332536085,354.3766092047807,0.40057677262111385,0.06034442952261061,0.3128601941781413,66.42874782644849,44.90730116422572,26.889179859563995,1024.8852523963405
2026-08-16 09:00:00,179.87318535388442,135.93363260633646,35.12960715677501,83.82141097845705,60.05206541035128,110.16576224031685,324.7256249179349,349.708465875004,339.66739329563745,354.2609671908259,0.39996763679898134,0.06041333307900665,0.3147159184690344,66.53449774227145,43.73855402043972,27.136756816056028,1020.9672372269181
2026-08-16 09:10:00,180.11574510826694,135.54730784025224,34.89019643447082,83.78879665991043,60.12704844128402,109.71019190089247,324.8176021461532,349.9534340731713,339.8787887547705,354.6099403447283,0.396429246114496,0.0617521605252766,0.312346885143266,66.18625868438374,44.16219200731167,26.83065463653939,1017.0071287218205
2026-08-16 09:20:00,179.7248314496211,135.83891780921428,34.99598772601426,83.74048572757859,60.30318201524385,110.07475143268769,324.97875706761874,349.4886842027876,339.61921641234653,354.238407831575,0.3987913187404542,0.0608772150310319,0.3104263669040617,65.63805867738853,43.754919453102275,26.917646525379762,1022.0817969378757
2026-08-16 09:30:00,180.12494905134804,135.8165726394228,35.017592402705304,83.80930922548647,59.84281706626803,110.43880248434795,324.6721738156268,349.0761978647335,339.5829233977304,354.5860047575151,0.40214874848098725,0.060045593696219944,0.31537067541376407,66.39871575514977,44.4438347713962,27.11577344275454,1022.3661739559722
2026-08-16 09:40:00,180.25446548192943,135.75672963419382,34.953193857142075,83.88113323435968,60.19876132692033,110.07636756771984,324.84544160610574,349.76844642309834,339.2249924861939,354.61623537173966,0.400638731291325,0.061354359049815614,0.31375519369783333,66.51386663652083,44.22335864813414,27.37193675961004,1023.2405998757971
2026-08-16 09:50:00,179.83204997014946,135.59957086898163,34.943407526719184,83.72655959523624,60.58055280227303,110.20866266127034,325.06687839129296,349.8910772655561,339.4911924475606,354.4640660031256,0.3988016754698953,0.05840808435761409,0.3151615758802942,66.09855045048367,44.421754250297084,27.10742120640851,1019.9068742240339
2026-08-16 10:00:00,180.04570219002872,135.90994452847755,35.13176338885339,83.8192942460133,59.86883880095556,110.34645596663607,324.7962816354658,349.3897524642188,339.62228841433387,354.6588186378071,0.39992320588912184,0.061592276286504835,0.312934953266192,66.19764769951648,44.012326561771154,27.26282319767223,1021.2164604709326
2026-08-16 10:10:00,179.78186922302686,135.5355945706827,34.931481297757685,83.7436180198299,59.875856905297795,108.98397200479172,324.4448893896261,349.69838100898653,339.14770056619415,354.2657771654435,0.39866751549196494,0.057593185080329616,0.3104159741293877,65.4175004828109,43.5194407883673,26.901208380080707,1015.1748184554182
2026-08-16 10:20:00,180.10534346148978,135.88446229967022,34.95489091014638,83.76245245539297,59.901908403757396,110.73918906273582,324.8634257669736,349.8476584190994,339.3487457299342,353.96886472414917,0.3961346138835327,0.06260822266456759,0.31567467365738716,66.06164876220285,43.828318241947755,27.11871819750154,1023.0619741823017
2026-08-16 10:30:00,180.0216016618656,136.19819345591353,34.9751612938598,83.82842154726873,59.55539117751086,111.13915198505386,325.2439362752401,348.80548046299026,339.6386219647059,354.8868745722026,0.399532001266343,0.05876405147784807,0.31212165470273195,66.61173026080773,44.38805401774647,27.059091597554165,1018.5412219674249
2026-08-16 10:40:00,180.04702202007957,135.91185567845062,34.98149033668553,83.77797097396342,59.890405430288546,110.49039752685816,324.54183521443787,350.3753511355124,339.76768541970665,354.9212527400514,0.39869483544957124,0.059502938197770264,0.3134249445770042,66.28608334519558,44.0421159269068,26.958948944071953,1021.7378112237152
2026-08-16 10:50:00,180.27713883343662,135.61953382805422,35.01896705906669,83.70430965114745,60.480478779692874,110.50683231636468,324.774784068525,349.8709461830181,339.50936385218483,354.90256955744786,0.39748674718198357,0.05947966121191506,0.3134018666474807,66.41169016212079,44.270119947310086,26.84162908164278,1024.4850535645492
2026-08-16 11:00:00,180.09813211089988,135.49805790910753,34.98203485699919,83.90007748932065,59.722698137042926,109.29587651134166,324.76947010894526,349.57704397676514,340.0479575212639,354.52927840279386,0.39957759252990216,0.060985595841493406,0.3145114509858246,65.64774045988663,43.582395786189124,26.93450968244508,1021.3989329480038
2026-08-16 11:10:00,180.2730838189731,135.91647846349525,35.040074475634235,83.66089413191452,59.94097419443598,109.94078581574325,324.9077293047183,349.28831709978874,339.4964093737174,354.78772862726555,0.39933574575200304,0.05616835613126992,0.31371991852293046,66.01585732143408,44.24970735224626,26.991197837114836,1015.2724622855974
2026-08-16 11:20:00,180.13071637937392,135.4461636145396,35.016253039172895,83.83884347604298,60.353500731129536,109.59397809367965,324.5233067196917,349.1628510097619,339.8270241044971,354.5557848999459,0.40028864841538075,0.05905082888592633,0.31551500652790493,65.68446996158497,44.0333942967391,26.9509758610455,1019.517175369984
2026-08-16 11:30:00,179.7639557910583,135.2344025268668,35.050699003819254,83.77855048359389,60.166374122025516,109.70640286982996,324.64204237746196,350.6560929495753,340.02987949348477,355.00912120266014,0.4000073588802116,0.06125111477882852,0.3125236783406475,66.43813726814956,44.31375899035517,27.026763959948948,1019.7862278503777
2026-08-16 11:40:00,180.0561614322631,135.89760364827998,35.13966003720287,83.52461355662932,60.06643635066656,110.48351845448327,325.2336631417188,349.5465350269977,339.42549443023086,354.3094582036008,0.40032291037984924,0.06066949898840852,0.31489613798285293,66.71170382028737,44.67091346223124,27.409887249501566,1021.0577432533132
2026-08-16 11:50:00,180.10177677975037,135.43289089808707,34.9181940490098,83.68053940265533,59.89948362615526,109.59804970637981,324.8590664477408,349.8596842543026,339.9893759820992,354.74698723081644,0.3994973272279182,0.05763749995988514,0.31593301862582807,66.02909525028788,43.88911526359793,26.88200050429963,1020.9978847555625
2026-08-16 12:00:00,179.7147537958844,136.05534144723916,35.167618255029716,83.77256332404772,59.964675979398876,109.93494935365239,324.4699758769011,349.44937135567415,339.6179405058406,354.5258460123115,0.3984731876235529,0.06243575852171195,0.3122280729181902,66.07857881307957,44.45109950136089,27.043728867228097,1024.6442938433768
2026-08-16 12:10:00,180.27057729853115,135.37169461867308,34.957704002415525,83.68611204095328,60.002254210174804,109.04570963930915,324.8921051863495,349.5532399641939,339.4144577379096,354.87559146029935,0.39974818057764544,0.0636991968036296,0.3105597373760226,65.90816918193039,44.00254107586896,26.902509044522613,1019.8762900514304
2026-08-16 12:20:00,180.01747848262497,135.6859789037029,35.06909467540619,83.57285579347577,60.2029785059091,109.92078399904722,324.6776112916888,349.8531463506615,340.12815087266296,354.6891089948803,0.39993588923674,0.058239267189836706,0.3125574740319067,65.76556104461083,43.68142802620083,27.11132644547366,1023.9415772758188
2026-08-16 12:30:00,180.07748689333874,135.61087726847435,35.01859939055252,83.68761872905834,60.02223006339218,110.04500837994281,325.1196946058177,349.36991203939976,340.1398766850316,354.14270947432686,0.40187851298153404,0.059114982561663136,0.3153288831718281,66.31132018882349,44.63736715132704,26.988247077756874,1016.8918618690055
2026-08-16 12:40:00,179.82456733521235,135.6532516695008,34.97292568642145,83.514275547237,60.278031809324816,109.64760489593064,324.18253969474955,349.63412267852254,339.57814823563353,354.5769400641064,0.4000463219616531,0.05753200643795533,0.31338904089808217,66.06116861571833,43.759207961109475,27.143129966126548,1022.8816380744055
2026-08-16 12:50:00,180.0183825554137,135.49569699156507,34.806505551070124,83.52329212381188,59.44582612649576,109.64005660028113,324.69509650669335,349.59838853196766,339.9805455907719,354.38399630983395,0.39857168974702584,0.05870420688115165,0.3147893523562297,65.79874564277918,44.01928629981502,26.850048096848976,1023.0523598101885
2026-08-16 13:00:00,180.06383548109162,135.87815819258503,35.1635128296668,83.68098703338836,60.24245078477274,110.94321144299178,324.9600499404724,349.80795848992176,339.9589879255245,354.81162859028944,0.4015795031044869,0.059539057939140376,0.31277008641590903,66.1053506242078,44.99493428516963,27.210908980549895,1019.0195810113245
2026-08-16 13:10:00,179.93861184294713,135.52100429163994,34.92688835868486,83.61382845367002,59.84242414828422,109.39512785704753,324.2914611234567,349.92513702609165,339.6688766114657,354.9324871299164,0.3998883199762415,0.06415966497253826,0.30899411047212977,65.23785413981948,43.800353756200394,26.622448825527012,1017.1767286487809
2026-08-16 13:20:00,180.01998851978428,135.40659976407508,34.923795348720674,83.75040148159168,60.00293197723685,109.4746914785498,324.4493505276878,349.61177759321737,340.3135193721166,354.32517774966766,0.4015968956262933,0.05732548533486831,0.310981778976393,66.11063170431076,44.28786993195769,26.93494781328847,1013.7862745702506
2026-08-16 13:30:00,179.5799371690755,135.8726003927873,35.1085422282846,83.63189772471252,59.87381245863283,109.5954947623492,324.8155814129768,350.0937288550383,339.6465397196571,354.8085492730864,0.40426221098663917,0.06366094885552971,0.30994368259067634,65.47838041929403,43.83885080749206,26.907010914205678,1018.9475954871901
2026-08-16 13:40:00,180.27624145427413,135.73169257839837,35.00996484825809,83.76054351196889,60.189957548869764,110.59940951130744,324.68706485592423,349.5253266186304,339.4917443711186,354.3848617036417,0.4015641930500312,0.05989930427683936,0.30892784904763826,66.61721326641485,44.26267402126955,27.075178338759816,1021.9879289066389
2026-08-16 13:50:00,179.78099356144708,136.10444478769787,35.1922440319943,83.56546412410854,59.9645226040137,111.05077122191086,324.5879278662296,349.5545893174927,339.69357165654077,354.53784968683937,0.39740417175379933,0.05921844854768788,0.3121832424980163,66.62664264517122,44.96877051361396,27.11388730309959,1027.7075546552353
2026-08-16 14:00:00,179.56737182434054,135.68927968713584,35.17030258112222,83.50562689277128,60.18504222533897,110.16608792587301,324.77160275158514,349.7004273063529,339.65605028586407,354.7358115729466,0.3980967681349392,0.05899396368093599,0.3149216744171525,66.02392715983939,44.17047030851189,27.12362317375227,1018.3718785476989
2026-08-16 14:10:00,179.81172983924694,135.3791280877396,35.073112764661786,83.52974708157468,59.76111452255523,109.64134099202974,324.26853514819584,349.5984606782021,339.5637665802024,355.050367402869,0.40097834682406414,0.0611726973802882,0.3138876435662077,65.92815739241831,44.37712957165198,27.062895298377907,1017.7118829820803
2026-08-16 14:20:00,179.83681728384394,136.03233571289846,35.02753160482087,83.75025390337514,60.05600248271932,109.78613381942992,324.43454125283705,349.9157818189339,339.610553854133,354.83148836547076,0.3966363470756715,0.05920432276853623,0.31357415632465724,66.30622886503573,44.56872884912795,27.35612460439897,1018.8418506874365
2026-08-16 14:30:00,180.1125187226747,135.5522153163525,35.0784390016615,83.49437505160067,60.36378494668444,110.53240615874189,325.2018756474828,348.8125737424485,339.30671482790655,354.88715882680583,0.39899965029736023,0.0595352018512898,0.31372805278612276,66.59520943000506,44.614553475092464,27.030670212519304,1024.2984169949934
2026-08-16 14:40:00,179.8210029171997,135.9190252245573,34.871015971579254,83.39929859785235,60.330327000787044,109.54446606054358,324.4964547291713,349.1438207272432,339.87373867001276,354.55382436018135,0.4003740976304589,0.0596007669008592,0.3120785493720323,66.15323271524967,44.1925936505642,27.016345420626358,1018.8027989114411
2026-08-16 14:50:00,180.06059811598917,135.7643149943289,35.01946146958598,83.61759454650353,59.89430392075207,110.72647331361114,324.82072656390716,349.0227342111676,339.30472247841544,354.6565198695435,0.39894293285453153,0.06003997040925589,0.3159930039113928,66.18093117947244,44.29774892459037,27.248714422129904,1021.4871362474465
2026-08-16 15:00:00,179.81182549178357,136.0585603602442,35.017047460175895,83.73313093467138,60.042337779304866,110.70828909210803,324.67710815803974,350.1155214719279,340.02120136883565,354.88493040373936,0.39821487882500994,0.06048871890823441,0.31432998146508234,66.30060937586624,44.283781517578646,27.360324830099426,1018.4702150185557
2026-08-16 15:10:00,180.445117749996,136.2619684776483,34.95533543794874,83.4095474797656,59.89057541441279,110.03510400757015,324.9507469180291,349.9400136487338,339.90582154822704,354.75208022319373,0.39982921352595907,0.05937560617791233,0.3139987454116448,66.4211343878782,44.25788239841466,26.940489293715782,1021.8037106682086
2026-08-16 15:20:00,180.11275605414488,135.50325735153316,35.02763545479116,83.55615786383889,59.964704394307155,110.32306498465465,324.79497507142315,349.47948739269907,339.59262373833866,354.7534149902104,0.39916522555800976,0.05837242678433392,0.3084162201704517,66.24171417237538,44.481137795627056,26.982407110906536,1019.5949961081277
2026-08-16 15:30:00,180.39491749205507,135.67459738430836,34.85672685309109,83.44657330509426,60.005295180858226,110.37487297391573,324.81940501402954,349.8119200038439,339.5961301477072,354.82624814338647,0.3988837544358659,0.061226704762266396,0.3147689603329094,66.18179987051339,43.9142208377617,27.088250530921464,1018.6623879240252
2026-08-16 15:40:00,179.80074316026923,136.34293365235146,35.09220691587612,83.73914888952272,60.3591664761476,110.77710505807978,325.0477708621032,349.1571455353444,339.520190597313,355.20051150179637,0.4009626957953049,0.06021877785341991,0.31505134637176496,66.07743047829574,44.36667949335645,27.07948599133214,1020.9280481750205
2026-08-16 15:50:00,180.13636874651252,135.68088653822102,35.13057146167808,83.57375139553578,60.173015435245205,109.47427412566505,324.7995254384551,349.6039495826602,339.7141204090635,355.1180130072341,0.39860838101036544,0.060022191635355195,0.3126164489927248,65.59902503846874,43.99326331944882,26.91494460489635,1018.1548516056762
2026-08-16 16:00:00,179.8123590691348,135.92595874355365,34.87323981749831,83.60117886340228,60.43258895492658,110.59060232525802,324.1996893630424,350.1511253282807,340.22408768531596,355.13608038938384,0.3994537455025548,0.05606279443032834,0.30937250122683113,66.2468464681129,44.70349449293317,27.023633235370454,1021.5002417645715
2026-08-16 16:10:00,180.11926412417574,135.76743180464808,35.016728514419135,83.51270556296929,60.45556964725039,109.81238599918068,324.5111863240531,349.8997575441079,339.81271313285384,354.83303548689537,0.40241855382752456,0.059794955892107836,0.31461797897634536,66.08776694858958,44.079661501174414,26.98983745730638,1022.2066893438366
2026-08-16 16:20:00,180.13913873756644,135.52257327110007,35.15620226600572,83.47551600260577,59.62546858522374,109.61611950821224,325.1336809057119,350.35589424749026,339.59594690405413,354.4924590957113,0.4016694141809076,0.05841527150967185,0.3118424775423757,65.78236874606169,43.72967268303062,27.10368317165584,1022.9556865650908
2026-08-16 16:30:00,179.68459858562184,135.890085289261,35.043944215461295,83.53472967668709,60.09198094340886,110.05133621593077,325.02731083744953,349.55612338223847,340.2311842637897,354.3762570140661,0.3999856008381595,0.057862118062901015,0.3121417997052825,65.56017318210637,44.24426584689406,27.03759501774855,1027.2607543823715
2026-08-16 16:40:00,179.77613681131223,136.11042580087408,34.899558688187504,83.44204665545851,59.868622524244664,109.89282785670665,324.6450784116916,350.0602662750999,339.6082577317205,354.76854995661245,0.3995440039010008,0.05897958798389123,0.3120164031442581,65.40529834565541,43.89479004742402,27.05997717557806,1020.5661809726156
2026-08-16 16:50:00,179.77013007675785,135.6152117937617,34.903871794618766,83.38758840867334,59.522197809711365,109.5062535108106,324.24352580411494,349.743654574789,339.62383870076667,354.43451745406816,0.40045863999755676,0.05807346375533872,0.31222287667552917,66.06335894414607,43.79570853962425,27.034854882152633,1020.9876381174498
2026-08-16 17:00:00,179.70261282107194,135.61788070938576,35.08710711588955,83.33911553782158,59.681065240310765,109.20133478593247,324.50600146067137,349.8104946162569,340.3514139804688,354.15540484542146,0.40039500721229426,0.05602898358044261,0.31063469208840944,65.15439462194009,43.98997526036877,26.977888259234657,1022.4644394969881
2026-08-16 17:10:00,179.85708420281495,135.94478102253152,35.18467870213691,83.46418851726432,59.85186920655355,109.52895255104906,325.33861056505197,349.7940480296761,339.925637031807,354.64221884071844,0.3973570326659337,0.057486409920627646,0.31346232864512324,65.31266082918319,44.72784865122728,26.977500456304213,1017.0009407647959
2026-08-16 17:20:00,179.81118644621807,136.5114894040859,34.894133873300184,83.45877379247901,60.49571001129404,110.72617861283138,325.07824827493647,349.9529804101943,340.0812702854379,355.3930280663566,0.3983901071340764,0.061703224797385735,0.31528043615299883,66.08705237490695,45.138149984170326,26.916881803064065,1022.0232995752264
2026-08-16 17:30:00,179.7141340237074,136.09766426895703,35.00587985978563,83.63164982152074,60.02654559209821,110.98128475172356,325.087254673583,350.1249981187628,339.91603587943143,354.7408883774717,0.40215338732667844,0.05950917082498942,0.3126247258697647,66.45082696223831,44.1825128808968,27.038307217779806,1022.4562686821326
2026-08-16 17:40:00,180.02266554229146,136.05569453517592,34.92491521058307,83.29373767453795,59.94585413696182,110.32505822301206,324.2475316584871,349.741750510794,339.89378482971745,354.7830215720542,0.39802102397865435,0.05820058588211081,0.3104212280394622,66.32522289057921,45.05885371222247,27.296998840277396,1026.7561158408134
2026-08-16 17:50:00,180.11216520462816,135.9824805186761,34.973810704399675,83.56472958824622,59.99237460197153,110.5929627324558,324.32560505128487,349.840538216999,339.93846063131275,354.72249838249894,0.4032428031058108,0.05982768096708967,0.3119824394737852,66.3750358073453,43.956954645394106,27.014618525931358,1023.7769550810089
2026-08-16 18:00:00,179.74004783016068,135.68230986233826,35.03281730512825,83.49943654217586,59.779267454073995,109.7415835172048,324.5552249785661,349.696305793806,339.964132360882,354.7912912000568,0.40132804401598443,0.05594603326556641,0.3123248261838518,65.68256145601526,43.949784798872365,26.937496678965065,1016.4724799755832
2026-08-16 18:10:00,179.89152273731165,135.8107056292801,34.99796290463727,83.57440349678413,60.05209113899059,109.96142416245911,324.3299632678941,349.8171248710564,340.3856390201612,354.35332877032636,0.3998940939339303,0.06277136679909107,0.31223316473327734,65.87081727042865,43.984449598025705,27.16297477903737,1013.2406705307804
2026-08-16 18:20:00,180.00444840287435,135.83182475092255,34.93390431952174,83.4376631335848,59.97405783815285,110.14138236614,324.767781341607,349.4849822261194,339.4074843049288,354.8271275552407,0.39900733120263454,0.06208188185954585,0.3133539145580558,65.87440427981852,44.651486062622126,26.90552527005379,1021.0710924804117
2026-08-16 18:30:00,179.95643902275415,135.38877364007368,35.21127694059854,83.26517031584748,59.5191317007157,109.45935520754708,324.4122251187146,350.03967619683607,339.0583333356475,354.9861752642176,0.40019961882308647,0.059641453953240685,0.31248299805407115,65.62541931470753,43.832263645463286,26.587262247846937,1014.9742610038469
2026-08-16 18:40:00,179.86260635816876,135.35904050169873,34.98632236609087,83.31842102051122,59.84416269632507,109.50502791656983,324.8792556680211,349.95126919035016,339.669415773798,354.83055864762224,0.40156122385345355,0.06058379441380221,0.3126842428989554,65.5273851320053,44.29248180446218,26.778187767382175,1016.1856847626327
2026-08-16 18:50:00,180.16473947118325,135.79714180253723,34.98399149514814,83.54832217579296,60.99371370054245,110.0485886533526,324.6744869713434,349.83822734983744,339.3224338099225,354.8428475495128,0.40089331129786476,0.05858650627261248,0.31277697824329587,66.08489899786723,44.069522682779294,27.14246087168672,1016.4689433719597
2026-08-16 19:00:00,180.17202016441334,135.90044777337854,35.1122895662536,83.3889193117278,60.18783994977431,109.83984803654613,324.5763223184869,349.7369366479704,339.8004314173779,354.76772515372176,0.40264513229016535,0.05894942988943735,0.31029124152588294,65.62220894289325,44.073596897314225,27.125685124102517,1019.0182960649006
2026-08-16 19:10:00,180.1385163802229,135.99071311789717,35.003250220802855,83.34790371556349,59.97265112120219,109.46822161023039,324.93828806352917,349.5404506256,339.41096008392094,354.97394727863116,0.40092979084702235,0.059369981588239265,0.31352050847243984,65.5867849672286,43.779848096667315,26.997870600028904,1017.0403930139823
2026-08-16 19:20:00,179.96085494039784,135.9017437084281,34.98190419690837,83.37315526777849,60.198213130296935,110.19326606463648,324.8796948499758,349.45689268564513,339.76958637071095,354.4266154464556,0.3986887100193713,0.05883477729563755,0.3146249526466887,66.2134184087782,44.21094061934182,27.394300408721673,1025.6212693252223
2026-08-16 19:30:00,180.3997601533446,135.8676514001306,35.09628838250945,83.39638910268238,59.7143129218328,109.86836034976184,324.787469017716,349.4079820327677,340.0812766828123,354.17949373067813,0.4011103400880733,0.06094280255717689,0.31332995032951855,65.67152860555987,43.939827480260504,27.17106407037755,1019.286231877713
2026-08-16 19:40:00,180.3505404892531,136.25342456102098,34.899289955166694,83.41678356916323,60.02815970255274,110.51067697542977,324.6425431224875,349.5084617169981,339.614471473022,354.62143318976695,0.40149992490014985,0.057607116795785694,0.31300753596695485,66.1872230533976,45.06658701205532,26.822045417987226,1023.4106336098246
2026-08-16 19:50:00,179.9220054784259,136.100243641223,35.076305150876635,83.24787580176796,60.26053118534132,109.9974094490911,324.7380308227139,350.0324273183924,339.5500659142219,354.7613460500311,0.39979943717922156,0.060968349913467154,0.31834056074116285,66.17257602595268,44.67597529958561,26.729843475589043,1014.3366746156707
2026-08-16 20:00:00,179.97831495884145,135.88780933052365,35.10430579323515,83.3255851918404,59.52777168111157,109.84984677044021,324.18331800378235,349.88498860278105,339.9967001385389,354.950910063206,0.39818691563417324,0.05798067351462867,0.3134871590689239,65.86006197453882,44.47458252875087,26.95124883629994,1023.2078318981363
2026-08-16 20:10:00,180.23998700279398,135.97812788110102,35.06776382869701,83.48981604628418,59.784959032736,110.06383659234046,324.1757003448217,349.32119947078894,339.55028788414364,354.5521417013852,0.3984498020090698,0.06017366246892625,0.3169545788564194,65.96567768626085,44.97664707442488,26.740194123929907,1017.046392997407
2026-08-16 20:20:00,179.84238063680115,136.30989368220952,34.98427306201174,83.51693537829601,59.8836753995236,109.91400827300055,324.5581831796199,349.4630403624873,339.7476727793928,354.8248860968408,0.4011265788368862,0.06239012232640405,0.3111925238255637,65.90606635224113,44.11337315900334,27.13243206527376,1019.7005425886184
2026-08-16 20:30:00,180.08194415495353,135.7980823869975,35.001203584730696,83.34189439894556,59.918402480238534,109.6659769761543,324.801873390202,350.1697218555595,339.7316521465115,354.76364615785934,0.3982293612034643,0.06338154684247448,0.3110113730246471,65.84932276684671,43.82316116392649,26.631746790981552,1018.7410981984059
2026-08-16 20:40:00,180.0114282060961,135.8184894296229,34.83160576892899,83.30639563858021,59.850847736767335,109.79902195712565,325.2854886626443,350.2733273733928,339.40172000446586,354.99193261428815,0.40354773133789945,0.05700937990031493,0.3097755523648187,65.12267790207437,43.86025786352281,26.96884675071406,1022.4757744503518
2026-08-16 20:50:00,179.8615042218511,135.79695801765143,34.989055812900055,83.5204825272879,60.08198948392868,110.37470952099373,324.882645236099,350.02440435034833,340.05133314937495,354.6424508961205,0.40150483674779336,0.06118193853380127,0.3105964273595579,66.3240606416338,43.87121880932313,26.922331234714278,1019.6739952316559
2026-08-16 21:00:00,179.95580502380943,136.1883259647866,35.03067664820811,83.36199877106783,60.30218002527835,110.32325835839949,324.4740398465454,350.4141628651524,339.4623843392558,354.9668326613225,0.39639232256669354,0.06280143278894436,0.31081345732321597,66.1456778161025,44.227703837345025,27.15792801731876,1022.8067597483443
2026-08-16 21:10:00,179.68775280255977,136.16523903387287,35.08800605492463,83.27962078167018,60.103373072300485,110.64311390468204,324.62499757139824,349.5617173570782,340.0433001854963,355.00354078391155,0.3978375994490255,0.059967044004914455,0.31253347981809587,66.93584483033436,44.534664020813075,27.441245786361907,1020.9051927086762
2026-08-16 21:20:00,179.8934360520839,136.088695404102,35.01604132557837,83.27788780697048,60.30369570804199,109.15350302836015,324.3964523108128,349.90845006016707,339.8930296645692,354.7046893502528,0.40013890113740924,0.06265736092967944,0.3131331963372362,65.05876233128996,43.533368328196566,26.846675126376304,1019.210601984501
2026-08-16 21:30:00,179.60293563543965,135.87735530187405,34.96336765755212,83.39494023617142,60.30974862518686,109.80345466053835,324.7600993683935,349.582655489113,339.47425193222057,354.7436005078723,0.3974843225485479,0.058323029036766526,0.3119953853772432,66.25829221485044,44.1806518538195,26.582697204221652,1024.0277221591284
2026-08-16 21:40:00,180.4579845821343,136.10370909507424,34.91881985471451,83.47232405280604,59.82631514882125,109.79271232747539,324.7483297439255,350.4578332752047,339.685298408254,354.65440557677,0.3996963408561217,0.05995751274155046,0.312730500228374,65.841971237801,44.14963545068129,26.856399146675038,1024.9255429831867
2026-08-16 21:50:00,180.30307042824307,136.23262214562055,34.9974109881186,83.28666293677733,60.082119417508224,110.0858862561539,324.76594016091985,349.9153636980706,340.0391561555033,354.5822075315191,0.4017880066354617,0.0644260950709127,0.31126806626313075,65.9608251029239,44.02270688737611,26.896776145262734,1018.1355291226699
2026-08-16 22:00:00,180.2476069611734,136.2717377146588,35.015275045676894,83.3600907571212,59.891761625135246,109.77392137105006,324.8593186305192,349.91505366176693,339.7083628211947,354.60712784585917,0.4012714583319315,0.0614301269362446,0.3108301223333694,65.90739560988672,43.73279846054126,26.964290881828664,1019.9056105842532
2026-08-16 22:10:00,180.06222751817654,135.68743951012024,35.12184964083828,83.26753199883741,60.195677404268466,109.74340849616898,325.08931993602187,349.90243368822684,340.4341277158833,354.47754220742405,0.3978157927283249,0.06180624881984781,0.31062458401613513,65.84616736935234,44.139477860117644,27.179082806532282,1020.8373370034092
2026-08-16 22:20:00,180.20148226531293,136.47605090661477,35.002805478001136,83.44719957131822,59.899233418511756,110.3914874617284,324.9858088076649,349.5826476973146,339.5068473975851,355.00967651298714,0.40150170121436424,0.05962706897160778,0.31184882078087206,65.86461957189778,44.30350799297406,27.012949110562808,1019.7472711991485
2026-08-16 22:30:00,180.25615158059531,136.07508680581242,34.95231697527204,83.33563576078498,59.947510829262754,110.08904375766805,324.44324031616145,349.7770123655293,340.1447476259782,354.9190901008677,0.4019887167555317,0.059545860846321866,0.31524961337545626,66.16535906157837,43.963642874865435,26.912005901542994,1026.372271963244
2026-08-16 22:40:00,180.20484105881926,135.8280583342831,34.991290845870765,83.28581880931154,60.5016776419968,109.41681798876019,325.03720249978625,349.1007592728273,339.31799160520626,354.7642467794938,0.398567001710006,0.061746989613335565,0.3078618237939265,65.81465244206998,43.466182558666866,26.667885313803957,1017.4752261877105
2026-08-16 22:50:00,180.18526043896225,136.21791944817608,34.954058285485345,83.24063955138662,59.950055628962424,110.66725316057756,324.48946387615115,349.6638424911292,339.72628485751005,354.83462434470886,0.4012552199518754,0.06010861793501401,0.3140260032300474,66.08978631859412,44.961389450691804,26.8897751831858,1020.9227991947355
2026-08-16 23:00:00,179.81909026353208,136.14983343780213,34.978651284450166,83.288332018866,59.54378212399445,110.4983760251543,324.904759100101,349.4957414777441,340.09388925832405,354.8161677340931,0.3987555806244402,0.06326288565814868,0.3140741160170489,66.5126758465818,44.65153138490154,26.902980896225888,1022.1653886749721
2026-08-16 23:10:00,180.08718654428108,135.8986907564328,34.78333068693825,83.23057324992978,60.03761301488873,109.7130201765823,324.82197429500354,350.0453004441439,339.2488983182471,355.24872680273734,0.3973362605389591,0.05844017043824265,0.3118369940581367,65.86997283739053,43.94232229563452,26.91730052367384,1022.0626579261366
2026-08-16 23:20:00,179.89448513681242,135.7532701157618,34.84415290222943,82.95180737688662,60.08961300889403,110.41564020770967,325.29332222964973,350.2159244162077,339.88562871059946,355.0681920333214,0.4023693135580274,0.05819366267403038,0.31384139146717893,66.43080886480128,44.12435667788773,27.177075927299366,1018.382077800902
2026-08-16 23:30:00,179.76522101408537,136.0491919693895,34.88362267843956,83.3282452204343,59.85386596959039,109.63241838002348,324.7681115246205,349.8933617726483,339.48700798893117,354.71375643454917,0.4022759196758513,0.060832940551802425,0.31554452195026944,65.93576883462995,44.26218819028402,26.95598959533851,1015.5881731312212
2026-08-16 23:40:00,179.7729907793806,136.2826076435408,35.047984052252495,83.2988447579764,60.02314660345612,110.56284920523188,324.77174340768227,349.4999225115794,339.4237623273952,355.0161198407025,0.39812116117472174,0.05704806199145011,0.31124991716387623,66.37110256971518,44.24619592893272,27.029303453599585,1021.6445545338397
2026-08-16 23:50:00,180.08676237952002,135.86226505746788,34.99413154983644,83.2298229475348,60.30249931848393,109.89108437995593,324.7210784716393,349.48066151545265,339.5981824363982,354.33120244346634,0.3947238602581671,0.06117230212857767,0.3132368933655404,66.45982449441996,44.23081242187104,27.03234193677539,1022.7632012061297
2026-08-17 00:00:00,180.21175422188725,135.94149512828292,35.01640302234548,83.18977366334865,59.850477619508084,109.59857880228867,325.0590650654094,350.04430704285,339.653606820597,354.6717688536034,0.4020167597527765,0.0627867557344318,0.31171015161142057,65.75955304260278,43.33263017062723,26.813602366240513,1016.070466066647
2026-08-17 00:10:00,179.72752955963196,136.48232533144093,35.11689899257842,83.23560426708639,59.947684706796686,109.81344780209163,324.89853497586034,349.73889784945186,339.67129837965655,354.5919032128355,0.3987617033496109,0.0635727688293757,0.3121411447526084,65.46022803600165,44.18760098097044,30.12020854995303,1018.7717602078382
2026-08-17 00:20:00,180.3501358198079,136.04549628105713,34.89866658519064,83.23772904099937,59.79482149132704,109.61708481475817,324.73011026644406,349.7431358266957,339.6426874094524,354.9151264249654,0.400719944796677,0.057556476132002356,0.3125892569901081,66.00811382871007,44.30264017968438,29.725972751173956,1016.7257593206164
2026-08-17 00:30:00,180.29482456764504,136.0636582374414,35.11493595989768,83.1125777246454,60.10005157197468,110.09606983132966,325.0577121789941,349.4961281055506,339.5679415921004,354.6605741733984,0.3973352673126591,0.059205605192934684,0.3125869363614943,65.57813850337064,44.57940069677354,29.767705862616577,1017.2626788374683
2026-08-17 00:40:00,179.92480868845578,136.47649887163092,35.039871494448086,83.24536923469358,59.966153678541545,110.08755261686893,325.436047813211,349.9024528151777,339.05931855430356,354.5923759284149,0.4009774599909119,0.061602101897532326,0.3114060705380911,66.06965349204661,44.377553751184124,30.03448625484881,1019.8519118843137
2026-08-17 00:50:00,179.90824970001026,135.96814887821168,34.931169399752115,83.23378672578488,59.73191065482679,110.01790148263909,325.29660605633325,349.8920540091849,340.21558070902535,354.6113175617877,0.4021447784600256,0.05910076511650301,0.3116766188135043,65.92337572165967,44.44842741647629,29.906321548098315,1016.6075416576969
2026-08-17 01:00:00,179.9861991716879,135.998344443938,35.14910599338505,83.20009561502084,59.95757872040867,109.72169227716917,325.2614947524159,350.0776676121235,340.4405586128766,354.40569109165403,0.4002620197905792,0.06087146466413453,0.3150456367343652,65.17679692338113,44.183205350754875,30.151636348578865,1019.583272811502
2026-08-17 01:10:00,180.19701108220218,135.3902288363141,34.860699042222954,82.94362928764725,60.54008072069267,108.16945909489661,324.66184047305376,349.54957298672684,339.95959876746974,354.44075117445027,0.4015894143374185,0.05669464177037213,0.3158076757297817,64.405475764421,43.4853721018074,29.54234179716804,1018.9830070477199
2026-08-17 01:20:00,179.92408537075337,136.10333409231646,34.89032094738411,83.19318697665327,59.50269628883432,110.04641780766137,324.7950225944536,349.8276585532337,339.7459334943838,354.54246875130417,0.40060760263996364,0.059764435223838695,0.31342254881723547,66.65064408692257,44.11988252118377,30.063167164033697,1020.1885292674915
2026-08-17 01:30:00,179.77936557771926,135.95809113381088,34.98119355411948,83.01056016778709,59.59723878115052,109.05188281103153,324.87245941042636,349.4075136265406,339.5423796129331,354.940207046508,0.40191990651897724,0.06117479242175101,0.31447082016360933,65.19770459185298,43.235990559387,29.863621689506434,1020.6315334918601
2026-08-17 01:40:00,180.06927076442653,136.29944167917955,35.04184526837186,83.23376576185413,60.10222508439119,110.1220941757845,324.32317640659056,349.91111618106186,339.91355609458384,354.9110431598533,0.39889389620043086,0.05867137340839354,0.3120530463164792,65.3896795650146,43.9269745444106,30.213781956422768,1022.3171481755053
2026-08-17 01:50:00,179.58744868723306,136.19817979267603,34.98284000121309,83.35069652064769,59.59680041512826,110.56539686986112,325.3376234139812,349.8464562586426,339.9166521275591,355.05564391268024,0.3988344578103398,0.060900802190230106,0.311795726846545,66.0260028298826,44.51938548309002,30.314331578259132,1020.0009482004832
2026-08-17 02:00:00,180.02858007541832,136.1765352471282,34.79060053987352,83.27362564926443,60.576045791232886,110.13694281929236,324.40612782265015,349.73375625852754,339.5730139508435,355.3289714825105,0.39604752108981084,0.06014775204892825,0.3131621156303713,65.93434368237541,43.63626821215024,29.82988515000931,1018.385938870975
2026-08-17 02:10:00,180.23216024235853,136.11124610736655,34.97224923356423,83.1282747680483,59.566419805233146,109.80528170252454,324.951730362177,350.1230306647214,339.7864085120869,355.1065261328634,0.3990775045212841,0.05936865787839481,0.31501707919784433,66.12048422783168,44.4746926748289,29.661170599947955,1020.0379241838976
2026-08-17 02:20:00,180.06140674104023,136.05579217634065,34.99342384585747,83.10958833149105,59.6209202578368,109.91006119807146,324.470527404517,349.46295300506443,340.05799225097115,354.30763355202635,0.3993588083122129,0.05806794454052448,0.31320266423049553,65.44595448352676,44.414031498705235,29.867574524968678,1018.97686016542
2026-08-17 02:30:00,180.15630329607484,136.1417933882669,35.253296903557505,83.10275080902652,59.85287999141687,109.93346868654322,324.87471484830246,350.3285431491434,339.92822041443134,354.65999601334374,0.39766752145767836,0.059579295067916566,0.310065072508966,65.92701625709606,43.77817125824042,30.081138593486415,1018.2254902774799
2026-08-17 02:40:00,180.09893459847555,135.94275927208815,35.13752853530789,83.17222192245059,60.32014195737255,109.7253791870108,325.0840444632595,349.98088047590323,339.829187344875,355.2899196922323,0.4019973702478595,0.060636474158149205,0.3146210662062722,65.7928645919181,44.3428248166198,30.076063504772844,1015.3496072430047
2026-08-17 02:50:00,180.145727107482,135.93955077023747,35.01389106345384,83.06644951325228,60.23890909156367,109.7081052532205,324.996229220801,350.0344453047583,339.88298302317094,354.89422688458774,0.3994192541539782,0.059493933834469,0.3170761364340201,65.7210444698052,43.96822575960241,29.852339059075167,1024.253960165875
2026-08-17 03:00:00,180.0291401976653,136.03910598115456,34.89389170687272,83.0620219760609,60.17085014905855,109.53805201769914,324.5902294495674,349.9454122013254,339.6355410869776,354.96019864511635,0.40594535988349834,0.06127759712116249,0.31349964004951625,66.00480752753128,44.49214988132162,30.20157483836697,1021.5657166878588
2026-08-17 03:10:00,179.83417435790292,136.19201625672574,35.035511547929474,82.93298915358837,60.090970128233316,110.59408112333188,324.65432139891305,349.6489956177531,339.833874447301,354.914578321854,0.4011606359347239,0.060932121496810335,0.3094094358679653,66.26456016780281,44.225948812605345,30.104906184272416,1028.85950448883
2026-08-17 03:20:00,179.95513131363273,136.27728174179506,34.88644715171059,83.04920790538101,60.385065781484194,109.99222336340594,325.122726587438,349.694213020106,339.87402131070826,354.4481579418359,0.39832802369037534,0.05769530497411072,0.31319191451176753,65.34869980102384,44.54547971645015,30.213479433433935,1020.4104699456187
2026-08-17 03:30:00,179.98534763587924,136.32740271617047,35.02173990388316,83.08125613557405,59.47089699902761,110.47813569784688,324.8316169692892,350.15877311906183,339.6376952797946,354.97618591468506,0.399949242504169,0.06006197625608019,0.31668239758252975,66.22171875493622,43.97734281677091,30.08974394437223,1022.7772181545921
2026-08-17 03:40:00,180.25177226487713,135.98694286695337,35.03791268102723,83.05992340554621,60.08505227197207,109.87497447872754,324.8871961329876,349.86501171830463,339.8216632586848,354.8126319455042,0.4014344302973619,0.0620537585598943,0.31222896571590564,65.67626728581355,43.785793142366465,29.767381069188627,1021.6835202695962
2026-08-17 03:50:00,180.32522857308038,136.1071987200403,34.96208814645722,83.23500177054379,60.42301530985622,110.0360838750322,325.1316552399443,349.969110546477,340.12469917388495,354.567976690345,0.4021261213343806,0.06117492105850501,0.31355464603973304,65.91171670297108,43.52228005087467,29.933166386634536,1012.8882316752164
2026-08-17 04:00:00,180.08412238214584,136.09769891571622,35.02633551210093,82.97106851289286,59.69105114990036,109.91480867675824,324.1147883202861,349.76845799191426,340.1648035468576,354.96961274875196,0.40297550518193515,0.05938449937943622,0.31219792670370633,66.0502821349052,44.21176735617907,30.125606859969594,1018.6946067947238
2026-08-17 04:10:00,179.8494493226159,136.27225055905092,34.96906174836332,82.98835999886919,60.097784995610795,110.23141802751361,324.9346254436855,350.1341020268113,339.22216512088755,355.3650984737235,0.39906120268818057,0.05732234717994051,0.31365832893524204,65.41593940342023,43.909234530269025,30.214718678021363,1024.789041984461
2026-08-17 04:20:00,179.85406357937177,136.39232775454514,34.94526510594868,83.18188409176676,60.36244283606899,110.4133178264102,325.23399043857466,350.07791917681186,339.44476032927525,354.81002138492323,0.4019709190798467,0.06022329513925486,0.30847429637773194,66.20926762682001,44.792898107927996,30.11223388773243,1021.7184175478403
2026-08-17 04:30:00,179.9624991975056,136.23584662505715,35.15323030235086,83.0030227065086,60.370519365594525,110.11985231064835,325.39004057352463,349.4861530742396,340.1588671807481,354.49057641537837,0.39987985295968265,0.06039893698324662,0.3112076547266078,66.09623657438615,43.751561271809905,30.355890677549844,1023.1084942178754
2026-08-17 04:40:00,180.27775949936574,135.9578174245811,35.059048296064454,83.046864564149,59.9642441571987,109.66309191734898,325.0680350516052,350.480183010121,339.9931322714694,354.83106290345034,0.4018756557476545,0.06225422625104392,0.31198473719629893,65.42900793019693,44.26726799060668,29.987186697237263,1020.2285297736165
2026-08-17 04:50:00,180.0669147462474,136.39305987235196,34.97130985413767,83.07027680096078,60.54943848089863,109.61002308652516,324.6513763410093,350.20363809722966,339.9995174918847,354.60557970694845,0.3997302701350305,0.05982121002303192,0.3137023282828019,65.15462250661918,44.233185670686346,30.037618235415508,1020.6914468627892
2026-08-17 05:00:00,179.98893338137407,136.70742730018216,34.92587726537295,83.12789297531668,60.152158332929545,110.8295852689504,325.1553651984002,350.1412795692846,339.4645478379672,354.16121378463214,0.39989042865295493,0.060027274736466844,0.312977773861081,66.84577284253807,44.29200997158337,30.26864187360153,1020.646244307417
2026-08-17 05:10:00,179.846997500462,136.23158582188566,35.01913873958704,82.98228013287864,60.31785350467513,109.85998116222625,325.42504621056395,349.99019131703164,339.8953700855925,354.7290579981531,0.4006534243130817,0.060675140751891454,0.3110466133245184,66.14354873188793,44.10825899713183,29.946151610753414,1018.4383743251619
2026-08-17 05:20:00,180.17647580200912,136.39871023745386,35.05759051011513,83.14079632255991,59.69043793684947,109.85444892487159,324.6860013007693,349.8756967576966,340.04724229753486,354.98626354373755,0.398686731251268,0.06268846995650386,0.312077119277645,65.42269044744835,44.81694591088502,29.812589570032028,1014.9077854469953
2026-08-17 05:30:00,180.05787430153026,136.57849242861442,35.08569898954825,83.24798338497855,59.783029118205555,110.73250370394868,324.66365128307433,350.1560599554063,340.0046019889661,354.59642587932785,0.39997591064972393,0.06190510007032442,0.31029812407215035,66.1989592119488,44.3403995265044,30.182771344548463,1016.2663571174548
2026-08-17 05:40:00,179.98984444161727,136.40672103251327,35.14712243232635,82.98653167314603,59.78162768719856,110.54393057730405,324.83434116055395,350.6844687397019,339.6690058842709,354.84905064435554,0.4007541156253976,0.06380016379595813,0.3109323538273198,66.05491839073798,44.72217732010068,30.111228695375694,1024.660566032233
2026-08-17 05:50:00,180.02068474330494,136.38582005054445,35.04715940818203,83.0338974862755,60.521259667425504,110.26691896896503,324.75934393948467,349.8714622943954,339.71490632730297,354.8387750653041,0.3963294578846127,0.059008677516163316,0.31160598013795604,66.04934189018198,44.567236514061996,30.008050551192337,1018.4127528259253
2026-08-17 06:00:00,180.33730319800233,136.73496374530094,34.89109208034383,83.11551971802211,59.32160959401672,109.80030173229277,324.2810274377164,349.5666650916975,339.9760716621681,354.7462118356403,0.39893434218192303,0.06204580730957643,0.3133332191820734,65.49311892342422,44.211310753845645,30.028444368245022,1017.7733047904084
2026-08-17 06:10:00,179.96792446741503,136.87744673236926,35.20197923117206,83.08652681099386,59.466907616003674,111.17659879600211,324.1871884757001,349.89362321975415,339.94097654768825,354.76474529461615,0.3990263877548418,0.06046799699237217,0.3161256073991639,66.86027139323174,44.07128158926357,30.213208152016303,1023.8060559762256
2026-08-17 06:20:00,180.3376917608566,136.5641803086946,35.116155304017404,82.94058858004259,60.23783954529985,110.19648689380499,324.500675223984,349.927379665837,340.2691974881102,354.78975490905,0.4019994168081533,0.06299444704304424,0.31207708823872526,66.1344433892833,44.09920802261375,30.223555882068858,1022.9594122239041
2026-08-17 06:30:00,180.2484569993509,136.31633654894048,35.08363131258872,82.99513170452072,60.04721850670588,110.27349273931908,324.7027012548846,350.19881105640053,339.22813971785655,354.8042817404428,0.40026697239315934,0.0590635186126279,0.3116397351380763,66.40921316834286,44.38946562392192,30.211866504752464,1021.3574340343907
2026-08-17 06:40:00,180.01046825135484,136.39375509680738,35.1335236101367,83.08859083808085,59.13828933255455,109.91444693416722,325.0190406095605,349.53492530397307,339.7194584228866,354.84731740435063,0.39994624808202417,0.06146709113788925,0.3128422933984827,65.91053035678013,44.473907609451906,29.935682570468686,1021.9158162047523
2026-08-17 06:50:00,180.17677476610766,136.5097669736886,34.854580662638064,82.86441006882625,59.88835807074025,109.29284627846113,324.7373883370522,349.7767894576671,340.2575988855608,355.0387995560145,0.3985095207685588,0.061354672763457366,0.30808677826773834,66.02712692167252,43.66523451540583,30.107977557135015,1019.9523676408749
2026-08-17 07:00:00,179.97524420242436,136.1729142090989,34.96471905168697,82.98256054805029,59.91472592784483,109.33261896748812,324.9472908575257,349.8161938590349,339.5617766621851,354.7469313502025,0.4008559008926359,0.0582675743364587,0.3140734923885839,65.26672651500137,43.324072400532984,29.88645553126438,1016.1502018158701
2026-08-17 07:10:00,179.83432470898302,136.59944623565764,34.95103930043199,83.04566391825469,60.35817211356367,110.20348909586828,325.30031377836895,350.211766870746,339.93078703895833,354.64947634983355,0.3993724692878351,0.060026181408967885,0.3146581463545119,66.31984304066428,43.74408840602508,29.832557962388364,1026.8551215040966
2026-08-17 07:20:00,179.94641962015336,136.63809015528662,35.118945452663255,82.93871370718597,59.44483320996999,110.1959147150607,325.78198577865567,350.2544336728003,340.3217401091666,355.03864791169786,0.4019252056260134,0.05959020727286182,0.3108657952071015,66.29225212334414,44.26246859414123,29.870928241733004,1023.5839874153012
2026-08-17 07:30:00,179.81855281274258,136.41747530484645,34.885025862884696,83.03063264385005,59.84926583292122,109.8800008380142,325.159463019622,349.97946410066135,339.60742780048696,354.7001379277637,0.3994294332925809,0.05906883927564708,0.3115995186276397,65.89144356204444,43.86369262121447,29.932894018191604,1016.9114579560464
2026-08-17 07:40:00,180.10228974472167,136.44549745714775,34.9697047496409,83.00421315561802,60.31584918340857,109.4141581036058,324.61528732209194,350.2459331699802,340.00274447126105,355.5231485514163,0.39989097496285575,0.05863018139207435,0.3162340343291961,65.75672267340619,44.149355414403985,29.996331010305155,1017.1147989416824
2026-08-17 07:50:00,180.00294560341018,136.1436032729175,35.151302604650546,83.02159575765674,60.227443539224794,109.2791710687199,325.1985686474265,349.95484733815124,340.4699533313366,354.82781986354337,0.40118554802858125,0.05723743862406668,0.312834593097326,65.46037429259742,44.039941058744894,29.79332481995557,1014.8125945759259
2026-08-17 08:00:00,180.11356602707679,136.39034080413734,35.0653958732656,83.04560071487256,59.73578599630124,109.83607466783772,324.90646245404366,349.95478752247317,339.5365468487109,355.482943430475,0.4009045597345039,0.0607829172697236,0.3117433883045828,65.48239562286766,44.0031288618721,30.167119324311635,1020.7694609839099
2026-08-17 08:10:00,180.1653370257489,135.98546950027546,34.96349749082836,82.76738292868436,59.92084443211037,109.27193603400873,325.0103993021141,349.2304778599336,339.33026852830125,354.9797450921465,0.39687386321684576,0.06015369272530534,0.3113417126427367,65.48574447403736,43.4210949750799,30.212083694245678,1017.1707955986765
2026-08-17 08:20:00,179.3759510392037,137.02368599585307,35.18698958995861,83.06955838690327,59.573237918697465,110.44945766797393,325.19554948208355,349.6539035899328,340.22299419174135,354.99730245523807,0.4003807964154787,0.06028059936951874,0.3160336929076268,66.5158160126122,44.36379426361052,29.97714100839231,1014.2124841987237
2026-08-17 08:30:00,180.0622997105692,136.61848028682883,34.870305011823184,83.04135601815152,60.40338548788239,110.57633239090003,325.1418160823156,349.58620081495866,339.77321686662026,355.172767565188,0.3998736525720339,0.05976509490927271,0.31250095839741787,65.67027789646784,44.52419014354618,30.164401519270722,1026.981067732271
2026-08-17 08:40:00,179.63966454746048,136.8652623752739,35.04612799910499,83.12704186369977,59.879452214673364,111.41451708154665,324.52850914158745,350.0669627955316,339.902773720935,355.03624373878887,0.39626493436674626,0.060637863871088715,0.31115103676070377,67.31771085697721,44.75030549820595,30.180194570229123,1024.8440804931945
2026-08-17 08:50:00,180.03332623502374,136.79372147087327,34.97896784383608,82.88145968761172,60.37657809478986,110.43915872586706,324.5813119102799,349.9541808427664,339.94054571604033,354.875820524833,0.3975324589082615,0.058693406493023466,0.3134687436014087,65.83293668048078,44.56787481774692,30.3115085545,1020.9116151367787
2026-08-17 09:00:00,179.82452215072138,136.18692656273336,35.05178438709311,82.99845631780467,60.23872881521446,109.70357519756793,324.9982053526593,349.6040038643583,340.2840736576275,354.81572279178357,0.4018754139225238,0.0581548979570441,0.3163350746703587,66.01343795847075,43.85920027744398,29.6979604673539,1022.8750831922464
2026-08-17 09:10:00,180.02084755098696,136.2384708347104,34.97419021538893,82.9317521994043,59.746543530175174,109.56416750704746,325.1291597713714,349.9463114757592,339.838922162174,354.64919781409463,0.4006664502189529,0.06076815302197759,0.3106882818509673,65.36851926703908,44.21909026766756,30.07032081744201,1018.887544212218
2026-08-17 09:20:00,180.2730905455857,135.65033506852456,34.918912157920644,82.69230618321113,59.96277479423033,108.27413595553686,325.5444397057268,349.8962951128111,340.2169373603788,354.64067879235535,0.3990389832849867,0.060671803978881444,0.30908668037056425,65.14885224965356,43.70109201824128,29.620263399723818,1018.9342215879709
2026-08-17 09:30:00,179.6584402613332,136.3016084303433,35.02239690678058,83.01634132765503,60.194530256052374,109.70255543074904,325.102669364852,350.05412608015564,340.1520870528204,355.1699294973582,0.4018553744321162,0.06102407277679514,0.3159159206010648,65.5782419700807,44.03219118019122,29.986346134605352,1017.4540551496958
2026-08-17 09:40:00,180.03813138549185,136.29823088292315,34.87146852334822,82.82454441492294,60.134457414636486,109.91151306136362,324.81987200236387,349.7694677255386,339.927235758219,354.21686243736787,0.3965038915449606,0.060789946828023335,0.3127969909284336,65.9987083250902,44.119480967068725,30.049667740368914,1022.8448477998403
2026-08-17 09:50:00,179.9843148612459,136.67674913112455,35.0536992528548,82.83255133263393,60.45069956635796,110.48390362851751,324.7861525194715,349.7212759986451,340.24083173420274,355.4263056951079,0.4027359635829518,0.05760535282055709,0.3150433947360437,66.30839469153072,44.16875271912614,30.02945968211028,1017.209106858362
2026-08-17 10:00:00,179.62155639825505,136.49265253177109,34.96982851284759,82.95232562649996,60.33171520942878,110.3058000765935,324.721813395171,350.3109564590932,340.02299300966575,355.20010057296946,0.39883639828014267,0.05771080486525257,0.3144325145485045,66.18862306493926,44.170121044913984,29.957846518869204,1026.7507217289963
2026-08-17 10:10:00,180.12959623574733,136.4027432886073,35.0922859307615,82.84833869485138,60.100767524594026,110.29417487018989,324.55102754729694,349.8622237629538,339.90861932844615,354.83840410057206,0.40297237656689183,0.058580956609970966,0.310207679180444,66.29145590369298,44.04463633096749,30.365051325705018,1021.808563972425
2026-08-17 10:20:00,180.00684432443677,136.404067532672,34.957167194422944,82.92410419248216,60.20741843366826,110.10681380160777,324.5508171689582,350.25261960988496,340.8246728087617,355.4377364141432,0.39917649495771906,0.06360761207593613,0.30957492281886634,66.0229992165208,44.58845100681749,30.136202358754772,1022.564418501754
2026-08-17 10:30:00,179.8982523243297,136.5186553029454,34.93500827879365,82.87359519839515,59.79910704415694,110.33045501521626,324.7741650267077,349.6776687026998,339.3535673479984,355.481327454491,0.3989580731887906,0.061162522613551054,0.3152305845718173,66.09098422009964,44.357821365045396,30.152626707438248,1023.3852418595494
2026-08-17 10:40:00,179.8556439164237,136.57958279026153,35.04064552989556,82.94405016483618,59.83259045237703,110.72380000073198,324.9676779539869,349.8788003216513,339.60295822971517,355.26084147787185,0.40057089288599323,0.05781273850622855,0.31154815916001527,66.79825971545978,44.0860519077537,30.398324894036516,1021.4783882046778
2026-08-17 10:50:00,180.64251048951985,136.44248576861324,35.12298039648332,82.90901414135435,60.18215327965788,109.467561555577,324.71469872292437,349.8509536854928,339.6440508569177,354.230136024698,0.3994670785405104,0.06193811637353586,0.3134585487612419,65.54776054087625,43.904316739822654,29.816179309225333,1018.9219083934331
2026-08-17 11:00:00,179.9212263286508,136.49963646906255,34.79701241092396,82.84033434738097,60.10452257374392,109.77134980763542,324.94721083328733,349.6564474848574,339.82187211371655,354.3514182787216,0.40203674327542155,0.061465688489021,0.3105555229519,65.83351359459726,44.50069887427003,30.119493725776547,1018.0536226356668
2026-08-17 11:10:00,179.63993539728105,136.24486409946888,35.01299543162872,82.89174713614136,59.68394951896905,109.30573421759283,324.86242909562634,350.16953894326014,339.9985120619835,355.1296374412802,0.4015934075409465,0.059089236523354,0.3143058298369682,65.74145466603477,44.38832164987319,29.861590034075356,1018.0975319517052
2026-08-17 11:20:00,179.81382032442613,136.4986023738086,35.06295019471907,82.9804163212368,59.983581660145134,110.8093301549505,324.8797739219815,349.5466547600849,339.88408261440475,354.5912014446126,0.39929957595116383,0.06134381147411246,0.31112936007544484,66.2396879363145,44.89191449903052,29.94462038344578,1022.251968883161
2026-08-17 11:30:00,179.9266772821764,136.78071918514624,34.86109634529767,82.80068362006429,59.77410598938068,110.64843456161402,324.82095628770327,350.028007698731,340.618035348024,355.0594295041448,0.399613817622995,0.06033795498320494,0.3106802003818939,66.26439431717947,44.04800035057579,30.049022943642537,1022.7006032486865
2026-08-17 11:40:00,179.92312053660916,136.3475729692366,34.914382006611454,82.94162881699665,59.8452576925795,110.3761420817404,325.03619682134007,349.3110182066994,339.80224953746483,354.8217429944136,0.3999918467284991,0.0600153866294444,0.31492483539791316,66.24332845598049,44.559244598634095,30.124656615512247,1019.4346806776878
2026-08-17 11:50:00,179.98422938412278,136.30670429181893,35.064580116157735,82.84978801854395,60.38356998467742,109.40072429023813,324.9582305220303,350.16920589759786,339.63723358772603,355.0581978215681,0.4034491030014001,0.060563050654819574,0.3141117646013897,65.64359183170026,43.53285059555689,29.771980185995247,1016.8275942669515
2026-08-17 12:00:00,179.79060346316604,136.51762333202913,34.91966471240155,82.84117259600326,59.73200891958902,110.0864724017478,324.17534051807604,349.97412632979325,339.96233992536884,354.85013089986705,0.3999277831481867,0.06232612556938533,0.3124459619819907,65.99970486465544,44.787016552075656,29.89425370732706,1022.9543416788902
2026-08-17 12:10:00,180.10830812611664,136.33107964261163,34.938250835888105,82.91753580252802,59.8167115150797,109.88268032012174,325.03529547308125,350.30517714211106,339.83155223360524,354.94787952032624,0.4020579550208239,0.06132735127170331,0.31490874298262395,65.78452032524685,44.75257546422439,30.10512952935184,1014.8743751009752
2026-08-17 12:20:00,179.9032449218174,136.34327060661263,35.1704472410505,82.97387868627881,60.1723682176821,110.0404135242939,324.9903552608157,350.57595164979847,339.8176696106482,354.45209275142685,0.39992584868430037,0.05659896481957701,0.3101101092590903,66.0895659803705,43.8076138978378,30.052992335286657,1025.4714771040683
2026-08-17 12:30:00,179.7278549598297,136.3294032174285,34.9081921170269,82.8723825273107,60.029461506522566,109.905940935194,324.7816781213527,349.76074485315934,340.23446646608846,354.93601064559823,0.39832382568532404,0.058810565716022827,0.314807413115926,66.11418236953068,44.227673457182696,29.930911741295063,1018.2990715269713
2026-08-17 12:40:00,179.83688275766704,136.98552803690816,34.91600804276748,82.67303593297986,60.05658952103199,110.25997641238797,325.0132712994818,349.9727533431345,340.05755997112743,354.69095880699194,0.3967119380720827,0.06269095987786227,0.3156467762125882,65.73005411445753,43.87639039809765,29.835607315786156,1021.6037758887057
2026-08-17 12:50:00,179.92306667231787,136.38846335564827,34.77302120004668,82.82324069502916,59.58770777354509,109.80258006551239,324.7609122422849,349.58179087650575,340.29834494760627,355.25733031871454,0.40045544148249873,0.06432410198518414,0.31408717283232984,65.63360887807613,44.16451762826376,30.07559952609371,1022.6181308038196
2026-08-17 13:00:00,180.1697247656261,136.61538628807318,34.89315516830512,82.80141104708002,60.00022035562113,110.42728525304531,325.003291127768,349.83447915944043,339.65585507073365,354.75551382605755,0.4009574936292058,0.05785965570803056,0.31220858401644086,66.21803082169671,44.15024284131252,30.281955270087966,1027.7596884528323
2026-08-17 13:10:00,180.09690486138646,136.74336254657618,34.87975210574269,82.76253703933551,59.900111427374696,110.1206974291266,324.7119121250581,349.9933934815359,340.1503065061786,355.08645139824876,0.4004801579048877,0.0622750297016583,0.31096632955282916,66.11738793300641,43.9030082764136,30.06741997227318,1018.3528941462367
2026-08-17 13:20:00,179.93239671961956,136.554356152113,35.1701231074505,82.79896319699168,59.77286636754205,109.85346191388905,325.17202321732293,349.9880075514346,339.97742168150853,355.1266125073491,0.4025546283206275,0.05711232299561918,0.3129927290652203,66.13043927176551,44.42601052987791,30.091821259962032,1015.1666364074666
2026-08-17 13:30:00,180.00393939081806,136.71373416370005,35.12100260378883,82.7336885436225,59.84490438707572,109.94407331653785,325.0759420278019,350.2164881292923,339.7923674328026,354.9134472947588,0.4014461381195415,0.06246458035004162,0.31054441711664493,66.08833369701424,44.2080580838761,29.98798733046679,1018.5472667260756
2026-08-17 13:40:00,180.0430298479306,136.22224448065256,34.876388024870316,82.9071069571632,59.92301979309783,109.77970629453662,324.5488208222397,350.13129794497604,339.51399234170646,354.7156919134803,0.40365950636226194,0.05954380464929583,0.313138712329936,65.71181969227385,44.39797790680185,30.159943197860404,1013.9514774989226
2026-08-17 13:50:00,180.4077450653685,136.4653511575888,35.19482632245927,82.80980657734108,60.25295711721383,110.40694202363191,324.7717413112659,350.27822503977774,339.9550399390781,355.0011704076212,0.4012465436922636,0.06228166471862694,0.31214038369439906,65.93886097216853,44.5007117652182,30.266416277079674,1016.9253335455044
2026-08-17 14:00:00,179.87647522534587,137.14204262196645,35.07697009312995,82.74426489821985,60.55560672149667,109.86426775751545,325.18622521640197,349.77877208154405,339.63892360970056,354.92257685193886,0.39817606782024245,0.06120711512028654,0.3123775740741983,66.00953585633272,43.79116435821238,30.044793216533773,1013.7006901295082
2026-08-17 14:10:00,180.093413795798,136.59144222545135,34.98324108909408,82.83061405834789,60.04124185027667,110.14744519855809,325.1011094569596,350.03035509485846,340.19435329832174,355.1905969929492,0.4022531683021259,0.05846775385060943,0.3132439122286609,65.86773910637346,44.02716751012788,30.203738526408536,1022.0607651878132
2026-08-17 14:20:00,180.14527358519638,136.4333117593489,35.0807116866476,82.80427437947095,60.44020919137516,109.80379770576266,325.02462902115343,349.6745482521868,340.1190225284314,354.6927980395053,0.3978701704420707,0.058107087432156514,0.31082255429099936,65.5728226765194,44.429148373436114,29.97596013816684,1019.1413849540742
2026-08-17 14:30:00,179.8093891232176,136.34056526246152,35.03856073110147,82.80006190866021,60.04222836605783,109.25744906229288,324.65225425645656,349.93853786355214,340.12768018455404,354.6242875346853,0.39971277838920755,0.0575783696707207,0.3127655390857389,65.78261378275528,44.22991206384856,30.108491627165034,1018.1620442389632
2026-08-17 14:40:00,180.0378445189105,136.9096916746553,34.92558224584721,82.81767156443333,59.57809496988631,110.45305220268789,324.78757000348975,349.1671674237934,340.8099569496511,355.1719456076989,0.397403364464712,0.0564415188431287,0.31295069418993454,66.06270990939946,44.233719219429304,30.28666432093458,1022.8734914918673
2026-08-17 14:50:00,180.03268659925115,136.1633079303994,34.82757912832558,82.6838734416469,60.02652867920223,109.47093674359246,325.0377056853701,349.96194236636524,340.3641461257819,355.04129488498063,0.40183687998732526,0.053635112459815386,0.30960192414602933,65.54556158455668,44.635214878750126,29.90188663427455,1020.2731894565209
2026-08-17 15:00:00,179.9060393995785,136.74585754897714,34.91130906722247,82.75025289946382,60.38221812337833,110.33958048420668,325.0787536808873,350.01082317971174,339.397475193746,355.3186207054679,0.4028385504152334,0.057910341630601644,0.3157746624736043,66.24683466306904,44.512687871038814,30.283110509176772,1016.4512675553533
2026-08-17 15:10:00,180.1135164996823,136.64771562695879,35.00041978046352,82.51358820138765,60.416727909106136,110.21007638794525,324.98918512040854,349.85778960722206,340.16928014630383,355.3702953295363,0.3972465027601193,0.060173080314069684,0.31226305177629243,65.42985207622615,44.797529765188884,30.11367834815065,1022.4065759214726
2026-08-17 15:20:00,180.2056985123912,136.43763816166913,34.96578949649918,82.50780225491626,59.75350908574106,109.17198327949284,324.7514467195472,349.87713517146585,340.0585112793018,354.43082952486117,0.39818602244766765,0.059290625918002826,0.3123793981805129,66.25194721237416,44.035938839147086,29.836302759505173,1016.510210266611
2026-08-17 15:30:00,180.22604562937525,136.46750730015341,34.92800705098534,82.76786264625396,60.65942805174279,109.52765921729012,324.93046386107244,349.4866195329986,340.0610765404316,355.05025439426424,0.39854959970703463,0.061012990238485235,0.31468317065293017,66.11967183875798,44.42336961843336,29.96870394036753,1015.0852564132388
2026-08-17 15:40:00,179.9616371487932,136.40984825950954,35.09699978544039,82.64332929302552,59.79593665909926,109.7429496798713,324.8542717675732,349.80664514748315,339.8536903583875,355.022454536049,0.3961501083541756,0.05909754208566252,0.3142771967156078,66.40252027941102,43.91749788832725,29.902360959467018,1018.1745400106039
2026-08-17 15:50:00,180.03797542552175,136.2988141317586,34.895955361485065,82.83488855265772,59.797974555740254,109.58964097887956,324.6601090243765,349.8245439947719,340.27323537376003,355.0021345170499,0.39969265606945004,0.061273226625487835,0.30882955196514755,65.70879694258049,44.0077072239706,30.0366664314696,1015.2673222792273
2026-08-17 16:00:00,180.4701321056904,135.94030930767372,35.08874089775207,82.81622781732496,59.85850538888439,109.4089646320567,324.6807006727908,350.0727716463226,339.17380081463307,355.25605514969436,0.399381626207721,0.06086882573619192,0.3165320475126679,65.6662613444759,43.44611317724752,29.89789949867336,1016.2180295064142
2026-08-17 16:10:00,179.77927235862532,136.92827169246627,34.9533477704349,82.57579572718195,60.431436462093004,110.37004783994936,324.76780191217415,350.1457887620577,339.6136894505895,355.55245944288316,0.3971226956094862,0.05918018108322844,0.31600632056070976,66.49210415677001,44.404333162984166,30.112853190141262,1015.411675024968
2026-08-17 16:20:00,180.0443739120136,136.2971766974158,35.011630348159095,82.68997406054176,60.12702919349238,109.88024729920213,324.56628318079316,349.8769709962013,340.1896748831295,354.93149954398416,0.39531977849415756,0.05762256858231391,0.31176759829050915,65.9469214741756,43.744418551280134,30.30887420023792,1017.3313364368889
2026-08-17 16:30:00,180.17799479374395,136.61318766501878,34.89039022545228,82.9537675438635,60.27517011167877,110.19284528999346,325.14766843723015,349.96945014769125,340.0659647453056,354.9483661440598,0.39689769018468707,0.05622241684008042,0.3138428131554991,66.19607197126747,44.363229152273604,29.697506287555324,1019.6054150348311
2026-08-17 16:40:00,180.03002418107766,136.87971859744923,35.000015438299194,82.56552273050863,59.365732337359134,109.78474577299161,325.23753031146737,350.12102159065614,340.28254908661137,355.1811033545148,0.40037526865513956,0.06131541915618165,0.3138173409653944,65.72925447152898,43.94623223099196,29.92551558862566,1017.8873438581955
2026-08-17 16:50:00,180.13119413890803,136.60777318301928,34.923686732136005,82.69762758181105,59.99566171927963,110.15266428825217,325.2739812162506,349.7476154044385,339.90219646835925,355.2110462354318,0.39678787427704326,0.05992564672970037,0.3107674235733738,65.81925894126293,43.928813835887325,30.258734515981637,1022.7375862415468
2026-08-17 17:00:00,180.0345368779824,136.63387442402055,34.828758432506525,82.59729428981434,59.978444690963656,109.62442455016182,324.78685784240844,350.32322736953995,339.8583088000602,354.9562545757441,0.39984964598918143,0.0563546599232849,0.3131561529030674,66.1366056627511,43.91043574318437,29.833867256230707,1017.8200742033525
2026-08-17 17:10:00,180.15073127720433,136.60293174610123,34.99888872146399,82.61343863701016,60.21386448335081,109.9867416126509,324.79656218077446,350.63334277908024,340.24876062303304,355.2481349079306,0.4003049910193878,0.058422840025960064,0.3133746008571249,66.14906819434495,44.00537130931467,29.830767608955902,1018.4793783345364
2026-08-17 17:20:00,180.25651261834597,136.88568241033857,34.99573229671106,82.62314972708202,59.875315255956515,110.29092289685774,325.09246448557536,350.13655491239666,340.0688794903603,355.3963115900655,0.4012436301236038,0.05925602165967356,0.3158697489452146,66.20391524921538,43.94017536766776,30.286411949779488,1023.0066783763946
2026-08-17 17:30:00,179.9557181359799,136.67217037918428,35.08251618768684,82.62542973001598,60.35805497391675,110.02253640744753,324.88406874580386,349.8794594931468,339.5114162214427,354.84304111119934,0.39969028245540544,0.0631048777312651,0.30830026250362286,65.83080939740823,44.68274417498967,30.289464064752615,1022.003233430425
2026-08-17 17:40:00,180.03950133439525,136.48943287079754,35.02877971935495,82.67901535952242,59.81172164143789,109.77144488219857,324.93166260861744,350.09227865711154,340.30267450493994,355.3700813245728,0.40028498922652334,0.06207132812271604,0.3120424651245119,66.51359822158909,43.782784160657876,29.922997689222566,1020.1292028904186
2026-08-17 17:50:00,179.98895538025997,136.74671634057927,34.900809575443795,82.50097517320059,59.606739450971396,109.45666675110833,324.9335476211585,350.3793084022824,339.70524471233796,354.773554243482,0.4027989480757524,0.059592899175003995,0.31066836429824624,65.55300098455247,44.330290858269265,29.96040792402474,1018.4689280970664
2026-08-17 18:00:00,179.91927439189035,136.65224578191737,34.94029607520206,82.66196843532471,59.53543976997899,110.08381648099675,324.55492027938874,350.4123098738379,340.28940983812925,355.3801430159637,0.398653785487348,0.06135040059598926,0.31548702607998835,65.44966269722924,44.641146451843326,29.98717008594337,1017.7027113917318
2026-08-17 18:10:00,179.99607335111648,136.48088127603833,34.75583881777468,82.544238984162,60.379063117355564,110.17247275260277,325.4015010683765,349.6290038987851,340.08623614225735,354.7427778404314,0.39988324115655965,0.0570251068148764,0.31075417306783276,66.23423565162163,44.5348867538177,29.923665905253195,1015.8332564139159
2026-08-17 18:20:00,179.7736707751925,136.57953020568098,34.89031160221304,82.63828799446689,60.23198254942773,109.87082027507545,324.60999983409636,350.1321505077563,340.2032870804807,354.75755013107556,0.4023927729351156,0.05908825843399533,0.310695128334952,65.23215796220498,43.98689743564849,30.088111581204096,1020.5504531746125
2026-08-17 18:30:00,180.14890368211948,136.66590600130218,35.128639155620014,82.59582023112276,59.785220397717104,109.6153398345394,324.5712211893656,349.8181609110097,340.3361222150712,354.6064613305592,0.3975026047001608,0.059185527339191316,0.31100177382097083,66.13911833461299,43.78035613238459,30.05010203545021,1022.3167592864362
2026-08-17 18:40:00,180.34048994118925,136.57373650413206,35.1500803096482,82.52560078591404,60.33269880896255,110.2712915168075,325.2712883043237,349.90612217390463,339.73738847414506,354.91742119583046,0.40111278015794244,0.05731099861571565,0.31298615052682177,65.97288128907171,43.88123163820303,30.088116427706936,1023.9640624773818
2026-08-17 18:50:00,180.3409022785963,137.2666444876479,35.075898347254395,82.66951791700416,59.96281400631502,111.24086522108486,324.71557326338564,350.1222808559273,340.23168080002415,354.9962355407276,0.3946294905353835,0.06242720017366513,0.313285010637806,66.73037145331621,44.285887440556586,30.11705996904814,1029.3999997961869
2026-08-17 19:00:00,180.25517082243604,136.8046032037987,35.03052228439795,82.49080675260949,59.97738692563137,109.84876901037225,325.35316759791687,350.20347031022703,340.0233122544227,354.9685624990409,0.39661314339699383,0.0592462084663667,0.31351450913165196,65.90547296831869,43.71605096081426,30.021443276041712,1019.8179884782937
2026-08-17 19:10:00,179.80717499009836,137.1782571301314,35.05861500295886,82.49444801088457,59.58821814191588,110.16836972238056,325.1412444572905,349.9608254901746,339.9674497126461,354.90391751096575,0.3966395598180904,0.06256922636188658,0.3119841005005889,66.00360749011548,44.066748748930024,29.971264179662615,1021.0033998211593
2026-08-17 19:20:00,180.3039541508837,136.65883802054157,35.048660564508566,82.68503344197654,59.853395851937194,110.18869649141563,325.14736543359055,349.7919277096627,340.04649127335716,354.94164922744307,0.399451723221645,0.0568282325751577,0.3125242589340317,65.69855434489348,44.30587012302439,29.97984082285226,1020.8683932134861
2026-08-17 19:30:00,179.85691787884247,136.41682146636313,34.8296739318503,82.29470201792132,60.044495020228915,108.71676756817862,324.9333852946633,349.9890145447382,339.8978411310538,354.86959970576214,0.39981810689756375,0.06185042952228307,0.3110803349544892,65.3670915371466,43.93640199851741,29.801150400279127,1018.6376781652701
2026-08-17 19:40:00,179.98938809357153,136.42955346235638,34.914598052649026,82.60582096350758,60.07215410933463,110.06193117269078,324.6324836805496,349.7415666006348,340.06135866468156,354.9036876189319,0.395219287287052,0.06159364819687801,0.3112641310194524,66.1044610092402,43.80745307767871,30.043345776521527,1016.2579196216576
2026-08-17 19:50:00,180.36923417289378,136.5360554403864,35.117530979564215,82.58770802846388,59.849969752898915,109.64674064883786,324.70128872214667,350.57557010026676,340.1230929623371,355.0590913153437,0.40357249848709026,0.057909025270049104,0.3113819214237064,65.53169622771466,44.3123171413033,29.74499441561095,1016.9592244789226
2026-08-17 20:00:00,179.78561813022677,136.99206369658245,35.1170515251252,82.5219590184088,60.30159030511971,110.69234399192511,325.08094853337604,349.5874773602107,339.8644644039689,354.8549201181382,0.40409659821750166,0.060616409906060625,0.310511614973375,66.62118544415377,44.159010473314446,30.27798755974585,1021.5430319218308
2026-08-17 20:10:00,180.16826026895995,136.78203934595285,35.024333493050364,82.62719184555546,60.43092663027114,109.87300708945399,325.02130815769215,350.2363730642796,340.37792967961474,355.06668883446923,0.4024159116260656,0.06052118382327472,0.316833452264455,66.10141384331847,44.89584425037167,29.93286586600944,1018.0380565657052
2026-08-17 20:20:00,180.05625395515483,136.61042084821443,34.97003506645328,82.58707888353153,59.778500944241145,109.61123209696288,324.70125222582,350.0920286169331,340.0855681085583,354.7060068522832,0.399485767597957,0.061332721185062104,0.3127244571577702,65.4721251096322,44.427721675032906,29.894958647720394,1021.7049071565751
2026-08-17 20:30:00,179.9695814352441,136.70311633578874,34.96265677394683,82.38513300316487,60.12987042432752,109.89075033196109,324.72277517978756,350.06339083184054,339.73356746432927,354.63281407500847,0.40085505743293903,0.05917074622480452,0.3127518529071286,65.92569954415117,44.76717625366794,29.82921921472207,1015.9566151361573
2026-08-17 20:40:00,179.82479180969332,136.67280661141945,34.94699267440054,82.5678409160961,59.57118532467444,110.08328052904531,324.8050697639431,349.7494216791825,340.1964382264708,355.250777909717,0.39849168689533093,0.05821499708761216,0.31197546394416564,65.5538388418376,44.328638905946896,29.926213683465797,1025.0002622777026
2026-08-17 20:50:00,180.08450073460827,136.5885078625347,34.909212320552705,82.53316930483267,60.133465762480185,109.72004721471912,325.04275380267393,349.9176582596658,340.21719211187946,354.7946802420889,0.398773485117416,0.05797374820443759,0.31220612107793755,65.03037719380123,43.7914817592658,29.739909147598116,1015.1942398933654
2026-08-17 21:00:00,179.90724157670655,136.82357777718985,34.81051102399666,82.42643777599554,59.73368228055914,109.97366861032863,325.1914074587804,349.9651542290573,339.64254214623264,355.0579470140313,0.3983724529318541,0.06034566157038796,0.31598654319382086,66.2265449197804,43.691513421576644,29.99292913897075,1019.5265092877416
2026-08-17 21:10:00,180.2090511806623,136.65838883055648,35.0152941641162,82.50626905730135,59.96884105927135,109.32292008422866,325.3292514538972,349.9068735414501,340.1532251727997,354.73710209987064,0.4005166269201378,0.058794620941170245,0.31633068621682303,65.58027451670212,43.95439645707829,29.761626084167506,1012.724160918798
2026-08-17 21:20:00,180.2448579134291,136.8697916303208,34.955959394989975,82.55321880334364,60.06391602464036,109.88737327654546,324.95838378744423,349.9973418696018,339.95823599015006,354.5936486562255,0.39886370267242144,0.05996621983853665,0.3118113588987276,66.28159092324941,43.64895129493596,29.92893147504469,1020.584395096397
2026-08-17 21:30:00,179.72413857684103,137.11091068834207,34.97944002963188,82.43623285309103,59.9435908760973,110.38783643804321,325.4884241654397,350.10493248189607,340.1476098201528,354.6347083930305,0.3989868838138299,0.05523193159362454,0.3125399013441084,66.2807836858791,44.5414339916805,30.267391394357666,1022.5376036821704
2026-08-17 21:40:00,179.8989474085384,137.35132717948542,35.1697924674786,82.34411412268028,60.317121776482104,110.98458613783406,325.28134290746556,349.94071865190136,340.02310950155595,354.7769710085419,0.4034919117973748,0.059458892054009914,0.3165324709035195,66.67533624612588,44.784868318423335,30.10640053354526,1022.3812449646604
2026-08-17 21:50:00,179.93618418418183,136.57296510520843,35.05899799063583,82.53086003390358,59.78891529493861,110.35325743385489,325.50522688688136,350.2074585751391,340.1902681726943,355.41761152424624,0.3992492254777026,0.056485636760578196,0.3104715709556489,66.31970668637715,44.05638985843791,30.219980618664593,1017.5794091241528
2026-08-17 22:00:00,179.76365763441456,136.75174843187358,34.93125719562592,82.40018265048853,59.87877345684156,110.13596692994597,324.8193389460242,350.29602277856293,340.1325037582524,354.8305316512397,0.4011479862862719,0.060297920029636076,0.31289307161802954,66.24501821687471,44.58471180837246,29.912595482930005,1023.0999680174904
2026-08-17 22:10:00,179.77641924839278,136.9783465279563,35.05786680805355,82.32804592969666,60.10869599794487,110.59188292896722,325.246818690212,349.91852910611436,339.4081545746019,355.10920113141543,0.40072323790040415,0.06263485666616339,0.3141995464547061,66.53589627150579,44.45310597996584,30.127893080165336,1020.1833375235086
2026-08-17 22:20:00,180.01773384262705,136.86384774305054,34.85202072701404,82.4463844267443,60.00461659399834,110.50955432998003,325.39741459694693,350.3011104992123,340.1053652069952,354.9279958475683,0.39902922493589077,0.060650928074848995,0.3114859559880031,65.96977232209956,44.48614957747829,29.86824061516774,1017.6048526367641
2026-08-17 22:30:00,179.95838889485145,137.3007961605352,35.104393845637034,82.26669663169899,60.08813753156535,110.83192135080344,324.56411802667,350.10049202576545,340.2462854242394,355.07643189085263,0.3990932633579754,0.0594303525800996,0.314690101157995,66.62007208657846,44.71059390625987,30.194365423208264,1022.5983312923637
2026-08-17 22:40:00,179.6696301748687,137.1526795035143,35.026559709834295,82.44072903446933,59.95359658427921,110.54132792692442,325.35326112004674,349.9176367897484,340.29935904375276,354.69037894088,0.40222742533430944,0.0617866363179584,0.3098793118359916,65.69450820853837,44.13855365243741,30.20990639943989,1022.7117514718122
2026-08-17 22:50:00,179.89237493165433,136.7935480219534,34.98140748751103,82.57535986612459,59.780990041130615,109.94106820932426,325.20646404104156,350.2273096490987,340.45419512955567,355.3672007040481,0.3988913812009818,0.05593022961043195,0.31419631101061885,66.04142838424997,44.13501917236998,29.52943576737592,1022.9972265838117
2026-08-17 23:00:00,180.10378097453292,136.90583594605505,35.05696422298921,82.15899358521557,60.207038901119894,110.12922380631711,325.3562087083185,350.422030678176,340.1906580464233,355.10975133597157,0.40129372197921975,0.0589493458705909,0.3157953762944441,66.71038113518668,43.91093834579384,29.900235767300018,1019.9346442191674
2026-08-17 23:10:00,179.7587500638522,137.1173930428298,35.14434355713762,82.47153514269536,60.0374890135203,110.08958062749876,325.1402356500557,349.9953369220174,340.48033279789024,354.917982041457,0.3990911303300274,0.0620885877655199,0.3104512017917055,66.65963669421744,44.37335260967521,30.085599972981353,1017.9716014734532
2026-08-17 23:20:00,179.81527969840852,136.83417851479894,34.954697102177086,82.33525452993057,60.27578032819702,110.15106960175258,325.4265683721723,349.54669460407575,340.34843388130366,355.29042665638764,0.39920014803957327,0.058989782609468175,0.3138072499510417,66.53727751231786,43.98744016933568,30.067266135801535,1019.3159058935298
2026-08-17 23:30:00,180.3175348520365,136.82898821293003,34.90293549396084,82.37568054498266,60.40109981124971,110.10016054452007,324.9709535422564,350.3269970541959,339.9573626909891,354.60547460078595,0.4029275073469557,0.05627205428726651,0.3159721974453078,65.86120317308017,44.63054967360594,29.93227921647859,1016.8569265175317
2026-08-17 23:40:00,180.26344325285612,136.90390346861835,35.20945738297997,82.28999372782617,59.912845982673375,109.60878560109762,324.9443509626509,350.3948177580214,339.89352965986745,354.8473233452894,0.3964673819027244,0.05797268816667383,0.3118662304615963,65.95202813251622,44.34420956752031,29.90022177250336,1020.4745176260559
2026-08-17 23:50:00,179.67579352126737,136.60206956548402,35.002064177839344,82.39204509249689,59.80076642197726,108.94818205569328,325.3080261900327,349.7660216895559,340.4781147037111,355.1628482172871,0.3985273337256999,0.060987899152524276,0.31286302212888334,65.10145612879298,43.54735770778287,29.879488984046233,1016.2339088074558
2026-08-18 00:00:00,179.7298055315214,137.03194742657521,35.148193796934486,82.36895947046166,59.883850537997375,109.66416069406517,325.3112772721192,350.06033492526956,340.3109429828772,355.52491626538625,0.39873550221494586,0.0610663277281102,0.31257305309158306,66.08890419283016,44.01417927045484,26.98957975960542,1018.4220418651107
2026-08-18 00:10:00,180.0754505357191,136.60711063296796,34.933717974123105,82.24481863443044,59.82725140184503,108.98698275581617,324.710423752299,350.2403829582229,339.5885424701737,354.9170565073206,0.4007817030392542,0.060337668367622097,0.30998065485897947,65.3336126661581,43.74056816814371,26.558915971300042,1018.2155425315027
2026-08-18 00:20:00,179.76170006050228,137.03824888006406,35.037914558980184,82.25426212920007,59.43965616315898,110.03397955369121,325.45496891677016,349.3956324622954,339.795830933879,355.60018842533157,0.3985628217240619,0.061883866691896064,0.3126852725198769,65.83698038613817,44.61592440421434,27.124529318862322,1021.9050477314618
2026-08-18 00:30:00,179.9494429787002,136.7849943107942,34.937119217171734,82.33183421487647,60.490978143100484,110.00226819407662,325.44929141302055,350.3390280287994,340.4529494885318,355.4178630886506,0.4001569793346772,0.060257389433498156,0.3162210051110906,66.10973930996275,44.33554628166787,26.893989895616812,1023.8981736973134
2026-08-18 00:40:00,179.90974328441357,136.43205251178895,35.06313784249135,82.42583899446083,60.13444525671696,109.16221274821842,325.40845016278735,350.3238955759238,340.15859942133665,354.81241298445707,0.4012836313447465,0.06049675292816204,0.31254405867350593,65.81039931993624,43.91720756070747,26.85646959456016,1019.8155753437123
2026-08-18 00:50:00,180.11203119534838,137.01276189827266,34.973154740921565,82.26483691051148,60.69082308241802,110.34408408356397,324.89873774934443,350.3524266590825,339.60340611334965,355.2271389392272,0.40387198045694206,0.06203196284288053,0.3154378894231103,65.76481771009507,45.02515010712014,27.096563202173023,1017.1357136016636
2026-08-18 01:00:00,179.49425373566345,136.54097649981884,34.93422603739522,82.42278666752118,59.853905624574324,110.43342904235762,325.4804619128487,350.5578903607145,340.2461633049785,355.41107337899376,0.4018695083090936,0.056408975058465524,0.30675327276943265,66.17864347675267,44.39741126460815,27.048345020952933,1024.534457088029
2026-08-18 01:10:00,179.55949901916023,137.0050153283311,35.153926592615285,82.38496252959618,60.18723531022805,110.04792589454664,325.2657375162738,349.7985285684686,340.4105572292248,354.79641136541846,0.3971347421429211,0.06549480155618036,0.31242498661763113,66.09383832976923,44.273605698604364,27.1983149680091,1026.5677921868664
2026-08-18 01:20:00,179.75476158001698,137.37936389831023,35.03405612187086,82.20088659222321,60.09537553243201,110.83383315092327,325.38716092965814,350.3982184063626,340.31289959189496,355.52050783787865,0.40339663596357506,0.060812983378007106,0.30795243348139667,66.57552473142316,44.5178106664324,27.277527638176565,1022.0294608771349
2026-08-18 01:30:00,180.20277559367665,137.24697406625518,34.79965951552819,82.5027847465132,59.99593321326732,110.93583277189289,325.1040932459225,350.7969720217128,340.1077194923989,354.6294866687526,0.39993084084886954,0.06453019905532585,0.3103937323856904,66.32230466643779,44.68767897674407,27.264070754083434,1021.3313295289411
2026-08-18 01:40:00,179.96913363403945,136.68244046403092,34.977152245740214,82.28887411445774,60.29990233413223,109.39700300184687,324.996164791031,349.44366070397393,340.06557402577846,355.4941994701429,0.39797632971016883,0.06042701273960795,0.31323706035380944,65.6150823099197,43.595941194410365,27.148203743357563,1015.0494173904607
2026-08-18 01:50:00,179.65835596075374,137.31367236854157,34.90964986782023,82.57444185293265,60.01744809019274,110.51835257190054,324.91822716079395,350.00879669792425,339.96880956099795,355.4280637695594,0.40038499191942023,0.06265735295709947,0.31558560679082526,66.10293834879039,44.83811701641629,27.047006906932264,1019.9735503873947
2026-08-18 02:00:00,180.09859788039466,137.00362874817063,34.87983035012849,82.50182446716572,59.9940781014,110.22042393935689,324.94724328590826,350.3321793948527,339.97554725137593,355.58323378346887,0.3979491900647475,0.06115550996990403,0.3118558434453177,66.40132924259336,43.95829220820016,27.03583961257353,1016.938515591308
2026-08-18 02:10:00,180.14153600315927,137.20133971532033,34.942643607857214,82.30173963311307,60.06317949500144,110.20915988827336,325.3888234012941,349.9079931307745,340.2107110919645,355.3452625205758,0.39913662478247763,0.06094484612559224,0.31573903426921895,66.23112760814442,43.801208515361964,27.191881973976468,1023.7894195545273
2026-08-18 02:20:00,179.9508274834638,137.5249065961974,34.953113425697914,82.32109468159413,59.37040282654196,110.46722375882324,324.9050512413643,349.57766576200527,340.8780515713923,355.1804613088528,0.39810386545869697,0.06030288534575002,0.31258281642708746,66.74759013868508,44.668484167015315,27.093457089000935,1015.5187538809679
2026-08-18 02:30:00,179.9338896513534,136.9728814393021,35.00367654768107,82.18020721274881,59.80884053868449,109.6404161020208,324.9525437796213,350.2211053516596,340.90009427176835,354.63529185121024,0.3989358817554262,0.05971304776904686,0.3122542820940689,65.58016933428881,44.43106488716717,26.802590093933592,1017.3435266233716
2026-08-18 02:40:00,180.08752741267398,137.04079874619174,34.92180964176683,82.1423263129122,59.803789787501856,109.70381378338749,325.2294967821691,350.1797102180374,340.086781497982,355.62411106727836,0.39492779203249684,0.06304096810239052,0.3097462216998857,65.5959829841519,44.09335099327286,27.023801251208788,1020.9931153923299
2026-08-18 02:50:00,180.24189348719776,136.9218082303339,34.815954418014314,82.34014787207917,60.49343495221744,109.58666394395233,325.0593739101186,349.9133516430788,339.6997384070969,355.29882980501833,0.402461026824622,0.06179722113630928,0.310270866789685,65.82221359362602,43.79733717027676,27.02752772919138,1015.5831329915746
2026-08-18 03:00:00,180.0304871685613,136.89292503191308,34.94728649588569,82.23437792191177,60.18625403766297,109.62254881331884,324.5413876886023,350.2055365057477,340.1129713910275,355.3578744909062,0.40001973422988446,0.0634289255931478,0.3112875836511824,66.12144849459229,43.35047148721812,26.738777845158076,1016.6159269159059
2026-08-18 03:10:00,180.1066193375007,137.01309890451205,35.087469995771826,82.23431947590241,60.24349249485711,109.95074413291042,324.94908167609117,350.40860814903505,340.0592168864664,354.9425488719795,0.4015762853902242,0.057192069533331044,0.31249093953580886,66.04747282654351,44.426620707454724,27.091417138969874,1024.6726607792034
2026-08-18 03:20:00,179.9903540531777,136.75145759812239,34.865030077778805,82.2080486663658,60.19840511554503,109.27408791588746,325.03691053015,350.4371704241307,340.07035855393934,354.45724992500226,0.4006836445452449,0.05638569197845171,0.31627075769310903,65.48227008186164,43.6068866750407,26.771232965759314,1012.2267461009222
2026-08-18 03:30:00,179.9237429079059,137.019995417944,35.06161660538948,82.29787726487068,59.961282904878615,109.47713631150515,325.6123821280059,350.2640976405534,339.6524780095898,355.25990080227166,0.39971157162373455,0.06110058108070719,0.31626480902823206,65.18362949930523,44.08458384404221,26.90390024480104,1016.9249062117703
2026-08-18 03:40:00,179.81681431191603,136.7806193770544,35.04577542648382,82.36846029556145,60.4943827409628,110.28876414453043,325.3399538782628,349.76903679288506,340.12737271465153,354.8570968319792,0.40260168857906803,0.06337162296968023,0.3149397008729535,66.06325959395235,44.13336513219767,27.093448080068963,1026.7948232290748
2026-08-18 03:50:00,180.05126079596806,136.9357439726699,34.95587887273281,82.25035608485118,59.95699155627229,109.9645186424051,324.85791532390164,350.0491980996303,339.9583852431526,355.1114800082719,0.40251968886039613,0.05781942776832309,0.3129544234867074,66.05545810269429,44.4384858370762,27.214153990440355,1022.433489517994
2026-08-18 04:00:00,179.93996079479743,137.19387640142708,35.03095077563237,82.23955194192222,59.608440164891334,110.19147739544904,324.83014311282113,349.4603021021363,340.16647840737954,355.2881904975936,0.3991728135399021,0.05797698880296629,0.31370357900360646,66.44674738319193,44.04346356148496,27.09456174423725,1015.4942579257705
2026-08-18 04:10:00,179.9512728969974,136.53076316149426,34.9259969733868,82.19071776231044,60.199039048103025,109.05536975839293,325.0199429440589,349.825897954862,339.69650473209475,354.7423124250877,0.40152601640560603,0.05828731115956428,0.31534431054749174,65.0145098134309,43.91623987769376,26.98634232136642,1015.5981006748981
2026-08-18 04:20:00,180.18594342648586,136.86397464532155,34.9605925589364,82.41171481406037,60.35804782926855,109.60807336691994,325.22033643497724,350.19589095445343,340.16703078616143,355.26023646982094,0.3991890039700955,0.059799684936633464,0.3099008814525814,65.92392362500325,43.88439360536563,26.89553419624777,1014.268525391147
2026-08-18 04:30:00,180.09760023640777,136.79510357634643,34.89896569709201,82.0082482098012,60.047371382323604,109.72228867363013,324.92990942965184,350.3128012749766,339.7992565392611,354.90456138427965,0.3989111208345996,0.062182986819392466,0.31248314567889496,65.94020496599245,43.97474928198204,27.00334440568336,1020.9999302140563
2026-08-18 04:40:00,180.1740197651791,137.11602609580223,35.04637419544882,82.11029849836761,60.12276427916841,110.01626740737855,325.285171171697,350.14291965844177,339.9139040858021,354.9623727637145,0.40077828028119966,0.05988733848035071,0.3144003996472698,66.65601110058758,43.90507170418619,26.924162535911634,1017.7772934654255
2026-08-18 04:50:00,179.68487009021493,137.0991016105555,35.13617065060531,82.24423026518897,60.294540075176876,109.70685791417293,324.7522594857061,350.1481599527461,339.9701032020433,355.35684689838814,0.40005057634222685,0.06065525435646305,0.3106739228275523,66.17273833179581,44.43485869853236,27.15115306708899,1017.6455725871891
2026-08-18 05:00:00,180.1116762857678,137.4704683450869,34.93287261260281,82.2537903168208,60.45960473391675,110.4666073132532,325.2584327691287,349.5667498685723,340.00212420317655,354.70266313960354,0.3996562656225895,0.056870927083893165,0.3160027993045632,65.82231791119627,43.782877563889336,27.110965213732655,1017.0129267957112
2026-08-18 05:10:00,179.8820265038057,137.1291851431148,35.11896792777225,82.32251695194839,60.186124269388344,109.97086194188327,325.5108725476116,349.77089818820485,340.0050111736083,354.9678642901187,0.39581667900733064,0.056288518727956975,0.31372459843927536,65.81914931434754,44.3912451693068,26.922380007894095,1022.4974550398892
2026-08-18 05:20:00,179.83835120161208,136.91369836346908,34.78838716035297,82.32690050049099,60.50349817061823,110.00850708029878,324.394383445525,349.8119744861282,340.0021699976198,355.06708807190705,0.39818086766363947,0.06062975327682031,0.3134701801092948,65.94293468139928,43.873675091337496,27.166315936152948,1010.9133789843328
2026-08-18 05:30:00,179.82956993827185,137.1042428925412,34.91231569868391,82.3859982427696,60.10153190081853,110.00676908649625,325.1605371645542,349.9812903253862,339.9886762286731,355.439547943845,0.4000845817666459,0.06069922139892767,0.3132998139046154,65.8033988268781,44.05427659468608,27.132952753724567,1014.6352690298055
2026-08-18 05:40:00,180.24227920459543,137.28593879313328,34.8997129230144,82.13016647265938,60.62342926670739,110.35399272471706,325.2446930135946,349.9818268243219,339.96497789016894,355.11714664627425,0.4012815136768748,0.058670418631904565,0.3118890985485174,66.06148310248697,44.63536365791687,27.156718609367157,1021.7781858680183
2026-08-18 05:50:00,180.16557277756704,137.2559221828689,35.17109102624477,82.22530624992969,59.62029482610398,109.76418964389302,325.3037177385277,350.81750631518224,340.00438696583734,355.3406832294956,0.4011972827413754,0.060519044982715015,0.313680014144935,65.44387989794372,43.660844847438824,27.019218825446064,1015.0901621110337
2026-08-18 06:00:00,179.85662003204254,136.8465049487547,34.94147179411705,82.18587358156354,60.291071212138654,110.56119689113665,325.2042946451514,350.46674259504107,340.07354464501105,354.82153027460856,0.39877227533643766,0.06033395200294316,0.31192634447990647,66.2025297412029,44.71552725215544,27.175639179019868,1024.2940913539876
2026-08-18 06:10:00,179.77248534552035,137.223374051759,35.077572698983644,82.27737556431912,60.101143586107085,110.23002930134466,325.15807506415774,349.8586496536322,340.7369207315933,354.705092756461,0.4008303080959399,0.06132709418438361,0.31166618801798457,65.87960874041286,44.12157809221315,27.10873299968737,1019.8008553637895
2026-08-18 06:20:00,180.00274593948745,136.75764915677678,34.79662024225511,82.18503370869264,60.05274074887733,110.07701846827416,325.261574339281,349.96746223245486,340.45327443463685,355.10245602525964,0.3973807855004045,0.05889822769414044,0.3125556559330972,65.96200398876043,44.478158356573225,27.02745765349904,1022.6277715587848
2026-08-18 06:30:00,179.9080856263406,137.23057174193673,35.0114927910051,82.2439045837897,59.64850354039427,110.02086824377393,325.2132509152873,350.0054039372774,340.0061398636623,355.61215478942466,0.400769842203929,0.06005857056991378,0.31540799489207716,65.85942448295671,44.45057341856945,26.963266721243052,1019.938770993566
2026-08-18 06:40:00,180.33191240436514,137.2639823359438,35.056375971519536,82.09366641931307,60.328594176727236,110.26015198394131,325.2097749569762,349.9957376737854,339.77946508570636,355.3059795777158,0.4036126963658866,0.06355614933159792,0.3106685018214263,66.20639789957528,44.61016497490197,27.123206063390686,1020.8549480563494
2026-08-18 06:50:00,179.70774382640082,137.36185124132516,34.99644230364983,82.19168153287872,59.96194697891142,110.50769576896452,325.6431809405159,350.01667974140486,340.5238857489337,355.02739535976644,0.3994208438403365,0.05839368438289744,0.3143286464191012,66.3175775278972,44.272001155980526,27.056881261396818,1020.2370616776373
2026-08-18 07:00:00,179.63402916460237,137.42955703609675,34.729376209567405,82.11713175487345,59.73144715969766,110.47276377519249,325.4853864538502,349.5621100420097,340.18553970564506,354.9719271631329,0.39783039376844237,0.05924077910029354,0.31484008377600153,66.28349411383111,44.47227871446537,27.326973466984818,1021.9286517918524
2026-08-18 07:10:00,179.94884893432325,137.24510554075732,35.01769404233553,82.11807657877326,59.835978547945025,110.18793007890544,325.4580461194195,350.52826096193223,340.29573172133985,355.55551502131266,0.40199056165749586,0.058940502636769414,0.3124421255028271,66.04923594604294,44.05355406494414,27.061183422199967,1015.0125132631772
2026-08-18 07:20:00,180.0021474941046,137.13638832991893,35.08076184541347,82.10870259272758,59.95142735915818,110.43835937746864,325.0081471141994,350.3829715691218,340.5378588359601,355.3483071164193,0.3996334258036362,0.06156759182847629,0.3119466015625814,65.86128290016013,44.396675973378805,27.093968084105054,1016.0898697894455
2026-08-18 07:30:00,180.02652356037277,137.20681979286488,35.13149245527142,82.02270291076836,60.047913254935075,110.05917909287177,325.05278439689783,350.3732053593297,339.63119910245666,354.74065634550334,0.39989411852598655,0.05823309383497859,0.31384318685908597,65.97061253498616,44.08672195423244,26.763642186160276,1022.0131758912597
2026-08-18 07:40:00,180.15068455597924,137.5624097577589,35.03974716896696,82.26190686326318,59.7563762196167,110.62624509965664,325.5029009605198,350.2144625017871,340.01759410391185,354.58586950440935,0.400973658797752,0.05737565246021067,0.31148694026903406,66.74463958302634,44.68767898717371,27.083285473068496,1024.3925984328946
2026-08-18 07:50:00,180.41466712812326,137.10438260197526,34.832068848579176,82.13584175409235,59.75213774525236,109.98669674639511,324.89358913397643,350.3240967245212,340.2554370496519,355.73826860592044,0.39922247128674815,0.05852395068843716,0.30940172656213366,65.97985720000192,45.064123684479156,26.99364634825149,1020.0853960794267
2026-08-18 08:00:00,179.93153146012628,136.7936771820807,34.97928600816143,82.14326665289543,60.13836989731981,108.9624303626379,325.49603914837206,350.0784094327352,340.61547863024003,355.21678290345005,0.40131790927327715,0.057157693357456636,0.3156673972631777,65.38732287056656,44.06336517902485,26.53971749538062,1014.4595708860525
2026-08-18 08:10:00,179.8911261603791,137.13188351442156,35.09001658865666,82.03973441710987,59.99782719539124,110.66894128347617,324.8112212717496,349.5950836738035,340.17960126259345,355.17687405672035,0.39845564061029887,0.060569758322673084,0.309936430313004,66.5395800843382,44.12991984773359,27.050420826554774,1019.8838697056718
2026-08-18 08:20:00,179.64815242239115,137.38718706195615,34.9186194159314,81.90163608550971,60.586313457570405,110.05392554401266,325.821368788326,350.22749240962884,340.22962787774827,355.28083242427255,0.3983625774643605,0.06374902442485637,0.3115064082737409,66.04261899618966,44.19278593140337,26.907547511760587,1022.6589769021899
2026-08-18 08:30:00,180.0486811248821,136.86089319582146,35.05632978348086,81.98357541627803,59.89660529615293,109.41446077746726,325.56646503082925,350.2004048811328,340.1975709361522,355.1509286758629,0.4004611774620836,0.06133921581017721,0.3112281305197425,65.46510694956197,43.897619977702014,26.877546799832565,1020.1881557571693
2026-08-18 08:40:00,180.1706816971939,136.9837080466396,34.952411635602914,82.05648488264626,60.23325841920795,109.90088814638361,325.0492966957744,349.798361574066,340.1981740104401,355.13501839453846,0.4007625063950737,0.0611379650780109,0.3123913455091037,65.84902042521935,43.69518502116647,27.108587614681763,1016.1491602848498
2026-08-18 08:50:00,179.9479125040954,136.93112125379918,35.00926666275436,82.12124854261397,60.521407101746114,109.55808321174486,325.0765755743477,349.5220597034524,340.25748086515176,355.1619515138499,0.4003287734944319,0.06094515742265485,0.3144787134076674,65.44732835801284,43.6683312994258,26.6577804718912,1023.3807480982703
2026-08-18 09:00:00,180.2361230068891,137.35169105034586,35.07554933892042,82.23379623542706,59.960857396482034,111.0501046916497,324.6200627972159,350.54016697038224,340.0450467987608,354.5937429509241,0.40121758874225705,0.05936705159989136,0.31176412955098254,66.31979986422219,44.75833823387005,27.28687809848691,1016.7728588425393
2026-08-18 09:10:00,180.0060579792766,137.20977067665393,34.929469885302254,82.19441611438386,60.30310933339487,110.24884247379167,325.2002792416812,349.8931908902599,340.0056627043226,355.08648195321643,0.39977610901080324,0.056917664927343084,0.3120904202743605,66.13999065302241,43.848512618283976,27.222703872087944,1018.1500065222637
2026-08-18 09:20:00,180.30297062416363,137.1618496020596,35.28538487723621,82.15487682418134,60.10584797626241,109.21564441267796,325.56211470169006,350.1402019538909,340.1060822884739,355.04801247252794,0.3985854568272208,0.057965430960406045,0.31332701371167443,65.3788575717996,44.54178367114029,27.012153815185783,1011.7282775799049
2026-08-18 09:30:00,180.06662671810673,137.4283339966271,35.01518609372662,82.13567161025475,60.03380735138723,110.27308227318443,325.39579808401544,349.99458660831806,340.4060906858653,355.5040388545073,0.40082597741723663,0.06182411690073983,0.31146730179306364,65.83390144838101,43.754368159379425,27.052070341071314,1021.2497115389082
2026-08-18 09:40:00,179.78856786812696,137.39743649855924,35.03423109528269,82.0397544882944,60.48167761913629,109.80063002258937,325.14546124185614,350.7120366802571,340.5693515630759,355.4800067105746,0.3967378749302931,0.05717800003864689,0.31372033160126556,65.92660355156639,44.05009031863058,26.738268005887168,1025.7506436284552
2026-08-18 09:50:00,179.87263590841786,137.79754433223596,34.92615980504232,82.019487733181,59.73222097015163,110.95839166795008,325.8172004718295,349.7596058471293,340.26387419816166,355.08046873090404,0.399882740218371,0.06345098436133376,0.31524679478682444,66.7466655255122,45.08927504686498,27.292939827025744,1021.3776654038104
2026-08-18 10:00:00,179.6932507647933,136.85600912390785,35.00623963961374,82.06350344603479,59.84415239507857,109.4736516999564,325.3856329633102,350.52662170122653,340.14657239507756,355.15683642478666,0.401807335043653,0.057771835233872526,0.31369587650152425,65.63228579613107,44.11217404931221,26.923208018416002,1017.4648840755035
2026-08-18 10:10:00,179.6525874422431,136.923299763152,34.97330335226566,81.90338997897058,59.50763532896873,108.87648524833934,325.34683718520796,349.4505965758129,340.59386702499296,355.2203267022967,0.4010097706229662,0.05919170325288452,0.3164954078422677,65.15307624389087,44.013078774795005,26.882421010652234,1016.3146816553475
2026-08-18 10:20:00,180.0533829822159,137.511056498667,34.85451813212662,81.94019509381253,59.98364711347067,110.03293458986396,325.14310142424466,350.4908261232951,340.39687598764993,355.7798512558726,0.4021734233139911,0.058279002925624525,0.3140401742685986,66.56376103242609,43.570633485051665,27.12421812923939,1019.3327293357534
2026-08-18 10:30:00,180.17391959489913,137.5999248796543,34.847287124959024,82.05761613884002,60.30255695821519,109.82598632522514,325.4003855061223,350.0664768461672,340.45192850089984,355.51642932608473,0.399405371599497,0.05761119297316451,0.31399456926629343,65.9309255647807,43.979681191772166,26.949219713732052,1020.9380822504548
2026-08-18 10:40:00,180.39085236661566,136.88531870651002,35.0286495506601,82.01345294362366,59.9450501554299,109.79170713255066,325.9934217913295,349.53965936231526,340.19910610377246,355.00496549632913,0.39941066742997644,0.059088707808377036,0.3073698916698653,65.7159268178064,43.63601001220989,26.760172460484604,1021.5111741153187
2026-08-18 10:50:00,179.98896523768033,136.59957874935535,34.9912642353746,82.0156054361455,60.25529795985435,108.92938041942436,325.36615557623514,350.23677293668715,340.11427071908344,355.6324902275158,0.3989385067201538,0.05959221521885494,0.3116183554817413,65.63497856739353,43.52448757346945,26.689841563122926,1018.244955867785
2026-08-18 11:00:00,179.95262816697937,137.3960734708109,34.73751480888967,81.93570134669324,59.799579232483524,110.21340467559872,324.7540355404533,350.19924982644625,340.38508915695456,354.9318618956013,0.39890269009224605,0.059476885543575296,0.3146896750813666,66.57217075565745,44.31788682097785,26.83381175911129,1024.3831247953035
2026-08-18 11:10:00,179.77819260902234,137.4535316091342,34.78591994548154,82.15312683809243,60.347990221226944,110.8366725739213,325.30300519480767,349.73762988313985,340.1958045381989,355.54331708025774,0.40031658585612223,0.06083891160140663,0.3102432440243823,66.1164066486087,44.22471513716677,27.22547935775457,1016.3045340248427
2026-08-18 11:20:00,180.197462508201,136.73763220579485,34.96920795899854,81.95611863706203,59.98579626712074,109.04547545954729,325.7967983614739,350.33197909345654,340.59133065345213,355.24246677169555,0.40186482692677394,0.06028983455297305,0.31228819093395715,65.0899845413666,44.07534092777962,26.76076156472438,1016.9660214419802
2026-08-18 11:30:00,180.07783534022258,137.51870920790182,34.99314725552069,81.99414039220173,59.880683425061115,110.58561184371143,325.5893056635867,350.2180714662499,339.9851512890727,354.8677360979238,0.39983002542674706,0.06262920361487782,0.3143969959256253,66.26102346729071,44.087180192494365,26.817578646479195,1021.6144795182454
2026-08-18 11:40:00,179.8809738604138,137.012720785339,35.06070692893116,81.87648285640411,60.49112258262519,109.71564157162298,325.0963940554781,350.37360012144734,340.34639636142674,355.08707282813754,0.4030428410137801,0.05919839524514578,0.31498229144781076,66.01503092028753,44.08973013531056,26.642732221292526,1018.6207559079998
2026-08-18 11:50:00,180.13770617552296,137.21672295927024,34.87625499805333,81.92884349754202,60.015266204668755,111.17450263601113,325.349329346109,349.8096159190882,340.2562205275238,355.1629838262766,0.4008524121488975,0.05820486386457119,0.31310061010730617,66.35359649482481,44.48771471857965,27.312494528901805,1027.2689438159714
2026-08-18 12:00:00,180.11226977801743,137.3366183633838,35.05913675814634,81.83591357588402,60.183437679270995,110.21800396052443,324.8223317459199,350.0066804614525,339.9522816196755,355.5373789348349,0.3958394198568749,0.05865504311279845,0.31272634037016245,66.50612839399561,43.9438679083479,26.83331265007576,1020.2117730238393
2026-08-18 12:10:00,179.62600963824198,137.26697840356965,34.96926926627704,82.08185180959902,60.05303424178738,109.90607781432708,325.4377208012961,349.9434743644744,340.150141618125,355.609102915164,0.4012341199355974,0.059782586377263316,0.31353156061012133,66.01081692086231,43.7610797070594,26.71934325559993,1015.8968250461529
2026-08-18 12:20:00,180.14853877757835,137.584154681755,34.94931208518693,81.83907005724255,60.221031332844845,110.5526908829441,324.99967181107684,350.27355773779567,339.946585350205,354.70770924013505,0.3989779104002483,0.06232272511449019,0.3086434854614338,66.83862225821399,44.206897795377024,27.264763179267486,1020.5944417795707
2026-08-18 12:30:00,180.02722189120786,137.5519441322292,34.98584617608829,82.01629764013443,60.053198291556726,110.26301422537486,325.1021666562107,350.0794309427372,340.1550034515994,355.0823108546846,0.40011167025100863,0.060352781917146665,0.31316282058258993,66.18806384996311,44.70584867777232,27.016580224167377,1023.3386205385204
2026-08-18 12:40:00,179.92170472765423,137.22705582297874,35.09850272466342,81.88935289888883,59.671664202989966,109.70377201200876,325.09372256664454,349.93877659200336,340.1820024912313,355.5471222832476,0.3984694673624245,0.05924444733418981,0.31098764995791844,65.96655886230924,43.65247289158937,26.831798583929174,1024.097557726018
2026-08-18 12:50:00,179.9165839510287,137.36867350994686,35.055727860056194,81.89136138562117,60.09959025947487,110.35510847164448,325.0528629843462,350.6585182560848,341.0474553301821,355.3800679416618,0.39885966653035315,0.06038308454523567,0.3121190086623715,66.46420716384208,44.44208331600572,27.065422458949033,1021.0898277421728
2026-08-18 13:00:00,180.34968046056835,137.08967631778617,35.08889699758276,81.85755903414328,60.155799803795226,109.74465206482745,325.75437960303685,350.08499534342417,339.9575903575663,355.38586890564545,0.4040507346772228,0.05762153849334534,0.3098656077493682,65.71937296897579,43.36143171956832,27.154489223847204,1021.8550313596495
2026-08-18 13:10:00,180.3071925435308,136.69397793208825,34.931251208201,81.84849858817229,60.12986609342303,109.1057560164282,325.6932080204025,350.57715352527447,340.4588463991464,355.42816329270687,0.40201947409422173,0.059185514813873845,0.30880543290065865,65.1174063903446,44.00467713756556,26.807623356154963,1018.9888682437935
2026-08-18 13:20:00,180.36518838584516,137.5634891614112,34.97161108313306,82.05881148674322,59.952305095155374,111.0157960966237,325.1833687322122,350.5007490051631,340.1336695078596,355.46247880528125,0.3992304741314765,0.05866756839425111,0.31223163156800937,66.5167377412619,44.31685794019144,27.398054547840328,1021.5083252593249
2026-08-18 13:30:00,179.7702667532268,137.450579729918,34.88376313256856,81.94605457721151,60.54056107178637,109.8252084496291,325.29668489511164,350.03468915382075,340.37962560494935,355.6236694659739,0.39843773157937984,0.05794487012823966,0.3136420101929287,65.42445543296752,43.96609620176566,27.061553869116374,1013.6895018220586
2026-08-18 13:40:00,179.86910104522406,137.34688817878592,34.94466310167459,81.87649371109781,59.808287247305934,109.69549299966619,325.7596522352672,349.69936888194513,340.17399256200184,355.1265218682268,0.3991909800361725,0.061195624757782695,0.31347859475349166,65.42475222704161,44.164601064675466,26.924232303211195,1021.5579427791336
2026-08-18 13:50:00,180.18109696903932,137.77711576658012,34.96035799892992,81.76534276965225,60.05344814315132,110.16936103172749,325.18965866586086,350.31641492208547,340.0383349565095,354.5834369759933,0.398699942199326,0.0583234363775352,0.30983348808086536,66.07065146365667,44.20351371966004,27.156431560369086,1017.0072172167462
2026-08-18 14:00:00,179.75830649381,137.04554090409357,34.9534390905823,81.66003371117166,60.07894337167929,109.22018407107315,325.1457225373574,350.46222517780154,340.7007210082868,355.3888225916815,0.4011914599279264,0.05872430873510672,0.3110687213574007,65.64284492400913,43.97217818397187,26.68294033471442,1020.489064059529
2026-08-18 14:10:00,179.8559594334913,136.77405037454383,35.07130165803281,82.01843718310782,59.70587731292122,109.32321067590054,325.0311221591402,350.61348710811274,340.61154672346146,355.0588297592507,0.4022385686842174,0.05775239048573848,0.3105926149798525,65.85370283362982,43.844948210373104,26.66487072041818,1020.2599159136823
2026-08-18 14:20:00,179.63914856918134,137.42068348128552,35.0425155767286,81.7567915554266,59.67496032294447,109.75017664996562,325.73167006202146,350.3797453350483,339.76700267544055,354.7591103021733,0.3968603167930452,0.06059861213611382,0.3134476443229655,66.25167690967665,44.12146016435179,26.8492495058428,1019.7332353995544
2026-08-18 14:30:00,180.37061836815906,137.46303148387938,35.07591629757032,81.69495428687321,60.209289868674944,109.74013909672357,325.32885609375506,350.39548098326713,340.2413867055338,355.2662322330489,0.4008614432179642,0.057841611590769254,0.31454779667953725,65.63200740848197,43.617899111532225,27.10917477713964,1024.1147686196791
2026-08-18 14:40:00,180.2125370506573,137.1456468511751,35.01282154936282,81.97140189266223,60.21247454164459,110.03594463624307,325.28595975623335,350.07600110233415,340.1808832618136,355.0316770242762,0.39982568472181446,0.06413785475537931,0.31372830154824755,65.59914980317815,44.0336565859042,26.900466738148367,1020.5446761051077
2026-08-18 14:50:00,180.09170263147587,137.239464449172,35.107256047833324,81.74019992606625,60.058289580565976,110.56127885656302,325.16286020364265,350.0503085903752,339.8173225942031,355.2353553119828,0.39942892380367945,0.057972888150221585,0.31375659235563863,66.7589341525146,44.27240818649585,27.065363049060217,1024.9912232121835
2026-08-18 15:00:00,180.04384429077015,137.3182187243771,35.011370553822566,81.90496276256812,59.55577663542139,109.76298651343248,325.02314356653244,351.240690296073,340.34019649637924,354.65020778733884,0.4015437222354213,0.06172578015865171,0.3160161497812023,65.89258306030757,43.59213764484714,26.815546647359138,1017.2621213701314
2026-08-18 15:10:00,179.9165737284452,137.59067950286422,35.09655525240545,81.94727534859688,59.93434466140193,110.24639923637493,325.5660508317603,350.6175720668714,340.4425460624346,355.413585198089,0.3984597308183578,0.06107988088535906,0.31252241148895715,66.17537378504144,44.366409635191516,27.05513634084692,1020.0326597638251
2026-08-18 15:20:00,179.92042449036163,137.26438095628853,35.050296356916455,81.87747444320051,60.087002417938386,110.30077250045176,325.06690795273585,349.87410844472646,340.3094459372153,355.2436085021446,0.39827865976752735,0.06176149152457992,0.3124660494489371,65.74777026030297,44.353710925306814,26.9732608391862,1028.0473414667117
2026-08-18 15:30:00,180.12313723997724,137.1391753060698,35.073518797973,81.8894827146422,60.19678635938014,109.45796230920106,325.14210991597605,350.3689676537725,340.43321512929066,355.3170271499221,0.399783246403773,0.06034421541625458,0.3146532105964532,65.3439065972704,43.59118381122101,26.98478382212676,1021.3755153876563
2026-08-18 15:40:00,179.85764435683018,137.27941545891423,34.99330301949915,81.69284161261234,60.36010420898757,110.1142278614564,324.8076194294661,350.4181024600573,340.82221350870924,355.04752273424344,0.39852174670957485,0.05800618349560448,0.3099418891153633,66.27647103867507,44.16534879653847,26.90402696810901,1016.0168860439857
2026-08-18 15:50:00,180.24547903125904,137.01293344713133,34.87613241188936,81.6669972987624,60.148946736380495,109.52866631033852,324.97811347112145,349.74193432401773,340.1674464071682,355.02667742164675,0.3989322855969918,0.0643479240853014,0.31026515042196,65.50407520086429,44.08684719129447,26.89754022033792,1021.2993527783188
2026-08-18 16:00:00,179.90148418087844,137.32492174064524,34.85552296743742,81.82378587248127,60.29527794103027,110.53194937227389,325.1496931776998,350.1975894163756,340.67327328962693,355.54913190580095,0.40160356535544717,0.060442921416207995,0.3128248394606855,66.68174863874978,44.20305598650577,27.233643205700155,1020.3331653451014
2026-08-18 16:10:00,179.82530310159868,137.50823301712765,35.195738162483416,81.81772372071185,60.49607835786428,110.22754493903625,325.1590339302787,350.4568931785201,340.95098632647876,355.45695002706015,0.3973958245284821,0.057854829662838766,0.31648192405541037,65.83063075677462,44.402426138351316,26.90484808807994,1022.89413737258
2026-08-18 16:20:00,180.25960240923973,137.34341182779573,35.03878399043962,81.79012837270496,59.345223730851835,110.00825205718063,324.86357432611015,350.7904093228001,339.4495659406872,355.19420004771786,0.4024828627300115,0.06259182757697167,0.3108399519967988,66.3969409774734,44.35340799468091,26.83230123240258,1016.0420690552576
2026-08-18 16:30:00,179.97120426659924,137.06626594054646,35.04434568981543,81.79601910367695,60.30341401761628,109.33015017312444,325.1265975807024,350.78014607150226,340.2431274492194,354.91788879378714,0.4027159369895842,0.059921654551014364,0.31289048512319767,65.20791364610898,43.521510035434396,26.70437480135627,1020.6385268251504
2026-08-18 16:40:00,180.1109750052983,136.94391112173423,34.983310054137924,81.71688409281006,59.89186790755345,110.05799500514266,325.2667721658048,350.18660114610435,340.71320677159656,355.4253129963754,0.39934514246793273,0.0586420657047412,0.3112495339902497,65.57258063964642,44.437300860414446,26.740897453686312,1021.1078941074735
2026-08-18 16:50:00,179.91701249807986,137.6346702673297,34.954146343524805,81.54668935179372,60.15637221755566,109.61648624321165,324.5479214078104,350.1993052722959,340.41507207197554,355.1298713510552,0.4013175587271607,0.061325569770532676,0.31413414189614575,65.67899137845623,44.435440879800254,27.067242540427383,1019.4963136193844
2026-08-18 17:00:00,179.54997946819813,137.37003565950363,35.28717738473871,81.83493335250523,60.07787788192249,110.35298132022614,325.4794262157524,350.15781621988833,340.13617383173755,355.5280375529954,0.3979019765381,0.0601876260434336,0.3135625007791268,66.00525904583188,44.05440102580544,27.07984320885665,1017.5825997963254
2026-08-18 17:10:00,180.10944055070956,137.3933669002103,34.88800931883694,81.74132346824263,59.72348555961829,109.94033674881724,325.2323221806273,350.3687440652804,340.74159740258057,355.0750610581479,0.39948158170339726,0.06125847372969965,0.3128947686851351,65.73185281674479,44.32820358693193,27.114133296761324,1019.4640311276793
2026-08-18 17:20:00,179.7306633249935,137.0926712017208,34.9937264469324,81.81605088877689,59.75749008482013,109.59382771855627,324.9243000590242,350.5617729425126,340.58394537778616,355.3357738668933,0.39913308722721264,0.05998053629035212,0.31150943043626167,65.91402962093657,43.4098679449804,26.84456805315334,1023.5184483129641
2026-08-18 17:30:00,180.2164459766933,137.67512727697695,34.99486597143049,81.98762480264759,60.14287216716844,110.46275894875558,325.23671639269514,349.99042563298667,339.8486148133186,355.39051474298435,0.3983835169378936,0.062095256655660146,0.3119744013561824,66.5006954380108,43.606620731777454,27.098363734466773,1025.0724917427485
2026-08-18 17:40:00,179.68983641144868,137.28660375637963,34.88690113523952,81.77900297347944,59.96554823848561,110.36076753385672,325.4463000459276,350.2532767110405,340.5692560047694,355.1256024055877,0.4019582599615329,0.0609067314589282,0.3092970041270486,65.84959937605869,44.285075411715255,27.216635441218116,1018.5215821615953
2026-08-18 17:50:00,179.6270264909499,137.38074058880628,34.872826510743884,81.78170115208788,60.22780956859328,109.70335146052662,325.3183548970364,350.13132238841155,340.27451744080753,355.44718290960776,0.4007863740458018,0.059319083158026815,0.31053033531547986,66.06738638874194,43.689403382923715,26.98959065221275,1019.1625030066358
2026-08-18 18:00:00,180.06152779308985,137.62205737440522,34.92968350657178,81.68442545425434,59.90630833685738,110.58101391633924,325.3340859691947,350.0773719665005,340.39017900767504,354.88831552498334,0.40197908964031664,0.06008179507041458,0.31377502133595364,66.75761203696958,44.642591370253626,27.316566393121697,1025.5044528658548
2026-08-18 18:10:00,180.08505409581963,137.59808459195622,34.965620680012215,81.81065537179227,60.634821669235684,109.85080266240783,325.3272484858032,350.15824384244775,339.9847597507923,355.6786232628505,0.39695942242514803,0.06216939993546036,0.3074394741645066,66.28138161722957,44.631502404382495,26.943697578813207,1022.5900633147289
2026-08-18 18:20:00,180.02133733585174,137.217206602853,34.95143806130216,81.74845273438723,59.943739725842875,109.84542419280191,325.514552556762,350.86866187461106,340.4954442300246,355.17230203680555,0.39983551834724484,0.060022734363762376,0.315707090302615,65.86506844480684,43.98849386384658,26.668360373928035,1017.8606043040514
2026-08-18 18:30:00,179.75728418973287,137.37971901845756,35.08132338533132,81.74670070343096,60.61379960556503,110.06190052413413,324.9333183274227,350.8448514613129,340.3854094565161,355.1725971468434,0.3992110395324754,0.05865929215464715,0.31076156740036787,65.90079632368005,43.969135440887435,26.82648150112379,1023.0444368880559
2026-08-18 18:40:00,180.17770639983158,137.3189487983911,34.882132084665514,81.77897168246785,59.798458654736606,109.62368312405353,325.15898890115716,350.7636962695369,340.0605025802418,355.2459021853133,0.39701690359336445,0.06033640942131271,0.31361721221640493,65.76171539216263,44.18613819169362,26.778242181088427,1018.9010624260364
2026-08-18 18:50:00,179.70706230857914,137.82091151307705,35.040471698018216,81.5815625517936,60.178007019613794,109.77918004914375,325.4429941294504,349.81977052583863,340.24152612635373,355.195510147606,0.40223497326842106,0.06117014055876413,0.3158366724215686,65.96024271228721,44.264033676821526,26.922491780595422,1019.3523018875295
2026-08-18 19:00:00,179.90714742837244,137.19172325405287,35.146861010627624,81.75049996316368,60.34063082551522,109.91976036065752,325.34162226692723,350.4172714222741,340.76471158145637,355.0963653427352,0.40026238177733686,0.06099984082999975,0.3071660272438767,65.69202055707648,44.29914314063121,26.853648657879106,1017.3945308086987
2026-08-18 19:10:00,179.8423744543111,137.81211593309612,35.089296004651445,81.78551781177843,59.63982514279873,110.76514150482893,325.02748265725603,351.05234549032747,340.7995289160403,355.36114137997635,0.4008330337231964,0.05741598270580772,0.30972708346425565,66.00776449223939,44.170615409279364,26.978349089134976,1023.398146471508
2026-08-18 19:20:00,179.92446485528302,137.63193771285074,34.886078824192325,81.88960744231125,59.73857178769379,110.7498248709804,325.2556777443283,350.45474331270503,339.9062558265954,355.1247096307633,0.40312085463199215,0.05783125194132579,0.3109794750093504,66.50495266059012,44.612554331991376,27.06112768431016,1022.8517305776164
2026-08-18 19:30:00,180.17055606831823,137.53275372293658,34.70466520773516,81.4964934974802,60.13356522876003,109.87056489970476,325.13712078779395,350.11568698559927,340.49950824265744,355.2210712019508,0.3990359502377172,0.05948556001265067,0.31271363712813804,66.00518902080894,44.144990124016566,26.754669033503536,1022.4565324348098
2026-08-18 19:40:00,179.87318464056287,137.91080485060638,35.08453297358344,81.71585443069876,60.34674408330044,110.80521887026435,325.3477101183142,350.51350138855014,340.2638193942568,355.36001328895304,0.4032804688171234,0.06167914816117711,0.3149552269326409,66.50418275435077,44.01835682824156,27.156827188756246,1023.0109670387383
2026-08-18 19:50:00,180.1128781074692,137.54687506704997,35.04967300984758,81.88338775185746,60.40944491632659,109.97835662504544,324.86252343336605,350.25706404089937,340.20311674854736,355.25268599327774,0.3964500066386305,0.06045708872166421,0.31652065586271344,65.60325753696847,43.96869815311754,26.972770709737997,1019.4259117749133
2026-08-18 20:00:00,180.13882925325305,137.6455265171603,34.94143417490338,81.63499694529115,60.175938402410644,110.19029033890575,324.87479051302034,350.21566482389187,340.4302202625191,355.0803495820832,0.4029055679933992,0.06309732341810634,0.3118710989700065,65.60512366322239,44.50781327721056,27.116294982478845,1017.6671864108246
2026-08-18 20:10:00,179.6577920709469,137.7368986504716,35.128066815264006,81.64130710206364,60.31793976760887,110.44178891688696,324.9288683562045,350.41694275587565,340.80823535301937,355.5500446122769,0.4017313043330977,0.06315897998131373,0.31551957272385384,66.14348856064638,44.149780838747326,27.29289239264689,1018.5773254620193
2026-08-18 20:20:00,179.7666838654264,137.47963973719789,34.95954611659172,81.8351821181572,59.68183871015172,110.14602391310011,325.31046748856375,350.48586978056727,340.5245127340691,355.8925813764444,0.3977781188644482,0.06162950315383428,0.31231121648619775,66.19754983296811,43.66330328973671,27.002440410540185,1021.6604009663527
2026-08-18 20:30:00,179.92332954718077,137.9029801986065,35.01079500610824,81.96426584545054,59.89453039473916,111.20759110209096,326.0686027974765,350.29168499550633,340.0797041902377,355.1464263166729,0.39757556468006616,0.060411023544569446,0.31203233879203607,67.00260524199918,44.81516692357887,27.492088420216824,1020.9657004370002
2026-08-18 20:40:00,179.88157569831955,137.27841889296684,34.8961855267295,81.657702697123,60.43157601797046,110.1216731571186,325.63837502871297,350.3399363608482,340.38182940804506,355.57923476758657,0.40525927101121884,0.05974416130362452,0.31466693997417455,65.91427816641657,44.44645387796867,26.941873469568087,1021.3535099140063
2026-08-18 20:50:00,180.0615343050257,137.29375700132758,35.03190888031551,81.52587720297127,59.85726744413547,109.4012053772446,325.71047440868693,350.0381935098172,340.5005457363738,355.1182239968157,0.3989399695684415,0.058344237311843586,0.31097227492462204,65.18801324983146,43.738813084017664,26.789437124240646,1014.0521169217411
2026-08-18 21:00:00,179.61366780813844,137.6332928024298,34.9569734957105,81.60812336077275,59.946946714443435,110.65273548725709,325.36046179124514,350.3363976513656,340.6992114048262,355.2488437767786,0.40255045612094725,0.060446051317651496,0.3101024065580289,66.04765169922928,44.35231397821045,27.04720616471766,1021.1127442065823
2026-08-18 21:10:00,180.1441182328947,137.4544113469168,34.94965003880032,81.56905479836954,59.516541668533165,109.79396825324397,325.82143792958277,350.56826264977656,340.35230673799276,355.0123659592607,0.4009619289752732,0.05783803879280915,0.31508544576992975,65.70389022557409,44.1404469576597,26.813111085222577,1019.3993686217253
2026-08-18 21:20:00,180.14891471846548,137.6669802533517,35.107985661029474,81.52218151109696,59.961505002727904,109.84785583432591,325.464693475416,350.3824855743716,340.415216706185,355.16225134720816,0.40040894358196677,0.06178648738123523,0.31333602111855985,66.0921107810054,43.76917666202761,27.143666471986553,1018.227274959539
2026-08-18 21:30:00,179.9663520815448,137.1557641342744,35.021443442607094,81.43632005328081,59.55859114028148,108.5041635582473,325.38302112403164,350.30349466353226,340.4466816613295,355.1130716898487,0.39985845537461157,0.056728411575722545,0.3128183499029757,64.57126828672352,43.59905119340118,26.394693229183492,1015.6603710267977
2026-08-18 21:40:00,179.72338826976303,137.84206451053828,34.85044946126555,81.64969490310911,60.11934608965843,110.50049294982666,325.68047444382404,349.9213742673985,340.5719038550345,355.3064323042366,0.39766138342022356,0.06239842249298976,0.3132430200307463,66.11135629153432,44.75991119577515,27.149945680589756,1018.5628649624093
2026-08-18 21:50:00,180.00111670337486,137.93846822986674,35.069152192437606,81.62475688038985,60.43874026488604,110.40922457330157,325.01493201213407,350.70224902027553,339.8249763750905,355.24178764209563,0.39781752131946946,0.05966076461503858,0.3086584967023016,66.01372573902593,44.53477403733353,27.131055315195546,1015.7221961149754
2026-08-18 22:00:00,179.8925018714808,137.27496157640417,35.08365860748991,81.66107547189563,60.105839899238646,110.39950973668432,324.7338586893263,350.0107160531113,340.7950277573862,355.97660139332163,0.3985111565284765,0.058600677166819035,0.31393337832625573,66.2070253027237,44.325296371633506,27.102690339953412,1026.2061247390936
2026-08-18 22:10:00,180.11332792434465,137.8471447846554,34.916781706704896,81.61611788822376,60.06382635702085,110.48920294826304,325.02587553296246,350.57048788165406,340.48101536742814,355.0884852815388,0.4019997487017322,0.06030999318693837,0.31650788041062544,66.18912892535607,44.199877786106576,27.074948413911525,1020.0871876711726
2026-08-18 22:20:00,179.98291589186744,137.88221237326852,34.9607022848527,81.51011948872986,59.900603985151406,110.84550010155866,325.7818667767498,350.2574553998559,340.3912536487508,355.52691087409306,0.3962821347437662,0.060306711614227175,0.3127464544465973,66.20603362982492,45.18694628564979,27.259545342099543,1023.547906519066
2026-08-18 22:30:00,180.14564538403107,137.58895777984196,35.00538145076212,81.6426051523014,60.173525853919095,109.9769990754779,325.6362962336092,350.61257548961015,340.06766102926883,355.59001658231074,0.39798191289202006,0.0601512025696527,0.31397431858290337,66.23148321814928,43.57480306840159,27.18223984659707,1025.5472259019496
2026-08-18 22:40:00,179.9133355648584,137.52539651979959,34.97506205513961,81.61802521674065,59.69656036576535,110.4688082490847,325.4322328633868,350.68728821624654,340.4703259191726,354.8351647672805,0.40097198564765074,0.05749989371727721,0.31322618230113464,66.63515852956841,44.282296388418224,27.04157364305636,1020.1796738951138
2026-08-18 22:50:00,180.28852290082614,137.6082603776775,35.0123889867242,81.47925781027416,59.8827813703777,109.62808009401854,325.3107405670538,350.2780957674512,340.9800180008271,354.8538422590891,0.3999012657611273,0.05447841572792906,0.3152601882343309,66.04117659343994,43.7577260104535,26.94328268584032,1021.6291207722328
2026-08-18 23:00:00,179.53904785078393,137.7926119684193,35.0649924950577,81.51567321594072,60.63592850387434,109.82309940816789,325.3318939916916,349.45599809083615,340.2204573107549,355.6090311917473,0.39913128030732564,0.06193482165389768,0.31406828312958934,66.04027702425256,43.78013905670772,27.13107895822336,1025.7715443656543
2026-08-18 23:10:00,179.7967649206883,138.00705476379486,34.950822565284405,81.61056836896526,59.64008511118377,110.52838007716474,325.4966087858453,349.75803415830666,339.9166313387973,355.01479635571985,0.39811084213203135,0.06009194999958893,0.3083457077597975,66.54864941052537,44.27645825905101,26.80122402915797,1023.8190787980928
2026-08-18 23:20:00,180.0981624831636,137.6908526627405,35.20807880621149,81.56041376196286,59.852471506213696,110.19556191443282,325.1352177207832,350.08408923199363,340.5307755240425,355.26803020404043,0.3965858516665241,0.06146565439508162,0.31441980644144485,66.25708054228274,44.11892719138707,27.170687536891666,1019.4400182104846
2026-08-18 23:30:00,179.697816813952,137.54945332641847,34.92881248674498,81.48115823481176,59.6136948329835,109.33329240371096,325.61195872611336,350.1021518669406,340.41128570568634,354.58989552046995,0.3985302012802917,0.05528030122310972,0.31478805921614067,65.63756344207917,44.310018087691205,26.73148959279537,1016.0579502617899
2026-08-18 23:40:00,180.1471863142363,137.88943137626396,34.94610772011091,81.61474275142449,60.36841682509466,110.18066468977385,325.10741676245567,350.4725194084751,340.39083328719664,355.0498455942359,0.3977351111233674,0.059283416840285486,0.308826644789992,65.60946157483635,44.72392711616752,26.97689684716064,1019.4996073743857
2026-08-18 23:50:00,179.75665607139953,137.97734281228992,35.19688474031948,81.62132820429227,59.94655736443941,109.90854427956984,325.7825359313731,350.98644040816146,339.9560396268313,355.29473331653884,0.39902868824695387,0.058100271007349165,0.31231398133665994,65.99588000768044,44.483381814283476,27.123431142725796,1023.2453646386641
2026-08-19 00:00:00,180.01863957060226,137.763942786214,35.2384579840119,81.46042452962202,59.64874805878127,109.5906668544263,325.2959874989606,350.58998071868274,340.5339898221096,355.6995632522108,0.39812785005491796,0.06027403162341705,0.314619913083988,65.90222918433794,44.16427696625508,27.01850860165347,1028.9618726690205
2026-08-19 00:10:00,179.81704877256317,137.76909746142914,35.00376032255346,81.52130173161973,59.653873745299926,110.21714352515704,325.1275838117741,350.34931780325,340.6007754966686,355.96842724251565,0.39697053972231905,0.061978792339926383,0.315664625046516,65.97079875783345,44.08968177751214,27.049679883692967,1018.0863320232063
2026-08-19 00:20:00,179.91175894706598,137.6274533792148,34.98127577487522,81.38290009002797,60.33249306893228,109.79774715125558,325.31446129880175,350.80236936266664,339.13400764714754,355.19466303547676,0.4027353253741,0.05771871872082694,0.31154586424720015,66.14543484031594,43.90150523092796,26.898310845388856,1019.4196075919201
2026-08-19 00:30:00,180.0349247628039,137.45335561164,34.89270881179916,81.43321316173544,60.20734802137425,109.214755155744,325.1303408363188,350.33759489521753,340.4630207561887,355.8043202624918,0.39584023006629176,0.06098129267637443,0.31796759429323185,65.53782094923386,44.32521230264786,26.745842051841475,1022.3943052440474
2026-08-19 00:40:00,179.97905312959472,137.5468392835762,35.11428063668256,81.50454887546252,60.24280045949418,109.44442236066423,325.3630563018728,350.65751912931717,340.64430327259726,355.3815791615809,0.4016027654587364,0.061042233238242136,0.3138308003432321,65.33159713412833,44.10323563185132,26.89852220192052,1017.3980112742139
2026-08-19 00:50:00,179.92373602737175,137.8873127318486,35.017315534045004,81.62387515663684,59.99501693165705,110.88458503827184,324.87909555733904,350.5121879384706,340.1531508023789,355.31698778399027,0.3991443598316084,0.05590279994678329,0.3130519462645707,66.84137290934812,43.91230922393912,27.280016187642907,1025.913013022034
2026-08-19 01:00:00,180.4306232171144,137.59480626609493,34.915381002021135,81.44956421858936,60.27151206912694,109.24253554193619,325.2627930445594,349.816014207926,339.7893374601631,355.3236401901376,0.3988244699587043,0.05982189877588214,0.31380116116067813,65.2911167413051,43.67802553355604,27.002088609734706,1022.6537378354809
2026-08-19 01:10:00,180.00169235415444,137.60843755167633,35.04059240487354,81.47149582850994,60.39062909067701,110.11140109354024,325.4298004461412,350.69747927742765,340.4511514980213,355.32070800954557,0.39752500318923967,0.06001246965531012,0.3139723840183645,66.18354946161527,43.736506643156254,27.06191775004271,1019.1114512037518
2026-08-19 01:20:00,179.80600797307198,137.65663622470677,35.137048927670904,81.4153997703354,60.20431191953055,110.30502795715415,325.5216593003839,350.93990089817987,341.0613449482855,354.94801405302127,0.39806840231419044,0.05943591133730296,0.3145902599429727,65.85659773106396,44.29964391278593,27.08448447302397,1021.85316153372
2026-08-19 01:30:00,180.18552020662068,137.8876456503876,35.06857505873644,81.5016149768021,59.55219542715442,110.31959452315016,325.2986736428635,350.3041197589131,340.5353681603399,355.37217865234135,0.39908305557315227,0.06099686352780646,0.3108574654691604,65.81854424486845,44.579828306065835,27.22182096966552,1023.3151444131582
2026-08-19 01:40:00,180.16413233496596,137.40843984623095,35.22081654567427,81.31042329530301,59.44645554451288,109.3872641706807,325.7660745889721,350.64335381033004,341.09907208550203,355.0665096080698,0.3957917369750527,0.06246985939388743,0.314138626742744,65.77566343581933,44.3026137226646,26.809461777467938,1014.781697934135
2026-08-19 01:50:00,180.2445848313298,137.6264882616432,35.11596167306652,81.45151046156022,59.59142336706156,109.83923091532235,324.92389923118964,350.56935232899565,340.533234036887,355.4996184823525,0.4019972737877649,0.06148116119210727,0.31385600799262514,65.71009897820464,44.046353760433085,26.95387753300149,1018.7328328036859
2026-08-19 02:00:00,180.3574516710194,137.35849607972682,35.0440578381092,81.44885750899721,60.088565092064705,110.0704233625643,325.35436738466535,350.3343320774639,340.369489319287,356.1952109282124,0.4002674731045042,0.06236401661756523,0.31887676970440754,65.91169515798232,44.175254902205126,27.048093598954026,1018.0162832838168
2026-08-19 02:10:00,179.81213274796676,138.020084352599,34.99672232078983,81.37177338053054,59.58094053599574,110.40010463023941,325.2786755997552,350.30395514301756,340.20570932499237,355.0224010505689,0.39988923872712023,0.06180930586943046,0.31375415919398575,66.13285884835368,44.23449612428988,27.03958194343392,1017.8042882614542
2026-08-19 02:20:00,180.21190436194314,137.6352308597569,35.05501240827708,81.44293662850248,59.69977093618934,109.67751958439302,325.41952700059176,350.721872027005,340.85905171692724,355.89037122990544,0.3998404504645708,0.0598127098029668,0.31248797117217864,65.88392681703985,43.507628775660955,27.054646954020704,1023.0592879134231
2026-08-19 02:30:00,180.22791988279107,137.53179866576752,35.121734055021015,81.3677918214042,60.02040529816169,109.41826274768724,325.3474059451247,350.2276506074846,340.0458416539289,355.0804730112513,0.40215397430287647,0.058799292887962484,0.3115683917503666,66.11821001996601,43.736085649038806,26.84855175170031,1017.7481593664116
2026-08-19 02:40:00,180.00007285943948,138.00647365867007,35.085872490747754,81.5071853346198,59.75751725486292,110.50128702458025,325.8285124295006,350.26080322240176,340.26106727513746,355.31319150218536,0.3999008792431683,0.05763595436840545,0.3132499854456521,66.20478839450304,44.28952221677033,27.055814007835185,1020.678914808392
2026-08-19 02:50:00,180.04903272185402,137.98051937291586,35.10548297496561,81.3977490337054,59.64175487197843,110.55257682299485,325.4268582881345,350.68282132353073,340.321141054164,355.71404364487483,0.40146835797562436,0.05623466948278141,0.3124008150856564,66.39528739372565,44.44813775201828,27.475451238805366,1022.9969225683521
2026-08-19 03:00:00,179.39944353753825,137.69225643597179,35.022288105836246,81.4642654233136,60.28548774643558,110.18503627802451,325.16013835946734,350.70964024525034,340.5350890641586,355.5647728169418,0.398620613651395,0.05882155610127646,0.3100323504974091,66.0160363795572,44.3674271206471,26.92736134237581,1023.2112855327531
2026-08-19 03:10:00,179.8852101019789,138.05295065768047,35.076644035091334,81.53434089376736,60.15057802509714,109.69560642165118,326.1571546150368,350.90375962572335,340.46347719815054,355.76676255414856,0.40342946985296574,0.06062352066568228,0.31031792428288507,66.31607815723778,43.9711293026139,27.06101923028208,1019.2408666307282
2026-08-19 03:20:00,180.35759265121013,137.7569025771948,35.12152321559417,81.42330255035371,60.23524973894029,110.20338082771107,325.4454359116611,350.2562275395348,340.0112165108205,355.8147445161959,0.39860073083360986,0.05972716154455673,0.31234036276844124,66.18141089732028,44.37060979080782,27.086686778075574,1020.7590053950809
2026-08-19 03:30:00,179.64263102252454,137.9856180204326,34.98345724382129,81.46796556439902,60.27322339272777,110.05465535163293,325.38927562727145,350.0310449407885,340.104383062722,355.3404740165766,0.3978019975534913,0.05987702549279441,0.31207287965925323,65.79229530589873,43.66051418876485,26.898288038858478,1023.6292948894642
2026-08-19 03:40:00,179.89286132311204,138.27384048781065,34.87038735816633,81.3435275197614,60.42285042946637,110.4188143380957,325.6961400557056,350.7671180941268,340.9653789798626,355.26998963102017,0.39858690112863354,0.06166329492935833,0.3159071581693676,66.08958342001704,44.347194756445006,27.141120670986794,1020.2579050398725
2026-08-19 03:50:00,180.05758719651814,137.46823335875231,35.172621067487995,81.3023548225283,59.99599747757833,109.37544351704454,325.2664241909756,349.97446843986785,340.4842470198017,355.61111110558323,0.4017736085103011,0.0618357970808943,0.3147507442869011,66.11647530205218,43.864698045524825,26.701984782808648,1020.6197682326267
2026-08-19 04:00:00,180.1151126744585,137.8354603912376,35.058333124095384,81.18728791813744,59.95321911621842,110.0581303860695,325.37661261420243,350.31712380783557,340.46060667420676,355.57808336139857,0.40311000772530436,0.059547629935511305,0.31298901347351116,66.07175049886493,44.72968334720814,26.838216938179784,1019.586216306823
2026-08-19 04:10:00,180.3263084680697,137.62173729720203,34.956037647541976,81.34301365387216,59.50095172056671,109.92046807566695,325.695831999805,350.3777388862494,340.3587971739385,355.9309646579549,0.40067239416288175,0.05978422440297825,0.3148367031335952,66.53678578492544,43.91343574493924,27.03170677302674,1021.6425147362345
2026-08-19 04:20:00,179.64743529080113,137.8269859367297,35.0234099370831,81.21203856745605,59.93621042232942,109.44515814267629,325.1011795047304,350.96640635544435,340.54863187760856,354.8074589665627,0.4042189161841653,0.057058514732323415,0.3122897005841975,65.40462032993041,44.28182515975203,26.566809514127847,1019.6259238690349
2026-08-19 04:30:00,180.00855327394987,137.78671867280863,34.975296092345786,81.36801602873189,59.83319794220537,110.10782412470418,325.31637109595306,350.4570164071162,340.2435852373235,355.7357453280489,0.39786902678447,0.06218424010647094,0.31066206411762104,66.29525150640988,44.14336028427697,26.735936738649247,1023.7696355983537
2026-08-19 04:40:00,180.1719343975552,137.61658492886517,34.8294951817157,81.14312803181065,60.3063311357109,110.01745891793946,325.7248225526791,350.084762411187,340.7999263960531,355.58460230772926,0.39843857824138323,0.05965315833051046,0.30936454034330063,65.94918571189444,44.19736073681426,26.894347714424285,1020.5495356822419
2026-08-19 04:50:00,179.73727026638673,138.01017316696212,34.981641151116584,81.24113318003542,60.198494908411,109.7948206664445,325.9766296660723,350.4445415378906,340.72533739711923,355.35432050193714,0.3989642506006815,0.05478747456653734,0.3129846339264776,65.89414489861409,44.15522571073343,26.849073637008445,1019.8764509219635
2026-08-19 05:00:00,179.99206215033706,138.07205353280594,34.85760449801455,81.35187944414322,60.4288595888063,110.19801437494297,325.4313182616404,350.85730373175045,340.4701598258455,355.205256498881,0.4025701139722645,0.06001538151933277,0.313842904493412,66.18705695360725,44.48963522200359,27.068173197620947,1016.2419886170691
2026-08-19 05:10:00,180.37695920927223,137.43377941722807,35.020277574810386,81.3208768773043,60.318433130574306,109.29060149463527,325.4260784586734,349.91052854399476,340.74802430717557,355.21336342452213,0.3980448793376539,0.05961211121403001,0.3148798737085814,65.84112497176217,43.378385328633996,26.56341197967775,1013.4388512132344
2026-08-19 05:20:00,180.2633012857496,138.06016116836588,34.9890735019884,81.15559831014816,60.345653907942335,109.97317910341424,325.7761934095395,350.06073397381397,340.4287704041971,355.2179204636929,0.39991884511504827,0.061449901125043276,0.30762477668357224,65.94425601134486,43.511075505490794,27.03893558266892,1026.1818871578507
2026-08-19 05:30:00,180.10789966223388,137.95671201462406,35.113359351806,81.28571330553713,60.15629288772667,110.2157070828895,325.03023637181104,350.77158850700715,340.35383172246304,355.921622510367,0.3975587937389861,0.06001597645076684,0.31100972966573365,66.26420906964519,44.622927794335865,26.947630654575242,1023.5043165171718
2026-08-19 05:40:00,179.4771838786083,138.4190555071565,34.987996005303195,81.56688324084357,60.04394498879477,110.14200892906284,325.2602595771455,350.5001313216283,340.7755630021913,355.45953159744136,0.4003126578539415,0.060954444876002746,0.31281193713659666,65.90762220555008,44.44873671853358,26.99429909822946,1015.2998147839
2026-08-19 05:50:00,179.9739331195426,138.36316827662685,35.037403778134525,81.41062769152714,59.89362864684939,110.53821389097898,325.23342475980843,350.1581651640356,340.4558454601783,355.3756904396539,0.3981962173698454,0.058904448747469,0.31236371547113334,66.18782359012802,44.7378905057426,26.93872878675028,1026.2818352816057
2026-08-19 06:00:00,180.07728411315915,137.56158514330554,34.97012649732204,81.27416972613175,59.99790885997574,109.39944371290899,324.8672103903797,350.4050175801301,340.2440754873719,355.47251690229666,0.4059833374980409,0.06168415347797373,0.30857050181077855,65.81866149907877,43.80020711596887,26.72052642416449,1015.0275186768645
2026-08-19 06:10:00,179.9383050506811,137.57082448668578,34.962018170061015,80.97300315047889,59.72857516389834,109.24605978768363,324.62311312641003,350.4912367280738,340.9611760438767,355.62373577463705,0.40151010447594754,0.05777879023043556,0.31265531882873615,65.80480063049919,44.25344404606554,27.24335215795612,1019.1459947613504
2026-08-19 06:20:00,179.98691217136368,137.74843785032718,34.86026021686935,81.19948352349523,60.115199176785495,110.11953387102913,325.35237109670265,350.1237494643921,340.4349754475834,355.6813082308396,0.39888108996648663,0.059712089910550964,0.31197920747052404,66.10957990977111,43.59003004084416,27.059758308531748,1023.6710965524845
2026-08-19 06:30:00,180.616684736348,137.98218356175633,35.099044442138855,81.34097261787754,59.97847202437799,110.22757626371799,325.7384793516091,350.30085713771086,340.6266393160656,355.45949125489335,0.4016170803163541,0.060402224054784674,0.31466998621721276,66.66445433781676,43.54709340568685,27.020977147513097,1026.4316621924902
2026-08-19 06:40:00,179.9571062961433,138.24168453830305,35.01707221171479,81.35651914406785,59.41735792589763,111.05991189658843,325.6697312684074,350.91514450310166,340.943848679519,355.40646475162913,0.3998060605533028,0.05936216910195674,0.31051203980066405,66.41658388462936,43.81193147995028,27.475174143143064,1027.430593869776
2026-08-19 06:50:00,179.8060739806494,138.1347448300048,34.9417175847409,81.32706477883673,59.22382438588267,110.30830623810347,325.84648097020875,350.5745856151254,340.1189356976974,355.24081575944325,0.3986633962063403,0.061740403440008904,0.31596874160153043,65.813790286524,44.633485893181614,27.240316719839036,1021.6926466745209
2026-08-19 07:00:00,180.04857345898972,137.771693080215,35.02083797897509,81.32529682818509,59.79182266534196,109.5630258513154,324.6822762403447,350.8183880670039,340.40685026129216,355.45724395234265,0.4009548032120721,0.06077359308817295,0.310618564732422,66.07465584803856,44.016238305945514,26.442188539633626,1018.93520105321
2026-08-19 07:10:00,179.93686532047465,137.75553738163862,34.958539733963235,81.28542217585589,59.86667622084361,110.40301486745089,325.4386913254461,350.47155176919034,340.7889962435533,355.43224019910366,0.39693664511250626,0.06049667363885108,0.3162151148069646,66.38599138718276,44.45688483322309,27.063281310881116,1019.7333169919616
2026-08-19 07:20:00,179.93805036934037,137.61620687428595,34.927586173667095,81.3033441794187,59.914200178916396,109.57718492612663,325.8730903766723,350.3147307550829,340.41484971377423,355.2932588974708,0.40292611033848424,0.06039271152186889,0.312727527210827,65.56904771953582,43.81335272923691,27.02119776911632,1016.3750423924057
2026-08-19 07:30:00,179.9825803034611,137.94069082298142,35.024937187215905,81.01879434312787,60.373443444128064,109.25708202717189,325.23217563778195,350.57921149513965,340.37257706705753,355.38557171083625,0.4024407080295146,0.06095267322975234,0.3146625542037054,66.02794082754497,43.53475536715226,26.74296871469557,1016.0198692371704
2026-08-19 07:40:00,180.15480824395323,138.56512920637383,35.12150650126585,81.55578104363275,59.81964178285654,111.30455043985627,325.1075096046495,350.2117470465971,340.46385325769137,355.84465676865,0.3976681924317192,0.06117377740399314,0.31224351595194655,66.75825395311192,44.81275301342326,27.17433282624124,1018.3837790908863
2026-08-19 07:50:00,180.04750111942235,137.94938038406534,34.97305119688665,81.20755773912872,59.63450023632912,110.16291268969871,325.59143202067463,350.6012707899744,340.4198078295803,355.7132686501161,0.39963902611548063,0.0581454161758098,0.31040759899800935,66.85460033595182,43.87137969338973,27.125770511658743,1021.8021013815586
2026-08-19 08:00:00,179.75971137429164,138.0233748382174,34.857531849478185,81.17888695004385,60.11009947253014,110.3574753159036,325.49582077134795,350.3999491737933,340.41871976147,355.5657547367875,0.3960911515893496,0.059956587280179566,0.3153925242292035,65.74213703364076,44.22036379205479,27.006724844318448,1020.7198569768519
2026-08-19 08:10:00,179.9734590325021,137.99805205645077,34.93853358043739,81.37849493671081,60.288294059565835,110.28177512634883,325.68031351633164,350.40590520946097,340.6342741865141,355.83606126163926,0.4010364415928987,0.05947978331551819,0.31201587571355915,65.98368621804916,44.248244851281356,26.999467388037747,1017.5364306257984
2026-08-19 08:20:00,180.09488961846012,138.24278756783684,35.179736482713174,81.32166444246084,60.473618795942684,110.90603838704476,325.494574067489,350.4153465613162,340.5429322582394,355.52368314111783,0.4005387709354267,0.05936429278261404,0.31494983002471727,66.78118161301433,45.00606634092637,26.99514383747149,1026.438045318033
2026-08-19 08:30:00,179.90645491072254,137.67540024544564,34.91888557892236,81.30601224764423,59.70804392912988,110.14205325823754,325.8614184000638,350.21180628598734,341.0304370953584,355.8293480243148,0.40038388062947905,0.060161030668656426,0.3110070261813305,66.49549100318009,44.54672719769901,26.979166641306612,1013.40904222623
2026-08-19 08:40:00,180.22978875985677,138.3242097862166,35.11879578647004,81.17186569858572,59.926978622170274,110.6088490163398,325.70335272341,350.91420643892053,340.6174178781383,355.4882998841832,0.39883835206728285,0.060031303967553115,0.31097174150294565,66.85937210329831,44.49308630115349,27.06343320785635,1022.0248161675257
2026-08-19 08:50:00,180.15542563225202,137.66597217492404,34.97610264512745,81.18650615646175,59.876990471191704,109.48635807500098,325.5777418900138,350.0473148349344,341.0204147982312,355.91835726706466,0.3998028594783005,0.0574489703733611,0.31254086679191656,65.57048952780103,44.02715108779712,26.892374351315688,1018.521991428256
2026-08-19 09:00:00,179.8018463235589,137.76492153062838,35.07401873213061,81.21129303978589,60.433802077263955,109.30391950472595,325.39496682885715,350.5720594322382,340.56581708301337,355.6555890013324,0.39853644368523794,0.059514253811778405,0.31545443652457733,65.61552801200591,43.291283751526585,26.98860928552328,1016.9334402971782
2026-08-19 09:10:00,180.06395879566512,137.72149318462152,34.98938281512258,81.10865860861841,60.20021459662052,110.7132785051238,325.71360906359723,350.125001498504,341.0447622176725,355.40880978074256,0.39945176969752827,0.06197914902215181,0.311812692177413,66.60188860664837,44.691633772378594,27.080484398307124,1014.5302463466763
2026-08-19 09:20:00,180.3967549642044,138.2620620480547,34.84226561901075,81.19393266808831,60.00597989952903,110.7374298592045,325.31540184053216,350.78252930550167,340.4905036054381,355.1533761181747,0.39854598144833014,0.0612835175375403,0.3174420815498908,66.73364100454893,44.575943794165845,26.790219219894126,1022.9788736795501
2026-08-19 09:30:00,180.31203655763824,138.32177310637715,34.95881566971647,81.15654330719444,60.20742914013929,110.25536290765677,325.79172574812213,350.4444304289915,340.8955098617525,355.54289256932145,0.3986028735132856,0.05631075119914589,0.3129396740615077,66.05374797861839,44.43102150059619,26.83429795722266,1021.9638271361488
2026-08-19 09:40:00,179.98874560243647,137.59874073435034,35.21120969318583,81.13720662295367,59.896172732907615,110.11303325186064,325.84999715849955,350.56939211169276,340.5829784472864,355.54752907463126,0.3985244126110215,0.05883764487708112,0.3160333263586942,66.06279819268528,44.14166355438557,27.12949408328959,1017.3469190587682
2026-08-19 09:50:00,180.1795223466088,138.31130242572007,34.98682922428755,81.08913203765717,59.94042042332239,110.08308829732643,325.7924597759402,350.65784835642637,341.01730494783317,355.1886378387198,0.3947470048862063,0.060733425547975166,0.30995037834905664,65.59454567461464,44.13041980320325,26.883070484674302,1023.4252404649345
2026-08-19 10:00:00,179.86522735882053,137.97699777025574,35.0564817991284,81.00255702620021,59.98875718788009,109.65591928578283,325.14474807812104,350.6262110859847,340.30642342503796,355.44689092167016,0.39828564787369597,0.05738830155593228,0.31221296108143126,66.1460904171963,44.22722838281679,26.85852896906956,1018.0767203143957
2026-08-19 10:10:00,179.7103845433373,138.11563964317173,34.9663783020527,81.22829330641159,59.85453995894377,110.7693189499932,325.6492641559466,350.5759404904127,340.4036693853258,355.3368960295464,0.40166862560421246,0.06031409122836717,0.3147311862072883,66.21568173993083,44.38399405271147,27.269260330126926,1023.5438464536559
2026-08-19 10:20:00,180.11086391206317,137.81573745671622,34.98682255466477,81.1777369801015,59.92590049558233,110.32944040741592,325.63090392593625,350.6326323319629,340.6600655174783,355.59398646129506,0.40282158236697685,0.06301865774253337,0.3153998559764414,66.39235850789983,44.04772520170218,27.404539913726456,1019.1725168421362
2026-08-19 10:30:00,180.04930745404948,138.3211667201881,35.03223853047281,81.25616542619736,60.09990523282204,110.25295272225111,325.7798206919101,350.62889394356756,340.26032396347694,355.1406498921418,0.39874327124952413,0.06087704813884578,0.3121567363042423,66.2593143102217,44.282236357060796,26.756786362023696,1019.2802646518601
2026-08-19 10:40:00,180.10283016302034,138.1334222869107,35.04741977277929,81.12632954988366,60.067519963895705,110.1880626337359,325.07152388533456,350.3875415837374,340.9831628629481,355.51310141154244,0.40001058821140295,0.05817341666023511,0.31745898820263846,66.24351492812758,44.22802602970161,27.250133847388405,1019.4276760503426
2026-08-19 10:50:00,179.995060165738,138.31172439144544,35.22197518598619,81.08117790491875,60.42403008912197,110.52395641067844,325.35341051303544,350.43914255652453,340.49716989365464,356.0807391591434,0.40250398553596733,0.06068950547385799,0.3109098808277875,66.25469604709866,44.16620333314451,27.15641476702621,1022.3452423715635
2026-08-19 11:00:00,180.06519438713966,138.06397697622614,34.99849622457748,80.98261685034575,60.245709956163786,110.25250264993194,325.50849656933565,350.4576946868788,340.7096215268432,355.8066359280031,0.3966416804952181,0.05650253744092988,0.3134915339820332,66.3849424302288,43.77786792064335,27.0226105693545,1019.5586542423099
2026-08-19 11:10:00,179.89741707791455,138.0083452326596,34.98205409503555,81.13376858401195,59.97651741432033,110.3726798847956,325.9413938912224,350.31647833515285,340.85932224733165,355.51743371381116,0.4006815868071321,0.05978204316590141,0.31594707388839627,66.44311627608455,44.63785904008657,26.78925822917217,1025.2818956931305
2026-08-19 11:20:00,180.0946517062192,138.01889593968937,34.93386008835506,81.0314970441054,59.36748197747598,109.41553456256271,325.36074743974854,350.37145376768893,340.73608585829896,355.97527874862425,0.39645583544995416,0.05604187084655371,0.3148702997920762,65.38905775967068,43.35758765113688,26.676491622542706,1019.71931581999
2026-08-19 11:30:00,180.16661612730965,137.95114118976764,34.868786134374446,81.30310936729728,59.571804583693655,110.2550164992319,325.79930440676,350.9347100662827,340.3407591666087,355.41863536776793,0.40070354957325827,0.058913161254040114,0.31362344718025464,66.16135219719966,44.67345233946825,27.194286981565238,1019.0426784048599
2026-08-19 11:40:00,179.98831801739138,138.58253701048716,34.8391378897454,81.37379681306943,59.85252364869391,111.09360075552925,325.5829169402326,350.10560394870663,340.1663043758582,355.7749746860239,0.39945285150605686,0.05620817861192214,0.31520557684561024,66.74780041433107,44.60576061129295,26.911570334365265,1019.1696527098866
2026-08-19 11:50:00,180.16282916216454,137.65743574674178,35.06642752862645,81.21732313887084,59.88650451814247,109.74073849737547,326.1078297053395,351.05015939073064,340.06638036274813,355.622724323709,0.39966745292744205,0.05855004769929977,0.3115920624926541,65.58871873938729,44.03432675483368,27.259118700844095,1014.3729432952172
2026-08-19 12:00:00,179.6458114964754,137.86931523306689,34.81397463552636,80.97995154845233,59.62025299495765,109.93558556579639,325.63956880305216,350.3845884725777,340.2964703670598,355.40956539897223,0.3994147005853518,0.059140042046176726,0.314780791396332,66.08440742359484,44.038107827010464,27.029135491437096,1024.059177810709
2026-08-19 12:10:00,179.8427552925495,137.94062480110827,35.14074160301238,80.95598102428706,59.888247063451104,110.44597185445501,325.07442323605704,350.73263714565536,340.34389902381076,355.6832513094772,0.40380666290135,0.061991310138416064,0.3101355396964891,66.62964607286054,44.217625526660285,27.062514534559902,1026.0988361152445
2026-08-19 12:20:00,180.2889027626358,138.48444139582318,35.086028382013204,81.0653421981533,60.028441955022934,110.47865158280284,325.46706622688896,350.54822594415594,340.3326304035662,356.23349149543986,0.39451969045444674,0.060731946497580194,0.3109928554671036,66.6866949610597,44.06943055555372,26.751154241213275,1022.4371723496105
2026-08-19 12:30:00,180.3523346166753,137.8512496369056,34.970653693061394,80.98478401581337,59.81380133661889,110.31221354599623,325.6256073234645,350.49489934071914,340.7061196164169,355.2907185183726,0.3970019382400203,0.06356541299505722,0.31505819753361186,66.13010244812692,44.178409143114564,27.048096741536607,1021.3295418962873
2026-08-19 12:40:00,180.05011930301225,137.60605686149952,34.88476694485638,81.13796029170916,59.95449381189531,109.19119986842477,325.9244013003072,350.7197067624849,340.16932746196653,355.2852134122126,0.400348203830203,0.06253599363342363,0.3147584123015888,64.63178664715242,43.60252207996976,26.976724528313873,1015.4323736898472
2026-08-19 12:50:00,179.97932902618837,138.3032282855555,35.003018744847004,81.06762885735176,59.96806592636829,110.25086513735893,325.7491635019508,351.06571661688014,340.09328215438194,356.0445601600526,0.4003975875775711,0.060138069324817786,0.31253132964207697,66.40639562708598,44.47846739502073,27.106114204236565,1022.3840671591199
2026-08-19 13:00:00,179.74640698176648,137.95046161423903,35.00240432990274,80.95986965877535,59.79296037910491,109.40816274256991,325.47448059442365,350.5205986393872,340.6286689795469,355.3594177732942,0.3983950427063949,0.06129329608146906,0.3107950601772618,65.90271785028183,43.37341577116991,26.939795495518183,1017.6748594851598
2026-08-19 13:10:00,180.07271519395823,138.39038362650038,35.11292454368421,81.00286194708431,59.74680643088417,109.58764904084765,325.18831970554334,350.54808107915943,341.10881912355666,355.517268011731,0.4005978623695507,0.05805920810935108,0.3125085333654125,65.75968602188735,43.74462200177074,26.94715534600171,1021.3693498406819
2026-08-19 13:20:00,180.1556877081499,138.55333419796597,34.92605728285382,81.1619569319496,59.95736991301615,110.27402689311923,325.5710120153936,350.3979149508864,340.30558843393544,355.4189612756385,0.3998841648764469,0.06002953440748311,0.3116356761787701,66.22787449420039,44.04622386899756,27.114829134309037,1018.726807753643
2026-08-19 13:30:00,179.70364218466338,138.1874149466721,34.96247508928526,80.91531954051264,60.070727739214625,109.85208793821997,325.527889882064,351.17278311503276,340.5468707608618,355.3361162155549,0.4001097354123429,0.05903142332004147,0.31604959964363066,65.7776046864637,44.617182938436116,27.094451815620662,1028.0248922640685
2026-08-19 13:40:00,180.1117796824772,138.38703470390857,34.99498383078029,81.08207411353463,59.69530570058562,110.40481145652389,325.95587820311897,350.91725238156056,340.5683668046631,355.6988999200661,0.40222560987917005,0.05802515530891228,0.31775243975309525,66.0141421681583,44.47783505638346,27.372782916036975,1021.9671215240162
2026-08-19 13:50:00,180.09813332864277,138.28780049134494,34.972547326006215,80.96715237648527,59.408324986236984,111.57406932687543,325.8400374189148,350.90409195302357,340.90858070367017,355.26395746737205,0.3981253947576723,0.06195325418278345,0.31119892543690525,67.19599562171133,44.87123364342897,27.192611732778193,1022.1838572368732
2026-08-19 14:00:00,180.088172970444,138.09256465531809,34.937855423829404,81.00070341659391,59.71936144862165,110.38859002519197,325.15876475852644,350.57855289002873,340.84411356847056,355.2575521735396,0.40033063184813134,0.05870508462402269,0.31371216935966156,66.64982620132412,44.70129074254559,27.04273177076298,1023.2686924692111
2026-08-19 14:10:00,179.77449465065087,138.19513866630794,34.82882947522673,80.94853750789592,60.13801579705237,110.36142632650724,324.89177660173164,350.0014079581969,340.4579540631255,355.489894171974,0.40177110874809113,0.06068281368979558,0.3137889983909121,66.30360233187035,44.09702549604112,27.20004614260559,1019.2595098856185
2026-08-19 14:20:00,180.1083686868541,137.96529885898923,34.83633784457184,80.98959860138466,59.530325763637464,109.55213626052132,325.4528783131918,350.71729142550686,340.8647873009905,355.7253716423331,0.3987818910482533,0.059369512671292,0.31409574646406285,65.46858390122634,43.66342337096,26.82468772945647,1016.1706275803855
2026-08-19 14:30:00,179.7004118007543,137.7834059670064,34.9327394512375,80.97529750836104,60.25784372571964,109.6785178632841,325.6556401158918,350.03868220879,340.61410973756966,355.988630433366,0.4024218176877039,0.0618313518787409,0.31368339609580914,65.36515591053502,44.24913806568339,26.66678189979486,1019.261251548341
2026-08-19 14:40:00,180.29771916339166,137.8048922879808,34.97784745321691,81.0586328958797,59.824552445972095,109.46816905672445,325.2936082495739,350.38858402995953,340.8350605115922,355.5610499968907,0.39815230625052117,0.06087233964183859,0.31472407271588054,65.91002747370112,43.847939897902094,26.900719060013483,1017.713333536127
2026-08-19 14:50:00,180.02703669237872,137.91378038185252,35.100179748837476,81.01825063250796,60.028383084308835,109.73370208173691,325.4286964050993,350.87002515346774,341.1358101301819,355.8418121396671,0.39651741411417535,0.05690892895710914,0.3084862410998997,66.0664234132117,44.34353262765156,26.841187159932893,1023.3620423339883
2026-08-19 15:00:00,179.76726964263838,138.19283425139074,35.23123290160074,80.86894860696657,59.77050502045201,109.45412397203495,325.93131171383203,350.40629997070505,339.95066570458636,355.9763975768772,0.3976648556442325,0.060671553968053786,0.31189985445003143,66.08889456442452,44.62768866103905,27.06165166915268,1022.7699529159016
2026-08-19 15:10:00,180.2690372412287,138.14764171084857,35.171720973014516,80.80531476587987,60.1584404742277,109.67015499146694,325.8010963858826,350.3775530864682,340.1800292204028,355.7136981324724,0.4000661356178305,0.0652691939175041,0.31164720731068163,65.7459996509707,44.107966507681375,27.133287460162162,1023.5327271538407
2026-08-19 15:20:00,180.2308020901866,138.08216820380127,35.03984069262072,80.86236730157138,60.005989790326204,109.895639082341,325.0804741819931,349.94589609869735,340.20201717676656,355.8258899956944,0.4019618911553224,0.061428882105975,0.31213775927374293,65.8027623143429,44.43005580906478,27.150664825155847,1021.6347448205147
2026-08-19 15:30:00,179.86991371022438,137.96886997628448,35.18815259583153,80.87040070558041,60.09748478230698,109.49971306601407,325.6910555604948,350.80276086105573,340.2368770235757,355.52068973395785,0.3991096142711812,0.06220806272968714,0.3103355793103547,65.54894672437,43.92590605542906,27.116171687826036,1025.265077631803
2026-08-19 15:40:00,180.44082083390686,138.0141024868102,34.98872911010863,80.87106812303061,59.43454357269887,109.29045144951878,325.6379488575367,350.7141717967254,340.6383286398594,355.1108525768282,0.3997691857239644,0.061147367249000224,0.3118056459300485,65.91370406396864,43.812890673283235,27.036025241854595,1022.842355859996
2026-08-19 15:50:00,179.79917148686442,137.8400984671457,34.94766350725288,80.81473351579884,60.19786140852399,109.3192682377112,325.53391998114205,350.44500098669937,340.6451166475326,355.81420956218057,0.3998154729563536,0.06313888707496364,0.3120286167016183,66.17746437121504,43.97057499445439,26.832721223058417,1021.2951166992888
2026-08-19 16:00:00,180.06268389223933,138.22572211875786,35.23165737882861,81.04272953324032,59.5101317296128,110.22696055619686,325.7613453116803,350.70265578583405,341.12670425063857,355.2536908349065,0.4011492889897818,0.058916945531313346,0.3138748743558214,65.91425349648057,44.748591289872174,26.873514953920385,1024.4009952253193
2026-08-19 16:10:00,180.23648752848874,137.88832279135335,34.89366245803954,81.01034151763263,59.895581488676754,110.02987326568098,325.76959948263186,350.1114006627416,341.0331544937956,355.7541266320918,0.39786320644647083,0.05873262076497403,0.31355403653267144,65.9195781703021,44.255769159876124,27.09135346227196,1022.1584035064188
2026-08-19 16:20:00,179.54586560467257,138.5081708018823,34.958920987061454,80.91477327149302,60.1389713787708,110.51297016415742,326.3300894833558,350.3173974708849,340.7007022635852,355.34870179018196,0.39961902967005636,0.05916384270799419,0.3106958338280038,66.24818864956957,44.8177263050337,27.42515799031414,1024.8887696085874
2026-08-19 16:30:00,180.20029259685154,138.57252340197144,34.9740608925246,80.88713620732284,59.93565298247046,110.5222196092336,325.66949705014736,350.65796261874925,340.57829156093004,355.24729000322867,0.39799353098318896,0.057299210596871715,0.3104260728713438,66.5579136704468,44.33278299028991,27.18142298936374,1017.1879623271628
2026-08-19 16:40:00,179.98705637028544,138.2385532455957,35.14629601485425,80.86524507625239,60.13335772780586,109.82968053902455,325.3895103820207,350.866187163577,340.81648449586675,355.5595110204069,0.40080346431867486,0.05807110847775361,0.3096018749945177,65.70636732098917,43.89930968586318,27.186627144361616,1018.0781086839677
2026-08-19 16:50:00,179.99686004647907,138.43067517192674,34.9409329803645,80.90786190070071,60.038599898937086,110.33502178720227,325.4596884879184,350.5942742523067,340.74713844991504,355.22386635618614,0.40158410502151576,0.06228218046789424,0.3116969166707317,66.50684513616982,44.13506196058523,27.204605963139997,1028.241602665822
2026-08-19 17:00:00,179.7846276304975,138.07005117281253,35.0784822313861,80.84100048079812,60.01643734987446,109.27973972672072,325.81949549660624,350.2358654603315,340.4825209283587,355.6219129395342,0.39525229567221865,0.05869828247038457,0.31164542495964315,65.758077311424,43.97663987856777,26.922163405742776,1018.0274432150984
2026-08-19 17:10:00,180.06630482788884,139.00080961854215,34.95968503179315,80.78861854052879,59.75912545075845,111.1415117685192,326.178450091435,350.4602418866531,340.8294276366787,355.5443699579546,0.4003083720503222,0.05861783170427696,0.3117192138043163,66.787936718074,44.54654588489137,27.046505395673602,1020.5321492657125
2026-08-19 17:20:00,179.77804313862893,138.48009340142983,34.878074152564125,80.86682466556948,60.27735909625807,110.59770214959399,325.7912295738457,350.9443563600298,340.47638463419173,355.5382822821426,0.39947399217486623,0.06254058202074352,0.31433099974575535,66.67778426434676,44.177950239833024,27.14052692950916,1020.6208538234542
2026-08-19 17:30:00,179.80630793263626,137.9649028507613,35.02396148480311,80.67762679218022,60.310999616078306,109.8924833024127,325.7728518740812,350.43234544437075,340.6004023976023,356.05239738516,0.4013461124762689,0.06109882467052457,0.3131877043266632,65.70104037050424,44.19155595514894,27.15840737807969,1019.7496739492861
2026-08-19 17:40:00,179.9104525593204,137.8678395620384,35.017208063655815,80.83016626497786,59.83715050818123,109.4184002829483,325.69583215934347,350.68963309987265,340.5846409067481,355.84643670954404,0.3983673023801322,0.05903764644570254,0.31456669793689696,65.45735926670311,43.86651640659656,26.862801719474618,1020.9499609606227
2026-08-19 17:50:00,179.7545337306958,138.46223578895072,34.884834645893605,80.93240766268488,59.73471471759295,110.19002428860098,325.48841034997116,350.74576898706977,340.45554828851266,355.5386171491178,0.3999237204375761,0.05868596167688051,0.3134472424361487,66.5883519782628,44.59561425497945,27.025581858235554,1021.6421625099291
2026-08-19 18:00:00,180.3145462795308,138.1674480432363,34.91388271301504,80.6891258529448,60.04838335155326,109.06496323575834,325.64358889088817,350.45291838041726,340.4418103701364,355.85146885997347,0.39738509060548804,0.059592751520131174,0.313703717210639,65.44762583519564,43.57146711053921,26.65734307838943,1014.0663645896361
2026-08-19 18:10:00,179.73425632119697,138.29584240689044,34.92113555796532,80.83568217071029,59.7744954887911,109.61034878194683,325.2675949034219,350.6271131442498,340.6545932646782,355.7309022366235,0.4014751493262192,0.060184690848180365,0.31483206798912106,65.59584136897507,44.49038716953909,26.705970164592618,1022.3188028032813
2026-08-19 18:20:00,179.8490459114464,138.56343053970448,35.096755444460214,80.79850474967408,60.029337751361716,110.37437877950227,325.8452130538434,350.083490147245,340.60097549727465,355.5186618111565,0.40453752066178067,0.06210943954265284,0.3149086944135764,66.17194315558415,44.63030888995218,26.959013076244645,1025.5488994397674
2026-08-19 18:30:00,179.93672755731032,138.33481158426315,35.04658634621935,80.76437165656596,60.2229360078877,110.03772450004702,325.7672787856139,350.45029092946515,340.2741787688079,355.22290902000833,0.40039041558388766,0.06077173582864731,0.317964959895084,65.75653338427132,44.55205208994999,26.78787611752949,1024.8884977246996
2026-08-19 18:40:00,180.00071412841027,137.9274820782813,35.024269712280656,81.00162064382233,60.17915379497731,109.75451763457815,325.6839173407995,350.63609030151,341.13388737554055,355.4066352941611,0.40302745178634714,0.05824962306777491,0.3128186893458238,66.14107843213985,44.30746442719559,27.102132718105242,1022.6442595384655
2026-08-19 18:50:00,180.15846627808116,138.31641466526733,35.04948834881402,80.93292348337542,60.41114267419058,110.47536978956845,325.380065878646,350.818217420022,341.1470011468835,356.1969963860676,0.4030448579853418,0.05967041762194558,0.3118597120412023,66.09054074046286,44.889856406535834,27.317883744098793,1024.782078103205
2026-08-19 19:00:00,180.16366061092899,137.78753504747417,34.95285689423502,80.82811554038634,60.121401654178115,109.48068299455262,325.5574416010968,351.02040428612463,341.1317708555788,355.6389362570165,0.39935672739037203,0.057345428231124554,0.309326162765106,65.98254188049624,44.028513136420216,26.67926554118205,1019.5198148548603
2026-08-19 19:10:00,179.93942825015884,138.2814071856847,35.048219152386146,80.77121091735663,59.69307689507961,110.14235030791438,325.46826418183116,350.48858596009853,340.9948055055761,355.79153244794514,0.40006891261328076,0.05892494954527845,0.31492524375748776,66.35818110640191,44.057932778091974,27.13766408064749,1019.7905037217804
2026-08-19 19:20:00,179.9231842786265,137.97272521708547,34.940018140777525,80.82462415439299,59.7465683322693,109.75105724933202,325.7282928481398,350.7755710361186,340.6203445800581,356.13132182091124,0.40022553475394046,0.06330258239935907,0.3163562782128181,65.85908128808241,43.56134342701763,26.996366720392043,1019.7750340113455
2026-08-19 19:30:00,180.0070062244519,138.20076608347225,34.86732457808349,80.74901803449535,60.1419123661125,109.5763147715918,325.5566989860169,350.59800476661087,340.3710525469227,355.4171952193771,0.4020241384268381,0.05740106532081408,0.31299313830671244,66.36137441423793,44.29694438877408,26.83101598768434,1015.8118149260068
2026-08-19 19:40:00,180.16440662922255,138.36873127116047,34.93023440017934,80.84480223261596,60.53262692688624,110.23169787997521,325.74950938839106,350.4021032462332,340.3519089537193,355.95159888764397,0.3985179414546313,0.05905065528179614,0.31222952832354745,66.1999635589211,44.5805881341696,27.048760260020398,1018.8903761628509
2026-08-19 19:50:00,180.13949666923,137.796401400131,35.021586901161825,80.66306906588497,59.88867296680335,109.50356028293471,325.91899191207125,350.4062335135218,340.14063627843274,354.8842814067603,0.4013972197344251,0.06166648407467164,0.31102215891329693,65.86603851583605,44.112556763435464,27.160296446058382,1018.0758821092157
2026-08-19 20:00:00,179.89672666727307,138.78460777804702,35.00953478767721,80.82287634253093,59.729179155470504,110.95100322437246,326.0202653114182,350.6241760665313,340.5597689395728,355.333439177686,0.39815980043596444,0.0604463057919534,0.3128794377709512,66.87547028619234,44.53746092228647,27.164027908969658,1022.8555434865045
2026-08-19 20:10:00,179.58815952951898,138.39349157823784,35.10626907046418,80.71209493643018,60.38628200718044,109.707641577266,325.3487146617387,350.6459753955113,340.14859257869347,354.9975351958243,0.4012248720911946,0.05946623335138413,0.3078586648252846,65.65118903977336,44.25619725565354,27.021986785993814,1019.5128792034835
2026-08-19 20:20:00,180.42861058678605,138.40289702274538,34.831748680496084,80.68158875442467,59.954033533593496,110.99490999148746,325.5534695713923,350.42087767186433,340.6919031069679,355.6366494523854,0.3998403931006041,0.05854457402970023,0.3144000566987216,66.27567157047439,44.69916531052343,27.105762548380422,1025.4168657054825
2026-08-19 20:30:00,180.19028712565105,138.20333608022239,34.97860371829885,80.88867618995269,60.18692565913103,109.45301460533841,325.33230258844924,351.47108114427016,340.74067729346893,355.6474277739683,0.3964111158542392,0.05837476970948518,0.31125432051726126,65.81830406844006,43.65499653557317,26.86806452894518,1021.2277018944836
2026-08-19 20:40:00,180.0526629473155,138.5954639569009,35.04003681766559,80.8470553031971,60.295993970738316,110.30297570916457,326.0230220612709,350.6417369305145,340.50418410309373,355.4276903924742,0.3990886480514151,0.061417086339511845,0.3138796513816267,65.9838232639565,44.71475411791888,26.700292526323917,1017.8622628360349
2026-08-19 20:50:00,180.06808849884885,138.11383333182812,34.9043718261016,80.6302633758706,59.70997585987663,109.40021215417904,325.4085468315751,350.85064346961366,340.5054868131416,355.4553706774375,0.4008853984844361,0.059792681802819325,0.3164020248226707,65.31661400649095,43.91816919463119,26.851365087505414,1017.3937555050226
2026-08-19 21:00:00,179.89568141900932,138.31615931152464,35.02551303785914,80.55344874274591,59.88782959041959,109.3294413460596,326.05685209367175,350.57389962746055,340.6482219206534,356.51218576373805,0.39956324095781287,0.06065981995387798,0.3093886824649287,65.34020240488424,43.850243408078015,26.940323290535208,1013.3484828525873
2026-08-19 21:10:00,179.79978842477422,138.43863896002665,34.95971058038745,80.66425999711099,59.831530260907925,110.07985267153684,325.51502892065037,351.4926481602516,340.8364758171081,355.7710490281319,0.4003960507953866,0.06132183688507535,0.31210151671985575,66.34233351780749,44.330216384129905,26.7384304027661,1023.2462817656196
2026-08-19 21:20:00,179.93350394289237,138.6977602294568,34.887670813327624,80.66225022834327,60.13955570955835,110.33877941510572,325.96661921340626,349.98863206416934,340.57142408659,355.8091010561306,0.40447154149398323,0.057146294484330416,0.3109175023606456,66.80688576654717,44.8470214236869,27.027036343697002,1023.3275946683975
2026-08-19 21:30:00,179.95550668551198,138.21540464096896,35.112717441902134,80.62088453040565,60.17469738613211,109.36286852330458,325.5075650419303,350.5537455915204,341.17280593869714,355.39228436182606,0.397262702922226,0.056595023236417574,0.3108199434647998,65.66765462532555,43.753943426017834,26.54426787693449,1021.5239328632204
2026-08-19 21:40:00,179.87495026502398,138.5529493571953,34.861781779250116,80.59852587369163,59.84849076461134,110.59207353360352,325.60321664071756,350.7177782336748,340.4120423899841,355.4247554545288,0.39841762478597414,0.060851294442319084,0.31472843622986874,66.37526887291465,44.36944109224701,27.2081485540221,1020.6322023095922
2026-08-19 21:50:00,179.70856971542023,138.36710410815942,35.10065490316517,80.6010195727822,60.14748819387063,109.60120049251178,325.70765007004877,351.0211725538205,340.4946333439897,355.71778635944753,0.398330174318445,0.061898787562798215,0.31468963910790126,65.9059234372576,43.88284586274607,26.867924172951813,1016.3920544707182
2026-08-19 22:00:00,179.93748502046063,138.5761660829168,34.95928507771303,80.70950937090545,59.48260640973824,110.06561134503248,325.69968684222664,350.6498736975766,340.536439471105,355.56653493253157,0.3999142426679363,0.06001272009151104,0.31402997306260205,66.31234437784306,43.91751337415388,27.06420532862875,1018.8444272253905
2026-08-19 22:10:00,180.11531176713845,138.51948594824566,34.90668329907114,80.7447637563236,60.08830248595944,110.18988942987562,325.63236391197563,350.3707859709171,340.62070621148644,355.6125298562824,0.3989205390703075,0.06157920673623183,0.3138426860040934,66.16601581376939,43.69500527667773,26.759159181239692,1022.7380825286148
2026-08-19 22:20:00,179.90102123017226,138.4256208260799,34.91224582168189,80.51045282190697,60.086540512827874,110.29734084073077,325.87378603484393,351.14051736310677,340.74536880720433,355.57918765783404,0.39944844176757227,0.05699787739283058,0.3120716585234535,66.06371220337307,44.50663542766443,27.07575488367469,1022.7108933926127
2026-08-19 22:30:00,180.00439450125964,137.97569525984187,34.92696077245359,80.62736813549544,59.98965744212813,109.10109390024303,326.03151726154147,350.87035445147495,340.8444334030799,355.155813370068,0.39820835458828585,0.05936936755241764,0.3133047950559135,65.73152898868275,43.61993209413377,26.83933791872825,1021.7583251500702
2026-08-19 22:40:00,179.58585366693322,138.6159695113317,34.91597261214993,80.6249340047469,59.57789189777009,110.80928130889163,325.935061659066,350.59637143068824,340.58942816817375,355.7791327599102,0.3983493708801656,0.058975342962819276,0.3145160175695019,66.38605768276341,44.63560442855105,26.95841438087726,1020.495169795304
2026-08-19 22:50:00,179.95847502180087,138.4131044425969,35.02760145090331,80.58258647763316,59.96044570001011,110.2808965508305,325.5425226673138,350.600424493714,341.1546739388046,355.7363700149319,0.4037924222931994,0.05895621571411035,0.31458824658637063,65.98499155538539,44.80479118255485,27.18290467597596,1022.8693140534851
2026-08-19 23:00:00,179.97560832165664,138.40814089220615,34.81395028192063,80.61822978174567,59.68507117226658,109.78720325956654,325.1418787418258,350.60234897031313,340.14258039091305,355.8374746298229,0.4050312210164517,0.06096398064749753,0.3121212023036232,65.68142562908395,44.144703385846505,27.20264288287764,1025.793277974747
2026-08-19 23:10:00,179.75478214366387,138.30931925821247,35.12466773969331,80.55835288331087,60.39986325864563,109.487923048605,325.721384202996,350.7271263009338,340.7698321878157,355.88283210000054,0.39956348566891503,0.054773102275218324,0.3137864185392713,65.54098665420295,43.98464135637853,26.836129505713025,1013.0044866357067
2026-08-19 23:20:00,179.65409302439605,138.15614129494128,35.084200266802306,80.66795781441276,59.90690176652269,109.15296423535845,324.856636043844,350.1690955300721,340.7057703305216,356.215377442228,0.4000836720336686,0.05899826744493537,0.31158273944223364,65.4593586912021,43.618377834030284,26.70356303860112,1017.2567236698031
2026-08-19 23:30:00,180.0823654288122,138.23226638250992,35.139453093598505,80.67191184192741,59.93008421183986,109.31928839195467,325.89041864488024,350.72409813763096,340.2934845666516,355.56323262783917,0.3964933758440887,0.062012029944658584,0.30995208535996993,65.60010537386756,43.94013918702071,26.930427240822745,1018.6993473667151
2026-08-19 23:40:00,179.83806953548122,138.58145632560544,34.90250864185293,80.62309375451377,59.95714843091002,110.27246923953528,325.8772274756075,350.5035640144446,340.2752400608284,355.7432321906652,0.3990809626180926,0.05928316694856851,0.31670760865967873,66.36763382830269,43.9164923521872,27.36819642355268,1022.6960230422062
2026-08-19 23:50:00,180.09767304816685,138.711699647866,34.76905291852219,80.55763067909568,60.14143156533538,109.82946335736834,325.33959053564195,350.8331563909747,340.7287524374212,356.0867376241062,0.4014297026721985,0.057770463164598385,0.3129757228156278,65.78449640510489,43.61971461538094,26.91109043250938,1018.0632424513307
2026-08-20 00:00:00,179.91595849752107,138.5188229101074,34.938391987075185,80.76698073263333,60.01052817614561,109.43424202511578,325.87004413154966,350.7884804425625,341.03665068987647,355.577708083803,0.4007516265881153,0.06059423982970754,0.31284629130085145,65.67937559288248,43.68035547747071,26.721601130241684,1022.0605942822721
2026-08-20 00:10:00,180.12464148485952,138.28050361785262,34.98401048334413,80.78616491663597,60.14030295487346,109.7365325172396,325.506652992356,350.37679347339986,340.8184024125002,356.02910192386025,0.3994727181559024,0.05734461644537648,0.31140002386353977,65.75173383379546,44.0753459272611,26.937188532727852,1015.1449764160022
2026-08-20 00:20:00,179.93224086731882,138.81579088397365,35.03109964598075,80.6955947143717,59.72613431669309,110.7820562702433,326.07514114602264,351.0975156536847,340.6787405298582,355.5471644828726,0.4036237945750872,0.06165206660175925,0.3131006293682089,66.51601682484504,44.35518932770031,26.98826754704224,1022.9585615191846
2026-08-20 00:30:00,179.69867625591976,138.37135962807042,34.9489829223187,80.58113707625616,60.30028666996518,109.83466254980233,325.4803314969735,350.9221258988931,340.61101697747796,355.56108187733605,0.4059521244605929,0.05849524182973452,0.31184262250887745,66.28486717787084,44.03532755300042,26.941236090460016,1020.0124358027779
2026-08-20 00:40:00,179.98270671598738,138.38025974266597,34.992423747357535,80.68147471135534,59.84972866777529,109.70777587726049,325.46248850604184,350.4276053451424,340.5605222415268,355.3763875822123,0.3995271809608943,0.06265417907703882,0.3143349082969916,65.73312252377255,43.820936296071736,26.743345971017355,1016.2929011523686
2026-08-20 00:50:00,179.9343471443623,138.67022197366356,35.01577579628808,80.77509687314776,60.20272856038189,110.6753030340932,325.5171303591191,350.38469285371076,340.5897986734429,355.65740061127144,0.3978006555152226,0.06064447694110979,0.31582244706746376,65.95020843945441,44.16412426371869,26.94559461544557,1022.1850649795484
2026-08-20 01:00:00,180.1314743133746,138.4595113283702,34.84602110005326,80.54903133164066,60.055538336390434,110.23094584616192,325.781773627945,350.49650032697417,340.89638144610615,356.31282217865925,0.4011655854518834,0.0575664381384577,0.311826796781554,66.4428360297998,44.44288422244927,27.305977502789137,1024.122324557398
2026-08-20 01:10:00,179.90988192512478,138.2558431978688,35.18137526760569,80.7596483628049,60.291528885267844,110.02214041454299,325.4087223574871,350.8069864769729,341.0256289968111,356.24462826897445,0.4016955591151809,0.05968456945108138,0.31121305594377013,66.18254811965268,44.45568735584441,27.063308738386898,1019.0428430943315
2026-08-20 01:20:00,179.92138584885447,137.94355311029094,34.88866311783546,80.54130383118144,59.967911864619374,109.69610905328058,326.3783207742685,351.0833732131567,340.87233147445215,355.7320719066895,0.398161299132659,0.05970999102349789,0.3127540653996035,65.9925307326317,44.374066604994965,26.8333495644439,1016.4768413171766
2026-08-20 01:30:00,180.17197567999855,138.30772108809816,35.02718404563404,80.63012685774618,59.57260922270749,109.22379460917723,325.6086578922393,350.43793200896266,340.51277571197005,355.86003787319567,0.3997971056552901,0.061101966171809706,0.313154843027615,64.8816905412733,44.09413769530108,26.751024900023634,1019.0899988448463
2026-08-20 01:40:00,180.23326215877674,138.56504626308498,35.108724435314095,80.4772062047029,59.66393382964704,109.41472873925555,326.2346781328179,350.47754882855946,340.88388309849717,356.049890167317,0.4021464313952988,0.05719804058780867,0.3120396383889676,65.35483289589565,43.90901957851123,27.116955770585108,1017.2340869724399
2026-08-20 01:50:00,180.15188880513102,138.2807746187466,34.92270003715244,80.54855699276881,59.924509372084415,109.75976919877999,325.6383254266451,350.86653993003176,341.0202457270339,355.39710986554803,0.4007349192528288,0.06167692309866396,0.3100165121825811,65.99077944963997,43.24156072845169,26.866084926243172,1018.2895192104286
2026-08-20 02:00:00,180.20755801467723,138.60076458295916,35.00127615188284,80.49863014024635,60.3794437334091,109.89018714979896,325.6311407019488,350.6984171457245,340.1840310225111,355.5913222416284,0.3981687925288105,0.05808037934547605,0.3135113792757687,65.91387067106623,44.0683151609584,27.112090811937637,1024.20030728592
2026-08-20 02:10:00,180.09084126707899,138.52762021947507,35.16416706034613,80.55646343717989,59.870121779363245,110.17812114201372,325.5179281647505,350.6996265332998,340.8150046871857,355.6602483803489,0.4017466784826396,0.05633908699949509,0.31308278009009005,66.05262322722184,44.523251156612474,27.09391258703099,1022.1372669774238
2026-08-20 02:20:00,180.15407079067143,138.69304172413374,34.972848655552724,80.6534703207055,60.004135722197375,110.27588236367241,325.50512361593286,350.68151243684844,340.56564957123175,355.16341224398565,0.398236310486858,0.059528503870510056,0.3127340970179318,66.50970396850886,43.798079073390646,27.194864258597498,1023.662483868459
2026-08-20 02:30:00,180.17565097904503,138.43631321918824,35.10550159489556,80.44919249395645,60.342331498094175,110.11146077974844,325.8592586310213,350.6230402939985,340.75927187828387,355.4864121780203,0.40306778592412495,0.05841895225619141,0.3116441217441422,65.77101851236212,43.639394204488596,27.096487524046385,1013.5570390102769
2026-08-20 02:40:00,180.08075197825573,138.55235199516574,35.03014459875576,80.50181124285538,59.82969345094964,110.11020425257165,326.08463239359014,351.24391948018314,340.3550001473945,355.53680640511135,0.39991830073752316,0.06006177258692142,0.3129045639076044,65.941273968176,44.24670363917054,26.889324582407355,1016.9533426099446
2026-08-20 02:50:00,180.01258656724477,138.38203374700345,35.02390561705782,80.54259471422276,60.07510728274629,109.49623765419587,325.76627495947747,351.01560436074436,340.419569935727,355.6248421896123,0.3960791606893753,0.06300444510758652,0.3124430936159286,65.79843892643683,43.78292208206451,26.735689098759593,1016.191204477793
2026-08-20 03:00:00,180.02843109529775,137.76263089333438,35.07283061304886,80.40290090442468,60.06817253094351,108.92262252841125,325.4746739927908,350.62711690146364,340.69821551790557,355.6603891760448,0.39815733951958654,0.059691399142401166,0.3111401080353349,65.12461371278451,43.53669992766528,26.782479155388263,1016.2186983310265
2026-08-20 03:10:00,180.48097052348302,138.53538218738524,34.97797834731842,80.69122615012984,59.81945047327764,109.7395620874221,325.8014077347411,351.10265194683626,340.5720481976072,355.05267288327167,0.40155066074320617,0.06326316070586094,0.31305748977663805,65.65219411546849,44.35620354613087,26.90090487915004,1017.0287549030253
2026-08-20 03:20:00,180.00273560600522,138.40245588652542,34.98017170907005,80.32765484865605,60.05356232983923,109.52292538842303,325.5088048466298,351.29381235842914,340.59073836846943,355.8571238311273,0.4036382241571122,0.06397967185357062,0.31244119805392595,65.67548299626161,44.02222350559791,27.040028433717502,1019.1799444888011
2026-08-20 03:30:00,179.95263836731039,138.0051288698141,35.097269752459106,80.72445815967303,60.28389779267839,109.67368652372933,324.9558454221263,350.87300821677644,340.47892813672263,355.58014383319056,0.40067734547132705,0.06391269878034937,0.31357858630554,65.62649978630382,43.90191823009447,26.865214647642556,1022.1748064753482
2026-08-20 03:40:00,179.92714806393988,138.6759390505252,35.02729957176566,80.41434161668555,60.284206709260914,109.86272301242366,325.7819568020241,350.82570261232803,340.86606369547036,355.8675022111148,0.3993372941839498,0.06042243419165741,0.31241514031740064,65.87021392460272,43.89783163987793,26.71832699809893,1023.9390416784958
2026-08-20 03:50:00,179.99333107264587,138.3921984957853,35.050935345955466,80.54060223922369,59.894038652990496,109.3781964623845,325.2342900448178,350.58968414325426,341.0530279945547,355.90667183476694,0.40463343524182543,0.06263487560710311,0.3137669570974223,65.97108433763069,43.70559170349699,26.82424371302157,1018.2422218193273
2026-08-20 04:00:00,180.04884173706438,138.4654631918593,34.881680755033265,80.6016179898728,60.80968108450066,109.44474478913676,325.56345315344487,350.7747587099091,340.46163677090766,355.68000425532404,0.39724008270078587,0.06261448269936369,0.30974424480199053,65.31441487294418,44.195958639519894,27.17141582099601,1018.8920300203229
2026-08-20 04:10:00,179.77377384484763,138.66539843521707,35.0029132886188,80.51812600409421,60.08717742396189,109.94984146777597,325.76702557445,350.80609730222636,340.82010126664545,356.2622313328992,0.4020466983638948,0.06253462705023212,0.3128009528343146,65.80566111118597,44.14213729544611,26.75593492468054,1025.3717825431497
2026-08-20 04:20:00,179.60388635731883,138.55588496689825,35.122477067291776,80.32651662954979,59.91077038276313,110.05788526132486,325.6356092997146,351.1319329765132,340.6168715020814,355.2312779266279,0.396796811925123,0.059986474142455976,0.3096217258556903,65.86670116257696,44.558010272348675,26.97494568200993,1016.0363586879237
2026-08-20 04:30:00,180.05905004646263,138.30927274221048,35.09119836471155,80.4038988825703,59.78517884585661,109.67200086104249,325.67845630242454,350.46195054229474,340.822956684057,355.72309316811686,0.3963527762806025,0.06260737042480526,0.3160507142591926,65.73073017438246,43.44859574123054,27.048205670155113,1021.6237221411295
2026-08-20 04:40:00,179.6787893698912,138.62321107030277,35.03570758956437,80.47098576736458,59.7111991795097,110.2491425343824,326.2122622234568,350.2603508899036,341.0747927838182,355.7611848881305,0.39771295179304167,0.0619854880981927,0.31270776207391887,66.3059599179332,44.46718718488593,27.29102582658393,1021.9798195081754
2026-08-20 04:50:00,180.05174373988783,138.51645366933647,34.949633811650564,80.4929733755917,60.21911739432566,109.8902726438236,326.0406151168331,350.59799960386226,340.8266513869393,356.16443088080564,0.4016027561158202,0.06058827347397549,0.31383989700659165,66.44495627301409,44.116555964976456,27.01511389657343,1022.0222676936902
2026-08-20 05:00:00,180.0281240254573,138.90345605600535,34.94016495854325,80.50455184185621,59.175978385596835,109.4900434562264,326.2071880728047,350.86031771172696,340.7186452583855,355.71294765183706,0.40044689527544336,0.058240550788249135,0.31226422117952535,66.12264266520198,43.95622392007166,27.13101489854374,1020.3609694886696
2026-08-20 05:10:00,180.23058133990804,139.00844542768738,35.045204175218394,80.54325682758082,59.94551853808763,110.02036533396262,325.8265193188421,350.15346704488275,340.4501263049322,355.90509842421926,0.3995272964551091,0.061267497734088225,0.3133439451298994,66.81513544523047,44.400087923984906,26.940484993985866,1020.2743913956626
2026-08-20 05:20:00,180.33403934609282,138.8588842154094,35.14321775066787,80.62451544076168,59.601392931257266,110.94120679249286,325.8326037309484,350.69393590047343,341.0851247618993,355.80161884590166,0.4007928373542532,0.06089915908649033,0.31329169623047,66.12302903552437,44.21848331207689,27.238146903534574,1025.3334285894666
2026-08-20 05:30:00,180.07353441224117,138.4677358324108,35.005760585353634,80.30475360953578,59.94052247543226,109.66253689983984,326.2870192098409,350.5145745299032,341.2388500730937,356.3545098582979,0.39847197347601676,0.05724096876777656,0.3122070623679814,65.61384868976127,43.95859838934169,26.879816544635954,1018.4995318459644
2026-08-20 05:40:00,179.88921110500547,138.91232265347918,35.131829681265174,80.54392391382852,59.978969918033606,110.5830698741725,325.5865417088777,350.4228789345701,340.20397111364866,355.6516373260201,0.40303709827903905,0.057745839930552274,0.30975812650259166,67.12172807746666,44.37098565697595,26.85310415488654,1022.2099347836725
2026-08-20 05:50:00,179.76504216359496,138.99866717647188,34.97154259478627,80.27335678287902,59.62013453994008,110.68888794628731,325.8699622067877,350.80054894026813,340.9331640127182,355.48767467832886,0.4001410594357262,0.06242746973182939,0.31114481142048167,66.50251989451759,44.63410321904474,27.171690909325324,1016.1375035210133
2026-08-20 06:00:00,179.8416466581995,138.7804311025879,35.12151298553109,80.45752603319858,59.710558107007984,110.74908080055505,325.81356282976344,351.1090643062796,340.7154034159909,355.60764353854125,0.40102823390375947,0.05954546198270962,0.3133811155059274,66.57077627473184,44.48484524598456,26.818132246964357,1025.0721311255627
2026-08-20 06:10:00,180.00799548355283,138.35267994463942,34.90163177024833,80.26365327642979,60.34598889730162,109.58868599279934,325.8625256591272,350.3582937186649,340.3967790050837,355.88078911943705,0.39725918538857485,0.061579997349671914,0.3141130143376326,65.74058729894823,43.99779737824309,27.184754182118905,1019.6004792109871
2026-08-20 06:20:00,179.58612869462863,139.3818567900366,35.02018946724711,80.26890250247948,59.83292883631806,111.00768696568564,325.9538448480343,350.83396973066226,341.2739044379728,356.18133921631534,0.3997841606845913,0.059401136697173645,0.31201276696007746,66.51676719069219,44.04925918205543,27.530826311805058,1016.5564990081183
2026-08-20 06:30:00,180.01504904786293,138.91383333093177,34.89486018887662,80.47511447577544,59.98674512097036,110.05817472913644,325.81579718599437,350.71786988518346,340.92562317847927,355.06133968937587,0.3974462370725263,0.05743751828298765,0.3113560861689712,66.50516337830038,44.10219964923958,27.18896581215394,1023.9036824843452
2026-08-20 06:40:00,179.99758864515152,138.35472237504698,35.06746707792227,80.36424239165922,59.89972475908772,109.87310554664542,326.0204667511347,350.96359360307457,341.38299687582196,355.3805428964983,0.40132307366667436,0.058646064325828064,0.31264394028262416,66.0029259002872,44.07258061425288,26.84086794978791,1017.9492038508698
2026-08-20 06:50:00,180.1288887074889,138.323104443785,35.05876926351563,80.45962585291478,60.22232408171505,109.88482604249864,325.5365699717735,350.7738518844023,340.54693070967596,356.1847144463404,0.3966004121902779,0.05544051282183944,0.3115687909581418,65.79888249554568,44.25386075534851,26.925201261428093,1021.427082759945
2026-08-20 07:00:00,179.93307658569245,138.6445094130367,34.90666029383771,80.22271150199867,60.33218413271524,110.3007867698818,325.93236479481124,350.5856680829394,340.6425132580678,355.64140555973165,0.4014343805490967,0.06102882716805406,0.31373914501078404,66.25311795528411,43.742219118892905,27.12812853409132,1021.567226918875
2026-08-20 07:10:00,180.02040957966878,138.7641240513949,34.92712914812311,80.23663288755931,60.24705308838855,110.02556376632349,325.4829581609836,351.0406929027049,340.343788855854,355.55056215599757,0.4020698899718646,0.05716235985706914,0.3087363349382918,66.05770453336179,44.307758486183836,27.180334752691305,1019.645445512814
2026-08-20 07:20:00,179.8527736581672,138.79640913465587,34.957288295708956,80.33453344726841,60.144224673682686,109.911551659644,326.10661497904135,350.90600932350884,340.80284662293565,355.63435280712605,0.4010883139204347,0.06421286934891132,0.310356028123361,66.1734588527509,44.42860732571979,26.934652616239454,1023.1623653083522
2026-08-20 07:30:00,179.90719401316068,138.86453707648258,34.85280256984386,80.31424100137194,60.146894657903616,110.64179445797303,326.080077538008,350.47337318878357,340.2939768166432,355.50997036626876,0.4025259879067867,0.058353999273612726,0.31459267649682193,66.59646776961529,44.605448881386636,27.05795586031071,1017.9922477289946
2026-08-20 07:40:00,179.6453531307625,138.30034637248147,34.90900224751888,80.32306515931118,59.65416130033256,109.6386186644477,325.7334367086042,350.1847073398735,340.6936748438041,355.4576048069941,0.4030753993986551,0.06035533792266528,0.31312752064706934,65.92952922388388,44.11785612014975,26.958256716886623,1019.9762423332633
2026-08-20 07:50:00,180.0247279665124,138.60950703762285,34.91516082135248,80.23864619719151,60.35712497386852,109.47842803542258,325.6470958584528,350.57143386861566,341.1217896403789,355.80255131661113,0.3993306525222149,0.05793806546510951,0.3174704083686569,65.6902570579472,44.03817442007046,27.102726459260207,1025.5546499065365
2026-08-20 08:00:00,180.309748200165,138.9856636509106,35.07966521296391,80.31361534864375,59.83098977542049,110.39655254965925,325.79007886627386,350.84503865003813,340.94550246508595,355.55108879071213,0.39894171011944685,0.057022806192849246,0.3107461737820806,66.37797756771675,44.23500167376273,27.00201797659039,1022.6822516072567
2026-08-20 08:10:00,180.03252707847136,138.8600159698407,35.13975052608526,80.22513047632054,59.73825839089839,110.3517986903972,325.96187481912,351.0176037968246,341.0733876245144,356.29119315137547,0.3989687242477639,0.059864855783798715,0.315352892169135,66.23191784555038,43.80837913821467,27.301356509939875,1022.05646190018
2026-08-20 08:20:00,180.0731671326182,138.83228207386185,34.95716188580827,80.47049687597978,59.8825519913898,110.54698876776854,325.3590256144538,350.61849793397766,340.83237245618085,355.04146476268403,0.39991158024399187,0.058564511969473765,0.3133249498603605,66.04889087210105,44.21388683868417,27.125791273005408,1016.8800527677545
2026-08-20 08:30:00,179.80367391550385,138.69649580296763,34.972778345719405,80.24285345361999,59.76469574055319,109.46390012015443,325.509653707146,350.6756402446173,341.0193577023897,355.9449410145644,0.3994969320255219,0.06462731633656754,0.31624763083153856,65.75495511208801,43.99042496215657,26.807376906230182,1018.5756723889754
2026-08-20 08:40:00,180.28625887312913,138.92663047161494,35.022880618736025,80.21331940311454,60.10457592292862,110.54069572953614,326.0804854235834,350.25260054580116,340.76376284434826,355.57793601193714,0.3994572681708916,0.05945743300697518,0.3159180677744607,65.93320924433031,44.17443514766982,27.074036600333997,1020.9763373234498
2026-08-20 08:50:00,179.8465974691835,138.62978174630706,34.949413739992906,80.37437148464694,60.1920542373713,110.24101066237225,325.7445617409977,350.6580831994639,340.43229750492344,356.2886334388917,0.4034428639482449,0.05524061763026919,0.310919798795949,66.20411520400717,44.45531091580163,26.951739504221095,1020.2039458326693
2026-08-20 09:00:00,180.160354796793,139.07573003810438,34.973737974512424,80.38525480586691,60.349211880994986,110.88128771776947,325.4332688392928,350.8303004802645,340.94232771649655,355.4979065950989,0.4000720264239442,0.05999915937284557,0.31142381884141024,66.34797419600838,44.71266517170463,27.21195959557963,1021.1047899817786
2026-08-20 09:10:00,180.02146706140132,138.32774442635096,35.08517193668083,80.26578571949413,59.96178924625564,109.37585616972419,325.16062125968614,350.6233099603998,340.78632725039233,355.9427053852686,0.39903743527551533,0.05820781188866853,0.31184577966797455,66.15387613282284,43.4263841129961,26.825805168709554,1018.4623972803666
2026-08-20 09:20:00,179.80817778583292,139.0090050047425,35.02451463899062,80.30267084473108,59.8207914261419,110.10912017425997,325.6832685304037,350.7696559711536,340.57484081286435,356.2807578203218,0.4029632244589231,0.05898766420701632,0.3177794395647887,66.2859389910965,44.37805142883037,26.891749944401333,1019.1249403520738
2026-08-20 09:30:00,180.20543629846324,138.83877242978517,34.99303375666439,80.22083476141714,59.90991998189206,109.86121629026198,325.3014939194549,350.51006708032895,340.48668022687156,355.9646032442424,0.397622919903852,0.05838466771258312,0.3141403753013331,65.86691935983727,44.647708072524665,27.007064073274346,1016.0344627476089
2026-08-20 09:40:00,180.00307587107494,138.34714079411918,34.94433724622121,80.20253912661454,59.65840712751671,109.20511703893659,325.8534310755388,350.53479038039916,341.1631009583708,355.6122017630802,0.3997772216588037,0.05805125770203533,0.3105232751340596,65.46225152065571,43.5866744176935,26.741562945831518,1016.2443693809832
2026-08-20 09:50:00,180.03574440571884,138.72962019230343,35.14847943939023,80.01519436438623,59.78117795554231,109.64255603060668,325.7942286622053,350.8877397144966,340.3329946086083,355.74759331073676,0.40104802045319515,0.05664378095383065,0.30937633348408056,66.11340204924271,44.17999102493898,26.911707204784467,1019.0246166572376
2026-08-20 10:00:00,180.09042809353107,139.2332610753394,34.940216039675924,80.12700189156746,60.55109857403315,110.56353207555055,326.35736670396574,350.34481198720016,340.57181665522637,355.8627329149236,0.4012585886264332,0.06041849355724068,0.3138085220700783,66.11225111002886,44.683253507277605,27.25440153872396,1019.4651675424385
2026-08-20 10:10:00,179.9956986337819,138.32283571804427,35.01363182239162,80.10728940710402,59.771471900688006,109.76551966106157,325.45574052245564,350.81425093618174,340.9215982524394,356.2432348546765,0.3973435372589515,0.059985999624709234,0.313450900207115,66.35376219882886,43.703604164184334,27.08737641951751,1020.5625107329888
2026-08-20 10:20:00,179.92425722871883,138.67715212458992,34.89836960241904,80.24410041246209,59.85918181970389,109.6387012276731,326.0092981267742,351.1658709319476,340.99580472580084,355.85084726421826,0.3971222253531515,0.059830347040421034,0.31196421624519294,66.25340509775293,44.116060221235536,26.930083890864175,1022.6670193716118
2026-08-20 10:30:00,180.09323458645147,139.286102124124,34.94213323020478,80.37640169685903,60.16573253405972,110.43413019594368,325.47505865692074,350.64386019038557,340.8895096229802,355.9955665738278,0.39743405974320845,0.059270609405392936,0.31341622662278973,66.51546411860619,44.610993375155,27.09757985719313,1020.6038504989564
2026-08-20 10:40:00,179.9190485481878,138.68894335835702,35.01095179602363,80.23603986689936,60.0604870082822,110.49443833683314,325.52517639678376,350.6678672952519,340.38241288614233,355.48326836327533,0.39821530744481104,0.06316076096506236,0.3094721222667818,66.23106137953917,44.19114496076291,27.08847324603015,1018.4454274913104
2026-08-20 10:50:00,180.01307029551967,138.96362827614277,34.96209415604154,80.21949303670279,60.20434941056466,110.49339197647323,325.76801088565315,350.5688760083602,341.1413774602566,355.8335436888794,0.4023016101245637,0.05855370080884101,0.3131561871919798,66.55446218460308,44.51096070715851,26.617181078499517,1017.0046061544325
2026-08-20 11:00:00,179.86646314732653,138.4390189030278,35.05479654807031,80.30052501817242,59.744136441844745,109.60515331264595,325.5832713717624,350.4314566173488,340.7941044147329,356.1890294792945,0.39972428405051585,0.05897561259655827,0.313620890916511,65.73943046507475,44.10602296015501,26.834862402313156,1023.4217428127787
2026-08-20 11:10:00,179.70198098829687,138.8269679192814,35.00830498711499,80.16738870833316,59.68789611857112,109.9709956235379,326.36444054395633,350.64726805770414,340.40083235827734,355.73465922848703,0.40060024433916747,0.06323626239120335,0.31367130947837324,65.50392561916618,44.43407961044369,26.93965853936764,1018.8286858230928
2026-08-20 11:20:00,179.86536528666787,138.55259897828168,34.86337786979789,80.29346158287478,60.359886994354454,110.51532956987347,325.8183691790991,350.44285154030905,341.1458073886053,355.67628047228095,0.39817644594852825,0.06059357253207439,0.3115381091217666,66.08755070579357,44.120860914223435,27.21880141705818,1017.8012657707237
2026-08-20 11:30:00,179.90097163281996,138.43897328254187,34.770973232975805,80.21651373213005,59.797582417057015,109.67198293557558,325.6163194999334,350.7564945553404,340.80453469139775,355.7101407462728,0.3988242360790478,0.058873001033352426,0.31325934883448414,66.20055192070986,44.21367506103122,27.12035507596973,1018.6630571497341
2026-08-20 11:40:00,180.0029614850316,138.64101493049324,35.10091367635302,80.03294258079836,59.96092095153237,109.62533441450526,326.51307113571806,350.6609176628787,340.29989022093554,356.1694241143584,0.4012102715422957,0.0583366131615701,0.3120275908052606,65.78103661924187,44.599281777293974,26.854278939886633,1019.5047185134463
2026-08-20 11:50:00,180.23688025993752,139.03196572867964,34.943190622489,80.2350210792455,60.04843454186725,110.41411598848968,325.6073019065583,350.4894822562418,340.0633768958002,355.9800751417742,0.40061415566543074,0.059005248355591414,0.30821956338717044,66.1507738898137,43.86033243559888,26.951799746016956,1021.7542513732161
2026-08-20 12:00:00,179.66210597052302,139.2014449427543,35.14925971168018,80.23869147087778,59.468038311056766,110.7811743470724,325.732137584655,350.8372051536856,340.7918138669171,355.94864328792323,0.3993147428941294,0.059381156915778485,0.3080788588644871,66.92605893214312,44.68602268965132,26.948725793002595,1017.0494312006482
2026-08-20 12:10:00,180.0257188903603,138.78068159733246,35.002896872579825,80.0201472560859,59.9343712052091,109.423962628059,325.7817232032085,351.1267819033295,340.65644172541045,355.6145272958715,0.40187606240428725,0.059777533893719204,0.31452816304450765,65.87319649949103,44.51087707990658,26.944719441844153,1019.4528765900499
2026-08-20 12:20:00,179.5576148060509,138.69188131809335,34.925134469473484,79.98297283209861,59.80527338727093,108.7012157923744,325.61789031586346,351.06659012849536,340.92169807927763,355.3081657352074,0.3987014923729887,0.06294589685476568,0.3107087899937384,65.49512978885183,43.837701318952035,26.82732221278045,1017.2403031110088
2026-08-20 12:30:00,179.7908273250308,138.79705301809827,35.05719113480413,79.98647692298677,60.135960241700225,109.27484177637116,326.0228042485222,350.749658289254,340.8883187285918,356.15017046931274,0.39877189301310756,0.05723008209071586,0.3142561180031826,65.73010683902659,44.101101091024795,26.755281059960726,1017.3170246135063
2026-08-20 12:40:00,179.8985866769937,138.8816940675105,34.97437071195675,80.25568615121782,59.90078240830193,109.49377377577068,326.19646193461443,350.8268236555146,340.6192349518408,355.707155127546,0.39901023921539236,0.0602134781304976,0.311118219845443,65.36980171805057,44.166915116531044,27.05725949584775,1019.5984176600566
2026-08-20 12:50:00,179.54938565956013,138.69330695670325,35.00269604471895,80.34813362659298,59.35490071636637,109.93116165076293,325.47392551352726,350.52448323577494,340.97340984160394,356.09249843764064,0.39867856847673133,0.06131164353199856,0.3138693913810223,65.98898960790373,43.91617097038784,27.136134336012038,1018.4230806909984
2026-08-20 13:00:00,179.62845602691914,138.98051803475218,34.9086291929909,80.22386685407383,60.21027231492898,110.30792460376097,325.70995893741343,350.7640790973554,340.9165476627138,355.9953869509042,0.40153962506878926,0.061351010924319764,0.31563875288247606,65.7801462366367,43.837742709741576,27.032545810136035,1026.2019926660219
2026-08-20 13:10:00,180.03080852326843,139.5166021697501,35.06517035937314,80.28140409488742,59.26864934873217,109.92674940634517,325.743377038539,351.03464425435675,340.54452913459545,355.66883522151625,0.39689750956378034,0.05948980755861178,0.31749934722190976,66.32763894749431,43.85886240678658,26.92934672208626,1022.1652403149752
2026-08-20 13:20:00,180.01555184870128,139.2541388619925,35.11081659351028,79.969353117604,59.872667710458316,109.64983024190623,325.4471186515858,351.0664113655905,341.08398906841154,355.5177997580711,0.4007663411342394,0.05848059625901584,0.31238434405174514,65.590235454252,44.020339322458966,26.86044648984778,1021.80565489906
2026-08-20 13:30:00,179.9772422731375,139.11621667144465,34.948949078163494,80.26139266978788,59.793016125440275,110.07668484299712,325.4725802619429,351.24294275655063,340.91576486472184,356.1234801440703,0.39611893215161914,0.06070798685182493,0.3162848923506525,66.74459270193047,44.32714724126673,27.026162871918917,1019.7085818727301
2026-08-20 13:40:00,179.8392551496541,138.92494409344647,35.17954881736758,80.27927591001087,59.816017331347325,109.51906412340522,325.75022165535364,350.3952700552033,340.80567613065466,355.2172122052137,0.39635880858067213,0.06130832952763359,0.31375435914548205,65.36683527458726,43.80211037392828,26.567008561733243,1022.7476132443337
2026-08-20 13:50:00,180.43087406605756,139.1268661106048,34.94458571146586,80.26384674457245,59.984715038035546,109.97653982911812,325.5974619799419,351.31059078455917,340.9630958621178,355.15606733492916,0.3998781429408611,0.0597501975951896,0.3064257746122871,65.69159765135915,44.458661113454966,26.722298336031752,1020.2101232565872
2026-08-20 14:00:00,179.9677507043857,138.76455857048478,35.02629683498001,79.98640378658548,60.256290021898494,109.67921576903346,325.95298032518065,350.961144345564,340.6285162228749,356.31883134451505,0.4004734341097046,0.05918665578718575,0.30788504029521074,66.14701697499962,44.38554753268803,26.89509867847256,1015.5045032163181
2026-08-20 14:10:00,179.8275778268393,139.76178129538383,34.8380283075224,80.2757721197152,59.74266474259265,111.34017159348498,326.10241606748065,351.31080632929326,340.63401249345515,355.60815448815026,0.399591579420341,0.06266618210826637,0.31401605977541774,66.28038720284286,44.559684953312356,27.305858534942335,1018.5184009802002
2026-08-20 14:20:00,180.33567969923024,139.01537769088569,34.809303401060085,80.09760812278158,59.81586522098456,110.40839347004574,325.9197160823977,350.8531936876345,340.83624209904235,355.9108289070077,0.3957371192329484,0.059499383491168636,0.31538707607847527,66.2266524307269,44.267810672434905,27.23317607378716,1019.7369269740487
2026-08-20 14:30:00,180.1228619146566,138.8135002896944,35.21128989164898,80.16243023513567,60.197436536744775,109.58249278758201,325.9507260017159,351.21887589035924,340.59555122759923,356.1761821422828,0.40226911810251376,0.05978307013398181,0.3123468244608113,65.83798773843145,43.274462561491575,26.55688104157568,1019.0258922224948
2026-08-20 14:40:00,179.92581187502608,139.23554322134905,35.143640502350195,79.9806426766075,60.131057312972594,109.50153289530304,325.6014283300576,350.84831856750526,341.3142890546584,356.48357013114105,0.40210053275815355,0.06273835290561798,0.3127063856073324,66.52363834407757,43.92818171890332,27.1081700416081,1019.1687207599717
2026-08-20 14:50:00,180.23853661532175,138.49728514585607,35.11602702190258,80.05556969178703,60.1901136086252,109.78091089344541,325.69604084818684,350.5425447510893,340.9463805136027,355.5609630738639,0.39816702053359904,0.06000961683470791,0.31140164823844213,65.99691768840064,44.122872546528995,26.667190757535355,1021.6828783504899
2026-08-20 15:00:00,180.03133345710282,138.78661924585376,34.83181467920908,79.95641788911057,60.08211180986881,109.17756244050047,325.98631355615913,350.9537172882887,341.08786937602656,355.8105698399223,0.4025419243130312,0.06001520191157534,0.3112926711934837,65.65683904100523,44.492687747377595,26.897146958991502,1018.1914000829996
2026-08-20 15:10:00,180.12862741167623,138.5316347144388,35.023941459780396,80.08065059062197,59.919583393096644,109.63475276931084,326.0414400636011,350.71131969648263,341.4020133843599,356.13652299333165,0.39866040540670267,0.05952829598191049,0.31519947701976075,65.78296798636288,43.8472229939625,26.953140441448515,1018.4875260851362
2026-08-20 15:20:00,180.04696087323842,138.74582169420546,35.043274277872975,80.01669161617369,59.85049520444781,109.63088644145817,325.85118288541236,350.85158485508623,341.30314937837363,355.86478708060963,0.3999714892043172,0.06308809644723257,0.312428839612283,65.75030597179519,44.442251067557805,26.71118532778177,1020.0667728668266
2026-08-20 15:30:00,179.7943149313142,139.12165554927603,35.009279867190266,80.17753415142641,59.85468065985755,110.44196284465272,326.0370480034882,351.0202955260853,341.49659745465345,355.6329229036357,0.39830599743547185,0.05990798554709042,0.3115948668931858,66.07000152546891,44.611536238547124,27.12549266509513,1017.1045792822335
2026-08-20 15:40:00,180.19424092757578,138.8664974942348,35.0310569249449,80.1051657336969,60.2436647416728,109.78669984190641,325.8079671496622,351.09743980633215,340.6375304157964,356.1541968103438,0.3978211447830793,0.06283079464268666,0.31399837698848326,66.03155587364613,44.26705772840958,26.913398502889688,1021.1293685419187
2026-08-20 15:50:00,180.03209162746325,138.9168354258239,34.9095752588082,80.04778854704827,60.40964632717572,109.60472710945422,325.54388856636314,351.06241262052146,341.3706899513575,355.3656984845242,0.39679124734817145,0.06158623203149156,0.3115520871786606,65.67617000577658,44.27728745317639,26.880034273755946,1019.9576087796926
2026-08-20 16:00:00,179.79812142492526,138.64887288200828,34.9853216004536,79.98060112339861,60.54675023749222,109.32976708081739,325.97472049138975,351.1581055621852,340.7729820611757,356.16927564056454,0.3993013073203124,0.06013128036523895,0.31345965211776045,65.54046370527182,44.21077729600258,26.88534283605032,1019.1095709189004
2026-08-20 16:10:00,179.8474156166338,138.81157762043424,34.88748639678345,79.952677167234,59.69530712627463,109.41168072541014,325.7634781647655,350.412338893039,340.8353614658367,355.86371195922214,0.4012312198346849,0.06196212440631721,0.31195283871180957,65.1413637514161,43.9759603495502,26.685754129252928,1020.4497695627956
2026-08-20 16:20:00,180.19106974092767,138.78323402510733,34.96641200433312,80.00874712073454,59.921463727219745,109.96682197500168,325.39411785000266,351.2195038674482,340.9597723089842,355.8785483163438,0.39913921064674357,0.05885754231255793,0.3135675851454096,66.18929344013218,44.48222488159363,26.81504125479269,1013.2664226565004
2026-08-20 16:30:00,179.92612543211453,138.92214935118324,35.0384044908031,80.07244561698754,59.98972924029439,109.89243544842927,326.13461424750005,350.63015088134887,340.92595630757467,355.6746408729222,0.40113906179662956,0.06389433210353049,0.31237986474447105,65.97235876415866,43.519217143110424,26.70324650542885,1013.9419671609661
2026-08-20 16:40:00,180.00928598427672,138.94671106050282,34.92315718633804,80.04264859873695,59.94203466276154,110.56712581384083,326.0038592824844,350.90646655256893,340.89869858359407,355.8088303974312,0.4016216352309871,0.0585056803542354,0.30934737265867773,66.28320089707555,44.457378371149886,27.190848721107994,1015.3621322755997
2026-08-20 16:50:00,180.13090563224267,139.07228481490992,34.97359853225038,80.00223671323624,59.67057272033525,109.68543469468976,326.10591116513206,350.7599876561776,340.99715361798724,356.1978427108465,0.4029354387251971,0.06070742329185838,0.3148499458092941,65.86817739118389,44.1255846350069,27.003661760226056,1023.3595247624121
2026-08-20 17:00:00,180.02566595234393,138.9643205977105,34.95820812851262,80.0112639361312,60.603560073053536,110.52959214327049,325.7597432004898,350.5401751346829,341.35373732207967,355.96170978400073,0.40197119130704423,0.0618982742997237,0.314476215993143,66.75121018867904,44.88608802853176,26.947396393905315,1018.1293100775563
2026-08-20 17:10:00,179.69467872905372,139.23338277733123,35.002731451303404,79.97844273125303,60.414560843262116,110.1285631560917,326.32914516932055,351.1482101467819,340.2729037745834,356.22380005233504,0.399988590485112,0.060663552975765214,0.31295912891664507,65.31279552937582,44.442135557652435,26.850281364938507,1019.9639296919141
2026-08-20 17:20:00,180.1274817723544,138.97930648090144,35.09315065932565,79.9060086992267,59.94234477890643,109.99768215639065,326.039845070763,350.585213311157,340.4883786088611,356.06455888124634,0.4004362888186239,0.0624737579890838,0.3118355809430039,66.28961794325177,44.09859866009786,26.990504068082995,1025.0826668412703
2026-08-20 17:30:00,180.18767603295663,138.6834437518925,35.0248102971546,79.72142120685626,59.860538998059894,108.99584786915484,326.18628265133935,350.72478596812994,340.5374184831583,355.7788043661232,0.3996415859663127,0.06292523370950788,0.3153662877929809,65.29132942821417,43.61806397334468,26.653256958507363,1012.2483578944672
2026-08-20 17:40:00,180.1733285756531,139.09788056963018,35.0406544835837,79.97984982290453,59.986365058051646,109.35497090750394,325.71570904957696,351.3248296448037,341.0051415168557,355.81326670536725,0.39820655013215966,0.057769791798032655,0.31098844374135903,65.51188336378873,43.720387357712575,26.916974567054826,1015.0260421895276
2026-08-20 17:50:00,180.32336241920083,139.21844605783326,34.857355183486646,80.0302174301845,59.647516399519525,110.37071442775462,325.8167474074123,350.22409370890915,340.9531435951087,355.91132466388467,0.3974790710407834,0.059392243062716704,0.31357125829468857,66.39926050123717,44.65461034515902,27.16903744722116,1020.3455767117545
2026-08-20 18:00:00,180.07285586409884,138.93367051029864,34.96493958652988,79.88998543962121,59.893073373149356,110.6989099311725,326.28097311528444,350.3951077863231,341.03638249538443,355.76450400134127,0.40335352055288726,0.06108526091683657,0.31390893355819255,66.67655815285737,44.27660490428904,26.942268484352194,1022.7984743736048
2026-08-20 18:10:00,180.15540701833623,139.22174856657583,35.0828465804691,80.13709518804211,60.2070286849377,110.10322440258675,325.9037170984045,351.1812169229795,341.4785020508047,356.3176432324641,0.39811609263302217,0.06036388247441539,0.31410339958420763,65.68064149900385,44.22642912788678,27.026624674336592,1023.6713333847104
2026-08-20 18:20:00,180.31785972673575,138.64568219215852,34.91516650280452,79.83981142864393,60.456295024740584,110.3812636574441,325.9204249803397,350.77725863419676,340.9371544371244,355.5585487340778,0.4010488384080756,0.05960236085974258,0.31243313799138556,66.62365032539512,43.7791564888999,26.98561748457466,1017.5189757239636
2026-08-20 18:30:00,179.94185442659344,139.08905603566166,34.95784902807793,80.01595137676941,60.24015126105613,109.79613892903971,326.34721434769267,351.1356361100779,340.51495579440035,356.4165015959936,0.4028959393156726,0.06087186901848056,0.3120632267825916,65.69373596218863,43.833570828757075,27.079928221928462,1021.195768482993
2026-08-20 18:40:00,180.34727494006782,138.96893770193014,34.904328016411164,79.9364757927173,60.35525485048245,109.81432453627949,326.2526255058911,350.9006996258845,341.05846759025235,355.69908146065404,0.400352217196032,0.058403686321328516,0.31665665646839775,66.34885488500203,43.889425981006646,26.670894539902605,1015.9156907626351
2026-08-20 18:50:00,180.3469292567319,138.73079357712427,35.134333507892926,79.92809229086443,59.69082124232702,109.66851868811884,325.9864484695825,350.76278941433,341.4643344245056,355.6441794074983,0.39880434343972837,0.05893358695367617,0.31116495613605544,65.78203341827661,44.55200696064628,27.094800703242633,1018.4528044885733
2026-08-20 19:00:00,180.15661793978362,139.28987734437615,34.95591522411389,80.05017237862197,59.07386035504825,110.4873493848879,326.4742757042027,351.11618375129603,341.51465132687326,355.902576586418,0.40071174302802676,0.06238729123277042,0.30920407163164887,67.21670371043024,44.402690267014535,27.056555365996488,1019.543179976486
2026-08-20 19:10:00,180.367937523041,139.11865318850167,34.928241220278245,80.00449144667094,60.378382826889535,110.17139869253677,325.4940536283129,350.70164565748627,340.92055718290675,355.5283388714549,0.4030711205747269,0.060629926297580884,0.3097741455269381,65.75811523489762,44.030661787566395,27.03850920566777,1018.7352434436483
2026-08-20 19:20:00,180.17038784802924,139.489138324421,35.0627291276231,79.89240658652179,60.04107203588145,109.88291534178371,325.9077714534346,350.7487863578916,340.9862369159829,356.41077097747495,0.3980217741424815,0.06285294617352641,0.312852757049445,66.02135895215548,44.08239414166001,26.88997541396484,1022.5511173571324
2026-08-20 19:30:00,179.8238594044844,138.9970743473285,35.11084614455729,79.77549332136653,59.96575328870007,109.83580436763876,325.7693142941403,350.98393091770356,341.0401571769376,356.40538611030127,0.39813033238046913,0.05567162070258079,0.31116294649899484,66.38350697091948,44.88424831647402,26.651046661627646,1021.1392242260594
2026-08-20 19:40:00,180.227477889908,139.6145629046599,35.05038710619636,79.77814079631099,60.46172405330848,110.27825279321425,326.3571074565967,350.5906106078893,341.1204014269516,356.3464259787554,0.39891369450552666,0.05772821000391856,0.314350489365863,65.97722731205494,44.24878988623191,27.083053243554232,1015.6428606616059
2026-08-20 19:50:00,180.0652796979111,139.4726938354082,35.09906130956378,79.9057770107078,59.71672240797068,110.16155777222124,326.3894529265804,350.4915429362396,340.90670046827375,356.44737234188625,0.4014929664462545,0.05744195028573019,0.31501480159170364,66.23727274187448,44.574065383141644,27.17475535249275,1021.5975209616576
2026-08-20 20:00:00,180.08269597793853,138.89930865640642,35.02209384141051,80.0051350659293,59.71863089745004,109.58397901734546,325.79704508351097,350.42889278362,340.81170245640703,356.2968467219132,0.40155951459251926,0.06053268450334328,0.30911541932391284,65.0883519064796,43.75002022861511,27.036218571195995,1022.2838342797946
2026-08-20 20:10:00,180.03092067100062,139.27028889707148,34.988111329832535,80.00095639649834,59.77873023213081,110.85799293872415,325.9800106582926,351.20121334878763,341.4058238085219,355.3800417183876,0.39879181268468217,0.06320066318535691,0.3091760911465904,66.00823272902392,44.42798310323043,27.152997450697583,1020.0275733506633
2026-08-20 20:20:00,180.27192076044543,139.46726061433213,34.956975233245,79.86282796381214,60.4469165218551,110.12851446015931,326.21132868127665,351.4984315245474,341.40227547415424,356.1275976901163,0.40009163727302743,0.05718674383136349,0.31217832315430105,65.66329236174501,44.047338506940726,26.815096825836655,1019.3693197324587
2026-08-20 20:30:00,180.11047295691415,139.14551118727172,34.95018746143072,79.88566580761297,60.25711960580893,110.00523955213694,326.09322440975063,351.27936314576755,340.96253862653714,355.7164815754399,0.40174480268106305,0.05978373650611682,0.31313729508240845,65.91288035276743,44.009961220966424,26.765312291036334,1023.0113602873123
2026-08-20 20:40:00,179.86083988561273,139.4428309626128,34.94131087683318,79.955946135003,59.48409227430089,110.73864283698128,326.02159025345134,350.74007654404886,340.7884392859126,356.1887339932709,0.39754799595074936,0.0626838379849571,0.3102000043934166,65.98858848207317,45.03173903794347,27.258078527061013,1019.2663177255657
2026-08-20 20:50:00,180.09716278848367,139.29481955736253,35.03764656655835,80.04002951597846,60.458645200486586,110.51200849880857,326.2348739178053,350.7780914599162,340.779287070306,355.85089382734077,0.3996684511860934,0.05785710774704934,0.31172697987296494,66.41367571747035,44.232516973711896,27.07725224496933,1025.1514730519054
2026-08-20 21:00:00,180.14585362533927,138.9343932713243,34.98960860946951,79.75517325436515,59.9931152574923,109.95601657071019,326.51073599592223,350.6391441780183,340.62853311111184,355.80268593992827,0.40079997251045996,0.06443681181391236,0.30898582154389503,65.86963201867638,44.37136284586366,27.02189546215202,1017.3182284539378
2026-08-20 21:10:00,179.85488314506466,139.2054265635315,35.00958521709454,79.91453022212549,60.110176280312345,110.26799259059761,325.9867792512225,350.9356182836243,340.6059533724252,355.6636574778668,0.401331624227033,0.05765612259866441,0.3140415417074469,65.29101172572092,44.003276975523214,26.978743543298528,1019.7677712976747
2026-08-20 21:20:00,179.91314659022237,138.83787034818167,35.061336829530056,79.81813823129713,59.7700087692715,109.46501083675453,325.63575171191314,351.2475504787804,340.8871284658793,356.11272172916597,0.4013150517067381,0.058272238931300596,0.31550800484404057,65.85690275902087,43.798739846618695,26.767273258327336,1017.0629249341434
2026-08-20 21:30:00,179.92338813392584,138.79937162447456,34.9954371090921,79.72058136755447,60.52219314680374,109.67957853834915,325.9252054523613,350.9188933733319,340.758707589412,356.26990123659624,0.3970906673220914,0.056415593356195164,0.3131878764800491,66.15536977681695,43.96727160028618,26.990883969242084,1019.5893925908124
2026-08-20 21:40:00,179.8785331732017,138.7888877849113,34.86406688850807,79.64227872971891,60.11330838445479,108.86983427652476,325.9478186922139,350.93655461503334,341.0520933215018,355.62081752644355,0.3997939535927913,0.06101249609129056,0.31356930517177206,65.54658309425348,43.8967164859213,26.571860424691558,1017.8659160355157
2026-08-20 21:50:00,180.06975849613804,139.76453705462697,34.92179848597964,79.96265530934397,60.36282089712691,110.61018351190782,325.85195430409885,349.98274724455905,340.8235833246149,356.05845818210923,0.3987754538876715,0.056595126538920335,0.3139992820128121,66.59832746769798,44.41678576693782,27.251480426009525,1016.8776457564062
2026-08-20 22:00:00,180.203549161343,139.23798395482225,34.8890544079092,79.77440423860664,59.70593001026502,109.05079427158235,326.1645649756699,351.03834067419945,340.70642244953956,356.08364819204473,0.4004062307627052,0.06010271294433552,0.31529385279234073,65.29069088624819,43.428639461633296,26.853627867985416,1018.0668042397915
2026-08-20 22:10:00,180.37847380833978,139.32453694293852,34.81037646017187,79.78742944029558,60.187578775788666,110.3406376169734,326.17631250089926,350.5919724560757,340.86413926622794,355.91764591445497,0.4008113798224388,0.06004023040443342,0.3149556181662938,66.08594549381506,44.10451364224947,27.173481932662014,1020.9203051745496
2026-08-20 22:20:00,180.23893734973748,139.12807031238984,35.01123261911214,79.7693203988322,60.014871398377736,109.58466155486184,326.2283716794275,350.876730260302,340.2490983611124,355.8937297345166,0.3997330055864076,0.058764468617162974,0.3142339669492095,65.77174065129319,44.0341978904746,26.993578085976196,1017.4074677175831
2026-08-20 22:30:00,180.20441705613567,139.18486039547074,34.8810456641802,79.84673625125491,59.925095223241605,109.5105142660912,326.1072229706877,351.06169561504356,341.08742859529474,356.30833858384545,0.4004163141253974,0.05906260997151631,0.3146482765623725,65.76044323153722,43.696712990458764,27.0889235863823,1016.2954413339714
2026-08-20 22:40:00,180.22863983800286,139.48443279710796,34.87264672953477,79.7741154516,59.75810359972028,109.90248456230637,326.04721305405525,350.99232844237815,340.912114742818,356.3500576321953,0.4043327439285439,0.05915399404994913,0.3102141750401694,66.18612530685186,44.37421510645914,26.959907502285155,1020.3860150615645
2026-08-20 22:50:00,180.26705697206148,139.35710083804213,34.89317338364171,79.93153190907172,59.79007098456763,110.13320608987577,325.6798286173625,351.1799236553855,341.3853502943117,356.17877362867523,0.4036589124228914,0.060709018733314024,0.313941216209815,66.65997395285753,43.85126718841072,27.12849586259012,1020.4027700329423
2026-08-20 23:00:00,179.924657884881,139.2598077737038,35.08793744237588,79.74887542125649,59.65672587426639,110.30605323960015,325.8778829030906,351.4189034107733,340.85624252307326,356.1720967309317,0.4018601370767735,0.058478992541654166,0.31145361758071677,66.54959920366277,43.88759345301178,27.12800812570864,1015.3147227719257
2026-08-20 23:10:00,180.1387208592689,139.46586871810328,34.96966955288705,79.72257646627511,59.80036237262055,110.88581584249721,325.73102283681123,350.2844240192607,340.94477271622037,356.1906267806818,0.4000601443879762,0.05829590403351591,0.3138928984963881,66.44806723089502,44.62180995916095,27.235348760469833,1023.0243699541912
2026-08-20 23:20:00,180.0644471146802,139.55097722571543,35.10050432034494,79.74378421089283,59.98181582263873,110.17930702888582,326.07286592700336,350.5028385017537,340.725129209781,355.79315381309436,0.4040645165540073,0.05764889371460953,0.313054318733083,65.34740649672574,44.82486299193146,27.031108344835367,1025.57263340277
2026-08-20 23:30:00,179.9741306237181,139.93181075633777,34.99171558848407,79.66968103631575,60.154727310025486,110.44059768153137,325.9487064135399,351.4618486404404,341.60091996333097,355.9482027262385,0.398665548786388,0.0620237002525568,0.3130953152535561,65.74674811544017,45.00333372204273,26.88436553648002,1021.1100801552553
2026-08-20 23:40:00,179.90900976409614,139.06027477964557,34.95713541465044,79.68050498844816,59.54514200613772,109.70075549507695,325.9734047938653,351.11613297079344,341.0753907037808,355.98185469186916,0.3963787038188922,0.06271626021022231,0.3141227094486954,65.89329628807842,44.49199169516175,27.09025783441761,1020.3004146263513
2026-08-20 23:50:00,179.89894442096764,138.99188799881935,35.05711160607376,79.86812430614837,59.694211817733006,110.35686065627803,326.1378130037414,350.7597551192129,341.3532290485658,355.69726170292046,0.39955500053809256,0.06102011949965442,0.3134188416336998,65.84701024444064,44.12716329703106,27.32165392725282,1016.0927555557282
